epoch_time,ankle_angle,goal_angle,servo_command,vibe_command_0,vibe_command_1,vibe_command_2,vibe_command_3,vibe_command_4,vibe_command_5,vibe_command_6,vibe_command_7
1749017799.975125,113.509737,110.000000,82.000000,0.000000,0.000000,0.000000,0.000000,120.000000,120.000000,120.000000,120.000000
1749017800.009987,112.974289,110.000000,84.000000,0.000000,0.000000,0.000000,0.000000,120.000000,120.000000,120.000000,120.000000
1749017800.041286,112.569899,110.000000,84.000000,0.000000,0.000000,0.000000,0.000000,120.000000,120.000000,120.000000,120.000000
1749017800.073663,112.676222,110.000000,84.000000,0.000000,0.000000,0.000000,0.000000,120.000000,120.000000,120.000000,120.000000
1749017800.135270,112.963378,110.000000,84.000000,0.000000,0.000000,0.000000,0.000000,120.000000,120.000000,120.000000,120.000000
1749017800.187429,112.812377,110.000000,84.000000,0.000000,0.000000,0.000000,0.000000,120.000000,120.000000,120.000000,120.000000
1749017800.245519,113.129971,110.000000,83.000000,0.000000,0.000000,0.000000,0.000000,120.000000,120.000000,120.000000,120.000000
1749017800.287027,113.001507,110.000000,83.000000,0.000000,0.000000,0.000000,0.000000,120.000000,120.000000,120.000000,120.000000
1749017800.310408,112.303302,110.000000,85.000000,0.000000,0.000000,0.000000,0.000000,0.000000,0.000000,0.000000,0.000000
1749017800.335815,112.446150,110.000000,85.000000,0.000000,0.000000,0.000000,0.000000,0.000000,0.000000,0.000000,0.000000
1749017800.360103,112.594101,110.000000,84.000000,0.000000,0.000000,0.000000,0.000000,120.000000,120.000000,120.000000,120.000000
1749017800.384881,112.134203,110.000000,85.000000,0.000000,0.000000,0.000000,0.000000,0.000000,0.000000,0.000000,0.000000
1749017800.412999,111.983396,110.000000,86.000000,0.000000,0.000000,0.000000,0.000000,0.000000,0.000000,0.000000,0.000000
1749017800.443183,111.561460,110.000000,86.000000,0.000000,0.000000,0.000000,0.000000,0.000000,0.000000,0.000000,0.000000
1749017800.466071,110.748961,110.000000,88.000000,0.000000,0.000000,0.000000,0.000000,0.000000,0.000000,0.000000,0.000000
1749017800.491419,109.980263,110.000000,90.000000,0.000000,0.000000,0.000000,0.000000,0.000000,0.000000,0.000000,0.000000
1749017800.515640,109.818827,110.000000,90.000000,0.000000,0.000000,0.000000,0.000000,0.000000,0.000000,0.000000,0.000000
1749017800.543153,109.920516,110.000000,90.000000,0.000000,0.000000,0.000000,0.000000,0.000000,0.000000,0.000000,0.000000
1749017800.573149,109.639507,110.000000,90.000000,0.000000,0.000000,0.000000,0.000000,0.000000,0.000000,0.000000,0.000000
1749017800.613306,109.096382,110.000000,91.000000,0.000000,0.000000,0.000000,0.000000,0.000000,0.000000,0.000000,0.000000
1749017800.646060,109.599422,110.000000,90.000000,0.000000,0.000000,0.000000,0.000000,0.000000,0.000000,0.000000,0.000000
1749017800.677225,110.028486,110.000000,89.000000,0.000000,0.000000,0.000000,0.000000,0.000000,0.000000,0.000000,0.000000
1749017800.712038,110.064495,110.000000,89.000000,0.000000,0.000000,0.000000,0.000000,0.000000,0.000000,0.000000,0.000000
1749017800.743808,110.758967,110.000000,88.000000,0.000000,0.000000,0.000000,0.000000,0.000000,0.000000,0.000000,0.000000
1749017800.776837,110.783293,110.000000,88.000000,0.000000,0.000000,0.000000,0.000000,0.000000,0.000000,0.000000,0.000000
1749017800.814878,110.886996,110.000000,88.000000,0.000000,0.000000,0.000000,0.000000,0.000000,0.000000,0.000000,0.000000
1749017800.845950,111.856806,110.000000,86.000000,0.000000,0.000000,0.000000,0.000000,0.000000,0.000000,0.000000,0.000000
1749017800.876535,111.955801,110.000000,86.000000,0.000000,0.000000,0.000000,0.000000,0.000000,0.000000,0.000000,0.000000
1749017800.913191,111.525697,110.000000,86.000000,0.000000,0.000000,0.000000,0.000000,0.000000,0.000000,0.000000,0.000000
1749017800.944548,112.334345,110.000000,85.000000,0.000000,0.000000,0.000000,0.000000,0.000000,0.000000,0.000000,0.000000
1749017800.976093,112.765139,110.000000,84.000000,0.000000,0.000000,0.000000,0.000000,120.000000,120.000000,120.000000,120.000000
1749017801.013033,112.305819,110.000000,85.000000,0.000000,0.000000,0.000000,0.000000,0.000000,0.000000,0.000000,0.000000
1749017801.046401,112.297648,110.000000,85.000000,0.000000,0.000000,0.000000,0.000000,0.000000,0.000000,0.000000,0.000000
1749017801.077519,112.517068,110.000000,84.000000,0.000000,0.000000,0.000000,0.000000,120.000000,120.000000,120.000000,120.000000
1749017801.112536,112.764977,110.000000,84.000000,0.000000,0.000000,0.000000,0.000000,120.000000,120.000000,120.000000,120.000000
1749017801.144495,112.879286,110.000000,84.000000,0.000000,0.000000,0.000000,0.000000,120.000000,120.000000,120.000000,120.000000
1749017801.177027,113.138041,110.000000,83.000000,0.000000,0.000000,0.000000,0.000000,120.000000,120.000000,120.000000,120.000000
1749017801.212931,113.648891,110.000000,82.000000,0.000000,0.000000,0.000000,0.000000,120.000000,120.000000,120.000000,120.000000
1749017801.245191,113.959650,110.000000,82.000000,0.000000,0.000000,0.000000,0.000000,120.000000,120.000000,120.000000,120.000000
1749017801.277166,114.369724,110.000000,81.000000,0.000000,0.000000,0.000000,0.000000,120.000000,120.000000,120.000000,120.000000
1749017801.313777,115.041061,110.000000,79.000000,0.000000,0.000000,0.000000,0.000000,120.000000,120.000000,120.000000,120.000000
1749017801.344485,115.108327,110.000000,79.000000,0.000000,0.000000,0.000000,0.000000,120.000000,120.000000,120.000000,120.000000
1749017801.377086,115.353909,110.000000,79.000000,0.000000,0.000000,0.000000,0.000000,120.000000,120.000000,120.000000,120.000000
1749017801.413831,115.966377,110.000000,78.000000,0.000000,0.000000,0.000000,0.000000,120.000000,120.000000,120.000000,120.000000
1749017801.443734,116.226727,110.000000,77.000000,0.000000,0.000000,0.000000,0.000000,120.000000,120.000000,120.000000,120.000000
1749017801.476050,116.638451,110.000000,76.000000,0.000000,0.000000,0.000000,0.000000,120.000000,120.000000,120.000000,120.000000
1749017801.512746,117.374160,110.000000,75.000000,0.000000,0.000000,0.000000,0.000000,120.000000,120.000000,120.000000,120.000000
1749017801.546039,117.694508,110.000000,74.000000,0.000000,0.000000,0.000000,0.000000,120.000000,120.000000,120.000000,120.000000
1749017801.577058,117.505197,110.000000,74.000000,0.000000,0.000000,0.000000,0.000000,120.000000,120.000000,120.000000,120.000000
1749017801.613490,117.552772,110.000000,74.000000,0.000000,0.000000,0.000000,0.000000,120.000000,120.000000,120.000000,120.000000
1749017801.645095,117.615684,110.000000,74.000000,0.000000,0.000000,0.000000,0.000000,120.000000,120.000000,120.000000,120.000000
1749017801.678469,118.026206,110.000000,73.000000,0.000000,0.000000,0.000000,0.000000,120.000000,120.000000,120.000000,120.000000
1749017801.712604,118.440713,110.000000,73.000000,0.000000,0.000000,0.000000,0.000000,120.000000,120.000000,120.000000,120.000000
1749017801.744263,118.669472,110.000000,72.000000,0.000000,0.000000,0.000000,0.000000,120.000000,120.000000,120.000000,120.000000
1749017801.776197,118.702232,110.000000,72.000000,0.000000,0.000000,0.000000,0.000000,120.000000,120.000000,120.000000,120.000000
1749017801.812515,118.233725,110.000000,73.000000,0.000000,0.000000,0.000000,0.000000,120.000000,120.000000,120.000000,120.000000
1749017801.843970,118.737201,110.000000,72.000000,0.000000,0.000000,0.000000,0.000000,120.000000,120.000000,120.000000,120.000000
1749017801.876401,119.084750,110.000000,71.000000,0.000000,0.000000,0.000000,0.000000,120.000000,120.000000,120.000000,120.000000
1749017801.911889,119.182774,110.000000,71.000000,0.000000,0.000000,0.000000,0.000000,120.000000,120.000000,120.000000,120.000000
1749017801.944115,119.332578,110.000000,71.000000,0.000000,0.000000,0.000000,0.000000,120.000000,120.000000,120.000000,120.000000
1749017801.976257,119.854539,110.000000,70.000000,0.000000,0.000000,0.000000,0.000000,120.000000,120.000000,120.000000,120.000000
1749017802.012815,119.772569,110.000000,70.000000,0.000000,0.000000,0.000000,0.000000,120.000000,120.000000,120.000000,120.000000
1749017802.060134,120.002600,110.000000,69.000000,0.000000,0.000000,0.000000,0.000000,120.000000,120.000000,120.000000,120.000000
1749017802.084299,120.277396,110.000000,69.000000,0.000000,0.000000,0.000000,0.000000,120.000000,120.000000,120.000000,120.000000
1749017802.108840,120.453933,110.000000,69.000000,0.000000,0.000000,0.000000,0.000000,120.000000,120.000000,120.000000,120.000000
1749017802.138769,120.748641,110.000000,68.000000,0.000000,0.000000,0.000000,0.000000,120.000000,120.000000,120.000000,120.000000
1749017802.171898,120.951862,110.000000,68.000000,0.000000,0.000000,0.000000,0.000000,120.000000,120.000000,120.000000,120.000000
1749017802.207387,121.176629,110.000000,67.000000,0.000000,0.000000,0.000000,0.000000,120.000000,120.000000,120.000000,120.000000
1749017802.238757,120.938302,110.000000,68.000000,0.000000,0.000000,0.000000,0.000000,120.000000,120.000000,120.000000,120.000000
1749017802.271327,120.549014,110.000000,68.000000,0.000000,0.000000,0.000000,0.000000,120.000000,120.000000,120.000000,120.000000
1749017802.307759,119.928697,110.000000,70.000000,0.000000,0.000000,0.000000,0.000000,120.000000,120.000000,120.000000,120.000000
1749017802.339038,119.021286,110.000000,71.000000,0.000000,0.000000,0.000000,0.000000,120.000000,120.000000,120.000000,120.000000
1749017802.370383,118.876114,110.000000,72.000000,0.000000,0.000000,0.000000,0.000000,120.000000,120.000000,120.000000,120.000000
1749017802.411067,118.462435,110.000000,73.000000,0.000000,0.000000,0.000000,0.000000,120.000000,120.000000,120.000000,120.000000
1749017802.442507,117.925622,110.000000,74.000000,0.000000,0.000000,0.000000,0.000000,120.000000,120.000000,120.000000,120.000000
1749017802.474874,117.307747,110.000000,75.000000,0.000000,0.000000,0.000000,0.000000,120.000000,120.000000,120.000000,120.000000
1749017802.511596,116.380647,110.000000,77.000000,0.000000,0.000000,0.000000,0.000000,120.000000,120.000000,120.000000,120.000000
1749017802.543504,115.675447,110.000000,78.000000,0.000000,0.000000,0.000000,0.000000,120.000000,120.000000,120.000000,120.000000
1749017802.574919,115.250959,110.000000,79.000000,0.000000,0.000000,0.000000,0.000000,120.000000,120.000000,120.000000,120.000000
1749017802.610286,115.011499,110.000000,79.000000,0.000000,0.000000,0.000000,0.000000,120.000000,120.000000,120.000000,120.000000
1749017802.644135,115.210294,110.000000,79.000000,0.000000,0.000000,0.000000,0.000000,120.000000,120.000000,120.000000,120.000000
1749017802.675716,114.493792,110.000000,81.000000,0.000000,0.000000,0.000000,0.000000,120.000000,120.000000,120.000000,120.000000
1749017802.707177,114.023445,110.000000,81.000000,0.000000,0.000000,0.000000,0.000000,120.000000,120.000000,120.000000,120.000000
1749017802.759486,113.797105,110.000000,82.000000,0.000000,0.000000,0.000000,0.000000,120.000000,120.000000,120.000000,120.000000
1749017802.778568,113.300605,110.000000,83.000000,0.000000,0.000000,0.000000,0.000000,120.000000,120.000000,120.000000,120.000000
1749017802.805419,112.635380,110.000000,84.000000,0.000000,0.000000,0.000000,0.000000,120.000000,120.000000,120.000000,120.000000
1749017802.837956,112.447319,110.000000,85.000000,0.000000,0.000000,0.000000,0.000000,0.000000,0.000000,0.000000,0.000000
1749017802.870923,111.944672,110.000000,86.000000,0.000000,0.000000,0.000000,0.000000,0.000000,0.000000,0.000000,0.000000
1749017802.909552,111.644795,110.000000,86.000000,0.000000,0.000000,0.000000,0.000000,0.000000,0.000000,0.000000,0.000000
1749017802.942234,111.090143,110.000000,87.000000,0.000000,0.000000,0.000000,0.000000,0.000000,0.000000,0.000000,0.000000
1749017802.974987,110.445338,110.000000,89.000000,0.000000,0.000000,0.000000,0.000000,0.000000,0.000000,0.000000,0.000000
1749017803.008178,110.408388,110.000000,89.000000,0.000000,0.000000,0.000000,0.000000,0.000000,0.000000,0.000000,0.000000
1749017803.037270,109.656137,110.000000,90.000000,0.000000,0.000000,0.000000,0.000000,0.000000,0.000000,0.000000,0.000000
1749017803.069909,109.430479,110.000000,91.000000,0.000000,0.000000,0.000000,0.000000,0.000000,0.000000,0.000000,0.000000
1749017803.105035,109.203530,110.000000,91.000000,0.000000,0.000000,0.000000,0.000000,0.000000,0.000000,0.000000,0.000000
1749017803.137558,108.736196,110.000000,92.000000,0.000000,0.000000,0.000000,0.000000,0.000000,0.000000,0.000000,0.000000
1749017803.169985,108.719608,110.000000,92.000000,0.000000,0.000000,0.000000,0.000000,0.000000,0.000000,0.000000,0.000000
1749017803.208008,108.634121,110.000000,92.000000,0.000000,0.000000,0.000000,0.000000,0.000000,0.000000,0.000000,0.000000
1749017803.241655,108.579943,110.000000,92.000000,0.000000,0.000000,0.000000,0.000000,0.000000,0.000000,0.000000,0.000000
1749017803.274660,108.420347,110.000000,93.000000,0.000000,0.000000,0.000000,0.000000,0.000000,0.000000,0.000000,0.000000
1749017803.309050,108.153403,110.000000,93.000000,0.000000,0.000000,0.000000,0.000000,0.000000,0.000000,0.000000,0.000000
1749017803.342154,107.848605,110.000000,94.000000,0.000000,0.000000,0.000000,0.000000,0.000000,0.000000,0.000000,0.000000
1749017803.370806,107.416192,110.000000,95.000000,80.000000,80.000000,80.000000,80.000000,0.000000,0.000000,0.000000,0.000000
1749017803.405505,107.326073,110.000000,95.000000,80.000000,80.000000,80.000000,80.000000,0.000000,0.000000,0.000000,0.000000
1749017803.438448,107.300055,110.000000,95.000000,80.000000,80.000000,80.000000,80.000000,0.000000,0.000000,0.000000,0.000000
1749017803.471145,107.179959,110.000000,95.000000,80.000000,80.000000,80.000000,80.000000,0.000000,0.000000,0.000000,0.000000
1749017803.508466,106.651059,110.000000,96.000000,80.000000,80.000000,80.000000,80.000000,0.000000,0.000000,0.000000,0.000000
1749017803.540471,107.189858,110.000000,95.000000,80.000000,80.000000,80.000000,80.000000,0.000000,0.000000,0.000000,0.000000
1749017803.572429,106.796585,110.000000,96.000000,80.000000,80.000000,80.000000,80.000000,0.000000,0.000000,0.000000,0.000000
1749017803.608355,106.473405,110.000000,97.000000,80.000000,80.000000,80.000000,80.000000,0.000000,0.000000,0.000000,0.000000
1749017803.640025,106.514713,110.000000,96.000000,80.000000,80.000000,80.000000,80.000000,0.000000,0.000000,0.000000,0.000000
1749017803.671134,106.570162,110.000000,96.000000,80.000000,80.000000,80.000000,80.000000,0.000000,0.000000,0.000000,0.000000
1749017803.707446,106.480252,110.000000,97.000000,80.000000,80.000000,80.000000,80.000000,0.000000,0.000000,0.000000,0.000000
1749017803.737770,106.436432,110.000000,97.000000,80.000000,80.000000,80.000000,80.000000,0.000000,0.000000,0.000000,0.000000
1749017803.770304,106.336849,110.000000,97.000000,80.000000,80.000000,80.000000,80.000000,0.000000,0.000000,0.000000,0.000000
1749017803.807038,106.620002,110.000000,96.000000,80.000000,80.000000,80.000000,80.000000,0.000000,0.000000,0.000000,0.000000
1749017803.838971,106.533068,110.000000,96.000000,80.000000,80.000000,80.000000,80.000000,0.000000,0.000000,0.000000,0.000000
1749017803.871977,106.289036,110.000000,97.000000,80.000000,80.000000,80.000000,80.000000,0.000000,0.000000,0.000000,0.000000
1749017803.910807,106.328099,110.000000,97.000000,80.000000,80.000000,80.000000,80.000000,0.000000,0.000000,0.000000,0.000000
1749017803.943895,106.524752,110.000000,96.000000,80.000000,80.000000,80.000000,80.000000,0.000000,0.000000,0.000000,0.000000
1749017803.975337,106.744555,110.000000,96.000000,80.000000,80.000000,80.000000,80.000000,0.000000,0.000000,0.000000,0.000000
1749017804.007760,107.112283,110.000000,95.000000,80.000000,80.000000,80.000000,80.000000,0.000000,0.000000,0.000000,0.000000
1749017804.038965,107.457972,110.000000,95.000000,80.000000,80.000000,80.000000,80.000000,0.000000,0.000000,0.000000,0.000000
1749017804.070759,107.525180,110.000000,94.000000,0.000000,0.000000,0.000000,0.000000,0.000000,0.000000,0.000000,0.000000
1749017804.108376,107.739514,110.000000,94.000000,0.000000,0.000000,0.000000,0.000000,0.000000,0.000000,0.000000,0.000000
1749017804.142275,107.166184,119.000000,90.000000,0.000000,0.000000,0.000000,0.000000,0.000000,0.000000,0.000000,0.000000
1749017804.172373,107.517865,119.000000,90.000000,0.000000,0.000000,0.000000,0.000000,0.000000,0.000000,0.000000,0.000000
1749017804.210890,108.463844,119.000000,90.000000,0.000000,0.000000,0.000000,0.000000,0.000000,0.000000,0.000000,0.000000
1749017804.242243,108.304027,119.000000,120.000000,0.000000,0.000000,0.000000,0.000000,0.000000,0.000000,0.000000,0.000000
1749017804.274205,108.170567,119.000000,90.000000,0.000000,0.000000,0.000000,0.000000,0.000000,0.000000,0.000000,0.000000
1749017804.308133,108.099389,119.000000,90.000000,0.000000,0.000000,0.000000,0.000000,0.000000,0.000000,0.000000,0.000000
1749017804.344009,107.948582,119.000000,90.000000,0.000000,0.000000,0.000000,0.000000,0.000000,0.000000,0.000000,0.000000
1749017804.370029,108.121175,119.000000,120.000000,0.000000,0.000000,0.000000,0.000000,0.000000,0.000000,0.000000,0.000000
1749017804.405638,108.119533,119.000000,111.000000,80.000000,80.000000,80.000000,80.000000,0.000000,0.000000,0.000000,0.000000
1749017804.436960,108.327981,119.000000,111.000000,80.000000,80.000000,80.000000,80.000000,0.000000,0.000000,0.000000,0.000000
1749017804.469646,108.053978,119.000000,111.000000,80.000000,80.000000,80.000000,80.000000,0.000000,0.000000,0.000000,0.000000
1749017804.510834,108.305345,119.000000,111.000000,80.000000,80.000000,80.000000,80.000000,0.000000,0.000000,0.000000,0.000000
1749017804.548560,108.466640,119.000000,111.000000,80.000000,80.000000,80.000000,80.000000,0.000000,0.000000,0.000000,0.000000
1749017804.579569,108.793462,119.000000,110.000000,80.000000,80.000000,80.000000,80.000000,0.000000,0.000000,0.000000,0.000000
1749017804.616357,108.153386,119.000000,111.000000,80.000000,80.000000,80.000000,80.000000,0.000000,0.000000,0.000000,0.000000
1749017804.647458,108.645793,119.000000,110.000000,80.000000,80.000000,80.000000,80.000000,0.000000,0.000000,0.000000,0.000000
1749017804.678116,109.050233,119.000000,109.000000,80.000000,80.000000,80.000000,80.000000,0.000000,0.000000,0.000000,0.000000
1749017804.714813,108.962930,119.000000,110.000000,80.000000,80.000000,80.000000,80.000000,0.000000,0.000000,0.000000,0.000000
1749017804.747159,108.981017,119.000000,110.000000,80.000000,80.000000,80.000000,80.000000,0.000000,0.000000,0.000000,0.000000
1749017804.778843,109.237014,119.000000,109.000000,80.000000,80.000000,80.000000,80.000000,0.000000,0.000000,0.000000,0.000000
1749017804.815355,108.821798,119.000000,110.000000,80.000000,80.000000,80.000000,80.000000,0.000000,0.000000,0.000000,0.000000
1749017804.845052,108.861790,119.000000,110.000000,80.000000,80.000000,80.000000,80.000000,0.000000,0.000000,0.000000,0.000000
1749017804.877778,108.643310,119.000000,110.000000,80.000000,80.000000,80.000000,80.000000,0.000000,0.000000,0.000000,0.000000
1749017804.914798,108.563907,119.000000,110.000000,80.000000,80.000000,80.000000,80.000000,0.000000,0.000000,0.000000,0.000000
1749017804.948215,108.427238,119.000000,111.000000,80.000000,80.000000,80.000000,80.000000,0.000000,0.000000,0.000000,0.000000
1749017804.980129,108.393054,119.000000,111.000000,80.000000,80.000000,80.000000,80.000000,0.000000,0.000000,0.000000,0.000000
1749017805.016189,108.735188,119.000000,110.000000,80.000000,80.000000,80.000000,80.000000,0.000000,0.000000,0.000000,0.000000
1749017805.046316,108.941805,119.000000,110.000000,80.000000,80.000000,80.000000,80.000000,0.000000,0.000000,0.000000,0.000000
1749017805.078763,108.605835,119.000000,110.000000,80.000000,80.000000,80.000000,80.000000,0.000000,0.000000,0.000000,0.000000
1749017805.113449,108.594417,119.000000,110.000000,80.000000,80.000000,80.000000,80.000000,0.000000,0.000000,0.000000,0.000000
1749017805.145987,108.943477,119.000000,110.000000,80.000000,80.000000,80.000000,80.000000,0.000000,0.000000,0.000000,0.000000
1749017805.178418,109.151925,119.000000,109.000000,80.000000,80.000000,80.000000,80.000000,0.000000,0.000000,0.000000,0.000000
1749017805.213987,109.001521,119.000000,109.000000,80.000000,80.000000,80.000000,80.000000,0.000000,0.000000,0.000000,0.000000
1749017805.245451,109.010005,119.000000,109.000000,80.000000,80.000000,80.000000,80.000000,0.000000,0.000000,0.000000,0.000000
1749017805.277898,108.489147,119.000000,111.000000,80.000000,80.000000,80.000000,80.000000,0.000000,0.000000,0.000000,0.000000
1749017805.313791,108.574474,119.000000,110.000000,80.000000,80.000000,80.000000,80.000000,0.000000,0.000000,0.000000,0.000000
1749017805.348573,108.406572,119.000000,111.000000,80.000000,80.000000,80.000000,80.000000,0.000000,0.000000,0.000000,0.000000
1749017805.379914,108.468474,119.000000,111.000000,80.000000,80.000000,80.000000,80.000000,0.000000,0.000000,0.000000,0.000000
1749017805.415645,108.510442,119.000000,110.000000,80.000000,80.000000,80.000000,80.000000,0.000000,0.000000,0.000000,0.000000
1749017805.445458,108.450522,119.000000,111.000000,80.000000,80.000000,80.000000,80.000000,0.000000,0.000000,0.000000,0.000000
1749017805.478883,108.503057,119.000000,110.000000,80.000000,80.000000,80.000000,80.000000,0.000000,0.000000,0.000000,0.000000
1749017805.513540,108.569198,119.000000,110.000000,80.000000,80.000000,80.000000,80.000000,0.000000,0.000000,0.000000,0.000000
1749017805.547465,108.463297,119.000000,111.000000,80.000000,80.000000,80.000000,80.000000,0.000000,0.000000,0.000000,0.000000
1749017805.579518,108.461532,119.000000,111.000000,80.000000,80.000000,80.000000,80.000000,0.000000,0.000000,0.000000,0.000000
1749017805.614039,108.844741,119.000000,110.000000,80.000000,80.000000,80.000000,80.000000,0.000000,0.000000,0.000000,0.000000
1749017805.644892,108.941243,119.000000,110.000000,80.000000,80.000000,80.000000,80.000000,0.000000,0.000000,0.000000,0.000000
1749017805.678777,108.955600,119.000000,110.000000,80.000000,80.000000,80.000000,80.000000,0.000000,0.000000,0.000000,0.000000
1749017805.716779,108.613081,119.000000,110.000000,80.000000,80.000000,80.000000,80.000000,0.000000,0.000000,0.000000,0.000000
1749017805.748552,109.080275,119.000000,109.000000,80.000000,80.000000,80.000000,80.000000,0.000000,0.000000,0.000000,0.000000
1749017805.782433,109.434858,119.000000,109.000000,80.000000,80.000000,80.000000,80.000000,0.000000,0.000000,0.000000,0.000000
1749017805.814412,109.756302,119.000000,108.000000,80.000000,80.000000,80.000000,80.000000,0.000000,0.000000,0.000000,0.000000
1749017805.847371,110.184549,119.000000,107.000000,80.000000,80.000000,80.000000,80.000000,0.000000,0.000000,0.000000,0.000000
1749017805.878786,110.197803,119.000000,107.000000,80.000000,80.000000,80.000000,80.000000,0.000000,0.000000,0.000000,0.000000
1749017805.914905,110.767385,119.000000,106.000000,80.000000,80.000000,80.000000,80.000000,0.000000,0.000000,0.000000,0.000000
1749017805.946592,111.307024,119.000000,105.000000,80.000000,80.000000,80.000000,80.000000,0.000000,0.000000,0.000000,0.000000
1749017805.977720,111.295124,119.000000,105.000000,80.000000,80.000000,80.000000,80.000000,0.000000,0.000000,0.000000,0.000000
1749017806.013867,111.202536,119.000000,105.000000,80.000000,80.000000,80.000000,80.000000,0.000000,0.000000,0.000000,0.000000
1749017806.046496,110.860959,119.000000,106.000000,80.000000,80.000000,80.000000,80.000000,0.000000,0.000000,0.000000,0.000000
1749017806.079476,111.756114,119.000000,104.000000,80.000000,80.000000,80.000000,80.000000,0.000000,0.000000,0.000000,0.000000
1749017806.116099,112.682027,119.000000,102.000000,80.000000,80.000000,80.000000,80.000000,0.000000,0.000000,0.000000,0.000000
1749017806.149518,112.800505,119.000000,102.000000,80.000000,80.000000,80.000000,80.000000,0.000000,0.000000,0.000000,0.000000
1749017806.184114,112.769076,119.000000,102.000000,80.000000,80.000000,80.000000,80.000000,0.000000,0.000000,0.000000,0.000000
1749017806.214959,112.926361,119.000000,102.000000,80.000000,80.000000,80.000000,80.000000,0.000000,0.000000,0.000000,0.000000
1749017806.245202,112.772689,119.000000,102.000000,80.000000,80.000000,80.000000,80.000000,0.000000,0.000000,0.000000,0.000000
1749017806.278122,113.019560,119.000000,101.000000,80.000000,80.000000,80.000000,80.000000,0.000000,0.000000,0.000000,0.000000
1749017806.314833,113.939679,119.000000,100.000000,80.000000,80.000000,80.000000,80.000000,0.000000,0.000000,0.000000,0.000000
1749017806.347865,113.879779,119.000000,100.000000,80.000000,80.000000,80.000000,80.000000,0.000000,0.000000,0.000000,0.000000
1749017806.381058,114.739915,119.000000,98.000000,80.000000,80.000000,80.000000,80.000000,0.000000,0.000000,0.000000,0.000000
1749017806.414852,114.719950,119.000000,98.000000,80.000000,80.000000,80.000000,80.000000,0.000000,0.000000,0.000000,0.000000
1749017806.446309,114.752699,119.000000,98.000000,80.000000,80.000000,80.000000,80.000000,0.000000,0.000000,0.000000,0.000000
1749017806.477895,115.030393,119.000000,97.000000,80.000000,80.000000,80.000000,80.000000,0.000000,0.000000,0.000000,0.000000
1749017806.514864,114.906843,119.000000,98.000000,80.000000,80.000000,80.000000,80.000000,0.000000,0.000000,0.000000,0.000000
1749017806.546707,115.313480,119.000000,97.000000,80.000000,80.000000,80.000000,80.000000,0.000000,0.000000,0.000000,0.000000
1749017806.579401,115.577305,119.000000,96.000000,80.000000,80.000000,80.000000,80.000000,0.000000,0.000000,0.000000,0.000000
1749017806.615554,115.897159,119.000000,96.000000,80.000000,80.000000,80.000000,80.000000,0.000000,0.000000,0.000000,0.000000
1749017806.647497,116.434980,119.000000,95.000000,80.000000,80.000000,80.000000,80.000000,0.000000,0.000000,0.000000,0.000000
1749017806.679471,116.334190,119.000000,95.000000,80.000000,80.000000,80.000000,80.000000,0.000000,0.000000,0.000000,0.000000
1749017806.714057,116.266774,119.000000,95.000000,80.000000,80.000000,80.000000,80.000000,0.000000,0.000000,0.000000,0.000000
1749017806.746763,116.256891,119.000000,95.000000,80.000000,80.000000,80.000000,80.000000,0.000000,0.000000,0.000000,0.000000
1749017806.778955,116.636782,119.000000,94.000000,0.000000,0.000000,0.000000,0.000000,0.000000,0.000000,0.000000,0.000000
1749017806.814039,116.927708,119.000000,94.000000,0.000000,0.000000,0.000000,0.000000,0.000000,0.000000,0.000000,0.000000
1749017806.845135,117.810688,119.000000,92.000000,0.000000,0.000000,0.000000,0.000000,0.000000,0.000000,0.000000,0.000000
1749017806.875410,117.615256,119.000000,92.000000,0.000000,0.000000,0.000000,0.000000,0.000000,0.000000,0.000000,0.000000
1749017806.906908,117.840911,119.000000,92.000000,0.000000,0.000000,0.000000,0.000000,0.000000,0.000000,0.000000,0.000000
1749017806.943739,117.798034,119.000000,92.000000,0.000000,0.000000,0.000000,0.000000,0.000000,0.000000,0.000000,0.000000
1749017806.974584,117.712060,119.000000,92.000000,0.000000,0.000000,0.000000,0.000000,0.000000,0.000000,0.000000,0.000000
1749017807.010874,118.049652,119.000000,91.000000,0.000000,0.000000,0.000000,0.000000,0.000000,0.000000,0.000000,0.000000
1749017807.041202,117.903921,119.000000,92.000000,0.000000,0.000000,0.000000,0.000000,0.000000,0.000000,0.000000,0.000000
1749017807.068866,117.869597,119.000000,92.000000,0.000000,0.000000,0.000000,0.000000,0.000000,0.000000,0.000000,0.000000
1749017807.105159,118.476810,119.000000,91.000000,0.000000,0.000000,0.000000,0.000000,0.000000,0.000000,0.000000,0.000000
1749017807.137669,118.971022,119.000000,90.000000,0.000000,0.000000,0.000000,0.000000,0.000000,0.000000,0.000000,0.000000
1749017807.172291,118.874719,119.000000,90.000000,0.000000,0.000000,0.000000,0.000000,0.000000,0.000000,0.000000,0.000000
1749017807.210823,118.809773,119.000000,90.000000,0.000000,0.000000,0.000000,0.000000,0.000000,0.000000,0.000000,0.000000
1749017807.242007,119.076442,119.000000,89.000000,0.000000,0.000000,0.000000,0.000000,0.000000,0.000000,0.000000,0.000000
1749017807.273396,119.249365,119.000000,89.000000,0.000000,0.000000,0.000000,0.000000,0.000000,0.000000,0.000000,0.000000
1749017807.309521,119.455527,119.000000,89.000000,0.000000,0.000000,0.000000,0.000000,0.000000,0.000000,0.000000,0.000000
1749017807.342155,119.054502,119.000000,89.000000,0.000000,0.000000,0.000000,0.000000,0.000000,0.000000,0.000000,0.000000
1749017807.374697,119.187391,119.000000,89.000000,0.000000,0.000000,0.000000,0.000000,0.000000,0.000000,0.000000,0.000000
1749017807.407438,119.329274,119.000000,89.000000,0.000000,0.000000,0.000000,0.000000,0.000000,0.000000,0.000000,0.000000
1749017807.437179,119.361912,119.000000,89.000000,0.000000,0.000000,0.000000,0.000000,0.000000,0.000000,0.000000,0.000000
1749017807.470261,119.487564,119.000000,89.000000,0.000000,0.000000,0.000000,0.000000,0.000000,0.000000,0.000000,0.000000
1749017807.509477,120.063967,119.000000,87.000000,0.000000,0.000000,0.000000,0.000000,0.000000,0.000000,0.000000,0.000000
1749017807.541065,120.066100,119.000000,87.000000,0.000000,0.000000,0.000000,0.000000,0.000000,0.000000,0.000000,0.000000
1749017807.572747,120.492456,119.000000,87.000000,0.000000,0.000000,0.000000,0.000000,0.000000,0.000000,0.000000,0.000000
1749017807.609811,120.651657,119.000000,86.000000,0.000000,0.000000,0.000000,0.000000,0.000000,0.000000,0.000000,0.000000
1749017807.641873,120.786565,119.000000,86.000000,0.000000,0.000000,0.000000,0.000000,0.000000,0.000000,0.000000,0.000000
1749017807.673069,120.641278,119.000000,86.000000,0.000000,0.000000,0.000000,0.000000,0.000000,0.000000,0.000000,0.000000
1749017807.709754,120.430495,119.000000,87.000000,0.000000,0.000000,0.000000,0.000000,0.000000,0.000000,0.000000,0.000000
1749017807.740646,120.327445,119.000000,87.000000,0.000000,0.000000,0.000000,0.000000,0.000000,0.000000,0.000000,0.000000
1749017807.768916,120.173657,119.000000,87.000000,0.000000,0.000000,0.000000,0.000000,0.000000,0.000000,0.000000,0.000000
1749017807.805430,120.278699,119.000000,87.000000,0.000000,0.000000,0.000000,0.000000,0.000000,0.000000,0.000000,0.000000
1749017807.837681,120.622688,119.000000,86.000000,0.000000,0.000000,0.000000,0.000000,0.000000,0.000000,0.000000,0.000000
1749017807.870075,120.598047,119.000000,86.000000,0.000000,0.000000,0.000000,0.000000,0.000000,0.000000,0.000000,0.000000
1749017807.908421,120.579866,119.000000,86.000000,0.000000,0.000000,0.000000,0.000000,0.000000,0.000000,0.000000,0.000000
1749017807.940001,120.581741,119.000000,86.000000,0.000000,0.000000,0.000000,0.000000,0.000000,0.000000,0.000000,0.000000
1749017807.971835,120.653297,119.000000,86.000000,0.000000,0.000000,0.000000,0.000000,0.000000,0.000000,0.000000,0.000000
1749017808.008362,120.671503,119.000000,86.000000,0.000000,0.000000,0.000000,0.000000,0.000000,0.000000,0.000000,0.000000
1749017808.038960,121.079539,119.000000,85.000000,0.000000,0.000000,0.000000,0.000000,0.000000,0.000000,0.000000,0.000000
1749017808.072558,120.961545,119.000000,86.000000,0.000000,0.000000,0.000000,0.000000,0.000000,0.000000,0.000000,0.000000
1749017808.108857,121.080656,119.000000,85.000000,0.000000,0.000000,0.000000,0.000000,0.000000,0.000000,0.000000,0.000000
1749017808.136962,120.933714,107.000000,90.000000,0.000000,0.000000,0.000000,0.000000,0.000000,0.000000,0.000000,0.000000
1749017808.169149,120.693361,107.000000,90.000000,0.000000,0.000000,0.000000,0.000000,0.000000,0.000000,0.000000,0.000000
1749017808.209535,121.183370,107.000000,90.000000,0.000000,0.000000,0.000000,0.000000,0.000000,0.000000,0.000000,0.000000
1749017808.242121,121.063817,107.000000,120.000000,0.000000,0.000000,0.000000,0.000000,0.000000,0.000000,0.000000,0.000000
1749017808.272961,120.655742,107.000000,90.000000,0.000000,0.000000,0.000000,0.000000,0.000000,0.000000,0.000000,0.000000
1749017808.308405,120.699588,107.000000,90.000000,0.000000,0.000000,0.000000,0.000000,0.000000,0.000000,0.000000,0.000000
1749017808.341702,121.120951,107.000000,90.000000,0.000000,0.000000,0.000000,0.000000,0.000000,0.000000,0.000000,0.000000
1749017808.373066,121.452360,107.000000,120.000000,0.000000,0.000000,0.000000,0.000000,0.000000,0.000000,0.000000,0.000000
1749017808.409414,121.473859,107.000000,61.000000,0.000000,0.000000,0.000000,0.000000,120.000000,120.000000,120.000000,120.000000
1749017808.443303,121.262588,107.000000,61.000000,0.000000,0.000000,0.000000,0.000000,120.000000,120.000000,120.000000,120.000000
1749017808.469563,121.426752,107.000000,61.000000,0.000000,0.000000,0.000000,0.000000,120.000000,120.000000,120.000000,120.000000
1749017808.505447,121.173524,107.000000,61.000000,0.000000,0.000000,0.000000,0.000000,120.000000,120.000000,120.000000,120.000000
1749017808.539391,120.982897,107.000000,62.000000,0.000000,0.000000,0.000000,0.000000,120.000000,120.000000,120.000000,120.000000
1749017808.572908,121.607239,107.000000,60.000000,0.000000,0.000000,0.000000,0.000000,120.000000,120.000000,120.000000,120.000000
1749017808.607762,121.908254,107.000000,60.000000,0.000000,0.000000,0.000000,0.000000,120.000000,120.000000,120.000000,120.000000
1749017808.638736,121.206971,107.000000,61.000000,0.000000,0.000000,0.000000,0.000000,120.000000,120.000000,120.000000,120.000000
1749017808.669992,121.458572,107.000000,61.000000,0.000000,0.000000,0.000000,0.000000,120.000000,120.000000,120.000000,120.000000
1749017808.705715,121.546592,107.000000,60.000000,0.000000,0.000000,0.000000,0.000000,120.000000,120.000000,120.000000,120.000000
1749017808.738924,121.066357,107.000000,61.000000,0.000000,0.000000,0.000000,0.000000,120.000000,120.000000,120.000000,120.000000
1749017808.773966,121.347867,107.000000,61.000000,0.000000,0.000000,0.000000,0.000000,120.000000,120.000000,120.000000,120.000000
1749017808.809057,121.626775,107.000000,60.000000,0.000000,0.000000,0.000000,0.000000,120.000000,120.000000,120.000000,120.000000
1749017808.839788,121.699854,107.000000,60.000000,0.000000,0.000000,0.000000,0.000000,120.000000,120.000000,120.000000,120.000000
1749017808.871545,121.381895,107.000000,61.000000,0.000000,0.000000,0.000000,0.000000,120.000000,120.000000,120.000000,120.000000
1749017808.909566,121.269946,107.000000,61.000000,0.000000,0.000000,0.000000,0.000000,120.000000,120.000000,120.000000,120.000000
1749017808.943849,121.330450,107.000000,61.000000,0.000000,0.000000,0.000000,0.000000,120.000000,120.000000,120.000000,120.000000
1749017808.976796,121.227336,107.000000,61.000000,0.000000,0.000000,0.000000,0.000000,120.000000,120.000000,120.000000,120.000000
1749017809.012505,121.459620,107.000000,61.000000,0.000000,0.000000,0.000000,0.000000,120.000000,120.000000,120.000000,120.000000
1749017809.044483,122.128078,107.000000,59.000000,0.000000,0.000000,0.000000,0.000000,121.000000,121.000000,121.000000,121.000000
1749017809.073118,121.958635,107.000000,60.000000,0.000000,0.000000,0.000000,0.000000,120.000000,120.000000,120.000000,120.000000
1749017809.107973,121.298448,107.000000,61.000000,0.000000,0.000000,0.000000,0.000000,120.000000,120.000000,120.000000,120.000000
1749017809.141877,121.589036,107.000000,60.000000,0.000000,0.000000,0.000000,0.000000,120.000000,120.000000,120.000000,120.000000
1749017809.174627,121.470204,107.000000,61.000000,0.000000,0.000000,0.000000,0.000000,120.000000,120.000000,120.000000,120.000000
1749017809.211174,121.479166,107.000000,61.000000,0.000000,0.000000,0.000000,0.000000,120.000000,120.000000,120.000000,120.000000
1749017809.242429,121.478197,107.000000,61.000000,0.000000,0.000000,0.000000,0.000000,120.000000,120.000000,120.000000,120.000000
1749017809.273847,120.889088,107.000000,62.000000,0.000000,0.000000,0.000000,0.000000,120.000000,120.000000,120.000000,120.000000
1749017809.312515,120.714982,107.000000,62.000000,0.000000,0.000000,0.000000,0.000000,120.000000,120.000000,120.000000,120.000000
1749017809.338749,120.375621,107.000000,63.000000,0.000000,0.000000,0.000000,0.000000,120.000000,120.000000,120.000000,120.000000
1749017809.368959,120.294049,107.000000,63.000000,0.000000,0.000000,0.000000,0.000000,120.000000,120.000000,120.000000,120.000000
1749017809.405607,119.724153,107.000000,64.000000,0.000000,0.000000,0.000000,0.000000,120.000000,120.000000,120.000000,120.000000
1749017809.437449,119.648729,107.000000,64.000000,0.000000,0.000000,0.000000,0.000000,120.000000,120.000000,120.000000,120.000000
1749017809.469620,119.209763,107.000000,65.000000,0.000000,0.000000,0.000000,0.000000,120.000000,120.000000,120.000000,120.000000
1749017809.508652,119.050848,107.000000,65.000000,0.000000,0.000000,0.000000,0.000000,120.000000,120.000000,120.000000,120.000000
1749017809.541391,119.002690,107.000000,65.000000,0.000000,0.000000,0.000000,0.000000,120.000000,120.000000,120.000000,120.000000
1749017809.573364,118.182336,107.000000,67.000000,0.000000,0.000000,0.000000,0.000000,120.000000,120.000000,120.000000,120.000000
1749017809.610660,117.983715,107.000000,68.000000,0.000000,0.000000,0.000000,0.000000,120.000000,120.000000,120.000000,120.000000
1749017809.641704,118.359268,107.000000,67.000000,0.000000,0.000000,0.000000,0.000000,120.000000,120.000000,120.000000,120.000000
1749017809.675337,118.343558,107.000000,67.000000,0.000000,0.000000,0.000000,0.000000,120.000000,120.000000,120.000000,120.000000
1749017809.705963,117.506723,107.000000,68.000000,0.000000,0.000000,0.000000,0.000000,120.000000,120.000000,120.000000,120.000000
1749017809.737404,116.814235,107.000000,70.000000,0.000000,0.000000,0.000000,0.000000,120.000000,120.000000,120.000000,120.000000
1749017809.770003,116.736748,107.000000,70.000000,0.000000,0.000000,0.000000,0.000000,120.000000,120.000000,120.000000,120.000000
1749017809.808640,116.329053,107.000000,71.000000,0.000000,0.000000,0.000000,0.000000,120.000000,120.000000,120.000000,120.000000
1749017809.839971,116.128667,107.000000,71.000000,0.000000,0.000000,0.000000,0.000000,120.000000,120.000000,120.000000,120.000000
1749017809.872096,115.269507,107.000000,73.000000,0.000000,0.000000,0.000000,0.000000,120.000000,120.000000,120.000000,120.000000
1749017809.908625,115.383729,107.000000,73.000000,0.000000,0.000000,0.000000,0.000000,120.000000,120.000000,120.000000,120.000000
1749017809.940125,115.210713,107.000000,73.000000,0.000000,0.000000,0.000000,0.000000,120.000000,120.000000,120.000000,120.000000
1749017809.990011,114.585826,107.000000,74.000000,0.000000,0.000000,0.000000,0.000000,120.000000,120.000000,120.000000,120.000000
1749017810.010652,114.167510,107.000000,75.000000,0.000000,0.000000,0.000000,0.000000,120.000000,120.000000,120.000000,120.000000
1749017810.036896,113.736870,107.000000,76.000000,0.000000,0.000000,0.000000,0.000000,120.000000,120.000000,120.000000,120.000000
1749017810.068456,113.756499,107.000000,76.000000,0.000000,0.000000,0.000000,0.000000,120.000000,120.000000,120.000000,120.000000
1749017810.105976,113.854935,107.000000,76.000000,0.000000,0.000000,0.000000,0.000000,120.000000,120.000000,120.000000,120.000000
1749017810.139050,113.971852,107.000000,76.000000,0.000000,0.000000,0.000000,0.000000,120.000000,120.000000,120.000000,120.000000
1749017810.171385,113.478106,107.000000,77.000000,0.000000,0.000000,0.000000,0.000000,120.000000,120.000000,120.000000,120.000000
1749017810.208707,112.352831,107.000000,79.000000,0.000000,0.000000,0.000000,0.000000,120.000000,120.000000,120.000000,120.000000
1749017810.245781,112.180753,107.000000,79.000000,0.000000,0.000000,0.000000,0.000000,120.000000,120.000000,120.000000,120.000000
1749017810.277785,112.229970,107.000000,79.000000,0.000000,0.000000,0.000000,0.000000,120.000000,120.000000,120.000000,120.000000
1749017810.307783,111.567870,107.000000,80.000000,0.000000,0.000000,0.000000,0.000000,120.000000,120.000000,120.000000,120.000000
1749017810.340333,110.989988,107.000000,82.000000,0.000000,0.000000,0.000000,0.000000,120.000000,120.000000,120.000000,120.000000
1749017810.369782,111.112103,107.000000,81.000000,0.000000,0.000000,0.000000,0.000000,120.000000,120.000000,120.000000,120.000000
1749017810.405543,110.488295,107.000000,83.000000,0.000000,0.000000,0.000000,0.000000,120.000000,120.000000,120.000000,120.000000
1749017810.437348,109.414256,107.000000,85.000000,0.000000,0.000000,0.000000,0.000000,0.000000,0.000000,0.000000,0.000000
1749017810.469353,109.346611,107.000000,85.000000,0.000000,0.000000,0.000000,0.000000,0.000000,0.000000,0.000000,0.000000
1749017810.507061,109.204391,107.000000,85.000000,0.000000,0.000000,0.000000,0.000000,0.000000,0.000000,0.000000,0.000000
1749017810.538995,109.032889,107.000000,85.000000,0.000000,0.000000,0.000000,0.000000,0.000000,0.000000,0.000000,0.000000
1749017810.571282,108.738481,107.000000,86.000000,0.000000,0.000000,0.000000,0.000000,0.000000,0.000000,0.000000,0.000000
1749017810.607956,108.618445,107.000000,86.000000,0.000000,0.000000,0.000000,0.000000,0.000000,0.000000,0.000000,0.000000
1749017810.637458,108.132279,107.000000,87.000000,0.000000,0.000000,0.000000,0.000000,0.000000,0.000000,0.000000,0.000000
1749017810.670992,107.412636,107.000000,89.000000,0.000000,0.000000,0.000000,0.000000,0.000000,0.000000,0.000000,0.000000
1749017810.706880,108.032693,107.000000,87.000000,0.000000,0.000000,0.000000,0.000000,0.000000,0.000000,0.000000,0.000000
1749017810.737823,107.799614,107.000000,88.000000,0.000000,0.000000,0.000000,0.000000,0.000000,0.000000,0.000000,0.000000
1749017810.769839,107.153557,107.000000,89.000000,0.000000,0.000000,0.000000,0.000000,0.000000,0.000000,0.000000,0.000000
1749017810.810834,107.511611,107.000000,88.000000,0.000000,0.000000,0.000000,0.000000,0.000000,0.000000,0.000000,0.000000
1749017810.842914,107.323846,107.000000,89.000000,0.000000,0.000000,0.000000,0.000000,0.000000,0.000000,0.000000,0.000000
1749017810.875556,107.464827,107.000000,89.000000,0.000000,0.000000,0.000000,0.000000,0.000000,0.000000,0.000000,0.000000
1749017810.910161,107.736021,107.000000,88.000000,0.000000,0.000000,0.000000,0.000000,0.000000,0.000000,0.000000,0.000000
1749017810.941730,108.650269,107.000000,86.000000,0.000000,0.000000,0.000000,0.000000,0.000000,0.000000,0.000000,0.000000
1749017810.973985,108.754548,107.000000,86.000000,0.000000,0.000000,0.000000,0.000000,0.000000,0.000000,0.000000,0.000000
1749017811.013509,108.798046,107.000000,86.000000,0.000000,0.000000,0.000000,0.000000,0.000000,0.000000,0.000000,0.000000
1749017811.045829,108.440304,107.000000,87.000000,0.000000,0.000000,0.000000,0.000000,0.000000,0.000000,0.000000,0.000000
1749017811.069973,107.961969,107.000000,88.000000,0.000000,0.000000,0.000000,0.000000,0.000000,0.000000,0.000000,0.000000
1749017811.106325,107.392428,107.000000,89.000000,0.000000,0.000000,0.000000,0.000000,0.000000,0.000000,0.000000,0.000000
1749017811.139979,107.033564,107.000000,89.000000,0.000000,0.000000,0.000000,0.000000,0.000000,0.000000,0.000000,0.000000
1749017811.171829,108.125062,107.000000,87.000000,0.000000,0.000000,0.000000,0.000000,0.000000,0.000000,0.000000,0.000000
1749017811.209661,108.085201,107.000000,87.000000,0.000000,0.000000,0.000000,0.000000,0.000000,0.000000,0.000000,0.000000
1749017811.241501,108.108662,107.000000,87.000000,0.000000,0.000000,0.000000,0.000000,0.000000,0.000000,0.000000,0.000000
1749017811.272547,108.407685,107.000000,87.000000,0.000000,0.000000,0.000000,0.000000,0.000000,0.000000,0.000000,0.000000
1749017811.308155,107.740663,107.000000,88.000000,0.000000,0.000000,0.000000,0.000000,0.000000,0.000000,0.000000,0.000000
1749017811.341254,107.206014,107.000000,89.000000,0.000000,0.000000,0.000000,0.000000,0.000000,0.000000,0.000000,0.000000
1749017811.373681,106.391802,107.000000,91.000000,0.000000,0.000000,0.000000,0.000000,0.000000,0.000000,0.000000,0.000000
1749017811.409969,106.649946,107.000000,90.000000,0.000000,0.000000,0.000000,0.000000,0.000000,0.000000,0.000000,0.000000
1749017811.441828,106.503706,107.000000,90.000000,0.000000,0.000000,0.000000,0.000000,0.000000,0.000000,0.000000,0.000000
1749017811.475049,106.526486,107.000000,90.000000,0.000000,0.000000,0.000000,0.000000,0.000000,0.000000,0.000000,0.000000
1749017811.509979,106.048850,107.000000,91.000000,0.000000,0.000000,0.000000,0.000000,0.000000,0.000000,0.000000,0.000000
1749017811.541832,105.514382,107.000000,92.000000,0.000000,0.000000,0.000000,0.000000,0.000000,0.000000,0.000000,0.000000
1749017811.575881,105.050547,107.000000,93.000000,0.000000,0.000000,0.000000,0.000000,0.000000,0.000000,0.000000,0.000000
1749017811.607104,104.854565,107.000000,94.000000,0.000000,0.000000,0.000000,0.000000,0.000000,0.000000,0.000000,0.000000
1749017811.637147,104.557588,107.000000,94.000000,0.000000,0.000000,0.000000,0.000000,0.000000,0.000000,0.000000,0.000000
1749017811.669998,104.198377,107.000000,95.000000,80.000000,80.000000,80.000000,80.000000,0.000000,0.000000,0.000000,0.000000
1749017811.706996,104.226372,107.000000,95.000000,80.000000,80.000000,80.000000,80.000000,0.000000,0.000000,0.000000,0.000000
1749017811.738962,104.325217,107.000000,95.000000,80.000000,80.000000,80.000000,80.000000,0.000000,0.000000,0.000000,0.000000
1749017811.771394,103.714115,107.000000,96.000000,80.000000,80.000000,80.000000,80.000000,0.000000,0.000000,0.000000,0.000000
1749017811.809918,103.045183,107.000000,97.000000,80.000000,80.000000,80.000000,80.000000,0.000000,0.000000,0.000000,0.000000
1749017811.842278,102.234234,107.000000,99.000000,80.000000,80.000000,80.000000,80.000000,0.000000,0.000000,0.000000,0.000000
1749017811.873510,101.788714,107.000000,100.000000,80.000000,80.000000,80.000000,80.000000,0.000000,0.000000,0.000000,0.000000
1749017811.908937,101.867336,107.000000,100.000000,80.000000,80.000000,80.000000,80.000000,0.000000,0.000000,0.000000,0.000000
1749017811.938473,102.060436,107.000000,99.000000,80.000000,80.000000,80.000000,80.000000,0.000000,0.000000,0.000000,0.000000
1749017811.969514,101.850189,107.000000,100.000000,80.000000,80.000000,80.000000,80.000000,0.000000,0.000000,0.000000,0.000000
1749017812.006361,101.717021,107.000000,100.000000,80.000000,80.000000,80.000000,80.000000,0.000000,0.000000,0.000000,0.000000
1749017812.038314,101.890883,107.000000,100.000000,80.000000,80.000000,80.000000,80.000000,0.000000,0.000000,0.000000,0.000000
1749017812.069684,101.054825,107.000000,101.000000,80.000000,80.000000,80.000000,80.000000,0.000000,0.000000,0.000000,0.000000
1749017812.107294,100.781871,107.000000,102.000000,80.000000,80.000000,80.000000,80.000000,0.000000,0.000000,0.000000,0.000000
1749017812.144373,100.901136,107.000000,102.000000,80.000000,80.000000,80.000000,80.000000,0.000000,0.000000,0.000000,0.000000
1749017812.176422,100.459983,107.000000,103.000000,80.000000,80.000000,80.000000,80.000000,0.000000,0.000000,0.000000,0.000000
1749017812.211431,99.916401,107.000000,104.000000,80.000000,80.000000,80.000000,80.000000,0.000000,0.000000,0.000000,0.000000
1749017812.243294,99.952810,107.000000,104.000000,80.000000,80.000000,80.000000,80.000000,0.000000,0.000000,0.000000,0.000000
1749017812.277698,99.520472,107.000000,104.000000,80.000000,80.000000,80.000000,80.000000,0.000000,0.000000,0.000000,0.000000
1749017812.308304,99.257961,107.000000,105.000000,80.000000,80.000000,80.000000,80.000000,0.000000,0.000000,0.000000,0.000000
1749017812.337079,99.342427,107.000000,105.000000,80.000000,80.000000,80.000000,80.000000,0.000000,0.000000,0.000000,0.000000
1749017812.369635,99.871922,107.000000,104.000000,80.000000,80.000000,80.000000,80.000000,0.000000,0.000000,0.000000,0.000000
1749017812.406819,99.938207,107.000000,104.000000,80.000000,80.000000,80.000000,80.000000,0.000000,0.000000,0.000000,0.000000
1749017812.440286,99.525164,107.000000,104.000000,80.000000,80.000000,80.000000,80.000000,0.000000,0.000000,0.000000,0.000000
1749017812.471803,100.056763,107.000000,103.000000,80.000000,80.000000,80.000000,80.000000,0.000000,0.000000,0.000000,0.000000
1749017812.510598,100.232688,107.000000,103.000000,80.000000,80.000000,80.000000,80.000000,0.000000,0.000000,0.000000,0.000000
1749017812.545593,100.383813,107.000000,103.000000,80.000000,80.000000,80.000000,80.000000,0.000000,0.000000,0.000000,0.000000
1749017812.572957,101.440766,107.000000,101.000000,80.000000,80.000000,80.000000,80.000000,0.000000,0.000000,0.000000,0.000000
1749017812.622335,102.185077,107.000000,99.000000,80.000000,80.000000,80.000000,80.000000,0.000000,0.000000,0.000000,0.000000
1749017812.644092,102.348938,107.000000,99.000000,80.000000,80.000000,80.000000,80.000000,0.000000,0.000000,0.000000,0.000000
1749017812.670094,102.234605,107.000000,99.000000,80.000000,80.000000,80.000000,80.000000,0.000000,0.000000,0.000000,0.000000
1749017812.704959,102.748407,107.000000,98.000000,80.000000,80.000000,80.000000,80.000000,0.000000,0.000000,0.000000,0.000000
1749017812.737619,102.977433,107.000000,98.000000,80.000000,80.000000,80.000000,80.000000,0.000000,0.000000,0.000000,0.000000
1749017812.769804,103.436499,107.000000,97.000000,80.000000,80.000000,80.000000,80.000000,0.000000,0.000000,0.000000,0.000000
1749017812.808585,104.225232,107.000000,95.000000,80.000000,80.000000,80.000000,80.000000,0.000000,0.000000,0.000000,0.000000
1749017812.841969,104.947771,107.000000,94.000000,0.000000,0.000000,0.000000,0.000000,0.000000,0.000000,0.000000,0.000000
1749017812.872979,105.029122,107.000000,93.000000,0.000000,0.000000,0.000000,0.000000,0.000000,0.000000,0.000000,0.000000
1749017812.909122,104.713541,107.000000,94.000000,0.000000,0.000000,0.000000,0.000000,0.000000,0.000000,0.000000,0.000000
1749017812.942150,105.077820,107.000000,93.000000,0.000000,0.000000,0.000000,0.000000,0.000000,0.000000,0.000000,0.000000
1749017812.975857,104.907397,126.000000,90.000000,0.000000,0.000000,0.000000,0.000000,0.000000,0.000000,0.000000,0.000000
1749017813.011276,105.346966,126.000000,90.000000,0.000000,0.000000,0.000000,0.000000,0.000000,0.000000,0.000000,0.000000
1749017813.038532,105.556830,126.000000,90.000000,0.000000,0.000000,0.000000,0.000000,0.000000,0.000000,0.000000,0.000000
1749017813.071314,105.868822,126.000000,120.000000,0.000000,0.000000,0.000000,0.000000,0.000000,0.000000,0.000000,0.000000
1749017813.108338,106.244917,126.000000,90.000000,0.000000,0.000000,0.000000,0.000000,0.000000,0.000000,0.000000,0.000000
1749017813.139869,106.871215,126.000000,90.000000,0.000000,0.000000,0.000000,0.000000,0.000000,0.000000,0.000000,0.000000
1749017813.171691,107.495332,126.000000,90.000000,0.000000,0.000000,0.000000,0.000000,0.000000,0.000000,0.000000,0.000000
1749017813.207608,107.427625,126.000000,120.000000,0.000000,0.000000,0.000000,0.000000,0.000000,0.000000,0.000000,0.000000
1749017813.239351,107.656588,126.000000,126.000000,80.000000,80.000000,80.000000,80.000000,0.000000,0.000000,0.000000,0.000000
1749017813.272358,108.292856,126.000000,125.000000,80.000000,80.000000,80.000000,80.000000,0.000000,0.000000,0.000000,0.000000
1749017813.308486,108.349452,126.000000,125.000000,80.000000,80.000000,80.000000,80.000000,0.000000,0.000000,0.000000,0.000000
1749017813.340021,108.321421,126.000000,125.000000,80.000000,80.000000,80.000000,80.000000,0.000000,0.000000,0.000000,0.000000
1749017813.371432,108.715266,126.000000,124.000000,80.000000,80.000000,80.000000,80.000000,0.000000,0.000000,0.000000,0.000000
1749017813.407919,108.532199,126.000000,124.000000,80.000000,80.000000,80.000000,80.000000,0.000000,0.000000,0.000000,0.000000
1749017813.438782,108.243237,126.000000,125.000000,80.000000,80.000000,80.000000,80.000000,0.000000,0.000000,0.000000,0.000000
1749017813.470720,108.326512,126.000000,125.000000,80.000000,80.000000,80.000000,80.000000,0.000000,0.000000,0.000000,0.000000
1749017813.508976,108.639102,126.000000,124.000000,80.000000,80.000000,80.000000,80.000000,0.000000,0.000000,0.000000,0.000000
1749017813.540696,108.420964,126.000000,125.000000,80.000000,80.000000,80.000000,80.000000,0.000000,0.000000,0.000000,0.000000
1749017813.573245,108.383473,126.000000,125.000000,80.000000,80.000000,80.000000,80.000000,0.000000,0.000000,0.000000,0.000000
1749017813.609940,108.634149,126.000000,124.000000,80.000000,80.000000,80.000000,80.000000,0.000000,0.000000,0.000000,0.000000
1749017813.641743,109.036445,126.000000,123.000000,80.000000,80.000000,80.000000,80.000000,0.000000,0.000000,0.000000,0.000000
1749017813.672874,108.760507,126.000000,124.000000,80.000000,80.000000,80.000000,80.000000,0.000000,0.000000,0.000000,0.000000
1749017813.707717,108.799719,126.000000,124.000000,80.000000,80.000000,80.000000,80.000000,0.000000,0.000000,0.000000,0.000000
1749017813.739350,108.967792,126.000000,124.000000,80.000000,80.000000,80.000000,80.000000,0.000000,0.000000,0.000000,0.000000
1749017813.770725,108.860786,126.000000,124.000000,80.000000,80.000000,80.000000,80.000000,0.000000,0.000000,0.000000,0.000000
1749017813.812474,108.817102,126.000000,124.000000,80.000000,80.000000,80.000000,80.000000,0.000000,0.000000,0.000000,0.000000
1749017813.844177,109.032177,126.000000,123.000000,80.000000,80.000000,80.000000,80.000000,0.000000,0.000000,0.000000,0.000000
1749017813.877543,108.837354,126.000000,124.000000,80.000000,80.000000,80.000000,80.000000,0.000000,0.000000,0.000000,0.000000
1749017813.908283,108.828668,126.000000,124.000000,80.000000,80.000000,80.000000,80.000000,0.000000,0.000000,0.000000,0.000000
1749017813.937269,108.831023,126.000000,124.000000,80.000000,80.000000,80.000000,80.000000,0.000000,0.000000,0.000000,0.000000
1749017813.969962,108.965814,126.000000,124.000000,80.000000,80.000000,80.000000,80.000000,0.000000,0.000000,0.000000,0.000000
1749017814.006716,109.542075,126.000000,122.000000,80.000000,80.000000,80.000000,80.000000,0.000000,0.000000,0.000000,0.000000
1749017814.043617,109.298075,126.000000,123.000000,80.000000,80.000000,80.000000,80.000000,0.000000,0.000000,0.000000,0.000000
1749017814.076783,109.498191,126.000000,123.000000,80.000000,80.000000,80.000000,80.000000,0.000000,0.000000,0.000000,0.000000
1749017814.111452,109.143706,126.000000,123.000000,80.000000,80.000000,80.000000,80.000000,0.000000,0.000000,0.000000,0.000000
1749017814.142626,108.710157,126.000000,124.000000,80.000000,80.000000,80.000000,80.000000,0.000000,0.000000,0.000000,0.000000
1749017814.170947,108.794949,126.000000,124.000000,80.000000,80.000000,80.000000,80.000000,0.000000,0.000000,0.000000,0.000000
1749017814.206509,109.003600,126.000000,123.000000,80.000000,80.000000,80.000000,80.000000,0.000000,0.000000,0.000000,0.000000
1749017814.240688,108.878548,126.000000,124.000000,80.000000,80.000000,80.000000,80.000000,0.000000,0.000000,0.000000,0.000000
1749017814.269563,109.021292,126.000000,123.000000,80.000000,80.000000,80.000000,80.000000,0.000000,0.000000,0.000000,0.000000
1749017814.305811,108.912160,126.000000,124.000000,80.000000,80.000000,80.000000,80.000000,0.000000,0.000000,0.000000,0.000000
1749017814.338044,108.900918,126.000000,124.000000,80.000000,80.000000,80.000000,80.000000,0.000000,0.000000,0.000000,0.000000
1749017814.372923,109.065917,126.000000,123.000000,80.000000,80.000000,80.000000,80.000000,0.000000,0.000000,0.000000,0.000000
1749017814.411089,109.848181,126.000000,122.000000,80.000000,80.000000,80.000000,80.000000,0.000000,0.000000,0.000000,0.000000
1749017814.441773,110.108900,126.000000,121.000000,80.000000,80.000000,80.000000,80.000000,0.000000,0.000000,0.000000,0.000000
1749017814.473557,110.433863,126.000000,121.000000,80.000000,80.000000,80.000000,80.000000,0.000000,0.000000,0.000000,0.000000
1749017814.509139,110.321644,126.000000,121.000000,80.000000,80.000000,80.000000,80.000000,0.000000,0.000000,0.000000,0.000000
1749017814.541366,111.124729,126.000000,119.000000,80.000000,80.000000,80.000000,80.000000,0.000000,0.000000,0.000000,0.000000
1749017814.575661,110.908409,126.000000,120.000000,80.000000,80.000000,80.000000,80.000000,0.000000,0.000000,0.000000,0.000000
1749017814.607901,110.509493,126.000000,120.000000,80.000000,80.000000,80.000000,80.000000,0.000000,0.000000,0.000000,0.000000
1749017814.636973,110.809199,126.000000,120.000000,80.000000,80.000000,80.000000,80.000000,0.000000,0.000000,0.000000,0.000000
1749017814.668556,111.113410,126.000000,119.000000,80.000000,80.000000,80.000000,80.000000,0.000000,0.000000,0.000000,0.000000
1749017814.707920,111.013281,126.000000,119.000000,80.000000,80.000000,80.000000,80.000000,0.000000,0.000000,0.000000,0.000000
1749017814.741611,111.073285,126.000000,119.000000,80.000000,80.000000,80.000000,80.000000,0.000000,0.000000,0.000000,0.000000
1749017814.773166,110.978266,126.000000,120.000000,80.000000,80.000000,80.000000,80.000000,0.000000,0.000000,0.000000,0.000000
1749017814.811778,111.345074,126.000000,119.000000,80.000000,80.000000,80.000000,80.000000,0.000000,0.000000,0.000000,0.000000
1749017814.842808,111.834277,126.000000,118.000000,80.000000,80.000000,80.000000,80.000000,0.000000,0.000000,0.000000,0.000000
1749017814.876996,113.311051,126.000000,115.000000,80.000000,80.000000,80.000000,80.000000,0.000000,0.000000,0.000000,0.000000
1749017814.911227,114.085829,126.000000,113.000000,80.000000,80.000000,80.000000,80.000000,0.000000,0.000000,0.000000,0.000000
1749017814.944805,113.963255,126.000000,114.000000,80.000000,80.000000,80.000000,80.000000,0.000000,0.000000,0.000000,0.000000
1749017814.974022,114.222558,126.000000,113.000000,80.000000,80.000000,80.000000,80.000000,0.000000,0.000000,0.000000,0.000000
1749017815.008522,114.549330,126.000000,112.000000,80.000000,80.000000,80.000000,80.000000,0.000000,0.000000,0.000000,0.000000
1749017815.040809,114.326831,126.000000,113.000000,80.000000,80.000000,80.000000,80.000000,0.000000,0.000000,0.000000,0.000000
1749017815.072495,114.177189,126.000000,113.000000,80.000000,80.000000,80.000000,80.000000,0.000000,0.000000,0.000000,0.000000
1749017815.108065,114.699960,126.000000,112.000000,80.000000,80.000000,80.000000,80.000000,0.000000,0.000000,0.000000,0.000000
1749017815.141185,115.525987,126.000000,110.000000,80.000000,80.000000,80.000000,80.000000,0.000000,0.000000,0.000000,0.000000
1749017815.173657,115.999255,126.000000,110.000000,80.000000,80.000000,80.000000,80.000000,0.000000,0.000000,0.000000,0.000000
1749017815.208984,115.964939,126.000000,110.000000,80.000000,80.000000,80.000000,80.000000,0.000000,0.000000,0.000000,0.000000
1749017815.240741,115.950054,126.000000,110.000000,80.000000,80.000000,80.000000,80.000000,0.000000,0.000000,0.000000,0.000000
1749017815.272995,115.839956,126.000000,110.000000,80.000000,80.000000,80.000000,80.000000,0.000000,0.000000,0.000000,0.000000
1749017815.310853,116.163079,126.000000,109.000000,80.000000,80.000000,80.000000,80.000000,0.000000,0.000000,0.000000,0.000000
1749017815.341729,117.294105,126.000000,107.000000,80.000000,80.000000,80.000000,80.000000,0.000000,0.000000,0.000000,0.000000
1749017815.372823,117.512714,126.000000,106.000000,80.000000,80.000000,80.000000,80.000000,0.000000,0.000000,0.000000,0.000000
1749017815.408561,118.157089,126.000000,105.000000,80.000000,80.000000,80.000000,80.000000,0.000000,0.000000,0.000000,0.000000
1749017815.440608,118.774863,126.000000,104.000000,80.000000,80.000000,80.000000,80.000000,0.000000,0.000000,0.000000,0.000000
1749017815.473731,119.022218,126.000000,103.000000,80.000000,80.000000,80.000000,80.000000,0.000000,0.000000,0.000000,0.000000
1749017815.510629,118.846828,126.000000,104.000000,80.000000,80.000000,80.000000,80.000000,0.000000,0.000000,0.000000,0.000000
1749017815.543668,119.181646,126.000000,103.000000,80.000000,80.000000,80.000000,80.000000,0.000000,0.000000,0.000000,0.000000
1749017815.574835,119.233833,126.000000,103.000000,80.000000,80.000000,80.000000,80.000000,0.000000,0.000000,0.000000,0.000000
1749017815.610081,119.694273,126.000000,102.000000,80.000000,80.000000,80.000000,80.000000,0.000000,0.000000,0.000000,0.000000
1749017815.642464,119.520591,126.000000,102.000000,80.000000,80.000000,80.000000,80.000000,0.000000,0.000000,0.000000,0.000000
1749017815.674148,119.363137,126.000000,103.000000,80.000000,80.000000,80.000000,80.000000,0.000000,0.000000,0.000000,0.000000
1749017815.709099,119.866506,126.000000,102.000000,80.000000,80.000000,80.000000,80.000000,0.000000,0.000000,0.000000,0.000000
1749017815.742898,119.707841,126.000000,102.000000,80.000000,80.000000,80.000000,80.000000,0.000000,0.000000,0.000000,0.000000
1749017815.774994,120.578073,126.000000,100.000000,80.000000,80.000000,80.000000,80.000000,0.000000,0.000000,0.000000,0.000000
1749017815.809963,120.569442,126.000000,100.000000,80.000000,80.000000,80.000000,80.000000,0.000000,0.000000,0.000000,0.000000
1749017815.842582,120.783328,126.000000,100.000000,80.000000,80.000000,80.000000,80.000000,0.000000,0.000000,0.000000,0.000000
1749017815.887697,121.983821,126.000000,98.000000,80.000000,80.000000,80.000000,80.000000,0.000000,0.000000,0.000000,0.000000
1749017815.908631,121.420532,126.000000,99.000000,80.000000,80.000000,80.000000,80.000000,0.000000,0.000000,0.000000,0.000000
1749017815.938968,120.948930,126.000000,100.000000,80.000000,80.000000,80.000000,80.000000,0.000000,0.000000,0.000000,0.000000
1749017815.970935,121.321605,126.000000,99.000000,80.000000,80.000000,80.000000,80.000000,0.000000,0.000000,0.000000,0.000000
1749017816.010918,122.334345,126.000000,97.000000,80.000000,80.000000,80.000000,80.000000,0.000000,0.000000,0.000000,0.000000
1749017816.043599,122.639013,126.000000,96.000000,80.000000,80.000000,80.000000,80.000000,0.000000,0.000000,0.000000,0.000000
1749017816.075662,122.910632,126.000000,96.000000,80.000000,80.000000,80.000000,80.000000,0.000000,0.000000,0.000000,0.000000
1749017816.109033,122.758789,126.000000,96.000000,80.000000,80.000000,80.000000,80.000000,0.000000,0.000000,0.000000,0.000000
1749017816.142052,123.215433,126.000000,95.000000,80.000000,80.000000,80.000000,80.000000,0.000000,0.000000,0.000000,0.000000
1749017816.173204,124.102971,126.000000,93.000000,0.000000,0.000000,0.000000,0.000000,0.000000,0.000000,0.000000,0.000000
1749017816.206734,124.125141,126.000000,93.000000,0.000000,0.000000,0.000000,0.000000,0.000000,0.000000,0.000000,0.000000
1749017816.237390,124.740436,126.000000,92.000000,0.000000,0.000000,0.000000,0.000000,0.000000,0.000000,0.000000,0.000000
1749017816.269958,124.527042,126.000000,92.000000,0.000000,0.000000,0.000000,0.000000,0.000000,0.000000,0.000000,0.000000
1749017816.308375,124.346809,126.000000,93.000000,0.000000,0.000000,0.000000,0.000000,0.000000,0.000000,0.000000,0.000000
1749017816.342561,124.564182,126.000000,92.000000,0.000000,0.000000,0.000000,0.000000,0.000000,0.000000,0.000000,0.000000
1749017816.373677,124.370851,126.000000,93.000000,0.000000,0.000000,0.000000,0.000000,0.000000,0.000000,0.000000,0.000000
1749017816.409814,124.260160,126.000000,93.000000,0.000000,0.000000,0.000000,0.000000,0.000000,0.000000,0.000000,0.000000
1749017816.441492,124.454049,126.000000,93.000000,0.000000,0.000000,0.000000,0.000000,0.000000,0.000000,0.000000,0.000000
1749017816.474069,124.709331,126.000000,92.000000,0.000000,0.000000,0.000000,0.000000,0.000000,0.000000,0.000000,0.000000
1749017816.509732,124.860990,126.000000,92.000000,0.000000,0.000000,0.000000,0.000000,0.000000,0.000000,0.000000,0.000000
1749017816.543794,124.944864,126.000000,92.000000,0.000000,0.000000,0.000000,0.000000,0.000000,0.000000,0.000000,0.000000
1749017816.571055,124.694541,126.000000,92.000000,0.000000,0.000000,0.000000,0.000000,0.000000,0.000000,0.000000,0.000000
1749017816.626636,124.353378,126.000000,93.000000,0.000000,0.000000,0.000000,0.000000,0.000000,0.000000,0.000000,0.000000
1749017816.644962,124.460344,126.000000,93.000000,0.000000,0.000000,0.000000,0.000000,0.000000,0.000000,0.000000,0.000000
1749017816.669036,124.557950,126.000000,92.000000,0.000000,0.000000,0.000000,0.000000,0.000000,0.000000,0.000000,0.000000
1749017816.706504,124.785448,126.000000,92.000000,0.000000,0.000000,0.000000,0.000000,0.000000,0.000000,0.000000,0.000000
1749017816.738521,124.760791,126.000000,92.000000,0.000000,0.000000,0.000000,0.000000,0.000000,0.000000,0.000000,0.000000
1749017816.770945,124.493731,126.000000,93.000000,0.000000,0.000000,0.000000,0.000000,0.000000,0.000000,0.000000,0.000000
1749017816.808366,124.111418,126.000000,93.000000,0.000000,0.000000,0.000000,0.000000,0.000000,0.000000,0.000000,0.000000
1749017816.840829,123.705091,126.000000,94.000000,0.000000,0.000000,0.000000,0.000000,0.000000,0.000000,0.000000,0.000000
1749017816.875174,123.974435,126.000000,94.000000,0.000000,0.000000,0.000000,0.000000,0.000000,0.000000,0.000000,0.000000
1749017816.908567,124.840769,126.000000,92.000000,0.000000,0.000000,0.000000,0.000000,0.000000,0.000000,0.000000,0.000000
1749017816.936890,124.825119,126.000000,92.000000,0.000000,0.000000,0.000000,0.000000,0.000000,0.000000,0.000000,0.000000
1749017816.969977,124.634224,126.000000,92.000000,0.000000,0.000000,0.000000,0.000000,0.000000,0.000000,0.000000,0.000000
1749017817.009439,125.564468,126.000000,90.000000,0.000000,0.000000,0.000000,0.000000,0.000000,0.000000,0.000000,0.000000
1749017817.041342,125.833783,126.000000,90.000000,0.000000,0.000000,0.000000,0.000000,0.000000,0.000000,0.000000,0.000000
1749017817.074571,125.446452,126.000000,91.000000,0.000000,0.000000,0.000000,0.000000,0.000000,0.000000,0.000000,0.000000
1749017817.108518,125.376750,126.000000,91.000000,0.000000,0.000000,0.000000,0.000000,0.000000,0.000000,0.000000,0.000000
1749017817.139936,125.133239,126.000000,91.000000,0.000000,0.000000,0.000000,0.000000,0.000000,0.000000,0.000000,0.000000
1749017817.172731,124.882414,126.000000,92.000000,0.000000,0.000000,0.000000,0.000000,0.000000,0.000000,0.000000,0.000000
1749017817.208944,125.015346,126.000000,91.000000,0.000000,0.000000,0.000000,0.000000,0.000000,0.000000,0.000000,0.000000
1749017817.241589,125.158781,126.000000,91.000000,0.000000,0.000000,0.000000,0.000000,0.000000,0.000000,0.000000,0.000000
1749017817.268821,125.147266,126.000000,91.000000,0.000000,0.000000,0.000000,0.000000,0.000000,0.000000,0.000000,0.000000
1749017817.305925,125.122639,126.000000,91.000000,0.000000,0.000000,0.000000,0.000000,0.000000,0.000000,0.000000,0.000000
1749017817.337799,125.218479,126.000000,91.000000,0.000000,0.000000,0.000000,0.000000,0.000000,0.000000,0.000000,0.000000
1749017817.373907,125.546882,126.000000,90.000000,0.000000,0.000000,0.000000,0.000000,0.000000,0.000000,0.000000,0.000000
1749017817.410145,125.612707,126.000000,90.000000,0.000000,0.000000,0.000000,0.000000,0.000000,0.000000,0.000000,0.000000
1749017817.441029,125.992086,126.000000,90.000000,0.000000,0.000000,0.000000,0.000000,0.000000,0.000000,0.000000,0.000000
1749017817.473432,126.501783,126.000000,88.000000,0.000000,0.000000,0.000000,0.000000,0.000000,0.000000,0.000000,0.000000
1749017817.509738,126.204586,126.000000,89.000000,0.000000,0.000000,0.000000,0.000000,0.000000,0.000000,0.000000,0.000000
1749017817.542218,126.072879,107.000000,90.000000,0.000000,0.000000,0.000000,0.000000,0.000000,0.000000,0.000000,0.000000
1749017817.574883,126.119360,107.000000,90.000000,0.000000,0.000000,0.000000,0.000000,0.000000,0.000000,0.000000,0.000000
1749017817.605729,125.805465,107.000000,90.000000,0.000000,0.000000,0.000000,0.000000,0.000000,0.000000,0.000000,0.000000
1749017817.636209,125.606764,107.000000,120.000000,0.000000,0.000000,0.000000,0.000000,0.000000,0.000000,0.000000,0.000000
1749017817.670606,125.541299,107.000000,90.000000,0.000000,0.000000,0.000000,0.000000,0.000000,0.000000,0.000000,0.000000
1749017817.710328,126.401040,107.000000,90.000000,0.000000,0.000000,0.000000,0.000000,0.000000,0.000000,0.000000,0.000000
1749017817.743845,126.202781,107.000000,90.000000,0.000000,0.000000,0.000000,0.000000,0.000000,0.000000,0.000000,0.000000
1749017817.775369,126.701534,107.000000,120.000000,0.000000,0.000000,0.000000,0.000000,0.000000,0.000000,0.000000,0.000000
1749017817.810335,127.148536,107.000000,49.000000,0.000000,0.000000,0.000000,0.000000,161.000000,161.000000,161.000000,161.000000
1749017817.843614,126.843479,107.000000,50.000000,0.000000,0.000000,0.000000,0.000000,158.000000,158.000000,158.000000,158.000000
1749017817.875800,126.768535,107.000000,50.000000,0.000000,0.000000,0.000000,0.000000,158.000000,158.000000,158.000000,158.000000
1749017817.911165,126.921089,107.000000,50.000000,0.000000,0.000000,0.000000,0.000000,159.000000,159.000000,159.000000,159.000000
1749017817.936977,126.503589,107.000000,50.000000,0.000000,0.000000,0.000000,0.000000,156.000000,156.000000,156.000000,156.000000
1749017817.968841,125.941873,107.000000,52.000000,0.000000,0.000000,0.000000,0.000000,151.000000,151.000000,151.000000,151.000000
1749017818.009570,126.565048,107.000000,50.000000,0.000000,0.000000,0.000000,0.000000,156.000000,156.000000,156.000000,156.000000
1749017818.041541,126.973462,107.000000,50.000000,0.000000,0.000000,0.000000,0.000000,159.000000,159.000000,159.000000,159.000000
1749017818.073709,126.782114,107.000000,50.000000,0.000000,0.000000,0.000000,0.000000,158.000000,158.000000,158.000000,158.000000
1749017818.112459,126.437620,107.000000,51.000000,0.000000,0.000000,0.000000,0.000000,155.000000,155.000000,155.000000,155.000000
1749017818.144821,126.328883,107.000000,51.000000,0.000000,0.000000,0.000000,0.000000,154.000000,154.000000,154.000000,154.000000
1749017818.175293,126.336134,107.000000,51.000000,0.000000,0.000000,0.000000,0.000000,154.000000,154.000000,154.000000,154.000000
1749017818.207634,125.754871,107.000000,52.000000,0.000000,0.000000,0.000000,0.000000,150.000000,150.000000,150.000000,150.000000
1749017818.238714,126.572942,107.000000,50.000000,0.000000,0.000000,0.000000,0.000000,156.000000,156.000000,156.000000,156.000000
1749017818.272971,126.954664,107.000000,50.000000,0.000000,0.000000,0.000000,0.000000,159.000000,159.000000,159.000000,159.000000
1749017818.308585,126.619797,107.000000,50.000000,0.000000,0.000000,0.000000,0.000000,156.000000,156.000000,156.000000,156.000000
1749017818.340323,125.939180,107.000000,52.000000,0.000000,0.000000,0.000000,0.000000,151.000000,151.000000,151.000000,151.000000
1749017818.372081,124.832227,107.000000,54.000000,0.000000,0.000000,0.000000,0.000000,142.000000,142.000000,142.000000,142.000000
1749017818.407979,123.470468,107.000000,57.000000,0.000000,0.000000,0.000000,0.000000,131.000000,131.000000,131.000000,131.000000
1749017818.440952,121.679101,107.000000,60.000000,0.000000,0.000000,0.000000,0.000000,120.000000,120.000000,120.000000,120.000000
1749017818.472610,121.161438,107.000000,61.000000,0.000000,0.000000,0.000000,0.000000,120.000000,120.000000,120.000000,120.000000
1749017818.506999,121.060258,107.000000,61.000000,0.000000,0.000000,0.000000,0.000000,120.000000,120.000000,120.000000,120.000000
1749017818.538306,121.039628,107.000000,61.000000,0.000000,0.000000,0.000000,0.000000,120.000000,120.000000,120.000000,120.000000
1749017818.570130,120.159119,107.000000,63.000000,0.000000,0.000000,0.000000,0.000000,120.000000,120.000000,120.000000,120.000000
1749017818.610004,119.241362,107.000000,65.000000,0.000000,0.000000,0.000000,0.000000,120.000000,120.000000,120.000000,120.000000
1749017818.643108,118.844350,107.000000,66.000000,0.000000,0.000000,0.000000,0.000000,120.000000,120.000000,120.000000,120.000000
1749017818.674936,118.851618,107.000000,66.000000,0.000000,0.000000,0.000000,0.000000,120.000000,120.000000,120.000000,120.000000
1749017818.710866,118.593998,107.000000,66.000000,0.000000,0.000000,0.000000,0.000000,120.000000,120.000000,120.000000,120.000000
1749017818.742648,117.521599,107.000000,68.000000,0.000000,0.000000,0.000000,0.000000,120.000000,120.000000,120.000000,120.000000
1749017818.774481,117.554680,107.000000,68.000000,0.000000,0.000000,0.000000,0.000000,120.000000,120.000000,120.000000,120.000000
1749017818.812111,117.195358,107.000000,69.000000,0.000000,0.000000,0.000000,0.000000,120.000000,120.000000,120.000000,120.000000
1749017818.842457,115.879514,107.000000,72.000000,0.000000,0.000000,0.000000,0.000000,120.000000,120.000000,120.000000,120.000000
1749017818.892128,115.614933,107.000000,72.000000,0.000000,0.000000,0.000000,0.000000,120.000000,120.000000,120.000000,120.000000
1749017818.917831,114.781740,107.000000,74.000000,0.000000,0.000000,0.000000,0.000000,120.000000,120.000000,120.000000,120.000000
1749017818.945728,114.468380,107.000000,75.000000,0.000000,0.000000,0.000000,0.000000,120.000000,120.000000,120.000000,120.000000
1749017818.974729,114.189060,107.000000,75.000000,0.000000,0.000000,0.000000,0.000000,120.000000,120.000000,120.000000,120.000000
1749017819.010413,113.353853,107.000000,77.000000,0.000000,0.000000,0.000000,0.000000,120.000000,120.000000,120.000000,120.000000
1749017819.042003,113.076667,107.000000,77.000000,0.000000,0.000000,0.000000,0.000000,120.000000,120.000000,120.000000,120.000000
1749017819.075171,112.781544,107.000000,78.000000,0.000000,0.000000,0.000000,0.000000,120.000000,120.000000,120.000000,120.000000
1749017819.110246,112.167253,107.000000,79.000000,0.000000,0.000000,0.000000,0.000000,120.000000,120.000000,120.000000,120.000000
1749017819.141949,111.645598,107.000000,80.000000,0.000000,0.000000,0.000000,0.000000,120.000000,120.000000,120.000000,120.000000
1749017819.175882,111.590587,107.000000,80.000000,0.000000,0.000000,0.000000,0.000000,120.000000,120.000000,120.000000,120.000000
1749017819.211535,111.316471,107.000000,81.000000,0.000000,0.000000,0.000000,0.000000,120.000000,120.000000,120.000000,120.000000
1749017819.241981,110.770244,107.000000,82.000000,0.000000,0.000000,0.000000,0.000000,120.000000,120.000000,120.000000,120.000000
1749017819.273076,109.686959,107.000000,84.000000,0.000000,0.000000,0.000000,0.000000,120.000000,120.000000,120.000000,120.000000
1749017819.311278,109.676089,107.000000,84.000000,0.000000,0.000000,0.000000,0.000000,120.000000,120.000000,120.000000,120.000000
1749017819.363591,110.057006,107.000000,83.000000,0.000000,0.000000,0.000000,0.000000,120.000000,120.000000,120.000000,120.000000
1749017819.390043,109.215269,107.000000,85.000000,0.000000,0.000000,0.000000,0.000000,0.000000,0.000000,0.000000,0.000000
1749017819.407708,109.250202,107.000000,85.000000,0.000000,0.000000,0.000000,0.000000,0.000000,0.000000,0.000000,0.000000
1749017819.437700,108.930419,107.000000,86.000000,0.000000,0.000000,0.000000,0.000000,0.000000,0.000000,0.000000,0.000000
1749017819.469586,108.493061,107.000000,87.000000,0.000000,0.000000,0.000000,0.000000,0.000000,0.000000,0.000000,0.000000
1749017819.508883,108.752597,107.000000,86.000000,0.000000,0.000000,0.000000,0.000000,0.000000,0.000000,0.000000,0.000000
1749017819.542549,108.230404,107.000000,87.000000,0.000000,0.000000,0.000000,0.000000,0.000000,0.000000,0.000000,0.000000
1749017819.571183,107.169043,107.000000,89.000000,0.000000,0.000000,0.000000,0.000000,0.000000,0.000000,0.000000,0.000000
1749017819.606519,107.174147,107.000000,89.000000,0.000000,0.000000,0.000000,0.000000,0.000000,0.000000,0.000000,0.000000
1749017819.640525,107.258937,107.000000,89.000000,0.000000,0.000000,0.000000,0.000000,0.000000,0.000000,0.000000,0.000000
1749017819.672424,107.123253,107.000000,89.000000,0.000000,0.000000,0.000000,0.000000,0.000000,0.000000,0.000000,0.000000
1749017819.708354,106.349455,107.000000,91.000000,0.000000,0.000000,0.000000,0.000000,0.000000,0.000000,0.000000,0.000000
1749017819.741246,105.397432,107.000000,93.000000,0.000000,0.000000,0.000000,0.000000,0.000000,0.000000,0.000000,0.000000
1749017819.772805,105.357026,107.000000,93.000000,0.000000,0.000000,0.000000,0.000000,0.000000,0.000000,0.000000,0.000000
1749017819.812272,105.432124,107.000000,93.000000,0.000000,0.000000,0.000000,0.000000,0.000000,0.000000,0.000000,0.000000
1749017819.843803,105.196439,107.000000,93.000000,0.000000,0.000000,0.000000,0.000000,0.000000,0.000000,0.000000,0.000000
1749017819.877661,105.291978,107.000000,93.000000,0.000000,0.000000,0.000000,0.000000,0.000000,0.000000,0.000000,0.000000
1749017819.913308,104.756207,107.000000,94.000000,0.000000,0.000000,0.000000,0.000000,0.000000,0.000000,0.000000,0.000000
1749017819.936922,104.994396,107.000000,94.000000,0.000000,0.000000,0.000000,0.000000,0.000000,0.000000,0.000000,0.000000
1749017819.969344,105.201649,107.000000,93.000000,0.000000,0.000000,0.000000,0.000000,0.000000,0.000000,0.000000,0.000000
1749017820.006759,104.968545,107.000000,94.000000,0.000000,0.000000,0.000000,0.000000,0.000000,0.000000,0.000000,0.000000
1749017820.038951,104.535246,107.000000,94.000000,0.000000,0.000000,0.000000,0.000000,0.000000,0.000000,0.000000,0.000000
1749017820.071118,104.731842,107.000000,94.000000,0.000000,0.000000,0.000000,0.000000,0.000000,0.000000,0.000000,0.000000
1749017820.108086,104.663446,107.000000,94.000000,0.000000,0.000000,0.000000,0.000000,0.000000,0.000000,0.000000,0.000000
1749017820.141348,104.544696,107.000000,94.000000,0.000000,0.000000,0.000000,0.000000,0.000000,0.000000,0.000000,0.000000
1749017820.173532,104.743678,107.000000,94.000000,0.000000,0.000000,0.000000,0.000000,0.000000,0.000000,0.000000,0.000000
1749017820.209509,104.598410,107.000000,94.000000,0.000000,0.000000,0.000000,0.000000,0.000000,0.000000,0.000000,0.000000
1749017820.241566,104.537423,107.000000,94.000000,0.000000,0.000000,0.000000,0.000000,0.000000,0.000000,0.000000,0.000000
1749017820.271905,104.507160,107.000000,94.000000,0.000000,0.000000,0.000000,0.000000,0.000000,0.000000,0.000000,0.000000
1749017820.309337,104.517624,107.000000,94.000000,0.000000,0.000000,0.000000,0.000000,0.000000,0.000000,0.000000,0.000000
1749017820.341378,105.257763,107.000000,93.000000,0.000000,0.000000,0.000000,0.000000,0.000000,0.000000,0.000000,0.000000
1749017820.372471,105.303960,107.000000,93.000000,0.000000,0.000000,0.000000,0.000000,0.000000,0.000000,0.000000,0.000000
1749017820.410381,106.020835,107.000000,91.000000,0.000000,0.000000,0.000000,0.000000,0.000000,0.000000,0.000000,0.000000
1749017820.440966,106.290501,107.000000,91.000000,0.000000,0.000000,0.000000,0.000000,0.000000,0.000000,0.000000,0.000000
1749017820.473077,106.195278,107.000000,91.000000,0.000000,0.000000,0.000000,0.000000,0.000000,0.000000,0.000000,0.000000
1749017820.510081,105.788802,107.000000,92.000000,0.000000,0.000000,0.000000,0.000000,0.000000,0.000000,0.000000,0.000000
1749017820.544146,105.624415,107.000000,92.000000,0.000000,0.000000,0.000000,0.000000,0.000000,0.000000,0.000000,0.000000
1749017820.574086,105.968437,107.000000,92.000000,0.000000,0.000000,0.000000,0.000000,0.000000,0.000000,0.000000,0.000000
1749017820.610724,106.185100,107.000000,91.000000,0.000000,0.000000,0.000000,0.000000,0.000000,0.000000,0.000000,0.000000
1749017820.641856,106.676279,107.000000,90.000000,0.000000,0.000000,0.000000,0.000000,0.000000,0.000000,0.000000,0.000000
1749017820.675270,106.674890,107.000000,90.000000,0.000000,0.000000,0.000000,0.000000,0.000000,0.000000,0.000000,0.000000
1749017820.710571,106.986128,107.000000,90.000000,0.000000,0.000000,0.000000,0.000000,0.000000,0.000000,0.000000,0.000000
1749017820.742568,106.746194,91.000000,90.000000,0.000000,0.000000,0.000000,0.000000,0.000000,0.000000,0.000000,0.000000
1749017820.776360,106.621010,91.000000,90.000000,0.000000,0.000000,0.000000,0.000000,0.000000,0.000000,0.000000,0.000000
1749017820.807376,107.062959,91.000000,90.000000,0.000000,0.000000,0.000000,0.000000,0.000000,0.000000,0.000000,0.000000
1749017820.837092,107.761018,91.000000,120.000000,0.000000,0.000000,0.000000,0.000000,0.000000,0.000000,0.000000,0.000000
1749017820.869329,108.409770,91.000000,90.000000,0.000000,0.000000,0.000000,0.000000,0.000000,0.000000,0.000000,0.000000
1749017820.907544,108.191646,91.000000,90.000000,0.000000,0.000000,0.000000,0.000000,0.000000,0.000000,0.000000,0.000000
1749017820.961736,108.098307,91.000000,90.000000,0.000000,0.000000,0.000000,0.000000,0.000000,0.000000,0.000000,0.000000
1749017820.985124,107.973460,91.000000,120.000000,0.000000,0.000000,0.000000,0.000000,0.000000,0.000000,0.000000,0.000000
1749017821.013460,107.633407,91.000000,56.000000,0.000000,0.000000,0.000000,0.000000,133.000000,133.000000,133.000000,133.000000
1749017821.042284,108.066338,91.000000,55.000000,0.000000,0.000000,0.000000,0.000000,136.000000,136.000000,136.000000,136.000000
1749017821.074381,108.337574,91.000000,55.000000,0.000000,0.000000,0.000000,0.000000,138.000000,138.000000,138.000000,138.000000
1749017821.109832,108.217308,91.000000,55.000000,0.000000,0.000000,0.000000,0.000000,137.000000,137.000000,137.000000,137.000000
1749017821.143781,108.270819,91.000000,55.000000,0.000000,0.000000,0.000000,0.000000,138.000000,138.000000,138.000000,138.000000
1749017821.175704,108.615290,91.000000,54.000000,0.000000,0.000000,0.000000,0.000000,140.000000,140.000000,140.000000,140.000000
1749017821.206357,108.395723,91.000000,55.000000,0.000000,0.000000,0.000000,0.000000,139.000000,139.000000,139.000000,139.000000
1749017821.238654,108.328753,91.000000,55.000000,0.000000,0.000000,0.000000,0.000000,138.000000,138.000000,138.000000,138.000000
1749017821.272419,108.696079,91.000000,54.000000,0.000000,0.000000,0.000000,0.000000,141.000000,141.000000,141.000000,141.000000
1749017821.312351,109.246868,91.000000,53.000000,0.000000,0.000000,0.000000,0.000000,145.000000,145.000000,145.000000,145.000000
1749017821.345904,108.868409,91.000000,54.000000,0.000000,0.000000,0.000000,0.000000,142.000000,142.000000,142.000000,142.000000
1749017821.376938,108.660687,91.000000,54.000000,0.000000,0.000000,0.000000,0.000000,141.000000,141.000000,141.000000,141.000000
1749017821.415009,108.715849,91.000000,54.000000,0.000000,0.000000,0.000000,0.000000,141.000000,141.000000,141.000000,141.000000
1749017821.445925,108.969644,91.000000,54.000000,0.000000,0.000000,0.000000,0.000000,143.000000,143.000000,143.000000,143.000000
1749017821.477307,108.884174,91.000000,54.000000,0.000000,0.000000,0.000000,0.000000,143.000000,143.000000,143.000000,143.000000
1749017821.512961,109.047103,91.000000,53.000000,0.000000,0.000000,0.000000,0.000000,144.000000,144.000000,144.000000,144.000000
1749017821.542125,109.133673,91.000000,53.000000,0.000000,0.000000,0.000000,0.000000,145.000000,145.000000,145.000000,145.000000
1749017821.601343,109.401768,91.000000,53.000000,0.000000,0.000000,0.000000,0.000000,147.000000,147.000000,147.000000,147.000000
1749017821.627244,109.936417,91.000000,52.000000,0.000000,0.000000,0.000000,0.000000,151.000000,151.000000,151.000000,151.000000
1749017821.645115,110.627220,91.000000,50.000000,0.000000,0.000000,0.000000,0.000000,157.000000,157.000000,157.000000,157.000000
1749017821.672607,110.691113,91.000000,50.000000,0.000000,0.000000,0.000000,0.000000,157.000000,157.000000,157.000000,157.000000
1749017821.708219,110.782007,91.000000,50.000000,0.000000,0.000000,0.000000,0.000000,158.000000,158.000000,158.000000,158.000000
1749017821.745148,111.032986,91.000000,49.000000,0.000000,0.000000,0.000000,0.000000,160.000000,160.000000,160.000000,160.000000
1749017821.783051,110.630434,91.000000,50.000000,0.000000,0.000000,0.000000,0.000000,157.000000,157.000000,157.000000,157.000000
1749017821.819483,111.162153,91.000000,49.000000,0.000000,0.000000,0.000000,0.000000,161.000000,161.000000,161.000000,161.000000
1749017821.854162,111.565275,91.000000,48.000000,0.000000,0.000000,0.000000,0.000000,164.000000,164.000000,164.000000,164.000000
1749017821.889520,112.046651,91.000000,47.000000,0.000000,0.000000,0.000000,0.000000,168.000000,168.000000,168.000000,168.000000
1749017821.921987,112.772806,91.000000,46.000000,0.000000,0.000000,0.000000,0.000000,174.000000,174.000000,174.000000,174.000000
1749017821.952772,113.182078,91.000000,45.000000,0.000000,0.000000,0.000000,0.000000,177.000000,177.000000,177.000000,177.000000
1749017821.976979,113.421285,91.000000,45.000000,0.000000,0.000000,0.000000,0.000000,179.000000,179.000000,179.000000,179.000000
1749017822.013182,113.254405,91.000000,45.000000,0.000000,0.000000,0.000000,0.000000,178.000000,178.000000,178.000000,178.000000
1749017822.045774,113.588083,91.000000,44.000000,0.000000,0.000000,0.000000,0.000000,180.000000,180.000000,180.000000,180.000000
1749017822.080947,113.898906,91.000000,44.000000,0.000000,0.000000,0.000000,0.000000,183.000000,183.000000,183.000000,183.000000
1749017822.117371,114.414138,91.000000,43.000000,0.000000,0.000000,0.000000,0.000000,187.000000,187.000000,187.000000,187.000000
1749017822.148612,114.440746,91.000000,43.000000,0.000000,0.000000,0.000000,0.000000,187.000000,187.000000,187.000000,187.000000
1749017822.181429,114.749797,91.000000,42.000000,0.000000,0.000000,0.000000,0.000000,189.000000,189.000000,189.000000,189.000000
1749017822.216816,114.774009,91.000000,42.000000,0.000000,0.000000,0.000000,0.000000,190.000000,190.000000,190.000000,190.000000
1749017822.250281,114.571832,91.000000,42.000000,0.000000,0.000000,0.000000,0.000000,188.000000,188.000000,188.000000,188.000000
1749017822.290539,115.237963,91.000000,41.000000,0.000000,0.000000,0.000000,0.000000,193.000000,193.000000,193.000000,193.000000
1749017822.320191,115.498291,91.000000,41.000000,0.000000,0.000000,0.000000,0.000000,195.000000,195.000000,195.000000,195.000000
1749017822.343219,116.400937,91.000000,39.000000,0.000000,0.000000,0.000000,0.000000,203.000000,203.000000,203.000000,203.000000
1749017822.373869,117.285504,91.000000,37.000000,0.000000,0.000000,0.000000,0.000000,210.000000,210.000000,210.000000,210.000000
1749017822.410667,118.353288,91.000000,35.000000,0.000000,0.000000,0.000000,0.000000,218.000000,218.000000,218.000000,218.000000
1749017822.444058,119.403615,91.000000,33.000000,0.000000,0.000000,0.000000,0.000000,227.000000,227.000000,227.000000,227.000000
1749017822.478632,120.325116,91.000000,31.000000,0.000000,0.000000,0.000000,0.000000,234.000000,234.000000,234.000000,234.000000
1749017822.514996,120.507425,91.000000,30.000000,0.000000,0.000000,0.000000,0.000000,236.000000,236.000000,236.000000,236.000000
1749017822.546780,119.987044,91.000000,32.000000,0.000000,0.000000,0.000000,0.000000,231.000000,231.000000,231.000000,231.000000
1749017822.579046,119.697247,91.000000,32.000000,0.000000,0.000000,0.000000,0.000000,229.000000,229.000000,229.000000,229.000000
1749017822.613916,119.762016,91.000000,32.000000,0.000000,0.000000,0.000000,0.000000,230.000000,230.000000,230.000000,230.000000
1749017822.645645,120.603206,91.000000,30.000000,0.000000,0.000000,0.000000,0.000000,236.000000,236.000000,236.000000,236.000000
1749017822.678654,120.443958,91.000000,31.000000,0.000000,0.000000,0.000000,0.000000,235.000000,235.000000,235.000000,235.000000
1749017822.714650,120.316627,91.000000,31.000000,0.000000,0.000000,0.000000,0.000000,234.000000,234.000000,234.000000,234.000000
1749017822.747007,120.641254,91.000000,30.000000,0.000000,0.000000,0.000000,0.000000,237.000000,237.000000,237.000000,237.000000
1749017822.779456,120.317126,91.000000,31.000000,0.000000,0.000000,0.000000,0.000000,234.000000,234.000000,234.000000,234.000000
1749017822.814047,121.024369,91.000000,29.000000,0.000000,0.000000,0.000000,0.000000,240.000000,240.000000,240.000000,240.000000
1749017822.846046,121.357068,91.000000,29.000000,0.000000,0.000000,0.000000,0.000000,242.000000,242.000000,242.000000,242.000000
1749017822.879536,121.858146,91.000000,28.000000,0.000000,0.000000,0.000000,0.000000,246.000000,246.000000,246.000000,246.000000
1749017822.915241,122.250223,91.000000,27.000000,0.000000,0.000000,0.000000,0.000000,250.000000,250.000000,250.000000,250.000000
1749017822.945939,123.166129,91.000000,25.000000,0.000000,0.000000,0.000000,0.000000,250.000000,250.000000,250.000000,250.000000
1749017822.972525,123.287137,91.000000,25.000000,0.000000,0.000000,0.000000,0.000000,250.000000,250.000000,250.000000,250.000000
1749017823.008547,123.069782,91.000000,25.000000,0.000000,0.000000,0.000000,0.000000,250.000000,250.000000,250.000000,250.000000
1749017823.039319,123.616677,91.000000,24.000000,0.000000,0.000000,0.000000,0.000000,250.000000,250.000000,250.000000,250.000000
1749017823.071515,124.909233,91.000000,22.000000,0.000000,0.000000,0.000000,0.000000,250.000000,250.000000,250.000000,250.000000
1749017823.106847,125.291347,91.000000,21.000000,0.000000,0.000000,0.000000,0.000000,250.000000,250.000000,250.000000,250.000000
1749017823.140810,125.224934,91.000000,21.000000,0.000000,0.000000,0.000000,0.000000,250.000000,250.000000,250.000000,250.000000
1749017823.174318,125.678798,91.000000,20.000000,0.000000,0.000000,0.000000,0.000000,250.000000,250.000000,250.000000,250.000000
1749017823.211880,126.265227,91.000000,19.000000,0.000000,0.000000,0.000000,0.000000,250.000000,250.000000,250.000000,250.000000
1749017823.240762,125.686591,91.000000,20.000000,0.000000,0.000000,0.000000,0.000000,250.000000,250.000000,250.000000,250.000000
1749017823.271534,125.981298,91.000000,20.000000,0.000000,0.000000,0.000000,0.000000,250.000000,250.000000,250.000000,250.000000
1749017823.307567,126.028422,91.000000,19.000000,0.000000,0.000000,0.000000,0.000000,250.000000,250.000000,250.000000,250.000000
1749017823.341532,126.167340,91.000000,19.000000,0.000000,0.000000,0.000000,0.000000,250.000000,250.000000,250.000000,250.000000
1749017823.373717,126.519602,91.000000,18.000000,0.000000,0.000000,0.000000,0.000000,250.000000,250.000000,250.000000,250.000000
1749017823.410759,126.269196,91.000000,19.000000,0.000000,0.000000,0.000000,0.000000,250.000000,250.000000,250.000000,250.000000
1749017823.441975,126.405841,91.000000,19.000000,0.000000,0.000000,0.000000,0.000000,250.000000,250.000000,250.000000,250.000000
1749017823.473690,126.713294,91.000000,18.000000,0.000000,0.000000,0.000000,0.000000,250.000000,250.000000,250.000000,250.000000
1749017823.510635,127.039985,91.000000,17.000000,0.000000,0.000000,0.000000,0.000000,250.000000,250.000000,250.000000,250.000000
1749017823.544608,127.229181,91.000000,17.000000,0.000000,0.000000,0.000000,0.000000,250.000000,250.000000,250.000000,250.000000
1749017823.572109,127.276741,91.000000,17.000000,0.000000,0.000000,0.000000,0.000000,250.000000,250.000000,250.000000,250.000000
1749017823.605737,127.408200,91.000000,17.000000,0.000000,0.000000,0.000000,0.000000,250.000000,250.000000,250.000000,250.000000
1749017823.637791,127.597142,91.000000,16.000000,0.000000,0.000000,0.000000,0.000000,250.000000,250.000000,250.000000,250.000000
1749017823.670858,128.660996,91.000000,14.000000,0.000000,0.000000,0.000000,0.000000,250.000000,250.000000,250.000000,250.000000
1749017823.710662,128.210935,91.000000,15.000000,0.000000,0.000000,0.000000,0.000000,250.000000,250.000000,250.000000,250.000000
1749017823.744853,128.515082,91.000000,14.000000,0.000000,0.000000,0.000000,0.000000,250.000000,250.000000,250.000000,250.000000
1749017823.775321,128.943229,91.000000,14.000000,0.000000,0.000000,0.000000,0.000000,250.000000,250.000000,250.000000,250.000000
1749017823.812533,129.008182,91.000000,13.000000,0.000000,0.000000,0.000000,0.000000,250.000000,250.000000,250.000000,250.000000
1749017823.844312,129.143262,91.000000,13.000000,0.000000,0.000000,0.000000,0.000000,250.000000,250.000000,250.000000,250.000000
1749017823.876101,128.813598,91.000000,14.000000,0.000000,0.000000,0.000000,0.000000,250.000000,250.000000,250.000000,250.000000
1749017823.910557,128.556529,91.000000,14.000000,0.000000,0.000000,0.000000,0.000000,250.000000,250.000000,250.000000,250.000000
1749017823.937374,127.218396,91.000000,17.000000,0.000000,0.000000,0.000000,0.000000,250.000000,250.000000,250.000000,250.000000
1749017823.968225,125.646458,91.000000,20.000000,0.000000,0.000000,0.000000,0.000000,250.000000,250.000000,250.000000,250.000000
1749017824.006533,124.087777,91.000000,23.000000,0.000000,0.000000,0.000000,0.000000,250.000000,250.000000,250.000000,250.000000
1749017824.039983,122.293544,91.000000,27.000000,0.000000,0.000000,0.000000,0.000000,250.000000,250.000000,250.000000,250.000000
1749017824.072445,120.990657,91.000000,30.000000,0.000000,0.000000,0.000000,0.000000,239.000000,239.000000,239.000000,239.000000
1749017824.110984,120.640952,91.000000,30.000000,0.000000,0.000000,0.000000,0.000000,237.000000,237.000000,237.000000,237.000000
1749017824.142367,120.138576,91.000000,31.000000,0.000000,0.000000,0.000000,0.000000,233.000000,233.000000,233.000000,233.000000
1749017824.172970,119.139298,91.000000,33.000000,0.000000,0.000000,0.000000,0.000000,225.000000,225.000000,225.000000,225.000000
1749017824.210265,118.603644,91.000000,34.000000,0.000000,0.000000,0.000000,0.000000,220.000000,220.000000,220.000000,220.000000
1749017824.243290,118.085944,91.000000,35.000000,0.000000,0.000000,0.000000,0.000000,216.000000,216.000000,216.000000,216.000000
1749017824.276457,116.762950,91.000000,38.000000,0.000000,0.000000,0.000000,0.000000,206.000000,206.000000,206.000000,206.000000
1749017824.304492,116.583282,91.000000,38.000000,0.000000,0.000000,0.000000,0.000000,204.000000,204.000000,204.000000,204.000000
1749017824.336898,116.201411,91.000000,39.000000,0.000000,0.000000,0.000000,0.000000,201.000000,201.000000,201.000000,201.000000
1749017824.370917,115.358673,91.000000,41.000000,0.000000,0.000000,0.000000,0.000000,194.000000,194.000000,194.000000,194.000000
1749017824.405559,114.164247,91.000000,43.000000,0.000000,0.000000,0.000000,0.000000,185.000000,185.000000,185.000000,185.000000
1749017824.440986,113.027840,91.000000,45.000000,0.000000,0.000000,0.000000,0.000000,176.000000,176.000000,176.000000,176.000000
1749017824.473873,112.369315,91.000000,47.000000,0.000000,0.000000,0.000000,0.000000,170.000000,170.000000,170.000000,170.000000
1749017824.511680,111.325204,91.000000,49.000000,0.000000,0.000000,0.000000,0.000000,162.000000,162.000000,162.000000,162.000000
1749017824.544688,110.753216,91.000000,50.000000,0.000000,0.000000,0.000000,0.000000,158.000000,158.000000,158.000000,158.000000
1749017824.578897,109.855572,91.000000,52.000000,0.000000,0.000000,0.000000,0.000000,150.000000,150.000000,150.000000,150.000000
1749017824.612118,109.436348,91.000000,53.000000,0.000000,0.000000,0.000000,0.000000,147.000000,147.000000,147.000000,147.000000
1749017824.641828,108.771505,91.000000,54.000000,0.000000,0.000000,0.000000,0.000000,142.000000,142.000000,142.000000,142.000000
1749017824.669656,107.819371,91.000000,56.000000,0.000000,0.000000,0.000000,0.000000,134.000000,134.000000,134.000000,134.000000
1749017824.705930,107.147049,91.000000,57.000000,0.000000,0.000000,0.000000,0.000000,129.000000,129.000000,129.000000,129.000000
1749017824.738759,106.427900,91.000000,59.000000,0.000000,0.000000,0.000000,0.000000,123.000000,123.000000,123.000000,123.000000
1749017824.772237,106.324774,91.000000,59.000000,0.000000,0.000000,0.000000,0.000000,122.000000,122.000000,122.000000,122.000000
1749017824.808704,105.217171,91.000000,61.000000,0.000000,0.000000,0.000000,0.000000,120.000000,120.000000,120.000000,120.000000
1749017824.839505,104.905631,91.000000,62.000000,0.000000,0.000000,0.000000,0.000000,120.000000,120.000000,120.000000,120.000000
1749017824.871009,104.374390,91.000000,63.000000,0.000000,0.000000,0.000000,0.000000,120.000000,120.000000,120.000000,120.000000
1749017824.908689,103.704297,91.000000,64.000000,0.000000,0.000000,0.000000,0.000000,120.000000,120.000000,120.000000,120.000000
1749017824.940145,103.612323,91.000000,64.000000,0.000000,0.000000,0.000000,0.000000,120.000000,120.000000,120.000000,120.000000
1749017824.972310,103.781215,91.000000,64.000000,0.000000,0.000000,0.000000,0.000000,120.000000,120.000000,120.000000,120.000000
1749017825.007994,103.540173,91.000000,64.000000,0.000000,0.000000,0.000000,0.000000,120.000000,120.000000,120.000000,120.000000
1749017825.040034,103.163705,91.000000,65.000000,0.000000,0.000000,0.000000,0.000000,120.000000,120.000000,120.000000,120.000000
1749017825.073988,103.550902,91.000000,64.000000,0.000000,0.000000,0.000000,0.000000,120.000000,120.000000,120.000000,120.000000
1749017825.109123,102.986926,91.000000,66.000000,0.000000,0.000000,0.000000,0.000000,120.000000,120.000000,120.000000,120.000000
1749017825.142351,102.087430,91.000000,67.000000,0.000000,0.000000,0.000000,0.000000,120.000000,120.000000,120.000000,120.000000
1749017825.172861,101.318775,91.000000,69.000000,0.000000,0.000000,0.000000,0.000000,120.000000,120.000000,120.000000,120.000000
1749017825.208321,101.335810,91.000000,69.000000,0.000000,0.000000,0.000000,0.000000,120.000000,120.000000,120.000000,120.000000
1749017825.240862,100.946304,91.000000,70.000000,0.000000,0.000000,0.000000,0.000000,120.000000,120.000000,120.000000,120.000000
1749017825.273466,100.481503,91.000000,71.000000,0.000000,0.000000,0.000000,0.000000,120.000000,120.000000,120.000000,120.000000
1749017825.310435,100.460759,91.000000,71.000000,0.000000,0.000000,0.000000,0.000000,120.000000,120.000000,120.000000,120.000000
1749017825.342858,100.014031,91.000000,71.000000,0.000000,0.000000,0.000000,0.000000,120.000000,120.000000,120.000000,120.000000
1749017825.374145,98.867922,91.000000,74.000000,0.000000,0.000000,0.000000,0.000000,120.000000,120.000000,120.000000,120.000000
1749017825.409379,98.538677,91.000000,74.000000,0.000000,0.000000,0.000000,0.000000,120.000000,120.000000,120.000000,120.000000
1749017825.441620,98.825540,91.000000,74.000000,0.000000,0.000000,0.000000,0.000000,120.000000,120.000000,120.000000,120.000000
1749017825.474921,98.627296,91.000000,74.000000,0.000000,0.000000,0.000000,0.000000,120.000000,120.000000,120.000000,120.000000
1749017825.510010,98.589260,91.000000,74.000000,0.000000,0.000000,0.000000,0.000000,120.000000,120.000000,120.000000,120.000000
1749017825.537719,98.612740,91.000000,74.000000,0.000000,0.000000,0.000000,0.000000,120.000000,120.000000,120.000000,120.000000
1749017825.568970,98.443027,91.000000,75.000000,0.000000,0.000000,0.000000,0.000000,120.000000,120.000000,120.000000,120.000000
1749017825.605024,97.816885,91.000000,76.000000,0.000000,0.000000,0.000000,0.000000,120.000000,120.000000,120.000000,120.000000
1749017825.638720,97.482400,91.000000,77.000000,0.000000,0.000000,0.000000,0.000000,120.000000,120.000000,120.000000,120.000000
1749017825.671925,97.238645,91.000000,77.000000,0.000000,0.000000,0.000000,0.000000,120.000000,120.000000,120.000000,120.000000
1749017825.709168,96.951187,91.000000,78.000000,0.000000,0.000000,0.000000,0.000000,120.000000,120.000000,120.000000,120.000000
1749017825.741079,97.019888,91.000000,77.000000,0.000000,0.000000,0.000000,0.000000,120.000000,120.000000,120.000000,120.000000
1749017825.773477,96.978607,91.000000,78.000000,0.000000,0.000000,0.000000,0.000000,120.000000,120.000000,120.000000,120.000000
1749017825.809945,96.513404,91.000000,78.000000,0.000000,0.000000,0.000000,0.000000,120.000000,120.000000,120.000000,120.000000
1749017825.842625,95.928358,91.000000,80.000000,0.000000,0.000000,0.000000,0.000000,120.000000,120.000000,120.000000,120.000000
1749017825.875085,95.988219,91.000000,80.000000,0.000000,0.000000,0.000000,0.000000,120.000000,120.000000,120.000000,120.000000
1749017825.905607,95.807052,91.000000,80.000000,0.000000,0.000000,0.000000,0.000000,120.000000,120.000000,120.000000,120.000000
1749017825.936883,95.330133,91.000000,81.000000,0.000000,0.000000,0.000000,0.000000,120.000000,120.000000,120.000000,120.000000
1749017825.969286,95.224419,91.000000,81.000000,0.000000,0.000000,0.000000,0.000000,120.000000,120.000000,120.000000,120.000000
1749017826.008568,94.926547,91.000000,82.000000,0.000000,0.000000,0.000000,0.000000,120.000000,120.000000,120.000000,120.000000
1749017826.039650,94.697214,91.000000,82.000000,0.000000,0.000000,0.000000,0.000000,120.000000,120.000000,120.000000,120.000000
1749017826.072032,94.194831,91.000000,83.000000,0.000000,0.000000,0.000000,0.000000,120.000000,120.000000,120.000000,120.000000
1749017826.108974,94.097964,91.000000,83.000000,0.000000,0.000000,0.000000,0.000000,120.000000,120.000000,120.000000,120.000000
1749017826.140537,93.728301,91.000000,84.000000,0.000000,0.000000,0.000000,0.000000,120.000000,120.000000,120.000000,120.000000
1749017826.171787,93.630010,91.000000,84.000000,0.000000,0.000000,0.000000,0.000000,120.000000,120.000000,120.000000,120.000000
1749017826.208905,93.616494,91.000000,84.000000,0.000000,0.000000,0.000000,0.000000,120.000000,120.000000,120.000000,120.000000
1749017826.241245,93.356978,91.000000,85.000000,0.000000,0.000000,0.000000,0.000000,0.000000,0.000000,0.000000,0.000000
1749017826.268265,93.338681,91.000000,85.000000,0.000000,0.000000,0.000000,0.000000,0.000000,0.000000,0.000000,0.000000
1749017826.306835,92.353291,91.000000,87.000000,0.000000,0.000000,0.000000,0.000000,0.000000,0.000000,0.000000,0.000000
1749017826.342885,92.315806,91.000000,87.000000,0.000000,0.000000,0.000000,0.000000,0.000000,0.000000,0.000000,0.000000
1749017826.373613,92.579504,91.000000,86.000000,0.000000,0.000000,0.000000,0.000000,0.000000,0.000000,0.000000,0.000000
1749017826.409956,92.175739,91.000000,87.000000,0.000000,0.000000,0.000000,0.000000,0.000000,0.000000,0.000000,0.000000
1749017826.438887,92.018461,91.000000,87.000000,0.000000,0.000000,0.000000,0.000000,0.000000,0.000000,0.000000,0.000000
1749017826.470491,91.552970,91.000000,88.000000,0.000000,0.000000,0.000000,0.000000,0.000000,0.000000,0.000000,0.000000
1749017826.527945,91.310679,91.000000,89.000000,0.000000,0.000000,0.000000,0.000000,0.000000,0.000000,0.000000,0.000000
1749017826.547620,91.152164,91.000000,89.000000,0.000000,0.000000,0.000000,0.000000,0.000000,0.000000,0.000000,0.000000
1749017826.571970,91.181070,91.000000,89.000000,0.000000,0.000000,0.000000,0.000000,0.000000,0.000000,0.000000,0.000000
1749017826.604366,91.049211,91.000000,89.000000,0.000000,0.000000,0.000000,0.000000,0.000000,0.000000,0.000000,0.000000
1749017826.635948,90.377440,91.000000,91.000000,0.000000,0.000000,0.000000,0.000000,0.000000,0.000000,0.000000,0.000000
1749017826.669854,90.392379,91.000000,91.000000,0.000000,0.000000,0.000000,0.000000,0.000000,0.000000,0.000000,0.000000
1749017826.706953,90.199973,91.000000,91.000000,0.000000,0.000000,0.000000,0.000000,0.000000,0.000000,0.000000,0.000000
1749017826.740068,90.164343,91.000000,91.000000,0.000000,0.000000,0.000000,0.000000,0.000000,0.000000,0.000000,0.000000
1749017826.774226,90.060547,91.000000,91.000000,0.000000,0.000000,0.000000,0.000000,0.000000,0.000000,0.000000,0.000000
1749017826.809978,90.164179,91.000000,91.000000,0.000000,0.000000,0.000000,0.000000,0.000000,0.000000,0.000000,0.000000
1749017826.841969,89.928997,91.000000,92.000000,0.000000,0.000000,0.000000,0.000000,0.000000,0.000000,0.000000,0.000000
1749017826.873263,89.738930,91.000000,92.000000,0.000000,0.000000,0.000000,0.000000,0.000000,0.000000,0.000000,0.000000
1749017826.910645,89.880694,91.000000,92.000000,0.000000,0.000000,0.000000,0.000000,0.000000,0.000000,0.000000,0.000000
1749017826.938388,90.311341,91.000000,91.000000,0.000000,0.000000,0.000000,0.000000,0.000000,0.000000,0.000000,0.000000
1749017826.969373,89.470334,91.000000,93.000000,0.000000,0.000000,0.000000,0.000000,0.000000,0.000000,0.000000,0.000000
1749017827.005618,89.613941,91.000000,92.000000,0.000000,0.000000,0.000000,0.000000,0.000000,0.000000,0.000000,0.000000
1749017827.039716,90.025739,91.000000,91.000000,0.000000,0.000000,0.000000,0.000000,0.000000,0.000000,0.000000,0.000000
1749017827.073479,89.760774,91.000000,92.000000,0.000000,0.000000,0.000000,0.000000,0.000000,0.000000,0.000000,0.000000
1749017827.109283,89.830537,91.000000,92.000000,0.000000,0.000000,0.000000,0.000000,0.000000,0.000000,0.000000,0.000000
1749017827.141445,89.923097,91.000000,92.000000,0.000000,0.000000,0.000000,0.000000,0.000000,0.000000,0.000000,0.000000
1749017827.173608,89.567412,91.000000,92.000000,0.000000,0.000000,0.000000,0.000000,0.000000,0.000000,0.000000,0.000000
1749017827.211911,89.560535,91.000000,92.000000,0.000000,0.000000,0.000000,0.000000,0.000000,0.000000,0.000000,0.000000
1749017827.244075,90.163441,91.000000,91.000000,0.000000,0.000000,0.000000,0.000000,0.000000,0.000000,0.000000,0.000000
1749017827.276325,89.819293,91.000000,92.000000,0.000000,0.000000,0.000000,0.000000,0.000000,0.000000,0.000000,0.000000
1749017827.311108,89.599683,91.000000,92.000000,0.000000,0.000000,0.000000,0.000000,0.000000,0.000000,0.000000,0.000000
1749017827.343887,89.597834,91.000000,92.000000,0.000000,0.000000,0.000000,0.000000,0.000000,0.000000,0.000000,0.000000
1749017827.375320,89.688987,91.000000,92.000000,0.000000,0.000000,0.000000,0.000000,0.000000,0.000000,0.000000,0.000000
1749017827.410809,90.269316,91.000000,91.000000,0.000000,0.000000,0.000000,0.000000,0.000000,0.000000,0.000000,0.000000
1749017827.442618,89.312746,91.000000,93.000000,0.000000,0.000000,0.000000,0.000000,0.000000,0.000000,0.000000,0.000000
1749017827.474898,89.263066,91.000000,93.000000,0.000000,0.000000,0.000000,0.000000,0.000000,0.000000,0.000000,0.000000
1749017827.511575,89.324633,91.000000,93.000000,0.000000,0.000000,0.000000,0.000000,0.000000,0.000000,0.000000,0.000000
1749017827.543200,89.260408,91.000000,93.000000,0.000000,0.000000,0.000000,0.000000,0.000000,0.000000,0.000000,0.000000
1749017827.575361,89.528560,91.000000,92.000000,0.000000,0.000000,0.000000,0.000000,0.000000,0.000000,0.000000,0.000000
1749017827.611482,89.030189,104.000000,90.000000,0.000000,0.000000,0.000000,0.000000,0.000000,0.000000,0.000000,0.000000
1749017827.643720,88.874646,104.000000,90.000000,0.000000,0.000000,0.000000,0.000000,0.000000,0.000000,0.000000,0.000000
1749017827.670847,88.612384,104.000000,90.000000,0.000000,0.000000,0.000000,0.000000,0.000000,0.000000,0.000000,0.000000
1749017827.706095,89.004106,104.000000,120.000000,0.000000,0.000000,0.000000,0.000000,0.000000,0.000000,0.000000,0.000000
1749017827.737797,88.466502,104.000000,90.000000,0.000000,0.000000,0.000000,0.000000,0.000000,0.000000,0.000000,0.000000
1749017827.770948,88.417285,104.000000,90.000000,0.000000,0.000000,0.000000,0.000000,0.000000,0.000000,0.000000,0.000000
1749017827.808761,88.250404,104.000000,90.000000,0.000000,0.000000,0.000000,0.000000,0.000000,0.000000,0.000000,0.000000
1749017827.836581,87.889784,104.000000,120.000000,0.000000,0.000000,0.000000,0.000000,0.000000,0.000000,0.000000,0.000000
1749017827.868969,87.991650,104.000000,122.000000,80.000000,80.000000,80.000000,80.000000,0.000000,0.000000,0.000000,0.000000
1749017827.908040,87.756541,104.000000,122.000000,80.000000,80.000000,80.000000,80.000000,0.000000,0.000000,0.000000,0.000000
1749017827.939975,87.699713,104.000000,122.000000,80.000000,80.000000,80.000000,80.000000,0.000000,0.000000,0.000000,0.000000
1749017827.972961,87.961352,104.000000,122.000000,80.000000,80.000000,80.000000,80.000000,0.000000,0.000000,0.000000,0.000000
1749017828.008988,87.821224,104.000000,122.000000,80.000000,80.000000,80.000000,80.000000,0.000000,0.000000,0.000000,0.000000
1749017828.041414,87.681907,104.000000,122.000000,80.000000,80.000000,80.000000,80.000000,0.000000,0.000000,0.000000,0.000000
1749017828.072333,87.791333,104.000000,122.000000,80.000000,80.000000,80.000000,80.000000,0.000000,0.000000,0.000000,0.000000
1749017828.109932,87.648681,104.000000,122.000000,80.000000,80.000000,80.000000,80.000000,0.000000,0.000000,0.000000,0.000000
1749017828.145032,87.601160,104.000000,122.000000,80.000000,80.000000,80.000000,80.000000,0.000000,0.000000,0.000000,0.000000
1749017828.171092,87.632685,104.000000,122.000000,80.000000,80.000000,80.000000,80.000000,0.000000,0.000000,0.000000,0.000000
1749017828.206051,87.237554,104.000000,123.000000,80.000000,80.000000,80.000000,80.000000,0.000000,0.000000,0.000000,0.000000
1749017828.238532,87.356648,104.000000,123.000000,80.000000,80.000000,80.000000,80.000000,0.000000,0.000000,0.000000,0.000000
1749017828.270460,87.206379,104.000000,123.000000,80.000000,80.000000,80.000000,80.000000,0.000000,0.000000,0.000000,0.000000
1749017828.306094,87.107225,104.000000,123.000000,80.000000,80.000000,80.000000,80.000000,0.000000,0.000000,0.000000,0.000000
1749017828.337947,87.096750,104.000000,123.000000,80.000000,80.000000,80.000000,80.000000,0.000000,0.000000,0.000000,0.000000
1749017828.369726,87.089074,104.000000,123.000000,80.000000,80.000000,80.000000,80.000000,0.000000,0.000000,0.000000,0.000000
1749017828.409540,87.098051,104.000000,123.000000,80.000000,80.000000,80.000000,80.000000,0.000000,0.000000,0.000000,0.000000
1749017828.443493,87.238180,104.000000,123.000000,80.000000,80.000000,80.000000,80.000000,0.000000,0.000000,0.000000,0.000000
1749017828.475834,87.762903,104.000000,122.000000,80.000000,80.000000,80.000000,80.000000,0.000000,0.000000,0.000000,0.000000
1749017828.507231,87.692293,104.000000,122.000000,80.000000,80.000000,80.000000,80.000000,0.000000,0.000000,0.000000,0.000000
1749017828.537637,87.889594,104.000000,122.000000,80.000000,80.000000,80.000000,80.000000,0.000000,0.000000,0.000000,0.000000
1749017828.569288,88.506239,104.000000,120.000000,80.000000,80.000000,80.000000,80.000000,0.000000,0.000000,0.000000,0.000000
1749017828.608612,89.490372,104.000000,119.000000,80.000000,80.000000,80.000000,80.000000,0.000000,0.000000,0.000000,0.000000
1749017828.639836,88.949972,104.000000,120.000000,80.000000,80.000000,80.000000,80.000000,0.000000,0.000000,0.000000,0.000000
1749017828.672687,88.827516,104.000000,120.000000,80.000000,80.000000,80.000000,80.000000,0.000000,0.000000,0.000000,0.000000
1749017828.707545,88.996899,104.000000,120.000000,80.000000,80.000000,80.000000,80.000000,0.000000,0.000000,0.000000,0.000000
1749017828.739268,89.100367,104.000000,119.000000,80.000000,80.000000,80.000000,80.000000,0.000000,0.000000,0.000000,0.000000
1749017828.772313,88.886598,104.000000,120.000000,80.000000,80.000000,80.000000,80.000000,0.000000,0.000000,0.000000,0.000000
1749017828.808988,89.433459,104.000000,119.000000,80.000000,80.000000,80.000000,80.000000,0.000000,0.000000,0.000000,0.000000
1749017828.842018,89.984141,104.000000,118.000000,80.000000,80.000000,80.000000,80.000000,0.000000,0.000000,0.000000,0.000000
1749017828.871653,90.326838,104.000000,117.000000,80.000000,80.000000,80.000000,80.000000,0.000000,0.000000,0.000000,0.000000
1749017828.907211,91.029730,104.000000,115.000000,80.000000,80.000000,80.000000,80.000000,0.000000,0.000000,0.000000,0.000000
1749017828.937969,91.582553,104.000000,114.000000,80.000000,80.000000,80.000000,80.000000,0.000000,0.000000,0.000000,0.000000
1749017828.970568,91.623793,104.000000,114.000000,80.000000,80.000000,80.000000,80.000000,0.000000,0.000000,0.000000,0.000000
1749017829.010959,91.888201,104.000000,114.000000,80.000000,80.000000,80.000000,80.000000,0.000000,0.000000,0.000000,0.000000
1749017829.043312,92.465878,104.000000,113.000000,80.000000,80.000000,80.000000,80.000000,0.000000,0.000000,0.000000,0.000000
1749017829.075189,93.230637,104.000000,111.000000,80.000000,80.000000,80.000000,80.000000,0.000000,0.000000,0.000000,0.000000
1749017829.110951,93.628134,104.000000,110.000000,80.000000,80.000000,80.000000,80.000000,0.000000,0.000000,0.000000,0.000000
1749017829.143339,93.898721,104.000000,110.000000,80.000000,80.000000,80.000000,80.000000,0.000000,0.000000,0.000000,0.000000
1749017829.175677,93.794786,104.000000,110.000000,80.000000,80.000000,80.000000,80.000000,0.000000,0.000000,0.000000,0.000000
1749017829.208965,93.886372,104.000000,110.000000,80.000000,80.000000,80.000000,80.000000,0.000000,0.000000,0.000000,0.000000
1749017829.237398,94.509883,104.000000,108.000000,80.000000,80.000000,80.000000,80.000000,0.000000,0.000000,0.000000,0.000000
1749017829.269446,95.328018,104.000000,107.000000,80.000000,80.000000,80.000000,80.000000,0.000000,0.000000,0.000000,0.000000
1749017829.308424,95.068864,104.000000,107.000000,80.000000,80.000000,80.000000,80.000000,0.000000,0.000000,0.000000,0.000000
1749017829.340537,95.339878,104.000000,107.000000,80.000000,80.000000,80.000000,80.000000,0.000000,0.000000,0.000000,0.000000
1749017829.371462,95.844584,104.000000,106.000000,80.000000,80.000000,80.000000,80.000000,0.000000,0.000000,0.000000,0.000000
1749017829.409292,96.538674,104.000000,104.000000,80.000000,80.000000,80.000000,80.000000,0.000000,0.000000,0.000000,0.000000
1749017829.442180,96.973773,104.000000,104.000000,80.000000,80.000000,80.000000,80.000000,0.000000,0.000000,0.000000,0.000000
1749017829.473358,96.981439,104.000000,104.000000,80.000000,80.000000,80.000000,80.000000,0.000000,0.000000,0.000000,0.000000
1749017829.509573,97.003720,104.000000,103.000000,80.000000,80.000000,80.000000,80.000000,0.000000,0.000000,0.000000,0.000000
1749017829.540611,97.766110,104.000000,102.000000,80.000000,80.000000,80.000000,80.000000,0.000000,0.000000,0.000000,0.000000
1749017829.572591,98.024701,104.000000,101.000000,80.000000,80.000000,80.000000,80.000000,0.000000,0.000000,0.000000,0.000000
1749017829.610147,98.104653,104.000000,101.000000,80.000000,80.000000,80.000000,80.000000,0.000000,0.000000,0.000000,0.000000
1749017829.641540,98.255504,104.000000,101.000000,80.000000,80.000000,80.000000,80.000000,0.000000,0.000000,0.000000,0.000000
1749017829.673885,98.231961,104.000000,101.000000,80.000000,80.000000,80.000000,80.000000,0.000000,0.000000,0.000000,0.000000
1749017829.710539,98.903706,104.000000,100.000000,80.000000,80.000000,80.000000,80.000000,0.000000,0.000000,0.000000,0.000000
1749017829.743734,99.170357,104.000000,99.000000,80.000000,80.000000,80.000000,80.000000,0.000000,0.000000,0.000000,0.000000
1749017829.774588,98.721092,104.000000,100.000000,80.000000,80.000000,80.000000,80.000000,0.000000,0.000000,0.000000,0.000000
1749017829.810209,99.091002,104.000000,99.000000,80.000000,80.000000,80.000000,80.000000,0.000000,0.000000,0.000000,0.000000
1749017829.843085,99.342741,104.000000,99.000000,80.000000,80.000000,80.000000,80.000000,0.000000,0.000000,0.000000,0.000000
1749017829.875350,100.168003,104.000000,97.000000,80.000000,80.000000,80.000000,80.000000,0.000000,0.000000,0.000000,0.000000
1749017829.909976,100.655867,104.000000,96.000000,80.000000,80.000000,80.000000,80.000000,0.000000,0.000000,0.000000,0.000000
1749017829.942774,100.439586,104.000000,97.000000,80.000000,80.000000,80.000000,80.000000,0.000000,0.000000,0.000000,0.000000
1749017829.974070,100.565280,104.000000,96.000000,80.000000,80.000000,80.000000,80.000000,0.000000,0.000000,0.000000,0.000000
1749017830.010360,101.471243,104.000000,95.000000,80.000000,80.000000,80.000000,80.000000,0.000000,0.000000,0.000000,0.000000
1749017830.044943,101.757627,104.000000,94.000000,0.000000,0.000000,0.000000,0.000000,0.000000,0.000000,0.000000,0.000000
1749017830.074292,102.283588,104.000000,93.000000,0.000000,0.000000,0.000000,0.000000,0.000000,0.000000,0.000000,0.000000
1749017830.105714,102.660591,104.000000,92.000000,0.000000,0.000000,0.000000,0.000000,0.000000,0.000000,0.000000,0.000000
1749017830.137557,103.103948,104.000000,91.000000,0.000000,0.000000,0.000000,0.000000,0.000000,0.000000,0.000000,0.000000
1749017830.169659,103.373014,104.000000,91.000000,0.000000,0.000000,0.000000,0.000000,0.000000,0.000000,0.000000,0.000000
1749017830.208540,103.227147,104.000000,91.000000,0.000000,0.000000,0.000000,0.000000,0.000000,0.000000,0.000000,0.000000
1749017830.242181,103.380120,104.000000,91.000000,0.000000,0.000000,0.000000,0.000000,0.000000,0.000000,0.000000,0.000000
1749017830.273260,104.004289,104.000000,89.000000,0.000000,0.000000,0.000000,0.000000,0.000000,0.000000,0.000000,0.000000
1749017830.311297,104.215183,104.000000,89.000000,0.000000,0.000000,0.000000,0.000000,0.000000,0.000000,0.000000,0.000000
1749017830.344548,104.638926,104.000000,88.000000,0.000000,0.000000,0.000000,0.000000,0.000000,0.000000,0.000000,0.000000
1749017830.376123,105.187189,104.000000,87.000000,0.000000,0.000000,0.000000,0.000000,0.000000,0.000000,0.000000,0.000000
1749017830.413373,105.204569,104.000000,87.000000,0.000000,0.000000,0.000000,0.000000,0.000000,0.000000,0.000000,0.000000
1749017830.446863,105.304944,104.000000,87.000000,0.000000,0.000000,0.000000,0.000000,0.000000,0.000000,0.000000,0.000000
1749017830.469733,104.863243,104.000000,88.000000,0.000000,0.000000,0.000000,0.000000,0.000000,0.000000,0.000000,0.000000
1749017830.505955,104.821749,104.000000,88.000000,0.000000,0.000000,0.000000,0.000000,0.000000,0.000000,0.000000,0.000000
1749017830.537776,105.009355,104.000000,87.000000,0.000000,0.000000,0.000000,0.000000,0.000000,0.000000,0.000000,0.000000
1749017830.570395,105.570382,104.000000,86.000000,0.000000,0.000000,0.000000,0.000000,0.000000,0.000000,0.000000,0.000000
1749017830.607642,105.927276,104.000000,86.000000,0.000000,0.000000,0.000000,0.000000,0.000000,0.000000,0.000000,0.000000
1749017830.638552,105.533961,104.000000,86.000000,0.000000,0.000000,0.000000,0.000000,0.000000,0.000000,0.000000,0.000000
1749017830.670083,104.948090,104.000000,88.000000,0.000000,0.000000,0.000000,0.000000,0.000000,0.000000,0.000000,0.000000
1749017830.707474,105.002639,104.000000,87.000000,0.000000,0.000000,0.000000,0.000000,0.000000,0.000000,0.000000,0.000000
1749017830.741063,105.253007,104.000000,87.000000,0.000000,0.000000,0.000000,0.000000,0.000000,0.000000,0.000000,0.000000
1749017830.773861,105.312911,104.000000,87.000000,0.000000,0.000000,0.000000,0.000000,0.000000,0.000000,0.000000,0.000000
1749017830.807998,105.413796,104.000000,87.000000,0.000000,0.000000,0.000000,0.000000,0.000000,0.000000,0.000000,0.000000
1749017830.836837,105.321767,104.000000,87.000000,0.000000,0.000000,0.000000,0.000000,0.000000,0.000000,0.000000,0.000000
1749017830.868962,105.269600,104.000000,87.000000,0.000000,0.000000,0.000000,0.000000,0.000000,0.000000,0.000000,0.000000
1749017830.905491,105.504396,104.000000,86.000000,0.000000,0.000000,0.000000,0.000000,0.000000,0.000000,0.000000,0.000000
1749017830.944741,105.342178,104.000000,87.000000,0.000000,0.000000,0.000000,0.000000,0.000000,0.000000,0.000000,0.000000
1749017830.975748,105.286539,104.000000,87.000000,0.000000,0.000000,0.000000,0.000000,0.000000,0.000000,0.000000,0.000000
1749017831.008981,104.926147,104.000000,88.000000,0.000000,0.000000,0.000000,0.000000,0.000000,0.000000,0.000000,0.000000
1749017831.041305,104.689040,104.000000,88.000000,0.000000,0.000000,0.000000,0.000000,0.000000,0.000000,0.000000,0.000000
1749017831.073413,104.283259,104.000000,89.000000,0.000000,0.000000,0.000000,0.000000,0.000000,0.000000,0.000000,0.000000
1749017831.107988,104.083331,104.000000,89.000000,0.000000,0.000000,0.000000,0.000000,0.000000,0.000000,0.000000,0.000000
1749017831.141769,104.354895,104.000000,89.000000,0.000000,0.000000,0.000000,0.000000,0.000000,0.000000,0.000000,0.000000
1749017831.170960,104.187200,104.000000,89.000000,0.000000,0.000000,0.000000,0.000000,0.000000,0.000000,0.000000,0.000000
1749017831.205126,103.898835,104.000000,90.000000,0.000000,0.000000,0.000000,0.000000,0.000000,0.000000,0.000000,0.000000
1749017831.237076,103.899375,104.000000,90.000000,0.000000,0.000000,0.000000,0.000000,0.000000,0.000000,0.000000,0.000000
1749017831.269685,104.017008,104.000000,89.000000,0.000000,0.000000,0.000000,0.000000,0.000000,0.000000,0.000000,0.000000
1749017831.308468,104.175766,104.000000,89.000000,0.000000,0.000000,0.000000,0.000000,0.000000,0.000000,0.000000,0.000000
1749017831.340039,103.939431,104.000000,90.000000,0.000000,0.000000,0.000000,0.000000,0.000000,0.000000,0.000000,0.000000
1749017831.371914,104.527112,104.000000,88.000000,0.000000,0.000000,0.000000,0.000000,0.000000,0.000000,0.000000,0.000000
1749017831.408966,104.577931,108.000000,90.000000,0.000000,0.000000,0.000000,0.000000,0.000000,0.000000,0.000000,0.000000
1749017831.439947,104.075177,108.000000,90.000000,0.000000,0.000000,0.000000,0.000000,0.000000,0.000000,0.000000,0.000000
1749017831.474155,103.789065,108.000000,90.000000,0.000000,0.000000,0.000000,0.000000,0.000000,0.000000,0.000000,0.000000
1749017831.509189,103.645362,108.000000,120.000000,0.000000,0.000000,0.000000,0.000000,0.000000,0.000000,0.000000,0.000000
1749017831.539949,103.855631,108.000000,90.000000,0.000000,0.000000,0.000000,0.000000,0.000000,0.000000,0.000000,0.000000
1749017831.571599,103.708934,108.000000,90.000000,0.000000,0.000000,0.000000,0.000000,0.000000,0.000000,0.000000,0.000000
1749017831.608793,103.712144,108.000000,90.000000,0.000000,0.000000,0.000000,0.000000,0.000000,0.000000,0.000000,0.000000
1749017831.639952,103.557179,108.000000,120.000000,0.000000,0.000000,0.000000,0.000000,0.000000,0.000000,0.000000,0.000000
1749017831.671226,103.495805,108.000000,99.000000,80.000000,80.000000,80.000000,80.000000,0.000000,0.000000,0.000000,0.000000
1749017831.709801,103.691925,108.000000,98.000000,80.000000,80.000000,80.000000,80.000000,0.000000,0.000000,0.000000,0.000000
1749017831.741593,103.669289,108.000000,98.000000,80.000000,80.000000,80.000000,80.000000,0.000000,0.000000,0.000000,0.000000
1749017831.772691,103.295026,108.000000,99.000000,80.000000,80.000000,80.000000,80.000000,0.000000,0.000000,0.000000,0.000000
1749017831.814662,103.312596,108.000000,99.000000,80.000000,80.000000,80.000000,80.000000,0.000000,0.000000,0.000000,0.000000
1749017831.844478,104.183960,108.000000,97.000000,80.000000,80.000000,80.000000,80.000000,0.000000,0.000000,0.000000,0.000000
1749017831.871306,103.835710,108.000000,98.000000,80.000000,80.000000,80.000000,80.000000,0.000000,0.000000,0.000000,0.000000
1749017831.906964,103.145590,108.000000,99.000000,80.000000,80.000000,80.000000,80.000000,0.000000,0.000000,0.000000,0.000000
1749017831.938583,103.363730,108.000000,99.000000,80.000000,80.000000,80.000000,80.000000,0.000000,0.000000,0.000000,0.000000
1749017831.970044,103.549169,108.000000,98.000000,80.000000,80.000000,80.000000,80.000000,0.000000,0.000000,0.000000,0.000000
1749017832.009692,103.701045,108.000000,98.000000,80.000000,80.000000,80.000000,80.000000,0.000000,0.000000,0.000000,0.000000
1749017832.040753,103.508159,108.000000,98.000000,80.000000,80.000000,80.000000,80.000000,0.000000,0.000000,0.000000,0.000000
1749017832.073440,103.528268,108.000000,98.000000,80.000000,80.000000,80.000000,80.000000,0.000000,0.000000,0.000000,0.000000
1749017832.110626,103.520059,108.000000,98.000000,80.000000,80.000000,80.000000,80.000000,0.000000,0.000000,0.000000,0.000000
1749017832.141789,103.483512,108.000000,99.000000,80.000000,80.000000,80.000000,80.000000,0.000000,0.000000,0.000000,0.000000
1749017832.172256,103.676211,108.000000,98.000000,80.000000,80.000000,80.000000,80.000000,0.000000,0.000000,0.000000,0.000000
1749017832.210076,104.281290,108.000000,97.000000,80.000000,80.000000,80.000000,80.000000,0.000000,0.000000,0.000000,0.000000
1749017832.243887,104.319363,108.000000,97.000000,80.000000,80.000000,80.000000,80.000000,0.000000,0.000000,0.000000,0.000000
1749017832.275010,104.364452,108.000000,97.000000,80.000000,80.000000,80.000000,80.000000,0.000000,0.000000,0.000000,0.000000
1749017832.310729,104.714440,108.000000,96.000000,80.000000,80.000000,80.000000,80.000000,0.000000,0.000000,0.000000,0.000000
1749017832.345867,104.767643,108.000000,96.000000,80.000000,80.000000,80.000000,80.000000,0.000000,0.000000,0.000000,0.000000
1749017832.377726,104.233025,108.000000,97.000000,80.000000,80.000000,80.000000,80.000000,0.000000,0.000000,0.000000,0.000000
1749017832.409582,104.577901,108.000000,96.000000,80.000000,80.000000,80.000000,80.000000,0.000000,0.000000,0.000000,0.000000
1749017832.438269,105.532270,108.000000,94.000000,0.000000,0.000000,0.000000,0.000000,0.000000,0.000000,0.000000,0.000000
1749017832.470276,105.801252,108.000000,94.000000,0.000000,0.000000,0.000000,0.000000,0.000000,0.000000,0.000000,0.000000
1749017832.508433,105.869775,108.000000,94.000000,0.000000,0.000000,0.000000,0.000000,0.000000,0.000000,0.000000,0.000000
1749017832.538844,105.926677,108.000000,94.000000,0.000000,0.000000,0.000000,0.000000,0.000000,0.000000,0.000000,0.000000
1749017832.571921,105.345245,108.000000,95.000000,80.000000,80.000000,80.000000,80.000000,0.000000,0.000000,0.000000,0.000000
1749017832.612464,105.336314,108.000000,95.000000,80.000000,80.000000,80.000000,80.000000,0.000000,0.000000,0.000000,0.000000
1749017832.645039,106.595420,108.000000,92.000000,0.000000,0.000000,0.000000,0.000000,0.000000,0.000000,0.000000,0.000000
1749017832.678761,107.437895,108.000000,91.000000,0.000000,0.000000,0.000000,0.000000,0.000000,0.000000,0.000000,0.000000
1749017832.713969,107.068106,108.000000,91.000000,0.000000,0.000000,0.000000,0.000000,0.000000,0.000000,0.000000,0.000000
1749017832.749113,106.991405,108.000000,92.000000,0.000000,0.000000,0.000000,0.000000,0.000000,0.000000,0.000000,0.000000
1749017832.781411,107.521311,108.000000,90.000000,0.000000,0.000000,0.000000,0.000000,0.000000,0.000000,0.000000,0.000000
1749017832.810895,107.399017,108.000000,91.000000,0.000000,0.000000,0.000000,0.000000,0.000000,0.000000,0.000000,0.000000
1749017832.841951,107.414573,108.000000,91.000000,0.000000,0.000000,0.000000,0.000000,0.000000,0.000000,0.000000,0.000000
1749017832.874624,107.808060,108.000000,90.000000,0.000000,0.000000,0.000000,0.000000,0.000000,0.000000,0.000000,0.000000
1749017832.910669,108.142799,108.000000,89.000000,0.000000,0.000000,0.000000,0.000000,0.000000,0.000000,0.000000,0.000000
1749017832.944554,108.111277,108.000000,89.000000,0.000000,0.000000,0.000000,0.000000,0.000000,0.000000,0.000000,0.000000
1749017832.975764,108.232463,108.000000,89.000000,0.000000,0.000000,0.000000,0.000000,0.000000,0.000000,0.000000,0.000000
1749017833.010219,108.777061,108.000000,88.000000,0.000000,0.000000,0.000000,0.000000,0.000000,0.000000,0.000000,0.000000
1749017833.041939,108.075652,108.000000,89.000000,0.000000,0.000000,0.000000,0.000000,0.000000,0.000000,0.000000,0.000000
1749017833.075034,107.929251,108.000000,90.000000,0.000000,0.000000,0.000000,0.000000,0.000000,0.000000,0.000000,0.000000
1749017833.111279,108.552982,108.000000,88.000000,0.000000,0.000000,0.000000,0.000000,0.000000,0.000000,0.000000,0.000000
1749017833.143226,108.645107,108.000000,88.000000,0.000000,0.000000,0.000000,0.000000,0.000000,0.000000,0.000000,0.000000
1749017833.175099,108.542535,108.000000,88.000000,0.000000,0.000000,0.000000,0.000000,0.000000,0.000000,0.000000,0.000000
1749017833.210073,108.788747,108.000000,88.000000,0.000000,0.000000,0.000000,0.000000,0.000000,0.000000,0.000000,0.000000
1749017833.243333,108.815154,108.000000,88.000000,0.000000,0.000000,0.000000,0.000000,0.000000,0.000000,0.000000,0.000000
1749017833.275647,108.561181,108.000000,88.000000,0.000000,0.000000,0.000000,0.000000,0.000000,0.000000,0.000000,0.000000
1749017833.310679,108.800008,108.000000,88.000000,0.000000,0.000000,0.000000,0.000000,0.000000,0.000000,0.000000,0.000000
1749017833.343377,108.790028,108.000000,88.000000,0.000000,0.000000,0.000000,0.000000,0.000000,0.000000,0.000000,0.000000
1749017833.374043,108.776524,108.000000,88.000000,0.000000,0.000000,0.000000,0.000000,0.000000,0.000000,0.000000,0.000000
1749017833.410711,108.784751,108.000000,88.000000,0.000000,0.000000,0.000000,0.000000,0.000000,0.000000,0.000000,0.000000
1749017833.441243,108.783811,108.000000,88.000000,0.000000,0.000000,0.000000,0.000000,0.000000,0.000000,0.000000,0.000000
1749017833.477525,109.049298,108.000000,87.000000,0.000000,0.000000,0.000000,0.000000,0.000000,0.000000,0.000000,0.000000
1749017833.511337,109.049618,108.000000,87.000000,0.000000,0.000000,0.000000,0.000000,0.000000,0.000000,0.000000,0.000000
1749017833.539098,108.910435,108.000000,88.000000,0.000000,0.000000,0.000000,0.000000,0.000000,0.000000,0.000000,0.000000
1749017833.572291,108.311355,108.000000,89.000000,0.000000,0.000000,0.000000,0.000000,0.000000,0.000000,0.000000,0.000000
1749017833.608453,108.493922,108.000000,89.000000,0.000000,0.000000,0.000000,0.000000,0.000000,0.000000,0.000000,0.000000
1749017833.638954,108.736040,108.000000,88.000000,0.000000,0.000000,0.000000,0.000000,0.000000,0.000000,0.000000,0.000000
1749017833.670972,109.211018,108.000000,87.000000,0.000000,0.000000,0.000000,0.000000,0.000000,0.000000,0.000000,0.000000
1749017833.708905,109.230673,108.000000,87.000000,0.000000,0.000000,0.000000,0.000000,0.000000,0.000000,0.000000,0.000000
1749017833.741977,109.192967,108.000000,87.000000,0.000000,0.000000,0.000000,0.000000,0.000000,0.000000,0.000000,0.000000
1749017833.772539,108.778402,108.000000,88.000000,0.000000,0.000000,0.000000,0.000000,0.000000,0.000000,0.000000,0.000000
1749017833.811239,108.189091,108.000000,89.000000,0.000000,0.000000,0.000000,0.000000,0.000000,0.000000,0.000000,0.000000
1749017833.844270,108.165515,108.000000,89.000000,0.000000,0.000000,0.000000,0.000000,0.000000,0.000000,0.000000,0.000000
1749017833.876257,108.313525,119.000000,90.000000,0.000000,0.000000,0.000000,0.000000,0.000000,0.000000,0.000000,0.000000
1749017833.905682,108.313141,119.000000,90.000000,0.000000,0.000000,0.000000,0.000000,0.000000,0.000000,0.000000,0.000000
1749017833.937942,108.279055,119.000000,90.000000,0.000000,0.000000,0.000000,0.000000,0.000000,0.000000,0.000000,0.000000
1749017833.969934,108.750585,119.000000,120.000000,0.000000,0.000000,0.000000,0.000000,0.000000,0.000000,0.000000,0.000000
1749017834.011572,108.411785,119.000000,90.000000,0.000000,0.000000,0.000000,0.000000,0.000000,0.000000,0.000000,0.000000
1749017834.043394,108.022987,119.000000,90.000000,0.000000,0.000000,0.000000,0.000000,0.000000,0.000000,0.000000,0.000000
1749017834.075652,108.213814,119.000000,90.000000,0.000000,0.000000,0.000000,0.000000,0.000000,0.000000,0.000000,0.000000
1749017834.110739,108.245282,119.000000,120.000000,0.000000,0.000000,0.000000,0.000000,0.000000,0.000000,0.000000,0.000000
1749017834.143099,108.859902,119.000000,110.000000,80.000000,80.000000,80.000000,80.000000,0.000000,0.000000,0.000000,0.000000
1749017834.175824,108.937201,119.000000,110.000000,80.000000,80.000000,80.000000,80.000000,0.000000,0.000000,0.000000,0.000000
1749017834.211118,108.515090,119.000000,110.000000,80.000000,80.000000,80.000000,80.000000,0.000000,0.000000,0.000000,0.000000
1749017834.239814,108.169945,119.000000,111.000000,80.000000,80.000000,80.000000,80.000000,0.000000,0.000000,0.000000,0.000000
1749017834.270389,108.347595,119.000000,111.000000,80.000000,80.000000,80.000000,80.000000,0.000000,0.000000,0.000000,0.000000
1749017834.307158,108.228305,119.000000,111.000000,80.000000,80.000000,80.000000,80.000000,0.000000,0.000000,0.000000,0.000000
1749017834.338973,108.038297,119.000000,111.000000,80.000000,80.000000,80.000000,80.000000,0.000000,0.000000,0.000000,0.000000
1749017834.376173,108.055740,119.000000,111.000000,80.000000,80.000000,80.000000,80.000000,0.000000,0.000000,0.000000,0.000000
1749017834.412630,108.083510,119.000000,111.000000,80.000000,80.000000,80.000000,80.000000,0.000000,0.000000,0.000000,0.000000
1749017834.443487,108.550988,119.000000,110.000000,80.000000,80.000000,80.000000,80.000000,0.000000,0.000000,0.000000,0.000000
1749017834.474737,108.211215,119.000000,111.000000,80.000000,80.000000,80.000000,80.000000,0.000000,0.000000,0.000000,0.000000
1749017834.509687,108.344596,119.000000,111.000000,80.000000,80.000000,80.000000,80.000000,0.000000,0.000000,0.000000,0.000000
1749017834.541948,108.818262,119.000000,110.000000,80.000000,80.000000,80.000000,80.000000,0.000000,0.000000,0.000000,0.000000
1749017834.573095,108.709234,119.000000,110.000000,80.000000,80.000000,80.000000,80.000000,0.000000,0.000000,0.000000,0.000000
1749017834.609803,108.747365,119.000000,110.000000,80.000000,80.000000,80.000000,80.000000,0.000000,0.000000,0.000000,0.000000
1749017834.640136,109.035872,119.000000,109.000000,80.000000,80.000000,80.000000,80.000000,0.000000,0.000000,0.000000,0.000000
1749017834.671978,108.713846,119.000000,110.000000,80.000000,80.000000,80.000000,80.000000,0.000000,0.000000,0.000000,0.000000
1749017834.707854,108.851485,119.000000,110.000000,80.000000,80.000000,80.000000,80.000000,0.000000,0.000000,0.000000,0.000000
1749017834.738116,109.158985,119.000000,109.000000,80.000000,80.000000,80.000000,80.000000,0.000000,0.000000,0.000000,0.000000
1749017834.771005,108.972922,119.000000,110.000000,80.000000,80.000000,80.000000,80.000000,0.000000,0.000000,0.000000,0.000000
1749017834.805561,108.847699,119.000000,110.000000,80.000000,80.000000,80.000000,80.000000,0.000000,0.000000,0.000000,0.000000
1749017834.838880,108.920775,119.000000,110.000000,80.000000,80.000000,80.000000,80.000000,0.000000,0.000000,0.000000,0.000000
1749017834.890803,109.301871,119.000000,109.000000,80.000000,80.000000,80.000000,80.000000,0.000000,0.000000,0.000000,0.000000
1749017834.908979,109.156426,119.000000,109.000000,80.000000,80.000000,80.000000,80.000000,0.000000,0.000000,0.000000,0.000000
1749017834.939539,108.763725,119.000000,110.000000,80.000000,80.000000,80.000000,80.000000,0.000000,0.000000,0.000000,0.000000
1749017834.971907,108.972631,119.000000,110.000000,80.000000,80.000000,80.000000,80.000000,0.000000,0.000000,0.000000,0.000000
1749017835.008134,109.480156,119.000000,109.000000,80.000000,80.000000,80.000000,80.000000,0.000000,0.000000,0.000000,0.000000
1749017835.039708,109.691481,119.000000,108.000000,80.000000,80.000000,80.000000,80.000000,0.000000,0.000000,0.000000,0.000000
1749017835.073768,110.563865,119.000000,106.000000,80.000000,80.000000,80.000000,80.000000,0.000000,0.000000,0.000000,0.000000
1749017835.110383,111.723076,119.000000,104.000000,80.000000,80.000000,80.000000,80.000000,0.000000,0.000000,0.000000,0.000000
1749017835.137166,112.452089,119.000000,103.000000,80.000000,80.000000,80.000000,80.000000,0.000000,0.000000,0.000000,0.000000
1749017835.168372,112.760779,119.000000,102.000000,80.000000,80.000000,80.000000,80.000000,0.000000,0.000000,0.000000,0.000000
1749017835.205620,112.584035,119.000000,102.000000,80.000000,80.000000,80.000000,80.000000,0.000000,0.000000,0.000000,0.000000
1749017835.237793,112.786887,119.000000,102.000000,80.000000,80.000000,80.000000,80.000000,0.000000,0.000000,0.000000,0.000000
1749017835.271049,112.889663,119.000000,102.000000,80.000000,80.000000,80.000000,80.000000,0.000000,0.000000,0.000000,0.000000
1749017835.306087,112.764934,119.000000,102.000000,80.000000,80.000000,80.000000,80.000000,0.000000,0.000000,0.000000,0.000000
1749017835.337761,113.708342,119.000000,100.000000,80.000000,80.000000,80.000000,80.000000,0.000000,0.000000,0.000000,0.000000
1749017835.370715,113.932785,119.000000,100.000000,80.000000,80.000000,80.000000,80.000000,0.000000,0.000000,0.000000,0.000000
1749017835.409564,114.246739,119.000000,99.000000,80.000000,80.000000,80.000000,80.000000,0.000000,0.000000,0.000000,0.000000
1749017835.442920,114.195743,119.000000,99.000000,80.000000,80.000000,80.000000,80.000000,0.000000,0.000000,0.000000,0.000000
1749017835.469307,113.962223,119.000000,100.000000,80.000000,80.000000,80.000000,80.000000,0.000000,0.000000,0.000000,0.000000
1749017835.504639,114.384808,119.000000,99.000000,80.000000,80.000000,80.000000,80.000000,0.000000,0.000000,0.000000,0.000000
1749017835.539246,115.059657,119.000000,97.000000,80.000000,80.000000,80.000000,80.000000,0.000000,0.000000,0.000000,0.000000
1749017835.578614,115.883174,119.000000,96.000000,80.000000,80.000000,80.000000,80.000000,0.000000,0.000000,0.000000,0.000000
1749017835.614319,116.431165,119.000000,95.000000,80.000000,80.000000,80.000000,80.000000,0.000000,0.000000,0.000000,0.000000
1749017835.645894,116.353748,119.000000,95.000000,80.000000,80.000000,80.000000,80.000000,0.000000,0.000000,0.000000,0.000000
1749017835.677786,116.522198,119.000000,94.000000,0.000000,0.000000,0.000000,0.000000,0.000000,0.000000,0.000000,0.000000
1749017835.715102,116.740510,119.000000,94.000000,0.000000,0.000000,0.000000,0.000000,0.000000,0.000000,0.000000,0.000000
1749017835.746644,116.779502,119.000000,94.000000,0.000000,0.000000,0.000000,0.000000,0.000000,0.000000,0.000000,0.000000
1749017835.774586,115.998528,119.000000,96.000000,80.000000,80.000000,80.000000,80.000000,0.000000,0.000000,0.000000,0.000000
1749017835.808223,116.655385,119.000000,94.000000,0.000000,0.000000,0.000000,0.000000,0.000000,0.000000,0.000000,0.000000
1749017835.837161,116.488016,119.000000,95.000000,80.000000,80.000000,80.000000,80.000000,0.000000,0.000000,0.000000,0.000000
1749017835.869757,116.435782,119.000000,95.000000,80.000000,80.000000,80.000000,80.000000,0.000000,0.000000,0.000000,0.000000
1749017835.905519,116.672337,119.000000,94.000000,0.000000,0.000000,0.000000,0.000000,0.000000,0.000000,0.000000,0.000000
1749017835.937593,116.950708,119.000000,94.000000,0.000000,0.000000,0.000000,0.000000,0.000000,0.000000,0.000000,0.000000
1749017835.971760,116.990116,119.000000,94.000000,0.000000,0.000000,0.000000,0.000000,0.000000,0.000000,0.000000,0.000000
1749017836.010553,117.039425,119.000000,93.000000,0.000000,0.000000,0.000000,0.000000,0.000000,0.000000,0.000000,0.000000
1749017836.042698,117.668905,119.000000,92.000000,0.000000,0.000000,0.000000,0.000000,0.000000,0.000000,0.000000,0.000000
1749017836.071831,118.056214,119.000000,91.000000,0.000000,0.000000,0.000000,0.000000,0.000000,0.000000,0.000000,0.000000
1749017836.109230,118.241820,119.000000,91.000000,0.000000,0.000000,0.000000,0.000000,0.000000,0.000000,0.000000,0.000000
1749017836.142992,118.056177,119.000000,91.000000,0.000000,0.000000,0.000000,0.000000,0.000000,0.000000,0.000000,0.000000
1749017836.171163,117.965131,119.000000,92.000000,0.000000,0.000000,0.000000,0.000000,0.000000,0.000000,0.000000,0.000000
1749017836.228740,118.066242,119.000000,91.000000,0.000000,0.000000,0.000000,0.000000,0.000000,0.000000,0.000000,0.000000
1749017836.247974,117.727373,119.000000,92.000000,0.000000,0.000000,0.000000,0.000000,0.000000,0.000000,0.000000,0.000000
1749017836.270952,117.972922,119.000000,92.000000,0.000000,0.000000,0.000000,0.000000,0.000000,0.000000,0.000000,0.000000
1749017836.305362,117.709603,119.000000,92.000000,0.000000,0.000000,0.000000,0.000000,0.000000,0.000000,0.000000,0.000000
1749017836.336856,117.941885,119.000000,92.000000,0.000000,0.000000,0.000000,0.000000,0.000000,0.000000,0.000000,0.000000
1749017836.370340,117.719783,119.000000,92.000000,0.000000,0.000000,0.000000,0.000000,0.000000,0.000000,0.000000,0.000000
1749017836.407922,117.851082,119.000000,92.000000,0.000000,0.000000,0.000000,0.000000,0.000000,0.000000,0.000000,0.000000
1749017836.439267,117.661415,119.000000,92.000000,0.000000,0.000000,0.000000,0.000000,0.000000,0.000000,0.000000,0.000000
1749017836.470717,117.906039,119.000000,92.000000,0.000000,0.000000,0.000000,0.000000,0.000000,0.000000,0.000000,0.000000
1749017836.506989,117.903701,119.000000,92.000000,0.000000,0.000000,0.000000,0.000000,0.000000,0.000000,0.000000,0.000000
1749017836.538339,118.166617,119.000000,91.000000,0.000000,0.000000,0.000000,0.000000,0.000000,0.000000,0.000000,0.000000
1749017836.571529,118.352534,119.000000,91.000000,0.000000,0.000000,0.000000,0.000000,0.000000,0.000000,0.000000,0.000000
1749017836.607915,118.194157,119.000000,91.000000,0.000000,0.000000,0.000000,0.000000,0.000000,0.000000,0.000000,0.000000
1749017836.639056,118.425010,119.000000,91.000000,0.000000,0.000000,0.000000,0.000000,0.000000,0.000000,0.000000,0.000000
1749017836.670688,118.283498,119.000000,91.000000,0.000000,0.000000,0.000000,0.000000,0.000000,0.000000,0.000000,0.000000
1749017836.708115,118.387932,119.000000,91.000000,0.000000,0.000000,0.000000,0.000000,0.000000,0.000000,0.000000,0.000000
1749017836.741974,118.286605,119.000000,91.000000,0.000000,0.000000,0.000000,0.000000,0.000000,0.000000,0.000000,0.000000
1749017836.774745,117.934553,119.000000,92.000000,0.000000,0.000000,0.000000,0.000000,0.000000,0.000000,0.000000,0.000000
1749017836.810948,118.212190,119.000000,91.000000,0.000000,0.000000,0.000000,0.000000,0.000000,0.000000,0.000000,0.000000
1749017836.841975,117.898531,119.000000,92.000000,0.000000,0.000000,0.000000,0.000000,0.000000,0.000000,0.000000,0.000000
1749017836.873862,118.357407,119.000000,91.000000,0.000000,0.000000,0.000000,0.000000,0.000000,0.000000,0.000000,0.000000
1749017836.910275,118.219318,119.000000,91.000000,0.000000,0.000000,0.000000,0.000000,0.000000,0.000000,0.000000,0.000000
1749017836.942363,118.189115,119.000000,91.000000,0.000000,0.000000,0.000000,0.000000,0.000000,0.000000,0.000000,0.000000
1749017836.972881,118.071453,119.000000,91.000000,0.000000,0.000000,0.000000,0.000000,0.000000,0.000000,0.000000,0.000000
1749017837.011501,118.217990,119.000000,91.000000,0.000000,0.000000,0.000000,0.000000,0.000000,0.000000,0.000000,0.000000
1749017837.038070,118.217477,119.000000,91.000000,0.000000,0.000000,0.000000,0.000000,0.000000,0.000000,0.000000,0.000000
1749017837.068963,118.360242,119.000000,91.000000,0.000000,0.000000,0.000000,0.000000,0.000000,0.000000,0.000000,0.000000
1749017837.105956,118.386152,119.000000,91.000000,0.000000,0.000000,0.000000,0.000000,0.000000,0.000000,0.000000,0.000000
1749017837.137687,117.940478,108.000000,90.000000,0.000000,0.000000,0.000000,0.000000,0.000000,0.000000,0.000000,0.000000
1749017837.170634,118.439614,108.000000,90.000000,0.000000,0.000000,0.000000,0.000000,0.000000,0.000000,0.000000,0.000000
1749017837.212127,118.352303,108.000000,90.000000,0.000000,0.000000,0.000000,0.000000,0.000000,0.000000,0.000000,0.000000
1749017837.244335,118.297686,108.000000,120.000000,0.000000,0.000000,0.000000,0.000000,0.000000,0.000000,0.000000,0.000000
1749017837.275346,118.282818,108.000000,90.000000,0.000000,0.000000,0.000000,0.000000,0.000000,0.000000,0.000000,0.000000
1749017837.309622,118.044318,108.000000,90.000000,0.000000,0.000000,0.000000,0.000000,0.000000,0.000000,0.000000,0.000000
1749017837.341374,118.507635,108.000000,90.000000,0.000000,0.000000,0.000000,0.000000,0.000000,0.000000,0.000000,0.000000
1749017837.375265,118.271192,108.000000,120.000000,0.000000,0.000000,0.000000,0.000000,0.000000,0.000000,0.000000,0.000000
1749017837.405524,118.384419,108.000000,69.000000,0.000000,0.000000,0.000000,0.000000,120.000000,120.000000,120.000000,120.000000
1749017837.437483,118.293267,108.000000,69.000000,0.000000,0.000000,0.000000,0.000000,120.000000,120.000000,120.000000,120.000000
1749017837.468323,118.408586,108.000000,69.000000,0.000000,0.000000,0.000000,0.000000,120.000000,120.000000,120.000000,120.000000
1749017837.504052,118.292947,108.000000,69.000000,0.000000,0.000000,0.000000,0.000000,120.000000,120.000000,120.000000,120.000000
1749017837.537493,118.478043,108.000000,69.000000,0.000000,0.000000,0.000000,0.000000,120.000000,120.000000,120.000000,120.000000
1749017837.570269,118.148335,108.000000,69.000000,0.000000,0.000000,0.000000,0.000000,120.000000,120.000000,120.000000,120.000000
1749017837.607925,117.759161,108.000000,70.000000,0.000000,0.000000,0.000000,0.000000,120.000000,120.000000,120.000000,120.000000
1749017837.640540,117.995780,108.000000,70.000000,0.000000,0.000000,0.000000,0.000000,120.000000,120.000000,120.000000,120.000000
1749017837.672790,118.171105,108.000000,69.000000,0.000000,0.000000,0.000000,0.000000,120.000000,120.000000,120.000000,120.000000
1749017837.709829,118.141132,108.000000,69.000000,0.000000,0.000000,0.000000,0.000000,120.000000,120.000000,120.000000,120.000000
1749017837.740987,118.121128,108.000000,69.000000,0.000000,0.000000,0.000000,0.000000,120.000000,120.000000,120.000000,120.000000
1749017837.768969,118.238603,108.000000,69.000000,0.000000,0.000000,0.000000,0.000000,120.000000,120.000000,120.000000,120.000000
1749017837.805666,118.088018,108.000000,69.000000,0.000000,0.000000,0.000000,0.000000,120.000000,120.000000,120.000000,120.000000
1749017837.839776,117.850311,108.000000,70.000000,0.000000,0.000000,0.000000,0.000000,120.000000,120.000000,120.000000,120.000000
1749017837.871058,118.260351,108.000000,69.000000,0.000000,0.000000,0.000000,0.000000,120.000000,120.000000,120.000000,120.000000
1749017837.910930,118.031938,108.000000,69.000000,0.000000,0.000000,0.000000,0.000000,120.000000,120.000000,120.000000,120.000000
1749017837.944510,118.236375,108.000000,69.000000,0.000000,0.000000,0.000000,0.000000,120.000000,120.000000,120.000000,120.000000
1749017837.976163,118.003651,108.000000,69.000000,0.000000,0.000000,0.000000,0.000000,120.000000,120.000000,120.000000,120.000000
1749017838.012490,117.652441,108.000000,70.000000,0.000000,0.000000,0.000000,0.000000,120.000000,120.000000,120.000000,120.000000
1749017838.041503,117.204085,108.000000,71.000000,0.000000,0.000000,0.000000,0.000000,120.000000,120.000000,120.000000,120.000000
1749017838.075927,116.222781,108.000000,73.000000,0.000000,0.000000,0.000000,0.000000,120.000000,120.000000,120.000000,120.000000
1749017838.105962,115.799368,108.000000,74.000000,0.000000,0.000000,0.000000,0.000000,120.000000,120.000000,120.000000,120.000000
1749017838.137146,115.359458,108.000000,75.000000,0.000000,0.000000,0.000000,0.000000,120.000000,120.000000,120.000000,120.000000
1749017838.169847,115.664557,108.000000,74.000000,0.000000,0.000000,0.000000,0.000000,120.000000,120.000000,120.000000,120.000000
1749017838.209540,114.786623,108.000000,76.000000,0.000000,0.000000,0.000000,0.000000,120.000000,120.000000,120.000000,120.000000
1749017838.241687,114.407078,108.000000,77.000000,0.000000,0.000000,0.000000,0.000000,120.000000,120.000000,120.000000,120.000000
1749017838.272884,114.260713,108.000000,77.000000,0.000000,0.000000,0.000000,0.000000,120.000000,120.000000,120.000000,120.000000
1749017838.310521,113.780830,108.000000,78.000000,0.000000,0.000000,0.000000,0.000000,120.000000,120.000000,120.000000,120.000000
1749017838.342790,113.427052,108.000000,79.000000,0.000000,0.000000,0.000000,0.000000,120.000000,120.000000,120.000000,120.000000
1749017838.374626,112.827769,108.000000,80.000000,0.000000,0.000000,0.000000,0.000000,120.000000,120.000000,120.000000,120.000000
1749017838.411507,112.563559,108.000000,80.000000,0.000000,0.000000,0.000000,0.000000,120.000000,120.000000,120.000000,120.000000
1749017838.442645,111.546192,108.000000,82.000000,0.000000,0.000000,0.000000,0.000000,120.000000,120.000000,120.000000,120.000000
1749017838.468824,111.323468,108.000000,83.000000,0.000000,0.000000,0.000000,0.000000,120.000000,120.000000,120.000000,120.000000
1749017838.504999,110.880636,108.000000,84.000000,0.000000,0.000000,0.000000,0.000000,120.000000,120.000000,120.000000,120.000000
1749017838.538798,109.816389,108.000000,86.000000,0.000000,0.000000,0.000000,0.000000,0.000000,0.000000,0.000000,0.000000
1749017838.571142,108.983603,108.000000,88.000000,0.000000,0.000000,0.000000,0.000000,0.000000,0.000000,0.000000,0.000000
1749017838.606926,108.461101,108.000000,89.000000,0.000000,0.000000,0.000000,0.000000,0.000000,0.000000,0.000000,0.000000
1749017838.638473,108.288247,108.000000,89.000000,0.000000,0.000000,0.000000,0.000000,0.000000,0.000000,0.000000,0.000000
1749017838.670702,106.952994,108.000000,92.000000,0.000000,0.000000,0.000000,0.000000,0.000000,0.000000,0.000000,0.000000
1749017838.711085,107.065011,108.000000,91.000000,0.000000,0.000000,0.000000,0.000000,0.000000,0.000000,0.000000,0.000000
1749017838.743238,107.063083,108.000000,91.000000,0.000000,0.000000,0.000000,0.000000,0.000000,0.000000,0.000000,0.000000
1749017838.775003,106.138049,108.000000,93.000000,0.000000,0.000000,0.000000,0.000000,0.000000,0.000000,0.000000,0.000000
1749017838.810922,105.742652,108.000000,94.000000,0.000000,0.000000,0.000000,0.000000,0.000000,0.000000,0.000000,0.000000
1749017838.842946,105.529385,108.000000,94.000000,0.000000,0.000000,0.000000,0.000000,0.000000,0.000000,0.000000,0.000000
1749017838.875919,105.113667,108.000000,95.000000,80.000000,80.000000,80.000000,80.000000,0.000000,0.000000,0.000000,0.000000
1749017838.911426,104.330955,108.000000,97.000000,80.000000,80.000000,80.000000,80.000000,0.000000,0.000000,0.000000,0.000000
1749017838.945018,103.676676,108.000000,98.000000,80.000000,80.000000,80.000000,80.000000,0.000000,0.000000,0.000000,0.000000
1749017838.976420,103.119602,108.000000,99.000000,80.000000,80.000000,80.000000,80.000000,0.000000,0.000000,0.000000,0.000000
1749017839.010991,103.081740,108.000000,99.000000,80.000000,80.000000,80.000000,80.000000,0.000000,0.000000,0.000000,0.000000
1749017839.043949,102.776543,108.000000,100.000000,80.000000,80.000000,80.000000,80.000000,0.000000,0.000000,0.000000,0.000000
1749017839.075856,102.756599,108.000000,100.000000,80.000000,80.000000,80.000000,80.000000,0.000000,0.000000,0.000000,0.000000
1749017839.108991,102.422931,108.000000,101.000000,80.000000,80.000000,80.000000,80.000000,0.000000,0.000000,0.000000,0.000000
1749017839.140975,102.223730,108.000000,101.000000,80.000000,80.000000,80.000000,80.000000,0.000000,0.000000,0.000000,0.000000
1749017839.172365,102.266046,108.000000,101.000000,80.000000,80.000000,80.000000,80.000000,0.000000,0.000000,0.000000,0.000000
1749017839.209188,102.260723,108.000000,101.000000,80.000000,80.000000,80.000000,80.000000,0.000000,0.000000,0.000000,0.000000
1749017839.240681,101.903238,108.000000,102.000000,80.000000,80.000000,80.000000,80.000000,0.000000,0.000000,0.000000,0.000000
1749017839.272698,101.948186,108.000000,102.000000,80.000000,80.000000,80.000000,80.000000,0.000000,0.000000,0.000000,0.000000
1749017839.310803,101.871449,108.000000,102.000000,80.000000,80.000000,80.000000,80.000000,0.000000,0.000000,0.000000,0.000000
1749017839.342384,101.418442,108.000000,103.000000,80.000000,80.000000,80.000000,80.000000,0.000000,0.000000,0.000000,0.000000
1749017839.369976,101.159250,108.000000,103.000000,80.000000,80.000000,80.000000,80.000000,0.000000,0.000000,0.000000,0.000000
1749017839.405391,101.182650,108.000000,103.000000,80.000000,80.000000,80.000000,80.000000,0.000000,0.000000,0.000000,0.000000
1749017839.436957,101.331282,108.000000,103.000000,80.000000,80.000000,80.000000,80.000000,0.000000,0.000000,0.000000,0.000000
1749017839.471573,101.588504,108.000000,102.000000,80.000000,80.000000,80.000000,80.000000,0.000000,0.000000,0.000000,0.000000
1749017839.513046,102.041808,108.000000,101.000000,80.000000,80.000000,80.000000,80.000000,0.000000,0.000000,0.000000,0.000000
1749017839.548085,102.440983,108.000000,101.000000,80.000000,80.000000,80.000000,80.000000,0.000000,0.000000,0.000000,0.000000
1749017839.573997,102.442144,108.000000,101.000000,80.000000,80.000000,80.000000,80.000000,0.000000,0.000000,0.000000,0.000000
1749017839.608122,102.477250,108.000000,101.000000,80.000000,80.000000,80.000000,80.000000,0.000000,0.000000,0.000000,0.000000
1749017839.640935,102.455973,108.000000,101.000000,80.000000,80.000000,80.000000,80.000000,0.000000,0.000000,0.000000,0.000000
1749017839.675111,102.807734,108.000000,100.000000,80.000000,80.000000,80.000000,80.000000,0.000000,0.000000,0.000000,0.000000
1749017839.706338,102.908176,108.000000,100.000000,80.000000,80.000000,80.000000,80.000000,0.000000,0.000000,0.000000,0.000000
1749017839.738050,103.526786,108.000000,98.000000,80.000000,80.000000,80.000000,80.000000,0.000000,0.000000,0.000000,0.000000
1749017839.769909,103.809798,108.000000,98.000000,80.000000,80.000000,80.000000,80.000000,0.000000,0.000000,0.000000,0.000000
1749017839.808079,103.468972,108.000000,99.000000,80.000000,80.000000,80.000000,80.000000,0.000000,0.000000,0.000000,0.000000
1749017839.839976,104.031048,108.000000,97.000000,80.000000,80.000000,80.000000,80.000000,0.000000,0.000000,0.000000,0.000000
1749017839.871890,104.888144,108.000000,96.000000,80.000000,80.000000,80.000000,80.000000,0.000000,0.000000,0.000000,0.000000
1749017839.909549,104.946510,108.000000,96.000000,80.000000,80.000000,80.000000,80.000000,0.000000,0.000000,0.000000,0.000000
1749017839.941928,104.994184,108.000000,96.000000,80.000000,80.000000,80.000000,80.000000,0.000000,0.000000,0.000000,0.000000
1749017839.973161,105.155255,108.000000,95.000000,80.000000,80.000000,80.000000,80.000000,0.000000,0.000000,0.000000,0.000000
1749017840.011091,105.330029,108.000000,95.000000,80.000000,80.000000,80.000000,80.000000,0.000000,0.000000,0.000000,0.000000
1749017840.041014,105.306063,108.000000,95.000000,80.000000,80.000000,80.000000,80.000000,0.000000,0.000000,0.000000,0.000000
1749017840.068385,105.363873,108.000000,95.000000,80.000000,80.000000,80.000000,80.000000,0.000000,0.000000,0.000000,0.000000
1749017840.105620,105.405233,108.000000,95.000000,80.000000,80.000000,80.000000,80.000000,0.000000,0.000000,0.000000,0.000000
1749017840.137469,105.639641,108.000000,94.000000,0.000000,0.000000,0.000000,0.000000,0.000000,0.000000,0.000000,0.000000
1749017840.172708,105.907581,108.000000,94.000000,0.000000,0.000000,0.000000,0.000000,0.000000,0.000000,0.000000,0.000000
1749017840.214264,106.303912,108.000000,93.000000,0.000000,0.000000,0.000000,0.000000,0.000000,0.000000,0.000000,0.000000
1749017840.245700,106.308979,108.000000,93.000000,0.000000,0.000000,0.000000,0.000000,0.000000,0.000000,0.000000,0.000000
1749017840.271717,106.300671,108.000000,93.000000,0.000000,0.000000,0.000000,0.000000,0.000000,0.000000,0.000000,0.000000
1749017840.305341,107.267757,108.000000,91.000000,0.000000,0.000000,0.000000,0.000000,0.000000,0.000000,0.000000,0.000000
1749017840.337407,107.729551,108.000000,90.000000,0.000000,0.000000,0.000000,0.000000,0.000000,0.000000,0.000000,0.000000
1749017840.370589,107.523017,108.000000,90.000000,0.000000,0.000000,0.000000,0.000000,0.000000,0.000000,0.000000,0.000000
1749017840.404966,107.535282,108.000000,90.000000,0.000000,0.000000,0.000000,0.000000,0.000000,0.000000,0.000000,0.000000
1749017840.437183,107.922415,108.000000,90.000000,0.000000,0.000000,0.000000,0.000000,0.000000,0.000000,0.000000,0.000000
1749017840.469956,108.050950,108.000000,89.000000,0.000000,0.000000,0.000000,0.000000,0.000000,0.000000,0.000000,0.000000
1749017840.507869,108.296764,108.000000,89.000000,0.000000,0.000000,0.000000,0.000000,0.000000,0.000000,0.000000,0.000000
1749017840.540719,108.091808,108.000000,89.000000,0.000000,0.000000,0.000000,0.000000,0.000000,0.000000,0.000000,0.000000
1749017840.573117,108.055801,108.000000,89.000000,0.000000,0.000000,0.000000,0.000000,0.000000,0.000000,0.000000,0.000000
1749017840.610389,108.037588,108.000000,89.000000,0.000000,0.000000,0.000000,0.000000,0.000000,0.000000,0.000000,0.000000
1749017840.641448,108.166603,108.000000,89.000000,0.000000,0.000000,0.000000,0.000000,0.000000,0.000000,0.000000,0.000000
1749017840.673066,108.130160,108.000000,89.000000,0.000000,0.000000,0.000000,0.000000,0.000000,0.000000,0.000000,0.000000
1749017840.709085,108.275034,108.000000,89.000000,0.000000,0.000000,0.000000,0.000000,0.000000,0.000000,0.000000,0.000000
1749017840.738407,107.977663,108.000000,90.000000,0.000000,0.000000,0.000000,0.000000,0.000000,0.000000,0.000000,0.000000
1749017840.767751,108.231228,108.000000,89.000000,0.000000,0.000000,0.000000,0.000000,0.000000,0.000000,0.000000,0.000000
1749017840.805815,108.451179,108.000000,89.000000,0.000000,0.000000,0.000000,0.000000,0.000000,0.000000,0.000000,0.000000
1749017840.837101,108.499019,108.000000,89.000000,0.000000,0.000000,0.000000,0.000000,0.000000,0.000000,0.000000,0.000000
1749017840.869041,108.491628,108.000000,89.000000,0.000000,0.000000,0.000000,0.000000,0.000000,0.000000,0.000000,0.000000
1749017840.908173,108.422991,108.000000,89.000000,0.000000,0.000000,0.000000,0.000000,0.000000,0.000000,0.000000,0.000000
1749017840.942493,108.575360,108.000000,88.000000,0.000000,0.000000,0.000000,0.000000,0.000000,0.000000,0.000000,0.000000
1749017840.972540,109.175767,108.000000,87.000000,0.000000,0.000000,0.000000,0.000000,0.000000,0.000000,0.000000,0.000000
1749017841.009536,109.122838,108.000000,87.000000,0.000000,0.000000,0.000000,0.000000,0.000000,0.000000,0.000000,0.000000
1749017841.041668,108.782755,108.000000,88.000000,0.000000,0.000000,0.000000,0.000000,0.000000,0.000000,0.000000,0.000000
1749017841.073128,108.698186,108.000000,88.000000,0.000000,0.000000,0.000000,0.000000,0.000000,0.000000,0.000000,0.000000
1749017841.109434,108.672907,108.000000,88.000000,0.000000,0.000000,0.000000,0.000000,0.000000,0.000000,0.000000,0.000000
1749017841.140358,108.392411,108.000000,89.000000,0.000000,0.000000,0.000000,0.000000,0.000000,0.000000,0.000000,0.000000
1749017841.172915,108.586237,92.000000,90.000000,0.000000,0.000000,0.000000,0.000000,0.000000,0.000000,0.000000,0.000000
1749017841.210805,108.563796,92.000000,90.000000,0.000000,0.000000,0.000000,0.000000,0.000000,0.000000,0.000000,0.000000
1749017841.243506,108.582394,92.000000,90.000000,0.000000,0.000000,0.000000,0.000000,0.000000,0.000000,0.000000,0.000000
1749017841.274373,108.644164,92.000000,120.000000,0.000000,0.000000,0.000000,0.000000,0.000000,0.000000,0.000000,0.000000
1749017841.311861,108.650000,92.000000,90.000000,0.000000,0.000000,0.000000,0.000000,0.000000,0.000000,0.000000,0.000000
1749017841.345356,108.649244,92.000000,90.000000,0.000000,0.000000,0.000000,0.000000,0.000000,0.000000,0.000000,0.000000
1749017841.377651,108.532838,92.000000,90.000000,0.000000,0.000000,0.000000,0.000000,0.000000,0.000000,0.000000,0.000000
1749017841.411194,108.659134,92.000000,120.000000,0.000000,0.000000,0.000000,0.000000,0.000000,0.000000,0.000000,0.000000
1749017841.444565,108.809003,92.000000,56.000000,0.000000,0.000000,0.000000,0.000000,134.000000,134.000000,134.000000,134.000000
1749017841.474949,108.798220,92.000000,56.000000,0.000000,0.000000,0.000000,0.000000,134.000000,134.000000,134.000000,134.000000
1749017841.506833,108.663562,92.000000,56.000000,0.000000,0.000000,0.000000,0.000000,133.000000,133.000000,133.000000,133.000000
1749017841.538856,108.708893,92.000000,56.000000,0.000000,0.000000,0.000000,0.000000,133.000000,133.000000,133.000000,133.000000
1749017841.573318,108.648232,92.000000,56.000000,0.000000,0.000000,0.000000,0.000000,133.000000,133.000000,133.000000,133.000000
1749017841.606686,108.543603,92.000000,56.000000,0.000000,0.000000,0.000000,0.000000,132.000000,132.000000,132.000000,132.000000
1749017841.637066,108.639906,92.000000,56.000000,0.000000,0.000000,0.000000,0.000000,133.000000,133.000000,133.000000,133.000000
1749017841.670501,108.629715,92.000000,56.000000,0.000000,0.000000,0.000000,0.000000,133.000000,133.000000,133.000000,133.000000
1749017841.709172,108.633456,92.000000,56.000000,0.000000,0.000000,0.000000,0.000000,133.000000,133.000000,133.000000,133.000000
1749017841.744789,108.645399,92.000000,56.000000,0.000000,0.000000,0.000000,0.000000,133.000000,133.000000,133.000000,133.000000
1749017841.776000,108.634563,92.000000,56.000000,0.000000,0.000000,0.000000,0.000000,133.000000,133.000000,133.000000,133.000000
1749017841.811095,108.408242,92.000000,57.000000,0.000000,0.000000,0.000000,0.000000,131.000000,131.000000,131.000000,131.000000
1749017841.843283,108.219202,92.000000,57.000000,0.000000,0.000000,0.000000,0.000000,129.000000,129.000000,129.000000,129.000000
1749017841.876416,107.709833,92.000000,58.000000,0.000000,0.000000,0.000000,0.000000,125.000000,125.000000,125.000000,125.000000
1749017841.910738,107.414385,92.000000,59.000000,0.000000,0.000000,0.000000,0.000000,123.000000,123.000000,123.000000,123.000000
1749017841.944797,107.138763,92.000000,59.000000,0.000000,0.000000,0.000000,0.000000,121.000000,121.000000,121.000000,121.000000
1749017841.969772,106.257967,92.000000,61.000000,0.000000,0.000000,0.000000,0.000000,120.000000,120.000000,120.000000,120.000000
1749017842.005032,105.724197,92.000000,62.000000,0.000000,0.000000,0.000000,0.000000,120.000000,120.000000,120.000000,120.000000
1749017842.036911,105.466544,92.000000,63.000000,0.000000,0.000000,0.000000,0.000000,120.000000,120.000000,120.000000,120.000000
1749017842.071895,104.702239,92.000000,64.000000,0.000000,0.000000,0.000000,0.000000,120.000000,120.000000,120.000000,120.000000
1749017842.111295,104.768214,92.000000,64.000000,0.000000,0.000000,0.000000,0.000000,120.000000,120.000000,120.000000,120.000000
1749017842.145240,104.065551,92.000000,65.000000,0.000000,0.000000,0.000000,0.000000,120.000000,120.000000,120.000000,120.000000
1749017842.177119,103.650717,92.000000,66.000000,0.000000,0.000000,0.000000,0.000000,120.000000,120.000000,120.000000,120.000000
1749017842.212018,103.445620,92.000000,67.000000,0.000000,0.000000,0.000000,0.000000,120.000000,120.000000,120.000000,120.000000
1749017842.240868,103.239437,92.000000,67.000000,0.000000,0.000000,0.000000,0.000000,120.000000,120.000000,120.000000,120.000000
1749017842.273751,102.543425,92.000000,68.000000,0.000000,0.000000,0.000000,0.000000,120.000000,120.000000,120.000000,120.000000
1749017842.310216,102.259852,92.000000,69.000000,0.000000,0.000000,0.000000,0.000000,120.000000,120.000000,120.000000,120.000000
1749017842.341483,102.026824,92.000000,69.000000,0.000000,0.000000,0.000000,0.000000,120.000000,120.000000,120.000000,120.000000
1749017842.372962,101.675757,92.000000,70.000000,0.000000,0.000000,0.000000,0.000000,120.000000,120.000000,120.000000,120.000000
1749017842.409316,101.414504,92.000000,71.000000,0.000000,0.000000,0.000000,0.000000,120.000000,120.000000,120.000000,120.000000
1749017842.440927,101.081673,92.000000,71.000000,0.000000,0.000000,0.000000,0.000000,120.000000,120.000000,120.000000,120.000000
1749017842.472456,100.945704,92.000000,72.000000,0.000000,0.000000,0.000000,0.000000,120.000000,120.000000,120.000000,120.000000
1749017842.508456,101.084909,92.000000,71.000000,0.000000,0.000000,0.000000,0.000000,120.000000,120.000000,120.000000,120.000000
1749017842.542080,100.536318,92.000000,72.000000,0.000000,0.000000,0.000000,0.000000,120.000000,120.000000,120.000000,120.000000
1749017842.575259,100.522390,92.000000,72.000000,0.000000,0.000000,0.000000,0.000000,120.000000,120.000000,120.000000,120.000000
1749017842.610994,100.073234,92.000000,73.000000,0.000000,0.000000,0.000000,0.000000,120.000000,120.000000,120.000000,120.000000
1749017842.644353,100.421802,92.000000,73.000000,0.000000,0.000000,0.000000,0.000000,120.000000,120.000000,120.000000,120.000000
1749017842.676192,100.101988,92.000000,73.000000,0.000000,0.000000,0.000000,0.000000,120.000000,120.000000,120.000000,120.000000
1749017842.711002,100.542225,92.000000,72.000000,0.000000,0.000000,0.000000,0.000000,120.000000,120.000000,120.000000,120.000000
1749017842.743721,100.962513,92.000000,72.000000,0.000000,0.000000,0.000000,0.000000,120.000000,120.000000,120.000000,120.000000
1749017842.775314,100.903516,92.000000,72.000000,0.000000,0.000000,0.000000,0.000000,120.000000,120.000000,120.000000,120.000000
1749017842.810782,100.725582,92.000000,72.000000,0.000000,0.000000,0.000000,0.000000,120.000000,120.000000,120.000000,120.000000
1749017842.842343,100.386322,92.000000,73.000000,0.000000,0.000000,0.000000,0.000000,120.000000,120.000000,120.000000,120.000000
1749017842.873967,101.114432,92.000000,71.000000,0.000000,0.000000,0.000000,0.000000,120.000000,120.000000,120.000000,120.000000
1749017842.910058,101.950557,92.000000,70.000000,0.000000,0.000000,0.000000,0.000000,120.000000,120.000000,120.000000,120.000000
1749017842.941705,102.016167,92.000000,69.000000,0.000000,0.000000,0.000000,0.000000,120.000000,120.000000,120.000000,120.000000
1749017842.973424,102.035948,92.000000,69.000000,0.000000,0.000000,0.000000,0.000000,120.000000,120.000000,120.000000,120.000000
1749017843.013164,102.174014,92.000000,69.000000,0.000000,0.000000,0.000000,0.000000,120.000000,120.000000,120.000000,120.000000
1749017843.040412,102.505974,92.000000,68.000000,0.000000,0.000000,0.000000,0.000000,120.000000,120.000000,120.000000,120.000000
1749017843.068759,103.000138,92.000000,67.000000,0.000000,0.000000,0.000000,0.000000,120.000000,120.000000,120.000000,120.000000
1749017843.106534,104.249246,92.000000,65.000000,0.000000,0.000000,0.000000,0.000000,120.000000,120.000000,120.000000,120.000000
1749017843.138821,104.583211,92.000000,64.000000,0.000000,0.000000,0.000000,0.000000,120.000000,120.000000,120.000000,120.000000
1749017843.172279,105.356343,92.000000,63.000000,0.000000,0.000000,0.000000,0.000000,120.000000,120.000000,120.000000,120.000000
1749017843.209376,106.119809,92.000000,61.000000,0.000000,0.000000,0.000000,0.000000,120.000000,120.000000,120.000000,120.000000
1749017843.240116,106.169790,92.000000,61.000000,0.000000,0.000000,0.000000,0.000000,120.000000,120.000000,120.000000,120.000000
1749017843.273040,106.075980,92.000000,61.000000,0.000000,0.000000,0.000000,0.000000,120.000000,120.000000,120.000000,120.000000
1749017843.309695,105.846419,92.000000,62.000000,0.000000,0.000000,0.000000,0.000000,120.000000,120.000000,120.000000,120.000000
1749017843.341568,106.937865,92.000000,60.000000,0.000000,0.000000,0.000000,0.000000,120.000000,120.000000,120.000000,120.000000
1749017843.370222,107.418804,92.000000,59.000000,0.000000,0.000000,0.000000,0.000000,123.000000,123.000000,123.000000,123.000000
1749017843.406544,107.945598,92.000000,58.000000,0.000000,0.000000,0.000000,0.000000,127.000000,127.000000,127.000000,127.000000
1749017843.438981,108.611217,92.000000,56.000000,0.000000,0.000000,0.000000,0.000000,132.000000,132.000000,132.000000,132.000000
1749017843.471791,109.271302,92.000000,55.000000,0.000000,0.000000,0.000000,0.000000,138.000000,138.000000,138.000000,138.000000
1749017843.507517,109.724276,92.000000,54.000000,0.000000,0.000000,0.000000,0.000000,141.000000,141.000000,141.000000,141.000000
1749017843.539452,110.002703,92.000000,53.000000,0.000000,0.000000,0.000000,0.000000,144.000000,144.000000,144.000000,144.000000
1749017843.571834,110.414694,92.000000,53.000000,0.000000,0.000000,0.000000,0.000000,147.000000,147.000000,147.000000,147.000000
1749017843.608452,110.511314,92.000000,52.000000,0.000000,0.000000,0.000000,0.000000,148.000000,148.000000,148.000000,148.000000
1749017843.639869,110.678752,92.000000,52.000000,0.000000,0.000000,0.000000,0.000000,149.000000,149.000000,149.000000,149.000000
1749017843.671988,111.366225,92.000000,51.000000,0.000000,0.000000,0.000000,0.000000,154.000000,154.000000,154.000000,154.000000
1749017843.709245,111.746649,92.000000,50.000000,0.000000,0.000000,0.000000,0.000000,157.000000,157.000000,157.000000,157.000000
1749017843.740795,111.759667,92.000000,50.000000,0.000000,0.000000,0.000000,0.000000,158.000000,158.000000,158.000000,158.000000
1749017843.773728,111.770019,92.000000,50.000000,0.000000,0.000000,0.000000,0.000000,158.000000,158.000000,158.000000,158.000000
1749017843.808798,112.217579,92.000000,49.000000,0.000000,0.000000,0.000000,0.000000,161.000000,161.000000,161.000000,161.000000
1749017843.841712,111.951381,92.000000,50.000000,0.000000,0.000000,0.000000,0.000000,159.000000,159.000000,159.000000,159.000000
1749017843.873965,111.724572,92.000000,50.000000,0.000000,0.000000,0.000000,0.000000,157.000000,157.000000,157.000000,157.000000
1749017843.908469,112.251272,92.000000,49.000000,0.000000,0.000000,0.000000,0.000000,162.000000,162.000000,162.000000,162.000000
1749017843.937010,112.281269,92.000000,49.000000,0.000000,0.000000,0.000000,0.000000,162.000000,162.000000,162.000000,162.000000
1749017843.968945,112.446152,92.000000,49.000000,0.000000,0.000000,0.000000,0.000000,163.000000,163.000000,163.000000,163.000000
1749017844.008604,112.252808,92.000000,49.000000,0.000000,0.000000,0.000000,0.000000,162.000000,162.000000,162.000000,162.000000
1749017844.039667,112.564043,92.000000,48.000000,0.000000,0.000000,0.000000,0.000000,164.000000,164.000000,164.000000,164.000000
1749017844.071591,112.303955,92.000000,49.000000,0.000000,0.000000,0.000000,0.000000,162.000000,162.000000,162.000000,162.000000
1749017844.108859,111.641500,92.000000,50.000000,0.000000,0.000000,0.000000,0.000000,157.000000,157.000000,157.000000,157.000000
1749017844.141638,111.164021,92.000000,51.000000,0.000000,0.000000,0.000000,0.000000,153.000000,153.000000,153.000000,153.000000
1749017844.174005,110.987724,92.000000,52.000000,0.000000,0.000000,0.000000,0.000000,151.000000,151.000000,151.000000,151.000000
1749017844.210456,110.138988,92.000000,53.000000,0.000000,0.000000,0.000000,0.000000,145.000000,145.000000,145.000000,145.000000
1749017844.243303,109.557579,92.000000,54.000000,0.000000,0.000000,0.000000,0.000000,140.000000,140.000000,140.000000,140.000000
1749017844.271052,108.557446,92.000000,56.000000,0.000000,0.000000,0.000000,0.000000,132.000000,132.000000,132.000000,132.000000
1749017844.305451,107.476211,92.000000,59.000000,0.000000,0.000000,0.000000,0.000000,123.000000,123.000000,123.000000,123.000000
1749017844.337116,106.751043,92.000000,60.000000,0.000000,0.000000,0.000000,0.000000,120.000000,120.000000,120.000000,120.000000
1749017844.368533,106.357592,92.000000,61.000000,0.000000,0.000000,0.000000,0.000000,120.000000,120.000000,120.000000,120.000000
1749017844.405969,105.620484,92.000000,62.000000,0.000000,0.000000,0.000000,0.000000,120.000000,120.000000,120.000000,120.000000
1749017844.440901,105.395944,92.000000,63.000000,0.000000,0.000000,0.000000,0.000000,120.000000,120.000000,120.000000,120.000000
1749017844.472957,104.473759,92.000000,65.000000,0.000000,0.000000,0.000000,0.000000,120.000000,120.000000,120.000000,120.000000
1749017844.511691,104.474786,92.000000,65.000000,0.000000,0.000000,0.000000,0.000000,120.000000,120.000000,120.000000,120.000000
1749017844.544438,104.319771,92.000000,65.000000,0.000000,0.000000,0.000000,0.000000,120.000000,120.000000,120.000000,120.000000
1749017844.572864,103.283140,92.000000,67.000000,0.000000,0.000000,0.000000,0.000000,120.000000,120.000000,120.000000,120.000000
1749017844.610033,102.913235,92.000000,68.000000,0.000000,0.000000,0.000000,0.000000,120.000000,120.000000,120.000000,120.000000
1749017844.637562,103.007272,92.000000,67.000000,0.000000,0.000000,0.000000,0.000000,120.000000,120.000000,120.000000,120.000000
1749017844.668815,102.510292,92.000000,68.000000,0.000000,0.000000,0.000000,0.000000,120.000000,120.000000,120.000000,120.000000
1749017844.708782,102.045991,92.000000,69.000000,0.000000,0.000000,0.000000,0.000000,120.000000,120.000000,120.000000,120.000000
1749017844.740967,101.027860,92.000000,71.000000,0.000000,0.000000,0.000000,0.000000,120.000000,120.000000,120.000000,120.000000
1749017844.772977,100.587662,92.000000,72.000000,0.000000,0.000000,0.000000,0.000000,120.000000,120.000000,120.000000,120.000000
1749017844.809704,100.157045,92.000000,73.000000,0.000000,0.000000,0.000000,0.000000,120.000000,120.000000,120.000000,120.000000
1749017844.840829,99.722584,92.000000,74.000000,0.000000,0.000000,0.000000,0.000000,120.000000,120.000000,120.000000,120.000000
1749017844.874068,99.382335,92.000000,75.000000,0.000000,0.000000,0.000000,0.000000,120.000000,120.000000,120.000000,120.000000
1749017844.909951,99.157274,92.000000,75.000000,0.000000,0.000000,0.000000,0.000000,120.000000,120.000000,120.000000,120.000000
1749017844.942982,98.379458,92.000000,77.000000,0.000000,0.000000,0.000000,0.000000,120.000000,120.000000,120.000000,120.000000
1749017844.974040,97.664632,92.000000,78.000000,0.000000,0.000000,0.000000,0.000000,120.000000,120.000000,120.000000,120.000000
1749017845.006969,96.832704,92.000000,80.000000,0.000000,0.000000,0.000000,0.000000,120.000000,120.000000,120.000000,120.000000
1749017845.038996,95.891671,92.000000,82.000000,0.000000,0.000000,0.000000,0.000000,120.000000,120.000000,120.000000,120.000000
1749017845.073129,96.278287,92.000000,81.000000,0.000000,0.000000,0.000000,0.000000,120.000000,120.000000,120.000000,120.000000
1749017845.111034,96.156824,92.000000,81.000000,0.000000,0.000000,0.000000,0.000000,120.000000,120.000000,120.000000,120.000000
1749017845.143850,96.034548,92.000000,81.000000,0.000000,0.000000,0.000000,0.000000,120.000000,120.000000,120.000000,120.000000
1749017845.174836,95.667110,92.000000,82.000000,0.000000,0.000000,0.000000,0.000000,120.000000,120.000000,120.000000,120.000000
1749017845.210996,95.340564,92.000000,83.000000,0.000000,0.000000,0.000000,0.000000,120.000000,120.000000,120.000000,120.000000
1749017845.242506,95.097912,92.000000,83.000000,0.000000,0.000000,0.000000,0.000000,120.000000,120.000000,120.000000,120.000000
1749017845.274638,94.968576,92.000000,84.000000,0.000000,0.000000,0.000000,0.000000,120.000000,120.000000,120.000000,120.000000
1749017845.312506,94.739407,92.000000,84.000000,0.000000,0.000000,0.000000,0.000000,120.000000,120.000000,120.000000,120.000000
1749017845.341971,94.267262,92.000000,85.000000,0.000000,0.000000,0.000000,0.000000,0.000000,0.000000,0.000000,0.000000
1749017845.371295,93.642532,92.000000,86.000000,0.000000,0.000000,0.000000,0.000000,0.000000,0.000000,0.000000,0.000000
1749017845.408779,93.809941,92.000000,86.000000,0.000000,0.000000,0.000000,0.000000,0.000000,0.000000,0.000000,0.000000
1749017845.439624,93.526412,92.000000,86.000000,0.000000,0.000000,0.000000,0.000000,0.000000,0.000000,0.000000,0.000000
1749017845.479147,92.975767,92.000000,88.000000,0.000000,0.000000,0.000000,0.000000,0.000000,0.000000,0.000000,0.000000
1749017845.515828,92.830115,92.000000,88.000000,0.000000,0.000000,0.000000,0.000000,0.000000,0.000000,0.000000,0.000000
1749017845.547493,92.990946,92.000000,88.000000,0.000000,0.000000,0.000000,0.000000,0.000000,0.000000,0.000000,0.000000
1749017845.572324,92.881247,92.000000,88.000000,0.000000,0.000000,0.000000,0.000000,0.000000,0.000000,0.000000,0.000000
1749017845.606006,92.863376,92.000000,88.000000,0.000000,0.000000,0.000000,0.000000,0.000000,0.000000,0.000000,0.000000
1749017845.637645,93.081927,92.000000,87.000000,0.000000,0.000000,0.000000,0.000000,0.000000,0.000000,0.000000,0.000000
1749017845.669033,93.154808,92.000000,87.000000,0.000000,0.000000,0.000000,0.000000,0.000000,0.000000,0.000000,0.000000
1749017845.707500,93.665956,92.000000,86.000000,0.000000,0.000000,0.000000,0.000000,0.000000,0.000000,0.000000,0.000000
1749017845.739369,94.517344,92.000000,84.000000,0.000000,0.000000,0.000000,0.000000,120.000000,120.000000,120.000000,120.000000
1749017845.771822,94.607523,92.000000,84.000000,0.000000,0.000000,0.000000,0.000000,120.000000,120.000000,120.000000,120.000000
1749017845.810328,94.632519,92.000000,84.000000,0.000000,0.000000,0.000000,0.000000,120.000000,120.000000,120.000000,120.000000
1749017845.842190,94.378281,92.000000,85.000000,0.000000,0.000000,0.000000,0.000000,0.000000,0.000000,0.000000,0.000000
1749017845.873450,94.336478,92.000000,85.000000,0.000000,0.000000,0.000000,0.000000,0.000000,0.000000,0.000000,0.000000
1749017845.909951,94.012575,92.000000,85.000000,0.000000,0.000000,0.000000,0.000000,0.000000,0.000000,0.000000,0.000000
1749017845.942557,94.060283,92.000000,85.000000,0.000000,0.000000,0.000000,0.000000,0.000000,0.000000,0.000000,0.000000
1749017845.973165,93.750265,92.000000,86.000000,0.000000,0.000000,0.000000,0.000000,0.000000,0.000000,0.000000,0.000000
1749017846.009088,93.597541,92.000000,86.000000,0.000000,0.000000,0.000000,0.000000,0.000000,0.000000,0.000000,0.000000
1749017846.041394,93.656544,92.000000,86.000000,0.000000,0.000000,0.000000,0.000000,0.000000,0.000000,0.000000,0.000000
1749017846.072394,93.485043,92.000000,87.000000,0.000000,0.000000,0.000000,0.000000,0.000000,0.000000,0.000000,0.000000
1749017846.108969,93.546295,92.000000,86.000000,0.000000,0.000000,0.000000,0.000000,0.000000,0.000000,0.000000,0.000000
1749017846.141983,93.763604,92.000000,86.000000,0.000000,0.000000,0.000000,0.000000,0.000000,0.000000,0.000000,0.000000
1749017846.173469,94.043099,92.000000,85.000000,0.000000,0.000000,0.000000,0.000000,0.000000,0.000000,0.000000,0.000000
1749017846.207047,93.830976,92.000000,86.000000,0.000000,0.000000,0.000000,0.000000,0.000000,0.000000,0.000000,0.000000
1749017846.238061,93.771074,92.000000,86.000000,0.000000,0.000000,0.000000,0.000000,0.000000,0.000000,0.000000,0.000000
1749017846.269550,93.597737,92.000000,86.000000,0.000000,0.000000,0.000000,0.000000,0.000000,0.000000,0.000000,0.000000
1749017846.307091,93.119517,92.000000,87.000000,0.000000,0.000000,0.000000,0.000000,0.000000,0.000000,0.000000,0.000000
1749017846.339135,93.119614,92.000000,87.000000,0.000000,0.000000,0.000000,0.000000,0.000000,0.000000,0.000000,0.000000
1749017846.371798,92.600249,92.000000,88.000000,0.000000,0.000000,0.000000,0.000000,0.000000,0.000000,0.000000,0.000000
1749017846.410240,92.768316,92.000000,88.000000,0.000000,0.000000,0.000000,0.000000,0.000000,0.000000,0.000000,0.000000
1749017846.441774,92.883610,92.000000,88.000000,0.000000,0.000000,0.000000,0.000000,0.000000,0.000000,0.000000,0.000000
1749017846.473788,93.063602,92.000000,87.000000,0.000000,0.000000,0.000000,0.000000,0.000000,0.000000,0.000000,0.000000
1749017846.508982,93.133612,92.000000,87.000000,0.000000,0.000000,0.000000,0.000000,0.000000,0.000000,0.000000,0.000000
1749017846.541288,92.985868,92.000000,88.000000,0.000000,0.000000,0.000000,0.000000,0.000000,0.000000,0.000000,0.000000
1749017846.569559,92.745771,92.000000,88.000000,0.000000,0.000000,0.000000,0.000000,0.000000,0.000000,0.000000,0.000000
1749017846.605008,92.745264,92.000000,88.000000,0.000000,0.000000,0.000000,0.000000,0.000000,0.000000,0.000000,0.000000
1749017846.637591,92.714673,92.000000,88.000000,0.000000,0.000000,0.000000,0.000000,0.000000,0.000000,0.000000,0.000000
1749017846.672516,92.228208,92.000000,89.000000,0.000000,0.000000,0.000000,0.000000,0.000000,0.000000,0.000000,0.000000
1749017846.709076,92.081131,92.000000,89.000000,0.000000,0.000000,0.000000,0.000000,0.000000,0.000000,0.000000,0.000000
1749017846.742464,91.943708,92.000000,90.000000,0.000000,0.000000,0.000000,0.000000,0.000000,0.000000,0.000000,0.000000
1749017846.772978,91.138125,92.000000,91.000000,0.000000,0.000000,0.000000,0.000000,0.000000,0.000000,0.000000,0.000000
1749017846.808949,91.644574,96.000000,90.000000,0.000000,0.000000,0.000000,0.000000,0.000000,0.000000,0.000000,0.000000
1749017846.840955,91.595963,96.000000,90.000000,0.000000,0.000000,0.000000,0.000000,0.000000,0.000000,0.000000,0.000000
1749017846.875126,91.497115,96.000000,90.000000,0.000000,0.000000,0.000000,0.000000,0.000000,0.000000,0.000000,0.000000
1749017846.911033,91.011660,96.000000,120.000000,0.000000,0.000000,0.000000,0.000000,0.000000,0.000000,0.000000,0.000000
1749017846.938236,91.019267,96.000000,90.000000,0.000000,0.000000,0.000000,0.000000,0.000000,0.000000,0.000000,0.000000
1749017846.970801,91.114032,96.000000,90.000000,0.000000,0.000000,0.000000,0.000000,0.000000,0.000000,0.000000,0.000000
1749017847.012764,91.120707,96.000000,90.000000,0.000000,0.000000,0.000000,0.000000,0.000000,0.000000,0.000000,0.000000
1749017847.044570,91.019676,96.000000,120.000000,0.000000,0.000000,0.000000,0.000000,0.000000,0.000000,0.000000,0.000000
1749017847.073866,90.668974,96.000000,100.000000,80.000000,80.000000,80.000000,80.000000,0.000000,0.000000,0.000000,0.000000
1749017847.108021,90.551513,96.000000,100.000000,80.000000,80.000000,80.000000,80.000000,0.000000,0.000000,0.000000,0.000000
1749017847.139316,90.423809,96.000000,101.000000,80.000000,80.000000,80.000000,80.000000,0.000000,0.000000,0.000000,0.000000
1749017847.171971,90.114898,96.000000,101.000000,80.000000,80.000000,80.000000,80.000000,0.000000,0.000000,0.000000,0.000000
1749017847.207950,90.640500,96.000000,100.000000,80.000000,80.000000,80.000000,80.000000,0.000000,0.000000,0.000000,0.000000
1749017847.240956,90.296814,96.000000,101.000000,80.000000,80.000000,80.000000,80.000000,0.000000,0.000000,0.000000,0.000000
1749017847.272337,90.076793,96.000000,101.000000,80.000000,80.000000,80.000000,80.000000,0.000000,0.000000,0.000000,0.000000
1749017847.306741,90.230512,96.000000,101.000000,80.000000,80.000000,80.000000,80.000000,0.000000,0.000000,0.000000,0.000000
1749017847.337962,90.678312,96.000000,100.000000,80.000000,80.000000,80.000000,80.000000,0.000000,0.000000,0.000000,0.000000
1749017847.370920,90.853278,96.000000,100.000000,80.000000,80.000000,80.000000,80.000000,0.000000,0.000000,0.000000,0.000000
1749017847.410448,90.608214,96.000000,100.000000,80.000000,80.000000,80.000000,80.000000,0.000000,0.000000,0.000000,0.000000
1749017847.442637,90.117081,96.000000,101.000000,80.000000,80.000000,80.000000,80.000000,0.000000,0.000000,0.000000,0.000000
1749017847.474443,90.349123,96.000000,101.000000,80.000000,80.000000,80.000000,80.000000,0.000000,0.000000,0.000000,0.000000
1749017847.510598,90.259229,96.000000,101.000000,80.000000,80.000000,80.000000,80.000000,0.000000,0.000000,0.000000,0.000000
1749017847.543231,90.248901,96.000000,101.000000,80.000000,80.000000,80.000000,80.000000,0.000000,0.000000,0.000000,0.000000
1749017847.574420,90.400036,96.000000,101.000000,80.000000,80.000000,80.000000,80.000000,0.000000,0.000000,0.000000,0.000000
1749017847.609600,90.690566,96.000000,100.000000,80.000000,80.000000,80.000000,80.000000,0.000000,0.000000,0.000000,0.000000
1749017847.637731,91.305314,96.000000,99.000000,80.000000,80.000000,80.000000,80.000000,0.000000,0.000000,0.000000,0.000000
1749017847.669818,91.523464,96.000000,98.000000,80.000000,80.000000,80.000000,80.000000,0.000000,0.000000,0.000000,0.000000
1749017847.704488,91.417665,96.000000,99.000000,80.000000,80.000000,80.000000,80.000000,0.000000,0.000000,0.000000,0.000000
1749017847.737324,91.658486,96.000000,98.000000,80.000000,80.000000,80.000000,80.000000,0.000000,0.000000,0.000000,0.000000
1749017847.768959,91.903032,96.000000,98.000000,80.000000,80.000000,80.000000,80.000000,0.000000,0.000000,0.000000,0.000000
1749017847.808158,92.429964,96.000000,97.000000,80.000000,80.000000,80.000000,80.000000,0.000000,0.000000,0.000000,0.000000
1749017847.841690,92.717266,96.000000,96.000000,80.000000,80.000000,80.000000,80.000000,0.000000,0.000000,0.000000,0.000000
1749017847.873081,92.833142,96.000000,96.000000,80.000000,80.000000,80.000000,80.000000,0.000000,0.000000,0.000000,0.000000
1749017847.910231,93.127245,96.000000,95.000000,80.000000,80.000000,80.000000,80.000000,0.000000,0.000000,0.000000,0.000000
1749017847.943568,93.591758,96.000000,94.000000,0.000000,0.000000,0.000000,0.000000,0.000000,0.000000,0.000000,0.000000
1749017847.974649,93.781868,96.000000,94.000000,0.000000,0.000000,0.000000,0.000000,0.000000,0.000000,0.000000,0.000000
1749017848.011051,94.074956,96.000000,93.000000,0.000000,0.000000,0.000000,0.000000,0.000000,0.000000,0.000000,0.000000
1749017848.043311,93.990645,96.000000,94.000000,0.000000,0.000000,0.000000,0.000000,0.000000,0.000000,0.000000,0.000000
1749017848.074861,93.804823,96.000000,94.000000,0.000000,0.000000,0.000000,0.000000,0.000000,0.000000,0.000000,0.000000
1749017848.108376,94.146165,96.000000,93.000000,0.000000,0.000000,0.000000,0.000000,0.000000,0.000000,0.000000,0.000000
1749017848.140528,94.278855,96.000000,93.000000,0.000000,0.000000,0.000000,0.000000,0.000000,0.000000,0.000000,0.000000
1749017848.172486,94.315066,96.000000,93.000000,0.000000,0.000000,0.000000,0.000000,0.000000,0.000000,0.000000,0.000000
1749017848.211052,94.524036,96.000000,92.000000,0.000000,0.000000,0.000000,0.000000,0.000000,0.000000,0.000000,0.000000
1749017848.243280,94.964442,96.000000,92.000000,0.000000,0.000000,0.000000,0.000000,0.000000,0.000000,0.000000,0.000000
1749017848.274457,95.304164,96.000000,91.000000,0.000000,0.000000,0.000000,0.000000,0.000000,0.000000,0.000000,0.000000
1749017848.309404,95.003481,96.000000,91.000000,0.000000,0.000000,0.000000,0.000000,0.000000,0.000000,0.000000,0.000000
1749017848.341957,95.038883,96.000000,91.000000,0.000000,0.000000,0.000000,0.000000,0.000000,0.000000,0.000000,0.000000
1749017848.374109,94.942118,96.000000,92.000000,0.000000,0.000000,0.000000,0.000000,0.000000,0.000000,0.000000,0.000000
1749017848.409895,95.251115,96.000000,91.000000,0.000000,0.000000,0.000000,0.000000,0.000000,0.000000,0.000000,0.000000
1749017848.442966,96.190913,96.000000,89.000000,0.000000,0.000000,0.000000,0.000000,0.000000,0.000000,0.000000,0.000000
1749017848.475915,96.189105,96.000000,89.000000,0.000000,0.000000,0.000000,0.000000,0.000000,0.000000,0.000000,0.000000
1749017848.506347,95.946605,96.000000,90.000000,0.000000,0.000000,0.000000,0.000000,0.000000,0.000000,0.000000,0.000000
1749017848.537093,95.659874,96.000000,90.000000,0.000000,0.000000,0.000000,0.000000,0.000000,0.000000,0.000000,0.000000
1749017848.568403,96.143260,96.000000,89.000000,0.000000,0.000000,0.000000,0.000000,0.000000,0.000000,0.000000,0.000000
1749017848.607692,96.334137,96.000000,89.000000,0.000000,0.000000,0.000000,0.000000,0.000000,0.000000,0.000000,0.000000
1749017848.641968,95.890414,96.000000,90.000000,0.000000,0.000000,0.000000,0.000000,0.000000,0.000000,0.000000,0.000000
1749017848.673998,96.222953,96.000000,89.000000,0.000000,0.000000,0.000000,0.000000,0.000000,0.000000,0.000000,0.000000
1749017848.710700,96.807535,96.000000,88.000000,0.000000,0.000000,0.000000,0.000000,0.000000,0.000000,0.000000,0.000000
1749017848.741572,96.862533,96.000000,88.000000,0.000000,0.000000,0.000000,0.000000,0.000000,0.000000,0.000000,0.000000
1749017848.773276,96.678571,96.000000,88.000000,0.000000,0.000000,0.000000,0.000000,0.000000,0.000000,0.000000,0.000000
1749017848.810196,96.669135,96.000000,88.000000,0.000000,0.000000,0.000000,0.000000,0.000000,0.000000,0.000000,0.000000
1749017848.842608,95.961932,96.000000,90.000000,0.000000,0.000000,0.000000,0.000000,0.000000,0.000000,0.000000,0.000000
1749017848.874114,96.453587,96.000000,89.000000,0.000000,0.000000,0.000000,0.000000,0.000000,0.000000,0.000000,0.000000
1749017848.907697,97.066543,96.000000,87.000000,0.000000,0.000000,0.000000,0.000000,0.000000,0.000000,0.000000,0.000000
1749017848.940884,96.344454,96.000000,89.000000,0.000000,0.000000,0.000000,0.000000,0.000000,0.000000,0.000000,0.000000
1749017848.972720,96.389593,96.000000,89.000000,0.000000,0.000000,0.000000,0.000000,0.000000,0.000000,0.000000,0.000000
1749017849.008964,96.234570,96.000000,89.000000,0.000000,0.000000,0.000000,0.000000,0.000000,0.000000,0.000000,0.000000
1749017849.041153,95.955142,96.000000,90.000000,0.000000,0.000000,0.000000,0.000000,0.000000,0.000000,0.000000,0.000000
1749017849.072904,96.124305,96.000000,89.000000,0.000000,0.000000,0.000000,0.000000,0.000000,0.000000,0.000000,0.000000
1749017849.108818,96.573887,96.000000,88.000000,0.000000,0.000000,0.000000,0.000000,0.000000,0.000000,0.000000,0.000000
1749017849.141562,96.837444,96.000000,88.000000,0.000000,0.000000,0.000000,0.000000,0.000000,0.000000,0.000000,0.000000
1749017849.174468,96.853136,96.000000,88.000000,0.000000,0.000000,0.000000,0.000000,0.000000,0.000000,0.000000,0.000000
1749017849.209832,96.506256,96.000000,88.000000,0.000000,0.000000,0.000000,0.000000,0.000000,0.000000,0.000000,0.000000
1749017849.237140,96.386111,96.000000,89.000000,0.000000,0.000000,0.000000,0.000000,0.000000,0.000000,0.000000,0.000000
1749017849.268208,96.445627,96.000000,89.000000,0.000000,0.000000,0.000000,0.000000,0.000000,0.000000,0.000000,0.000000
1749017849.308701,96.548839,121.000000,90.000000,0.000000,0.000000,0.000000,0.000000,0.000000,0.000000,0.000000,0.000000
1749017849.339952,96.964633,121.000000,90.000000,0.000000,0.000000,0.000000,0.000000,0.000000,0.000000,0.000000,0.000000
1749017849.370982,96.869724,121.000000,90.000000,0.000000,0.000000,0.000000,0.000000,0.000000,0.000000,0.000000,0.000000
1749017849.406559,96.226620,121.000000,120.000000,0.000000,0.000000,0.000000,0.000000,0.000000,0.000000,0.000000,0.000000
1749017849.438692,96.271211,121.000000,90.000000,0.000000,0.000000,0.000000,0.000000,0.000000,0.000000,0.000000,0.000000
1749017849.471600,96.142039,121.000000,90.000000,0.000000,0.000000,0.000000,0.000000,0.000000,0.000000,0.000000,0.000000
1749017849.507821,95.621741,121.000000,90.000000,0.000000,0.000000,0.000000,0.000000,0.000000,0.000000,0.000000,0.000000
1749017849.541950,95.999076,121.000000,120.000000,0.000000,0.000000,0.000000,0.000000,0.000000,0.000000,0.000000,0.000000
1749017849.570910,96.369325,121.000000,139.000000,80.000000,80.000000,80.000000,80.000000,0.000000,0.000000,0.000000,0.000000
1749017849.605309,96.361878,121.000000,139.000000,80.000000,80.000000,80.000000,80.000000,0.000000,0.000000,0.000000,0.000000
1749017849.638387,96.667810,121.000000,138.000000,80.000000,80.000000,80.000000,80.000000,0.000000,0.000000,0.000000,0.000000
1749017849.672839,96.310811,121.000000,139.000000,80.000000,80.000000,80.000000,80.000000,0.000000,0.000000,0.000000,0.000000
1749017849.709312,96.451612,121.000000,139.000000,80.000000,80.000000,80.000000,80.000000,0.000000,0.000000,0.000000,0.000000
1749017849.739708,96.264270,121.000000,139.000000,80.000000,80.000000,80.000000,80.000000,0.000000,0.000000,0.000000,0.000000
1749017849.771474,96.272074,121.000000,139.000000,80.000000,80.000000,80.000000,80.000000,0.000000,0.000000,0.000000,0.000000
1749017849.809537,96.634186,121.000000,138.000000,80.000000,80.000000,80.000000,80.000000,0.000000,0.000000,0.000000,0.000000
1749017849.842690,96.785541,121.000000,138.000000,80.000000,80.000000,80.000000,80.000000,0.000000,0.000000,0.000000,0.000000
1749017849.875000,96.585422,121.000000,138.000000,80.000000,80.000000,80.000000,80.000000,0.000000,0.000000,0.000000,0.000000
1749017849.909070,96.568089,121.000000,138.000000,80.000000,80.000000,80.000000,80.000000,0.000000,0.000000,0.000000,0.000000
1749017849.937733,96.533625,121.000000,138.000000,80.000000,80.000000,80.000000,80.000000,0.000000,0.000000,0.000000,0.000000
1749017849.970991,96.375821,121.000000,139.000000,80.000000,80.000000,80.000000,80.000000,0.000000,0.000000,0.000000,0.000000
1749017850.006373,96.567191,121.000000,138.000000,80.000000,80.000000,80.000000,80.000000,0.000000,0.000000,0.000000,0.000000
1749017850.040589,96.563968,121.000000,138.000000,80.000000,80.000000,80.000000,80.000000,0.000000,0.000000,0.000000,0.000000
1749017850.071393,96.244962,121.000000,139.000000,80.000000,80.000000,80.000000,80.000000,0.000000,0.000000,0.000000,0.000000
1749017850.108108,96.827895,121.000000,138.000000,80.000000,80.000000,80.000000,80.000000,0.000000,0.000000,0.000000,0.000000
1749017850.139953,96.755029,121.000000,138.000000,80.000000,80.000000,80.000000,80.000000,0.000000,0.000000,0.000000,0.000000
1749017850.171975,97.432362,121.000000,137.000000,80.000000,80.000000,80.000000,80.000000,0.000000,0.000000,0.000000,0.000000
1749017850.207556,98.139575,121.000000,135.000000,80.000000,80.000000,80.000000,80.000000,0.000000,0.000000,0.000000,0.000000
1749017850.238749,98.277069,121.000000,135.000000,80.000000,80.000000,80.000000,80.000000,0.000000,0.000000,0.000000,0.000000
1749017850.270712,98.518743,121.000000,134.000000,80.000000,80.000000,80.000000,80.000000,0.000000,0.000000,0.000000,0.000000
1749017850.308975,98.595694,121.000000,134.000000,80.000000,80.000000,80.000000,80.000000,0.000000,0.000000,0.000000,0.000000
1749017850.340775,99.002355,121.000000,133.000000,80.000000,80.000000,80.000000,80.000000,0.000000,0.000000,0.000000,0.000000
1749017850.373645,99.451962,121.000000,133.000000,80.000000,80.000000,80.000000,80.000000,0.000000,0.000000,0.000000,0.000000
1749017850.410299,99.865373,121.000000,132.000000,80.000000,80.000000,80.000000,80.000000,0.000000,0.000000,0.000000,0.000000
1749017850.441967,99.851242,121.000000,132.000000,80.000000,80.000000,80.000000,80.000000,0.000000,0.000000,0.000000,0.000000
1749017850.474772,100.058283,121.000000,131.000000,80.000000,80.000000,80.000000,80.000000,0.000000,0.000000,0.000000,0.000000
1749017850.510019,100.080142,121.000000,131.000000,80.000000,80.000000,80.000000,80.000000,0.000000,0.000000,0.000000,0.000000
1749017850.541610,100.396061,121.000000,131.000000,80.000000,80.000000,80.000000,80.000000,0.000000,0.000000,0.000000,0.000000
1749017850.572884,101.492090,121.000000,129.000000,80.000000,80.000000,80.000000,80.000000,0.000000,0.000000,0.000000,0.000000
1749017850.609153,101.635603,121.000000,128.000000,80.000000,80.000000,80.000000,80.000000,0.000000,0.000000,0.000000,0.000000
1749017850.641517,102.181059,121.000000,127.000000,80.000000,80.000000,80.000000,80.000000,0.000000,0.000000,0.000000,0.000000
1749017850.672608,102.979224,121.000000,126.000000,80.000000,80.000000,80.000000,80.000000,0.000000,0.000000,0.000000,0.000000
1749017850.708823,103.184196,121.000000,125.000000,80.000000,80.000000,80.000000,80.000000,0.000000,0.000000,0.000000,0.000000
1749017850.741654,103.272987,121.000000,125.000000,80.000000,80.000000,80.000000,80.000000,0.000000,0.000000,0.000000,0.000000
1749017850.772810,103.460408,121.000000,125.000000,80.000000,80.000000,80.000000,80.000000,0.000000,0.000000,0.000000,0.000000
1749017850.805026,104.495628,121.000000,123.000000,80.000000,80.000000,80.000000,80.000000,0.000000,0.000000,0.000000,0.000000
1749017850.837400,104.901662,121.000000,122.000000,80.000000,80.000000,80.000000,80.000000,0.000000,0.000000,0.000000,0.000000
1749017850.870450,104.926383,121.000000,122.000000,80.000000,80.000000,80.000000,80.000000,0.000000,0.000000,0.000000,0.000000
1749017850.907322,104.830697,121.000000,122.000000,80.000000,80.000000,80.000000,80.000000,0.000000,0.000000,0.000000,0.000000
1749017850.939444,105.342077,121.000000,121.000000,80.000000,80.000000,80.000000,80.000000,0.000000,0.000000,0.000000,0.000000
1749017850.971074,105.423229,121.000000,121.000000,80.000000,80.000000,80.000000,80.000000,0.000000,0.000000,0.000000,0.000000
1749017851.006578,105.645692,121.000000,120.000000,80.000000,80.000000,80.000000,80.000000,0.000000,0.000000,0.000000,0.000000
1749017851.039834,105.922729,121.000000,120.000000,80.000000,80.000000,80.000000,80.000000,0.000000,0.000000,0.000000,0.000000
1749017851.073395,105.975438,121.000000,120.000000,80.000000,80.000000,80.000000,80.000000,0.000000,0.000000,0.000000,0.000000
1749017851.111280,106.462995,121.000000,119.000000,80.000000,80.000000,80.000000,80.000000,0.000000,0.000000,0.000000,0.000000
1749017851.141880,107.094246,121.000000,117.000000,80.000000,80.000000,80.000000,80.000000,0.000000,0.000000,0.000000,0.000000
1749017851.168563,107.445652,121.000000,117.000000,80.000000,80.000000,80.000000,80.000000,0.000000,0.000000,0.000000,0.000000
1749017851.207408,107.259387,121.000000,117.000000,80.000000,80.000000,80.000000,80.000000,0.000000,0.000000,0.000000,0.000000
1749017851.239789,107.632945,121.000000,116.000000,80.000000,80.000000,80.000000,80.000000,0.000000,0.000000,0.000000,0.000000
1749017851.274715,108.508853,121.000000,114.000000,80.000000,80.000000,80.000000,80.000000,0.000000,0.000000,0.000000,0.000000
1749017851.309781,108.918008,121.000000,114.000000,80.000000,80.000000,80.000000,80.000000,0.000000,0.000000,0.000000,0.000000
1749017851.341783,109.253008,121.000000,113.000000,80.000000,80.000000,80.000000,80.000000,0.000000,0.000000,0.000000,0.000000
1749017851.372790,109.405200,121.000000,113.000000,80.000000,80.000000,80.000000,80.000000,0.000000,0.000000,0.000000,0.000000
1749017851.409699,109.227363,121.000000,113.000000,80.000000,80.000000,80.000000,80.000000,0.000000,0.000000,0.000000,0.000000
1749017851.441793,109.382853,121.000000,113.000000,80.000000,80.000000,80.000000,80.000000,0.000000,0.000000,0.000000,0.000000
1749017851.474272,110.622028,121.000000,110.000000,80.000000,80.000000,80.000000,80.000000,0.000000,0.000000,0.000000,0.000000
1749017851.504609,111.040747,121.000000,109.000000,80.000000,80.000000,80.000000,80.000000,0.000000,0.000000,0.000000,0.000000
1749017851.535955,110.407317,121.000000,111.000000,80.000000,80.000000,80.000000,80.000000,0.000000,0.000000,0.000000,0.000000
1749017851.570047,110.623641,121.000000,110.000000,80.000000,80.000000,80.000000,80.000000,0.000000,0.000000,0.000000,0.000000
1749017851.607879,111.559248,121.000000,108.000000,80.000000,80.000000,80.000000,80.000000,0.000000,0.000000,0.000000,0.000000
1749017851.639087,111.350999,121.000000,109.000000,80.000000,80.000000,80.000000,80.000000,0.000000,0.000000,0.000000,0.000000
1749017851.674312,112.062334,121.000000,107.000000,80.000000,80.000000,80.000000,80.000000,0.000000,0.000000,0.000000,0.000000
1749017851.710092,113.015849,121.000000,105.000000,80.000000,80.000000,80.000000,80.000000,0.000000,0.000000,0.000000,0.000000
1749017851.743702,113.115444,121.000000,105.000000,80.000000,80.000000,80.000000,80.000000,0.000000,0.000000,0.000000,0.000000
1749017851.773446,112.925333,121.000000,106.000000,80.000000,80.000000,80.000000,80.000000,0.000000,0.000000,0.000000,0.000000
1749017851.811108,113.096523,121.000000,105.000000,80.000000,80.000000,80.000000,80.000000,0.000000,0.000000,0.000000,0.000000
1749017851.842374,114.307758,121.000000,103.000000,80.000000,80.000000,80.000000,80.000000,0.000000,0.000000,0.000000,0.000000
1749017851.868978,114.039858,121.000000,103.000000,80.000000,80.000000,80.000000,80.000000,0.000000,0.000000,0.000000,0.000000
1749017851.904198,114.206748,121.000000,103.000000,80.000000,80.000000,80.000000,80.000000,0.000000,0.000000,0.000000,0.000000
1749017851.937536,114.796104,121.000000,102.000000,80.000000,80.000000,80.000000,80.000000,0.000000,0.000000,0.000000,0.000000
1749017851.971596,114.443295,121.000000,103.000000,80.000000,80.000000,80.000000,80.000000,0.000000,0.000000,0.000000,0.000000
1749017852.011169,114.529804,121.000000,102.000000,80.000000,80.000000,80.000000,80.000000,0.000000,0.000000,0.000000,0.000000
1749017852.042589,114.920728,121.000000,102.000000,80.000000,80.000000,80.000000,80.000000,0.000000,0.000000,0.000000,0.000000
1749017852.074081,115.548555,121.000000,100.000000,80.000000,80.000000,80.000000,80.000000,0.000000,0.000000,0.000000,0.000000
1749017852.110696,115.297273,121.000000,101.000000,80.000000,80.000000,80.000000,80.000000,0.000000,0.000000,0.000000,0.000000
1749017852.143004,116.078777,121.000000,99.000000,80.000000,80.000000,80.000000,80.000000,0.000000,0.000000,0.000000,0.000000
1749017852.177253,116.737977,121.000000,98.000000,80.000000,80.000000,80.000000,80.000000,0.000000,0.000000,0.000000,0.000000
1749017852.210349,116.885763,121.000000,98.000000,80.000000,80.000000,80.000000,80.000000,0.000000,0.000000,0.000000,0.000000
1749017852.241241,116.821793,121.000000,98.000000,80.000000,80.000000,80.000000,80.000000,0.000000,0.000000,0.000000,0.000000
1749017852.273094,116.912045,121.000000,98.000000,80.000000,80.000000,80.000000,80.000000,0.000000,0.000000,0.000000,0.000000
1749017852.308076,116.989640,121.000000,98.000000,80.000000,80.000000,80.000000,80.000000,0.000000,0.000000,0.000000,0.000000
1749017852.340566,116.531026,121.000000,98.000000,80.000000,80.000000,80.000000,80.000000,0.000000,0.000000,0.000000,0.000000
1749017852.375040,116.824638,121.000000,98.000000,80.000000,80.000000,80.000000,80.000000,0.000000,0.000000,0.000000,0.000000
1749017852.411996,117.085556,121.000000,97.000000,80.000000,80.000000,80.000000,80.000000,0.000000,0.000000,0.000000,0.000000
1749017852.444511,116.608981,121.000000,98.000000,80.000000,80.000000,80.000000,80.000000,0.000000,0.000000,0.000000,0.000000
1749017852.475823,116.729188,121.000000,98.000000,80.000000,80.000000,80.000000,80.000000,0.000000,0.000000,0.000000,0.000000
1749017852.511335,117.139270,121.000000,97.000000,80.000000,80.000000,80.000000,80.000000,0.000000,0.000000,0.000000,0.000000
1749017852.543711,117.920320,121.000000,96.000000,80.000000,80.000000,80.000000,80.000000,0.000000,0.000000,0.000000,0.000000
1749017852.572469,118.272340,121.000000,95.000000,80.000000,80.000000,80.000000,80.000000,0.000000,0.000000,0.000000,0.000000
1749017852.607747,118.442144,121.000000,95.000000,80.000000,80.000000,80.000000,80.000000,0.000000,0.000000,0.000000,0.000000
1749017852.638656,118.590945,121.000000,94.000000,0.000000,0.000000,0.000000,0.000000,0.000000,0.000000,0.000000,0.000000
1749017852.670929,118.438131,121.000000,95.000000,80.000000,80.000000,80.000000,80.000000,0.000000,0.000000,0.000000,0.000000
1749017852.705956,118.834106,121.000000,94.000000,0.000000,0.000000,0.000000,0.000000,0.000000,0.000000,0.000000,0.000000
1749017852.739284,119.523168,121.000000,92.000000,0.000000,0.000000,0.000000,0.000000,0.000000,0.000000,0.000000,0.000000
1749017852.771633,119.744076,121.000000,92.000000,0.000000,0.000000,0.000000,0.000000,0.000000,0.000000,0.000000,0.000000
1749017852.809947,120.577555,121.000000,90.000000,0.000000,0.000000,0.000000,0.000000,0.000000,0.000000,0.000000,0.000000
1749017852.841708,121.638098,121.000000,88.000000,0.000000,0.000000,0.000000,0.000000,0.000000,0.000000,0.000000,0.000000
1749017852.874757,123.360173,121.000000,85.000000,0.000000,0.000000,0.000000,0.000000,0.000000,0.000000,0.000000,0.000000
1749017852.910619,124.053379,121.000000,83.000000,0.000000,0.000000,0.000000,0.000000,120.000000,120.000000,120.000000,120.000000
1749017852.941814,124.524684,121.000000,82.000000,0.000000,0.000000,0.000000,0.000000,120.000000,120.000000,120.000000,120.000000
1749017852.971677,124.411141,121.000000,83.000000,0.000000,0.000000,0.000000,0.000000,120.000000,120.000000,120.000000,120.000000
1749017853.010501,124.278252,121.000000,83.000000,0.000000,0.000000,0.000000,0.000000,120.000000,120.000000,120.000000,120.000000
1749017853.042367,125.330138,121.000000,81.000000,0.000000,0.000000,0.000000,0.000000,120.000000,120.000000,120.000000,120.000000
1749017853.072824,125.320591,121.000000,81.000000,0.000000,0.000000,0.000000,0.000000,120.000000,120.000000,120.000000,120.000000
1749017853.105544,124.742450,121.000000,82.000000,0.000000,0.000000,0.000000,0.000000,120.000000,120.000000,120.000000,120.000000
1749017853.136784,124.347841,121.000000,83.000000,0.000000,0.000000,0.000000,0.000000,120.000000,120.000000,120.000000,120.000000
1749017853.168920,124.968974,121.000000,82.000000,0.000000,0.000000,0.000000,0.000000,120.000000,120.000000,120.000000,120.000000
1749017853.210540,125.012601,121.000000,81.000000,0.000000,0.000000,0.000000,0.000000,120.000000,120.000000,120.000000,120.000000
1749017853.242064,124.884078,121.000000,82.000000,0.000000,0.000000,0.000000,0.000000,120.000000,120.000000,120.000000,120.000000
1749017853.273118,125.801320,121.000000,80.000000,0.000000,0.000000,0.000000,0.000000,120.000000,120.000000,120.000000,120.000000
1749017853.309371,125.781630,121.000000,80.000000,0.000000,0.000000,0.000000,0.000000,120.000000,120.000000,120.000000,120.000000
1749017853.342317,125.797986,121.000000,80.000000,0.000000,0.000000,0.000000,0.000000,120.000000,120.000000,120.000000,120.000000
1749017853.372583,125.539165,121.000000,80.000000,0.000000,0.000000,0.000000,0.000000,120.000000,120.000000,120.000000,120.000000
1749017853.411271,125.472268,121.000000,81.000000,0.000000,0.000000,0.000000,0.000000,120.000000,120.000000,120.000000,120.000000
1749017853.441146,124.586965,121.000000,82.000000,0.000000,0.000000,0.000000,0.000000,120.000000,120.000000,120.000000,120.000000
1749017853.467995,123.286235,121.000000,85.000000,0.000000,0.000000,0.000000,0.000000,0.000000,0.000000,0.000000,0.000000
1749017853.505962,123.290318,121.000000,85.000000,0.000000,0.000000,0.000000,0.000000,0.000000,0.000000,0.000000,0.000000
1749017853.538171,122.498466,121.000000,87.000000,0.000000,0.000000,0.000000,0.000000,0.000000,0.000000,0.000000,0.000000
1749017853.571569,122.130009,121.000000,87.000000,0.000000,0.000000,0.000000,0.000000,0.000000,0.000000,0.000000,0.000000
1749017853.606840,121.654824,121.000000,88.000000,0.000000,0.000000,0.000000,0.000000,0.000000,0.000000,0.000000,0.000000
1749017853.640171,120.466593,121.000000,91.000000,0.000000,0.000000,0.000000,0.000000,0.000000,0.000000,0.000000,0.000000
1749017853.673488,119.574289,121.000000,92.000000,0.000000,0.000000,0.000000,0.000000,0.000000,0.000000,0.000000,0.000000
1749017853.711455,119.855093,121.000000,92.000000,0.000000,0.000000,0.000000,0.000000,0.000000,0.000000,0.000000,0.000000
1749017853.744078,120.147125,121.000000,91.000000,0.000000,0.000000,0.000000,0.000000,0.000000,0.000000,0.000000,0.000000
1749017853.776819,118.886351,121.000000,94.000000,0.000000,0.000000,0.000000,0.000000,0.000000,0.000000,0.000000,0.000000
1749017853.806111,118.964716,121.000000,94.000000,0.000000,0.000000,0.000000,0.000000,0.000000,0.000000,0.000000,0.000000
1749017853.837823,119.142898,121.000000,93.000000,0.000000,0.000000,0.000000,0.000000,0.000000,0.000000,0.000000,0.000000
1749017853.871109,119.231964,121.000000,93.000000,0.000000,0.000000,0.000000,0.000000,0.000000,0.000000,0.000000,0.000000
1749017853.907108,118.357351,121.000000,95.000000,80.000000,80.000000,80.000000,80.000000,0.000000,0.000000,0.000000,0.000000
1749017853.938534,117.913594,121.000000,96.000000,80.000000,80.000000,80.000000,80.000000,0.000000,0.000000,0.000000,0.000000
1749017853.969788,117.733851,121.000000,96.000000,80.000000,80.000000,80.000000,80.000000,0.000000,0.000000,0.000000,0.000000
1749017854.007059,117.793641,121.000000,96.000000,80.000000,80.000000,80.000000,80.000000,0.000000,0.000000,0.000000,0.000000
1749017854.039289,118.217740,121.000000,95.000000,80.000000,80.000000,80.000000,80.000000,0.000000,0.000000,0.000000,0.000000
1749017854.071627,117.267516,121.000000,97.000000,80.000000,80.000000,80.000000,80.000000,0.000000,0.000000,0.000000,0.000000
1749017854.108698,116.700303,121.000000,98.000000,80.000000,80.000000,80.000000,80.000000,0.000000,0.000000,0.000000,0.000000
1749017854.141761,116.671636,121.000000,98.000000,80.000000,80.000000,80.000000,80.000000,0.000000,0.000000,0.000000,0.000000
1749017854.170005,116.630624,121.000000,98.000000,80.000000,80.000000,80.000000,80.000000,0.000000,0.000000,0.000000,0.000000
1749017854.205311,116.883726,121.000000,98.000000,80.000000,80.000000,80.000000,80.000000,0.000000,0.000000,0.000000,0.000000
1749017854.237982,116.160060,121.000000,99.000000,80.000000,80.000000,80.000000,80.000000,0.000000,0.000000,0.000000,0.000000
1749017854.270984,115.836568,121.000000,100.000000,80.000000,80.000000,80.000000,80.000000,0.000000,0.000000,0.000000,0.000000
1749017854.309980,115.973792,121.000000,100.000000,80.000000,80.000000,80.000000,80.000000,0.000000,0.000000,0.000000,0.000000
1749017854.341943,116.059608,121.000000,99.000000,80.000000,80.000000,80.000000,80.000000,0.000000,0.000000,0.000000,0.000000
1749017854.372982,115.667401,121.000000,100.000000,80.000000,80.000000,80.000000,80.000000,0.000000,0.000000,0.000000,0.000000
1749017854.408953,115.821434,121.000000,100.000000,80.000000,80.000000,80.000000,80.000000,0.000000,0.000000,0.000000,0.000000
1749017854.441241,115.607917,121.000000,100.000000,80.000000,80.000000,80.000000,80.000000,0.000000,0.000000,0.000000,0.000000
1749017854.474926,115.792185,121.000000,100.000000,80.000000,80.000000,80.000000,80.000000,0.000000,0.000000,0.000000,0.000000
1749017854.504852,116.021647,121.000000,99.000000,80.000000,80.000000,80.000000,80.000000,0.000000,0.000000,0.000000,0.000000
1749017854.536816,115.881539,121.000000,100.000000,80.000000,80.000000,80.000000,80.000000,0.000000,0.000000,0.000000,0.000000
1749017854.570906,116.438088,121.000000,99.000000,80.000000,80.000000,80.000000,80.000000,0.000000,0.000000,0.000000,0.000000
1749017854.607057,116.192185,121.000000,99.000000,80.000000,80.000000,80.000000,80.000000,0.000000,0.000000,0.000000,0.000000
1749017854.639684,116.643908,121.000000,98.000000,80.000000,80.000000,80.000000,80.000000,0.000000,0.000000,0.000000,0.000000
1749017854.672415,117.190694,121.000000,97.000000,80.000000,80.000000,80.000000,80.000000,0.000000,0.000000,0.000000,0.000000
1749017854.703972,116.574407,121.000000,98.000000,80.000000,80.000000,80.000000,80.000000,0.000000,0.000000,0.000000,0.000000
1749017854.740415,116.705973,121.000000,98.000000,80.000000,80.000000,80.000000,80.000000,0.000000,0.000000,0.000000,0.000000
1749017854.771636,117.230404,121.000000,97.000000,80.000000,80.000000,80.000000,80.000000,0.000000,0.000000,0.000000,0.000000
1749017854.808100,118.095077,121.000000,95.000000,80.000000,80.000000,80.000000,80.000000,0.000000,0.000000,0.000000,0.000000
1749017854.839139,118.726706,121.000000,94.000000,0.000000,0.000000,0.000000,0.000000,0.000000,0.000000,0.000000,0.000000
1749017854.871248,118.148372,121.000000,95.000000,80.000000,80.000000,80.000000,80.000000,0.000000,0.000000,0.000000,0.000000
1749017854.909631,118.200684,121.000000,95.000000,80.000000,80.000000,80.000000,80.000000,0.000000,0.000000,0.000000,0.000000
1749017854.941032,118.008101,121.000000,95.000000,80.000000,80.000000,80.000000,80.000000,0.000000,0.000000,0.000000,0.000000
1749017854.975340,117.660819,121.000000,96.000000,80.000000,80.000000,80.000000,80.000000,0.000000,0.000000,0.000000,0.000000
1749017855.009520,118.420790,121.000000,95.000000,80.000000,80.000000,80.000000,80.000000,0.000000,0.000000,0.000000,0.000000
1749017855.041631,118.202457,121.000000,95.000000,80.000000,80.000000,80.000000,80.000000,0.000000,0.000000,0.000000,0.000000
1749017855.073645,118.576703,121.000000,94.000000,0.000000,0.000000,0.000000,0.000000,0.000000,0.000000,0.000000,0.000000
1749017855.109792,119.361909,121.000000,93.000000,0.000000,0.000000,0.000000,0.000000,0.000000,0.000000,0.000000,0.000000
1749017855.141812,119.347103,121.000000,93.000000,0.000000,0.000000,0.000000,0.000000,0.000000,0.000000,0.000000,0.000000
1749017855.173221,118.850835,121.000000,94.000000,0.000000,0.000000,0.000000,0.000000,0.000000,0.000000,0.000000,0.000000
1749017855.210556,119.277593,121.000000,93.000000,0.000000,0.000000,0.000000,0.000000,0.000000,0.000000,0.000000,0.000000
1749017855.240643,119.483179,121.000000,93.000000,0.000000,0.000000,0.000000,0.000000,0.000000,0.000000,0.000000,0.000000
1749017855.273647,119.272226,121.000000,93.000000,0.000000,0.000000,0.000000,0.000000,0.000000,0.000000,0.000000,0.000000
1749017855.307850,119.339406,121.000000,93.000000,0.000000,0.000000,0.000000,0.000000,0.000000,0.000000,0.000000,0.000000
1749017855.342635,119.584272,121.000000,92.000000,0.000000,0.000000,0.000000,0.000000,0.000000,0.000000,0.000000,0.000000
1749017855.371718,119.499013,121.000000,93.000000,0.000000,0.000000,0.000000,0.000000,0.000000,0.000000,0.000000,0.000000
1749017855.406033,119.394449,121.000000,93.000000,0.000000,0.000000,0.000000,0.000000,0.000000,0.000000,0.000000,0.000000
1749017855.437859,119.486489,121.000000,93.000000,0.000000,0.000000,0.000000,0.000000,0.000000,0.000000,0.000000,0.000000
1749017855.471106,119.811084,121.000000,92.000000,0.000000,0.000000,0.000000,0.000000,0.000000,0.000000,0.000000,0.000000
1749017855.510856,119.471968,121.000000,93.000000,0.000000,0.000000,0.000000,0.000000,0.000000,0.000000,0.000000,0.000000
1749017855.543617,120.128392,121.000000,91.000000,0.000000,0.000000,0.000000,0.000000,0.000000,0.000000,0.000000,0.000000
1749017855.574985,120.219404,121.000000,91.000000,0.000000,0.000000,0.000000,0.000000,0.000000,0.000000,0.000000,0.000000
1749017855.608374,120.177462,121.000000,91.000000,0.000000,0.000000,0.000000,0.000000,0.000000,0.000000,0.000000,0.000000
1749017855.639799,120.052357,121.000000,91.000000,0.000000,0.000000,0.000000,0.000000,0.000000,0.000000,0.000000,0.000000
1749017855.671856,119.890016,121.000000,92.000000,0.000000,0.000000,0.000000,0.000000,0.000000,0.000000,0.000000,0.000000
1749017855.712285,119.394471,121.000000,93.000000,0.000000,0.000000,0.000000,0.000000,0.000000,0.000000,0.000000,0.000000
1749017855.737347,118.900829,115.000000,90.000000,0.000000,0.000000,0.000000,0.000000,0.000000,0.000000,0.000000,0.000000
1749017855.768377,119.811569,115.000000,90.000000,0.000000,0.000000,0.000000,0.000000,0.000000,0.000000,0.000000,0.000000
1749017855.805980,120.288413,115.000000,90.000000,0.000000,0.000000,0.000000,0.000000,0.000000,0.000000,0.000000,0.000000
1749017855.842454,119.935763,115.000000,120.000000,0.000000,0.000000,0.000000,0.000000,0.000000,0.000000,0.000000,0.000000
1749017855.874552,119.781876,115.000000,90.000000,0.000000,0.000000,0.000000,0.000000,0.000000,0.000000,0.000000,0.000000
1749017855.910859,119.285513,115.000000,90.000000,0.000000,0.000000,0.000000,0.000000,0.000000,0.000000,0.000000,0.000000
1749017855.944550,120.062443,115.000000,90.000000,0.000000,0.000000,0.000000,0.000000,0.000000,0.000000,0.000000,0.000000
1749017855.974864,119.948207,115.000000,120.000000,0.000000,0.000000,0.000000,0.000000,0.000000,0.000000,0.000000,0.000000
1749017856.007146,119.601231,115.000000,80.000000,0.000000,0.000000,0.000000,0.000000,120.000000,120.000000,120.000000,120.000000
1749017856.042065,119.076891,115.000000,81.000000,0.000000,0.000000,0.000000,0.000000,120.000000,120.000000,120.000000,120.000000
1749017856.072310,119.435020,115.000000,81.000000,0.000000,0.000000,0.000000,0.000000,120.000000,120.000000,120.000000,120.000000
1749017856.104551,119.733814,115.000000,80.000000,0.000000,0.000000,0.000000,0.000000,120.000000,120.000000,120.000000,120.000000
1749017856.136590,119.681386,115.000000,80.000000,0.000000,0.000000,0.000000,0.000000,120.000000,120.000000,120.000000,120.000000
1749017856.169369,119.587446,115.000000,80.000000,0.000000,0.000000,0.000000,0.000000,120.000000,120.000000,120.000000,120.000000
1749017856.208482,119.056584,115.000000,81.000000,0.000000,0.000000,0.000000,0.000000,120.000000,120.000000,120.000000,120.000000
1749017856.240595,119.216579,115.000000,81.000000,0.000000,0.000000,0.000000,0.000000,120.000000,120.000000,120.000000,120.000000
1749017856.273971,119.577535,115.000000,80.000000,0.000000,0.000000,0.000000,0.000000,120.000000,120.000000,120.000000,120.000000
1749017856.308746,119.658273,115.000000,80.000000,0.000000,0.000000,0.000000,0.000000,120.000000,120.000000,120.000000,120.000000
1749017856.340456,119.715385,115.000000,80.000000,0.000000,0.000000,0.000000,0.000000,120.000000,120.000000,120.000000,120.000000
1749017856.372324,119.183531,115.000000,81.000000,0.000000,0.000000,0.000000,0.000000,120.000000,120.000000,120.000000,120.000000
1749017856.410717,119.626385,115.000000,80.000000,0.000000,0.000000,0.000000,0.000000,120.000000,120.000000,120.000000,120.000000
1749017856.437517,118.966339,115.000000,82.000000,0.000000,0.000000,0.000000,0.000000,120.000000,120.000000,120.000000,120.000000
1749017856.468964,119.266181,115.000000,81.000000,0.000000,0.000000,0.000000,0.000000,120.000000,120.000000,120.000000,120.000000
1749017856.506571,118.750879,115.000000,82.000000,0.000000,0.000000,0.000000,0.000000,120.000000,120.000000,120.000000,120.000000
1749017856.538207,118.866515,115.000000,82.000000,0.000000,0.000000,0.000000,0.000000,120.000000,120.000000,120.000000,120.000000
1749017856.572453,118.827966,115.000000,82.000000,0.000000,0.000000,0.000000,0.000000,120.000000,120.000000,120.000000,120.000000
1749017856.610022,118.721497,115.000000,82.000000,0.000000,0.000000,0.000000,0.000000,120.000000,120.000000,120.000000,120.000000
1749017856.641070,118.706837,115.000000,82.000000,0.000000,0.000000,0.000000,0.000000,120.000000,120.000000,120.000000,120.000000
1749017856.673190,118.717416,115.000000,82.000000,0.000000,0.000000,0.000000,0.000000,120.000000,120.000000,120.000000,120.000000
1749017856.710844,118.840326,115.000000,82.000000,0.000000,0.000000,0.000000,0.000000,120.000000,120.000000,120.000000,120.000000
1749017856.745504,119.074044,115.000000,81.000000,0.000000,0.000000,0.000000,0.000000,120.000000,120.000000,120.000000,120.000000
1749017856.773152,119.078373,115.000000,81.000000,0.000000,0.000000,0.000000,0.000000,120.000000,120.000000,120.000000,120.000000
1749017856.807546,119.209787,115.000000,81.000000,0.000000,0.000000,0.000000,0.000000,120.000000,120.000000,120.000000,120.000000
1749017856.839017,118.986126,115.000000,82.000000,0.000000,0.000000,0.000000,0.000000,120.000000,120.000000,120.000000,120.000000
1749017856.870939,119.247294,115.000000,81.000000,0.000000,0.000000,0.000000,0.000000,120.000000,120.000000,120.000000,120.000000
1749017856.905930,118.614463,115.000000,82.000000,0.000000,0.000000,0.000000,0.000000,120.000000,120.000000,120.000000,120.000000
1749017856.938504,118.354197,115.000000,83.000000,0.000000,0.000000,0.000000,0.000000,120.000000,120.000000,120.000000,120.000000
1749017856.972262,117.582367,115.000000,84.000000,0.000000,0.000000,0.000000,0.000000,120.000000,120.000000,120.000000,120.000000
1749017857.010113,117.338513,115.000000,85.000000,0.000000,0.000000,0.000000,0.000000,0.000000,0.000000,0.000000,0.000000
1749017857.040982,117.264389,115.000000,85.000000,0.000000,0.000000,0.000000,0.000000,0.000000,0.000000,0.000000,0.000000
1749017857.073699,117.102853,115.000000,85.000000,0.000000,0.000000,0.000000,0.000000,0.000000,0.000000,0.000000,0.000000
1749017857.110501,116.765212,115.000000,86.000000,0.000000,0.000000,0.000000,0.000000,0.000000,0.000000,0.000000,0.000000
1749017857.142220,116.983096,115.000000,86.000000,0.000000,0.000000,0.000000,0.000000,0.000000,0.000000,0.000000,0.000000
1749017857.173508,116.476150,115.000000,87.000000,0.000000,0.000000,0.000000,0.000000,0.000000,0.000000,0.000000,0.000000
1749017857.209424,116.400176,115.000000,87.000000,0.000000,0.000000,0.000000,0.000000,0.000000,0.000000,0.000000,0.000000
1749017857.241255,116.539285,115.000000,86.000000,0.000000,0.000000,0.000000,0.000000,0.000000,0.000000,0.000000,0.000000
1749017857.273535,116.481905,115.000000,87.000000,0.000000,0.000000,0.000000,0.000000,0.000000,0.000000,0.000000,0.000000
1749017857.309891,115.379153,115.000000,89.000000,0.000000,0.000000,0.000000,0.000000,0.000000,0.000000,0.000000,0.000000
1749017857.342664,114.999862,115.000000,90.000000,0.000000,0.000000,0.000000,0.000000,0.000000,0.000000,0.000000,0.000000
1749017857.373728,115.167299,115.000000,89.000000,0.000000,0.000000,0.000000,0.000000,0.000000,0.000000,0.000000,0.000000
1749017857.409992,115.410906,115.000000,89.000000,0.000000,0.000000,0.000000,0.000000,0.000000,0.000000,0.000000,0.000000
1749017857.441741,114.986267,115.000000,90.000000,0.000000,0.000000,0.000000,0.000000,0.000000,0.000000,0.000000,0.000000
1749017857.474387,114.709826,115.000000,90.000000,0.000000,0.000000,0.000000,0.000000,0.000000,0.000000,0.000000,0.000000
1749017857.510297,114.530546,115.000000,90.000000,0.000000,0.000000,0.000000,0.000000,0.000000,0.000000,0.000000,0.000000
1749017857.542366,114.614188,115.000000,90.000000,0.000000,0.000000,0.000000,0.000000,0.000000,0.000000,0.000000,0.000000
1749017857.571040,114.593648,115.000000,90.000000,0.000000,0.000000,0.000000,0.000000,0.000000,0.000000,0.000000,0.000000
1749017857.610175,114.666394,115.000000,90.000000,0.000000,0.000000,0.000000,0.000000,0.000000,0.000000,0.000000,0.000000
1749017857.640684,114.141853,115.000000,91.000000,0.000000,0.000000,0.000000,0.000000,0.000000,0.000000,0.000000,0.000000
1749017857.670894,114.015761,115.000000,91.000000,0.000000,0.000000,0.000000,0.000000,0.000000,0.000000,0.000000,0.000000
1749017857.706264,113.999328,115.000000,92.000000,0.000000,0.000000,0.000000,0.000000,0.000000,0.000000,0.000000,0.000000
1749017857.737553,114.223620,115.000000,91.000000,0.000000,0.000000,0.000000,0.000000,0.000000,0.000000,0.000000,0.000000
1749017857.770968,113.802357,115.000000,92.000000,0.000000,0.000000,0.000000,0.000000,0.000000,0.000000,0.000000,0.000000
1749017857.810073,113.739540,115.000000,92.000000,0.000000,0.000000,0.000000,0.000000,0.000000,0.000000,0.000000,0.000000
1749017857.842830,113.829550,115.000000,92.000000,0.000000,0.000000,0.000000,0.000000,0.000000,0.000000,0.000000,0.000000
1749017857.872241,113.720193,115.000000,92.000000,0.000000,0.000000,0.000000,0.000000,0.000000,0.000000,0.000000,0.000000
1749017857.906487,113.743249,115.000000,92.000000,0.000000,0.000000,0.000000,0.000000,0.000000,0.000000,0.000000,0.000000
1749017857.940849,113.879248,115.000000,92.000000,0.000000,0.000000,0.000000,0.000000,0.000000,0.000000,0.000000,0.000000
1749017857.973550,113.748021,115.000000,92.000000,0.000000,0.000000,0.000000,0.000000,0.000000,0.000000,0.000000,0.000000
1749017858.009239,113.831843,115.000000,92.000000,0.000000,0.000000,0.000000,0.000000,0.000000,0.000000,0.000000,0.000000
1749017858.037459,113.628495,115.000000,92.000000,0.000000,0.000000,0.000000,0.000000,0.000000,0.000000,0.000000,0.000000
1749017858.069462,113.305251,115.000000,93.000000,0.000000,0.000000,0.000000,0.000000,0.000000,0.000000,0.000000,0.000000
1749017858.108851,113.486239,115.000000,93.000000,0.000000,0.000000,0.000000,0.000000,0.000000,0.000000,0.000000,0.000000
1749017858.143092,113.185353,115.000000,93.000000,0.000000,0.000000,0.000000,0.000000,0.000000,0.000000,0.000000,0.000000
1749017858.175966,112.751174,115.000000,94.000000,0.000000,0.000000,0.000000,0.000000,0.000000,0.000000,0.000000,0.000000
1749017858.210573,113.153809,115.000000,93.000000,0.000000,0.000000,0.000000,0.000000,0.000000,0.000000,0.000000,0.000000
1749017858.240337,113.365156,115.000000,93.000000,0.000000,0.000000,0.000000,0.000000,0.000000,0.000000,0.000000,0.000000
1749017858.272989,113.619519,115.000000,92.000000,0.000000,0.000000,0.000000,0.000000,0.000000,0.000000,0.000000,0.000000
1749017858.311509,113.316486,115.000000,93.000000,0.000000,0.000000,0.000000,0.000000,0.000000,0.000000,0.000000,0.000000
1749017858.343702,113.200541,115.000000,93.000000,0.000000,0.000000,0.000000,0.000000,0.000000,0.000000,0.000000,0.000000
1749017858.370267,113.102844,117.000000,90.000000,0.000000,0.000000,0.000000,0.000000,0.000000,0.000000,0.000000,0.000000
1749017858.406265,113.309328,117.000000,90.000000,0.000000,0.000000,0.000000,0.000000,0.000000,0.000000,0.000000,0.000000
1749017858.438523,113.373974,117.000000,90.000000,0.000000,0.000000,0.000000,0.000000,0.000000,0.000000,0.000000,0.000000
1749017858.472266,113.407900,117.000000,120.000000,0.000000,0.000000,0.000000,0.000000,0.000000,0.000000,0.000000,0.000000
1749017858.517152,113.223715,117.000000,90.000000,0.000000,0.000000,0.000000,0.000000,0.000000,0.000000,0.000000,0.000000
1749017858.546605,113.166592,117.000000,90.000000,0.000000,0.000000,0.000000,0.000000,0.000000,0.000000,0.000000,0.000000
1749017858.570969,113.397591,117.000000,90.000000,0.000000,0.000000,0.000000,0.000000,0.000000,0.000000,0.000000,0.000000
1749017858.607187,113.169600,117.000000,120.000000,0.000000,0.000000,0.000000,0.000000,0.000000,0.000000,0.000000,0.000000
1749017858.638806,113.032375,117.000000,97.000000,80.000000,80.000000,80.000000,80.000000,0.000000,0.000000,0.000000,0.000000
1749017858.672924,113.005169,117.000000,97.000000,80.000000,80.000000,80.000000,80.000000,0.000000,0.000000,0.000000,0.000000
1749017858.709337,112.815891,117.000000,98.000000,80.000000,80.000000,80.000000,80.000000,0.000000,0.000000,0.000000,0.000000
1749017858.737768,113.069921,117.000000,97.000000,80.000000,80.000000,80.000000,80.000000,0.000000,0.000000,0.000000,0.000000
1749017858.769143,112.955228,117.000000,98.000000,80.000000,80.000000,80.000000,80.000000,0.000000,0.000000,0.000000,0.000000
1749017858.806829,113.041404,117.000000,97.000000,80.000000,80.000000,80.000000,80.000000,0.000000,0.000000,0.000000,0.000000
1749017858.839201,112.850984,117.000000,98.000000,80.000000,80.000000,80.000000,80.000000,0.000000,0.000000,0.000000,0.000000
1749017858.874348,112.912038,117.000000,98.000000,80.000000,80.000000,80.000000,80.000000,0.000000,0.000000,0.000000,0.000000
1749017858.910705,112.806201,117.000000,98.000000,80.000000,80.000000,80.000000,80.000000,0.000000,0.000000,0.000000,0.000000
1749017858.941900,113.003587,117.000000,97.000000,80.000000,80.000000,80.000000,80.000000,0.000000,0.000000,0.000000,0.000000
1749017858.973381,113.001433,117.000000,97.000000,80.000000,80.000000,80.000000,80.000000,0.000000,0.000000,0.000000,0.000000
1749017859.010360,113.036920,117.000000,97.000000,80.000000,80.000000,80.000000,80.000000,0.000000,0.000000,0.000000,0.000000
1749017859.041520,113.027134,117.000000,97.000000,80.000000,80.000000,80.000000,80.000000,0.000000,0.000000,0.000000,0.000000
1749017859.069607,113.031201,117.000000,97.000000,80.000000,80.000000,80.000000,80.000000,0.000000,0.000000,0.000000,0.000000
1749017859.104750,112.765005,117.000000,98.000000,80.000000,80.000000,80.000000,80.000000,0.000000,0.000000,0.000000,0.000000
1749017859.137739,112.586093,117.000000,98.000000,80.000000,80.000000,80.000000,80.000000,0.000000,0.000000,0.000000,0.000000
1749017859.169746,112.822197,117.000000,98.000000,80.000000,80.000000,80.000000,80.000000,0.000000,0.000000,0.000000,0.000000
1749017859.211166,112.962913,117.000000,98.000000,80.000000,80.000000,80.000000,80.000000,0.000000,0.000000,0.000000,0.000000
1749017859.243697,112.683857,117.000000,98.000000,80.000000,80.000000,80.000000,80.000000,0.000000,0.000000,0.000000,0.000000
1749017859.276647,112.822407,117.000000,98.000000,80.000000,80.000000,80.000000,80.000000,0.000000,0.000000,0.000000,0.000000
1749017859.309449,112.943243,117.000000,98.000000,80.000000,80.000000,80.000000,80.000000,0.000000,0.000000,0.000000,0.000000
1749017859.341931,112.634781,117.000000,98.000000,80.000000,80.000000,80.000000,80.000000,0.000000,0.000000,0.000000,0.000000
1749017859.373838,112.766584,117.000000,98.000000,80.000000,80.000000,80.000000,80.000000,0.000000,0.000000,0.000000,0.000000
1749017859.408891,112.850108,117.000000,98.000000,80.000000,80.000000,80.000000,80.000000,0.000000,0.000000,0.000000,0.000000
1749017859.438969,112.896847,117.000000,98.000000,80.000000,80.000000,80.000000,80.000000,0.000000,0.000000,0.000000,0.000000
1749017859.470783,112.941714,117.000000,98.000000,80.000000,80.000000,80.000000,80.000000,0.000000,0.000000,0.000000,0.000000
1749017859.507902,112.933695,117.000000,98.000000,80.000000,80.000000,80.000000,80.000000,0.000000,0.000000,0.000000,0.000000
1749017859.540340,112.618147,117.000000,98.000000,80.000000,80.000000,80.000000,80.000000,0.000000,0.000000,0.000000,0.000000
1749017859.571452,112.220708,117.000000,99.000000,80.000000,80.000000,80.000000,80.000000,0.000000,0.000000,0.000000,0.000000
1749017859.609442,111.945326,117.000000,100.000000,80.000000,80.000000,80.000000,80.000000,0.000000,0.000000,0.000000,0.000000
1749017859.641303,111.740214,117.000000,100.000000,80.000000,80.000000,80.000000,80.000000,0.000000,0.000000,0.000000,0.000000
1749017859.676441,111.660985,117.000000,100.000000,80.000000,80.000000,80.000000,80.000000,0.000000,0.000000,0.000000,0.000000
1749017859.712388,111.955936,117.000000,100.000000,80.000000,80.000000,80.000000,80.000000,0.000000,0.000000,0.000000,0.000000
1749017859.744023,112.231463,117.000000,99.000000,80.000000,80.000000,80.000000,80.000000,0.000000,0.000000,0.000000,0.000000
1749017859.771618,111.725797,117.000000,100.000000,80.000000,80.000000,80.000000,80.000000,0.000000,0.000000,0.000000,0.000000
1749017859.805848,110.687544,117.000000,102.000000,80.000000,80.000000,80.000000,80.000000,0.000000,0.000000,0.000000,0.000000
1749017859.839682,109.899929,117.000000,104.000000,80.000000,80.000000,80.000000,80.000000,0.000000,0.000000,0.000000,0.000000
1749017859.874838,109.460463,117.000000,105.000000,80.000000,80.000000,80.000000,80.000000,0.000000,0.000000,0.000000,0.000000
1749017859.912912,109.111189,117.000000,105.000000,80.000000,80.000000,80.000000,80.000000,0.000000,0.000000,0.000000,0.000000
1749017859.940784,108.899385,117.000000,106.000000,80.000000,80.000000,80.000000,80.000000,0.000000,0.000000,0.000000,0.000000
1749017859.968638,108.779151,117.000000,106.000000,80.000000,80.000000,80.000000,80.000000,0.000000,0.000000,0.000000,0.000000
1749017860.004652,108.167415,117.000000,107.000000,80.000000,80.000000,80.000000,80.000000,0.000000,0.000000,0.000000,0.000000
1749017860.037399,108.022426,117.000000,107.000000,80.000000,80.000000,80.000000,80.000000,0.000000,0.000000,0.000000,0.000000
1749017860.069525,107.274055,117.000000,109.000000,80.000000,80.000000,80.000000,80.000000,0.000000,0.000000,0.000000,0.000000
1749017860.109010,106.565578,117.000000,110.000000,80.000000,80.000000,80.000000,80.000000,0.000000,0.000000,0.000000,0.000000
1749017860.140032,106.545677,117.000000,110.000000,80.000000,80.000000,80.000000,80.000000,0.000000,0.000000,0.000000,0.000000
1749017860.172364,106.105005,117.000000,111.000000,80.000000,80.000000,80.000000,80.000000,0.000000,0.000000,0.000000,0.000000
1749017860.209983,105.873397,117.000000,112.000000,80.000000,80.000000,80.000000,80.000000,0.000000,0.000000,0.000000,0.000000
1749017860.240991,105.409296,117.000000,113.000000,80.000000,80.000000,80.000000,80.000000,0.000000,0.000000,0.000000,0.000000
1749017860.275812,104.595392,117.000000,114.000000,80.000000,80.000000,80.000000,80.000000,0.000000,0.000000,0.000000,0.000000
1749017860.309589,104.080180,117.000000,115.000000,80.000000,80.000000,80.000000,80.000000,0.000000,0.000000,0.000000,0.000000
1749017860.339149,103.609448,117.000000,116.000000,80.000000,80.000000,80.000000,80.000000,0.000000,0.000000,0.000000,0.000000
1749017860.370886,103.247827,117.000000,117.000000,80.000000,80.000000,80.000000,80.000000,0.000000,0.000000,0.000000,0.000000
1749017860.406340,103.271981,117.000000,117.000000,80.000000,80.000000,80.000000,80.000000,0.000000,0.000000,0.000000,0.000000
1749017860.438096,103.221040,117.000000,117.000000,80.000000,80.000000,80.000000,80.000000,0.000000,0.000000,0.000000,0.000000
1749017860.471978,102.746229,117.000000,118.000000,80.000000,80.000000,80.000000,80.000000,0.000000,0.000000,0.000000,0.000000
1749017860.508980,102.920493,117.000000,118.000000,80.000000,80.000000,80.000000,80.000000,0.000000,0.000000,0.000000,0.000000
1749017860.542885,102.712126,117.000000,118.000000,80.000000,80.000000,80.000000,80.000000,0.000000,0.000000,0.000000,0.000000
1749017860.574270,102.274223,117.000000,119.000000,80.000000,80.000000,80.000000,80.000000,0.000000,0.000000,0.000000,0.000000
1749017860.612096,102.126879,117.000000,119.000000,80.000000,80.000000,80.000000,80.000000,0.000000,0.000000,0.000000,0.000000
1749017860.644474,101.816087,117.000000,120.000000,80.000000,80.000000,80.000000,80.000000,0.000000,0.000000,0.000000,0.000000
1749017860.672879,101.535754,117.000000,120.000000,80.000000,80.000000,80.000000,80.000000,0.000000,0.000000,0.000000,0.000000
1749017860.705116,100.830981,117.000000,122.000000,80.000000,80.000000,80.000000,80.000000,0.000000,0.000000,0.000000,0.000000
1749017860.738236,100.893267,117.000000,122.000000,80.000000,80.000000,80.000000,80.000000,0.000000,0.000000,0.000000,0.000000
1749017860.771895,100.384218,117.000000,123.000000,80.000000,80.000000,80.000000,80.000000,0.000000,0.000000,0.000000,0.000000
1749017860.812130,100.605747,117.000000,122.000000,80.000000,80.000000,80.000000,80.000000,0.000000,0.000000,0.000000,0.000000
1749017860.845115,100.945322,117.000000,122.000000,80.000000,80.000000,80.000000,80.000000,0.000000,0.000000,0.000000,0.000000
1749017860.877952,100.858036,117.000000,122.000000,80.000000,80.000000,80.000000,80.000000,0.000000,0.000000,0.000000,0.000000
1749017860.909650,101.208613,117.000000,121.000000,80.000000,80.000000,80.000000,80.000000,0.000000,0.000000,0.000000,0.000000
1749017860.942383,102.234125,117.000000,119.000000,80.000000,80.000000,80.000000,80.000000,0.000000,0.000000,0.000000,0.000000
1749017860.975986,103.471160,117.000000,117.000000,80.000000,80.000000,80.000000,80.000000,0.000000,0.000000,0.000000,0.000000
1749017861.010800,103.600462,117.000000,116.000000,80.000000,80.000000,80.000000,80.000000,0.000000,0.000000,0.000000,0.000000
1749017861.039440,103.843326,117.000000,116.000000,80.000000,80.000000,80.000000,80.000000,0.000000,0.000000,0.000000,0.000000
1749017861.072802,104.453177,117.000000,115.000000,80.000000,80.000000,80.000000,80.000000,0.000000,0.000000,0.000000,0.000000
1749017861.107544,104.871390,117.000000,114.000000,80.000000,80.000000,80.000000,80.000000,0.000000,0.000000,0.000000,0.000000
1749017861.139576,104.902022,117.000000,114.000000,80.000000,80.000000,80.000000,80.000000,0.000000,0.000000,0.000000,0.000000
1749017861.171693,105.266998,117.000000,113.000000,80.000000,80.000000,80.000000,80.000000,0.000000,0.000000,0.000000,0.000000
1749017861.207316,105.622774,117.000000,112.000000,80.000000,80.000000,80.000000,80.000000,0.000000,0.000000,0.000000,0.000000
1749017861.243043,105.333483,117.000000,113.000000,80.000000,80.000000,80.000000,80.000000,0.000000,0.000000,0.000000,0.000000
1749017861.274426,106.316376,117.000000,111.000000,80.000000,80.000000,80.000000,80.000000,0.000000,0.000000,0.000000,0.000000
1749017861.307779,106.419422,117.000000,111.000000,80.000000,80.000000,80.000000,80.000000,0.000000,0.000000,0.000000,0.000000
1749017861.341360,106.996144,117.000000,110.000000,80.000000,80.000000,80.000000,80.000000,0.000000,0.000000,0.000000,0.000000
1749017861.373283,107.478858,117.000000,109.000000,80.000000,80.000000,80.000000,80.000000,0.000000,0.000000,0.000000,0.000000
1749017861.404750,108.252744,117.000000,107.000000,80.000000,80.000000,80.000000,80.000000,0.000000,0.000000,0.000000,0.000000
1749017861.438157,108.782745,117.000000,106.000000,80.000000,80.000000,80.000000,80.000000,0.000000,0.000000,0.000000,0.000000
1749017861.470345,109.055554,117.000000,105.000000,80.000000,80.000000,80.000000,80.000000,0.000000,0.000000,0.000000,0.000000
1749017861.509321,109.868865,117.000000,104.000000,80.000000,80.000000,80.000000,80.000000,0.000000,0.000000,0.000000,0.000000
1749017861.541933,110.507007,117.000000,102.000000,80.000000,80.000000,80.000000,80.000000,0.000000,0.000000,0.000000,0.000000
1749017861.572654,110.794876,117.000000,102.000000,80.000000,80.000000,80.000000,80.000000,0.000000,0.000000,0.000000,0.000000
1749017861.609478,111.366005,117.000000,101.000000,80.000000,80.000000,80.000000,80.000000,0.000000,0.000000,0.000000,0.000000
1749017861.639714,111.834355,117.000000,100.000000,80.000000,80.000000,80.000000,80.000000,0.000000,0.000000,0.000000,0.000000
1749017861.672287,112.483333,117.000000,99.000000,80.000000,80.000000,80.000000,80.000000,0.000000,0.000000,0.000000,0.000000
1749017861.709743,112.829074,117.000000,98.000000,80.000000,80.000000,80.000000,80.000000,0.000000,0.000000,0.000000,0.000000
1749017861.741561,113.779832,117.000000,96.000000,80.000000,80.000000,80.000000,80.000000,0.000000,0.000000,0.000000,0.000000
1749017861.773452,114.021302,117.000000,95.000000,80.000000,80.000000,80.000000,80.000000,0.000000,0.000000,0.000000,0.000000
1749017861.810154,113.846095,117.000000,96.000000,80.000000,80.000000,80.000000,80.000000,0.000000,0.000000,0.000000,0.000000
1749017861.840462,114.033950,117.000000,95.000000,80.000000,80.000000,80.000000,80.000000,0.000000,0.000000,0.000000,0.000000
1749017861.873953,114.425433,117.000000,95.000000,80.000000,80.000000,80.000000,80.000000,0.000000,0.000000,0.000000,0.000000
1749017861.909700,114.815394,117.000000,94.000000,0.000000,0.000000,0.000000,0.000000,0.000000,0.000000,0.000000,0.000000
1749017861.941434,115.118679,117.000000,93.000000,0.000000,0.000000,0.000000,0.000000,0.000000,0.000000,0.000000,0.000000
1749017861.972907,115.126977,117.000000,93.000000,0.000000,0.000000,0.000000,0.000000,0.000000,0.000000,0.000000,0.000000
1749017862.009965,115.401526,117.000000,93.000000,0.000000,0.000000,0.000000,0.000000,0.000000,0.000000,0.000000,0.000000
1749017862.040662,115.586033,117.000000,92.000000,0.000000,0.000000,0.000000,0.000000,0.000000,0.000000,0.000000,0.000000
1749017862.072622,116.345050,117.000000,91.000000,0.000000,0.000000,0.000000,0.000000,0.000000,0.000000,0.000000,0.000000
1749017862.109802,116.318134,117.000000,91.000000,0.000000,0.000000,0.000000,0.000000,0.000000,0.000000,0.000000,0.000000
1749017862.142002,116.510035,117.000000,90.000000,0.000000,0.000000,0.000000,0.000000,0.000000,0.000000,0.000000,0.000000
1749017862.172925,116.755962,117.000000,90.000000,0.000000,0.000000,0.000000,0.000000,0.000000,0.000000,0.000000,0.000000
1749017862.211302,117.271363,117.000000,89.000000,0.000000,0.000000,0.000000,0.000000,0.000000,0.000000,0.000000,0.000000
1749017862.239503,117.212302,117.000000,89.000000,0.000000,0.000000,0.000000,0.000000,0.000000,0.000000,0.000000,0.000000
1749017862.269772,117.429802,117.000000,89.000000,0.000000,0.000000,0.000000,0.000000,0.000000,0.000000,0.000000,0.000000
1749017862.305927,117.843955,117.000000,88.000000,0.000000,0.000000,0.000000,0.000000,0.000000,0.000000,0.000000,0.000000
1749017862.338400,117.267729,117.000000,89.000000,0.000000,0.000000,0.000000,0.000000,0.000000,0.000000,0.000000,0.000000
1749017862.368459,117.257536,117.000000,89.000000,0.000000,0.000000,0.000000,0.000000,0.000000,0.000000,0.000000,0.000000
1749017862.406910,117.584961,117.000000,88.000000,0.000000,0.000000,0.000000,0.000000,0.000000,0.000000,0.000000,0.000000
1749017862.439532,118.177297,117.000000,87.000000,0.000000,0.000000,0.000000,0.000000,0.000000,0.000000,0.000000,0.000000
1749017862.471811,118.198551,117.000000,87.000000,0.000000,0.000000,0.000000,0.000000,0.000000,0.000000,0.000000,0.000000
1749017862.509210,118.151523,117.000000,87.000000,0.000000,0.000000,0.000000,0.000000,0.000000,0.000000,0.000000,0.000000
1749017862.541400,118.036178,117.000000,87.000000,0.000000,0.000000,0.000000,0.000000,0.000000,0.000000,0.000000,0.000000
1749017862.573787,118.286702,117.000000,87.000000,0.000000,0.000000,0.000000,0.000000,0.000000,0.000000,0.000000,0.000000
1749017862.607566,118.481719,117.000000,87.000000,0.000000,0.000000,0.000000,0.000000,0.000000,0.000000,0.000000,0.000000
1749017862.637649,118.642045,117.000000,86.000000,0.000000,0.000000,0.000000,0.000000,0.000000,0.000000,0.000000,0.000000
1749017862.669523,118.819331,117.000000,86.000000,0.000000,0.000000,0.000000,0.000000,0.000000,0.000000,0.000000,0.000000
1749017862.708375,118.570939,117.000000,86.000000,0.000000,0.000000,0.000000,0.000000,0.000000,0.000000,0.000000,0.000000
1749017862.743292,118.501675,117.000000,86.000000,0.000000,0.000000,0.000000,0.000000,0.000000,0.000000,0.000000,0.000000
1749017862.775028,118.693456,117.000000,86.000000,0.000000,0.000000,0.000000,0.000000,0.000000,0.000000,0.000000,0.000000
1749017862.811655,118.752231,117.000000,86.000000,0.000000,0.000000,0.000000,0.000000,0.000000,0.000000,0.000000,0.000000
1749017862.843422,118.782159,117.000000,86.000000,0.000000,0.000000,0.000000,0.000000,0.000000,0.000000,0.000000,0.000000
1749017862.875964,118.634911,117.000000,86.000000,0.000000,0.000000,0.000000,0.000000,0.000000,0.000000,0.000000,0.000000
1749017862.912198,118.502885,117.000000,86.000000,0.000000,0.000000,0.000000,0.000000,0.000000,0.000000,0.000000,0.000000
1749017862.943762,118.452107,117.000000,87.000000,0.000000,0.000000,0.000000,0.000000,0.000000,0.000000,0.000000,0.000000
1749017862.970218,118.874051,117.000000,86.000000,0.000000,0.000000,0.000000,0.000000,0.000000,0.000000,0.000000,0.000000
1749017863.005963,118.733045,117.000000,86.000000,0.000000,0.000000,0.000000,0.000000,0.000000,0.000000,0.000000,0.000000
1749017863.038049,118.943683,117.000000,86.000000,0.000000,0.000000,0.000000,0.000000,0.000000,0.000000,0.000000,0.000000
1749017863.071373,118.877964,117.000000,86.000000,0.000000,0.000000,0.000000,0.000000,0.000000,0.000000,0.000000,0.000000
1749017863.109826,118.739645,117.000000,86.000000,0.000000,0.000000,0.000000,0.000000,0.000000,0.000000,0.000000,0.000000
1749017863.141499,118.720952,117.000000,86.000000,0.000000,0.000000,0.000000,0.000000,0.000000,0.000000,0.000000,0.000000
1749017863.173251,118.616712,117.000000,86.000000,0.000000,0.000000,0.000000,0.000000,0.000000,0.000000,0.000000,0.000000
1749017863.210717,118.541243,117.000000,86.000000,0.000000,0.000000,0.000000,0.000000,0.000000,0.000000,0.000000,0.000000
1749017863.241381,118.794549,117.000000,86.000000,0.000000,0.000000,0.000000,0.000000,0.000000,0.000000,0.000000,0.000000
1749017863.273409,119.161883,89.000000,90.000000,0.000000,0.000000,0.000000,0.000000,0.000000,0.000000,0.000000,0.000000
1749017863.309995,118.863827,89.000000,90.000000,0.000000,0.000000,0.000000,0.000000,0.000000,0.000000,0.000000,0.000000
1749017863.335955,118.789469,89.000000,90.000000,0.000000,0.000000,0.000000,0.000000,0.000000,0.000000,0.000000,0.000000
1749017863.367646,118.842752,89.000000,120.000000,0.000000,0.000000,0.000000,0.000000,0.000000,0.000000,0.000000,0.000000
1749017863.405581,118.865697,89.000000,90.000000,0.000000,0.000000,0.000000,0.000000,0.000000,0.000000,0.000000,0.000000
1749017863.441214,119.081438,89.000000,90.000000,0.000000,0.000000,0.000000,0.000000,0.000000,0.000000,0.000000,0.000000
1749017863.475333,119.137878,89.000000,90.000000,0.000000,0.000000,0.000000,0.000000,0.000000,0.000000,0.000000,0.000000
1749017863.511503,119.108066,89.000000,120.000000,0.000000,0.000000,0.000000,0.000000,0.000000,0.000000,0.000000,0.000000
1749017863.543959,119.178427,89.000000,29.000000,0.000000,0.000000,0.000000,0.000000,241.000000,241.000000,241.000000,241.000000
1749017863.571924,118.903195,89.000000,30.000000,0.000000,0.000000,0.000000,0.000000,239.000000,239.000000,239.000000,239.000000
1749017863.612874,119.068943,89.000000,29.000000,0.000000,0.000000,0.000000,0.000000,240.000000,240.000000,240.000000,240.000000
1749017863.645826,119.096760,89.000000,29.000000,0.000000,0.000000,0.000000,0.000000,240.000000,240.000000,240.000000,240.000000
1749017863.671169,118.767226,89.000000,30.000000,0.000000,0.000000,0.000000,0.000000,238.000000,238.000000,238.000000,238.000000
1749017863.704896,119.049567,89.000000,29.000000,0.000000,0.000000,0.000000,0.000000,240.000000,240.000000,240.000000,240.000000
1749017863.736418,119.494833,89.000000,29.000000,0.000000,0.000000,0.000000,0.000000,243.000000,243.000000,243.000000,243.000000
1749017863.770663,119.103969,89.000000,29.000000,0.000000,0.000000,0.000000,0.000000,240.000000,240.000000,240.000000,240.000000
1749017863.832804,118.914549,89.000000,30.000000,0.000000,0.000000,0.000000,0.000000,239.000000,239.000000,239.000000,239.000000
1749017863.874106,119.066791,89.000000,29.000000,0.000000,0.000000,0.000000,0.000000,240.000000,240.000000,240.000000,240.000000
1749017863.905660,119.161262,89.000000,29.000000,0.000000,0.000000,0.000000,0.000000,241.000000,241.000000,241.000000,241.000000
1749017863.936296,119.053220,89.000000,29.000000,0.000000,0.000000,0.000000,0.000000,240.000000,240.000000,240.000000,240.000000
1749017863.967632,118.956863,89.000000,30.000000,0.000000,0.000000,0.000000,0.000000,239.000000,239.000000,239.000000,239.000000
1749017863.999295,118.995597,89.000000,30.000000,0.000000,0.000000,0.000000,0.000000,239.000000,239.000000,239.000000,239.000000
1749017864.032200,119.202897,89.000000,29.000000,0.000000,0.000000,0.000000,0.000000,241.000000,241.000000,241.000000,241.000000
1749017864.065549,118.711191,89.000000,30.000000,0.000000,0.000000,0.000000,0.000000,237.000000,237.000000,237.000000,237.000000
1749017864.096976,118.620363,89.000000,30.000000,0.000000,0.000000,0.000000,0.000000,236.000000,236.000000,236.000000,236.000000
1749017864.127937,118.195403,89.000000,31.000000,0.000000,0.000000,0.000000,0.000000,233.000000,233.000000,233.000000,233.000000
1749017864.160237,118.075153,89.000000,31.000000,0.000000,0.000000,0.000000,0.000000,232.000000,232.000000,232.000000,232.000000
1749017864.191211,117.750202,89.000000,32.000000,0.000000,0.000000,0.000000,0.000000,230.000000,230.000000,230.000000,230.000000
1749017864.223186,117.163475,89.000000,33.000000,0.000000,0.000000,0.000000,0.000000,225.000000,225.000000,225.000000,225.000000
1749017864.253913,116.577620,89.000000,34.000000,0.000000,0.000000,0.000000,0.000000,220.000000,220.000000,220.000000,220.000000
1749017864.277554,115.704531,89.000000,36.000000,0.000000,0.000000,0.000000,0.000000,213.000000,213.000000,213.000000,213.000000
1749017864.308366,115.264947,89.000000,37.000000,0.000000,0.000000,0.000000,0.000000,210.000000,210.000000,210.000000,210.000000
1749017864.339738,115.165922,89.000000,37.000000,0.000000,0.000000,0.000000,0.000000,209.000000,209.000000,209.000000,209.000000
1749017864.371589,114.834593,89.000000,38.000000,0.000000,0.000000,0.000000,0.000000,206.000000,206.000000,206.000000,206.000000
1749017864.408270,114.203915,89.000000,39.000000,0.000000,0.000000,0.000000,0.000000,201.000000,201.000000,201.000000,201.000000
1749017864.439758,113.431631,89.000000,41.000000,0.000000,0.000000,0.000000,0.000000,195.000000,195.000000,195.000000,195.000000
1749017864.476471,112.407050,89.000000,43.000000,0.000000,0.000000,0.000000,0.000000,187.000000,187.000000,187.000000,187.000000
1749017864.511368,112.146803,89.000000,43.000000,0.000000,0.000000,0.000000,0.000000,185.000000,185.000000,185.000000,185.000000
1749017864.545357,111.679228,89.000000,44.000000,0.000000,0.000000,0.000000,0.000000,181.000000,181.000000,181.000000,181.000000
1749017864.572937,110.970730,89.000000,46.000000,0.000000,0.000000,0.000000,0.000000,175.000000,175.000000,175.000000,175.000000
1749017864.605044,110.198039,89.000000,47.000000,0.000000,0.000000,0.000000,0.000000,169.000000,169.000000,169.000000,169.000000
1749017864.636355,109.403313,89.000000,49.000000,0.000000,0.000000,0.000000,0.000000,163.000000,163.000000,163.000000,163.000000
1749017864.670797,108.842129,89.000000,50.000000,0.000000,0.000000,0.000000,0.000000,158.000000,158.000000,158.000000,158.000000
1749017864.709234,108.839924,89.000000,50.000000,0.000000,0.000000,0.000000,0.000000,158.000000,158.000000,158.000000,158.000000
1749017864.741425,108.046857,89.000000,51.000000,0.000000,0.000000,0.000000,0.000000,152.000000,152.000000,152.000000,152.000000
1749017864.773331,107.175242,89.000000,53.000000,0.000000,0.000000,0.000000,0.000000,145.000000,145.000000,145.000000,145.000000
1749017864.811146,107.397506,89.000000,53.000000,0.000000,0.000000,0.000000,0.000000,147.000000,147.000000,147.000000,147.000000
1749017864.842628,106.986252,89.000000,54.000000,0.000000,0.000000,0.000000,0.000000,143.000000,143.000000,143.000000,143.000000
1749017864.876403,106.021667,89.000000,55.000000,0.000000,0.000000,0.000000,0.000000,136.000000,136.000000,136.000000,136.000000
1749017864.912632,105.300736,89.000000,57.000000,0.000000,0.000000,0.000000,0.000000,130.000000,130.000000,130.000000,130.000000
1749017864.945482,104.730163,89.000000,58.000000,0.000000,0.000000,0.000000,0.000000,125.000000,125.000000,125.000000,125.000000
1749017864.975410,104.076754,89.000000,59.000000,0.000000,0.000000,0.000000,0.000000,120.000000,120.000000,120.000000,120.000000
1749017865.011513,103.239018,89.000000,61.000000,0.000000,0.000000,0.000000,0.000000,120.000000,120.000000,120.000000,120.000000
1749017865.042572,102.941948,89.000000,62.000000,0.000000,0.000000,0.000000,0.000000,120.000000,120.000000,120.000000,120.000000
1749017865.074003,102.064266,89.000000,63.000000,0.000000,0.000000,0.000000,0.000000,120.000000,120.000000,120.000000,120.000000
1749017865.111661,101.903363,89.000000,64.000000,0.000000,0.000000,0.000000,0.000000,120.000000,120.000000,120.000000,120.000000
1749017865.144008,101.446431,89.000000,65.000000,0.000000,0.000000,0.000000,0.000000,120.000000,120.000000,120.000000,120.000000
1749017865.176017,101.346166,89.000000,65.000000,0.000000,0.000000,0.000000,0.000000,120.000000,120.000000,120.000000,120.000000
1749017865.211808,101.147200,89.000000,65.000000,0.000000,0.000000,0.000000,0.000000,120.000000,120.000000,120.000000,120.000000
1749017865.243095,100.712180,89.000000,66.000000,0.000000,0.000000,0.000000,0.000000,120.000000,120.000000,120.000000,120.000000
1749017865.277723,100.976182,89.000000,66.000000,0.000000,0.000000,0.000000,0.000000,120.000000,120.000000,120.000000,120.000000
1749017865.313335,100.854125,89.000000,66.000000,0.000000,0.000000,0.000000,0.000000,120.000000,120.000000,120.000000,120.000000
1749017865.343774,100.284967,89.000000,67.000000,0.000000,0.000000,0.000000,0.000000,120.000000,120.000000,120.000000,120.000000
1749017865.374241,99.953539,89.000000,68.000000,0.000000,0.000000,0.000000,0.000000,120.000000,120.000000,120.000000,120.000000
1749017865.411828,99.665965,89.000000,68.000000,0.000000,0.000000,0.000000,0.000000,120.000000,120.000000,120.000000,120.000000
1749017865.444454,98.792391,89.000000,70.000000,0.000000,0.000000,0.000000,0.000000,120.000000,120.000000,120.000000,120.000000
1749017865.476065,98.944054,89.000000,70.000000,0.000000,0.000000,0.000000,0.000000,120.000000,120.000000,120.000000,120.000000
1749017865.512113,98.370245,89.000000,71.000000,0.000000,0.000000,0.000000,0.000000,120.000000,120.000000,120.000000,120.000000
1749017865.543949,97.516933,89.000000,72.000000,0.000000,0.000000,0.000000,0.000000,120.000000,120.000000,120.000000,120.000000
1749017865.574611,97.833648,89.000000,72.000000,0.000000,0.000000,0.000000,0.000000,120.000000,120.000000,120.000000,120.000000
1749017865.610918,97.571552,89.000000,72.000000,0.000000,0.000000,0.000000,0.000000,120.000000,120.000000,120.000000,120.000000
1749017865.647213,97.324030,89.000000,73.000000,0.000000,0.000000,0.000000,0.000000,120.000000,120.000000,120.000000,120.000000
1749017865.671629,97.404676,89.000000,73.000000,0.000000,0.000000,0.000000,0.000000,120.000000,120.000000,120.000000,120.000000
1749017865.705046,96.955103,89.000000,74.000000,0.000000,0.000000,0.000000,0.000000,120.000000,120.000000,120.000000,120.000000
1749017865.736472,96.899395,89.000000,74.000000,0.000000,0.000000,0.000000,0.000000,120.000000,120.000000,120.000000,120.000000
1749017865.770298,96.311156,89.000000,75.000000,0.000000,0.000000,0.000000,0.000000,120.000000,120.000000,120.000000,120.000000
1749017865.814213,95.862155,89.000000,76.000000,0.000000,0.000000,0.000000,0.000000,120.000000,120.000000,120.000000,120.000000
1749017865.845654,95.959994,89.000000,76.000000,0.000000,0.000000,0.000000,0.000000,120.000000,120.000000,120.000000,120.000000
1749017865.872809,95.850911,89.000000,76.000000,0.000000,0.000000,0.000000,0.000000,120.000000,120.000000,120.000000,120.000000
1749017865.906488,96.028859,89.000000,75.000000,0.000000,0.000000,0.000000,0.000000,120.000000,120.000000,120.000000,120.000000
1749017865.938392,96.016206,89.000000,75.000000,0.000000,0.000000,0.000000,0.000000,120.000000,120.000000,120.000000,120.000000
1749017865.972481,95.453625,89.000000,77.000000,0.000000,0.000000,0.000000,0.000000,120.000000,120.000000,120.000000,120.000000
1749017866.010587,94.974103,89.000000,78.000000,0.000000,0.000000,0.000000,0.000000,120.000000,120.000000,120.000000,120.000000
1749017866.037466,94.709872,89.000000,78.000000,0.000000,0.000000,0.000000,0.000000,120.000000,120.000000,120.000000,120.000000
1749017866.068602,94.244391,89.000000,79.000000,0.000000,0.000000,0.000000,0.000000,120.000000,120.000000,120.000000,120.000000
1749017866.105918,93.536399,89.000000,80.000000,0.000000,0.000000,0.000000,0.000000,120.000000,120.000000,120.000000,120.000000
1749017866.138460,93.318751,89.000000,81.000000,0.000000,0.000000,0.000000,0.000000,120.000000,120.000000,120.000000,120.000000
1749017866.170875,92.951268,89.000000,82.000000,0.000000,0.000000,0.000000,0.000000,120.000000,120.000000,120.000000,120.000000
1749017866.206683,92.871851,89.000000,82.000000,0.000000,0.000000,0.000000,0.000000,120.000000,120.000000,120.000000,120.000000
1749017866.239029,92.334700,89.000000,83.000000,0.000000,0.000000,0.000000,0.000000,120.000000,120.000000,120.000000,120.000000
1749017866.270885,92.245494,89.000000,83.000000,0.000000,0.000000,0.000000,0.000000,120.000000,120.000000,120.000000,120.000000
1749017866.309766,92.283015,89.000000,83.000000,0.000000,0.000000,0.000000,0.000000,120.000000,120.000000,120.000000,120.000000
1749017866.344342,92.291680,89.000000,83.000000,0.000000,0.000000,0.000000,0.000000,120.000000,120.000000,120.000000,120.000000
1749017866.376004,92.722021,89.000000,82.000000,0.000000,0.000000,0.000000,0.000000,120.000000,120.000000,120.000000,120.000000
1749017866.408933,92.409421,89.000000,83.000000,0.000000,0.000000,0.000000,0.000000,120.000000,120.000000,120.000000,120.000000
1749017866.440354,92.248583,89.000000,83.000000,0.000000,0.000000,0.000000,0.000000,120.000000,120.000000,120.000000,120.000000
1749017866.473066,92.107969,89.000000,83.000000,0.000000,0.000000,0.000000,0.000000,120.000000,120.000000,120.000000,120.000000
1749017866.508589,91.966715,89.000000,84.000000,0.000000,0.000000,0.000000,0.000000,120.000000,120.000000,120.000000,120.000000
1749017866.540400,92.522977,89.000000,82.000000,0.000000,0.000000,0.000000,0.000000,120.000000,120.000000,120.000000,120.000000
1749017866.571854,92.991180,89.000000,82.000000,0.000000,0.000000,0.000000,0.000000,120.000000,120.000000,120.000000,120.000000
1749017866.612215,93.459807,89.000000,81.000000,0.000000,0.000000,0.000000,0.000000,120.000000,120.000000,120.000000,120.000000
1749017866.645985,93.647695,89.000000,80.000000,0.000000,0.000000,0.000000,0.000000,120.000000,120.000000,120.000000,120.000000
1749017866.673845,94.033981,89.000000,79.000000,0.000000,0.000000,0.000000,0.000000,120.000000,120.000000,120.000000,120.000000
1749017866.706660,94.638889,89.000000,78.000000,0.000000,0.000000,0.000000,0.000000,120.000000,120.000000,120.000000,120.000000
1749017866.738387,95.448432,89.000000,77.000000,0.000000,0.000000,0.000000,0.000000,120.000000,120.000000,120.000000,120.000000
1749017866.775281,95.574185,89.000000,76.000000,0.000000,0.000000,0.000000,0.000000,120.000000,120.000000,120.000000,120.000000
1749017866.812025,96.061589,89.000000,75.000000,0.000000,0.000000,0.000000,0.000000,120.000000,120.000000,120.000000,120.000000
1749017866.843287,96.871221,89.000000,74.000000,0.000000,0.000000,0.000000,0.000000,120.000000,120.000000,120.000000,120.000000
1749017866.875667,97.134100,89.000000,73.000000,0.000000,0.000000,0.000000,0.000000,120.000000,120.000000,120.000000,120.000000
1749017866.908461,97.741730,89.000000,72.000000,0.000000,0.000000,0.000000,0.000000,120.000000,120.000000,120.000000,120.000000
1749017866.936970,98.346665,89.000000,71.000000,0.000000,0.000000,0.000000,0.000000,120.000000,120.000000,120.000000,120.000000
1749017866.968976,98.762144,89.000000,70.000000,0.000000,0.000000,0.000000,0.000000,120.000000,120.000000,120.000000,120.000000
1749017867.005295,99.517034,89.000000,68.000000,0.000000,0.000000,0.000000,0.000000,120.000000,120.000000,120.000000,120.000000
1749017867.039628,100.053865,89.000000,67.000000,0.000000,0.000000,0.000000,0.000000,120.000000,120.000000,120.000000,120.000000
1749017867.074379,100.967644,89.000000,66.000000,0.000000,0.000000,0.000000,0.000000,120.000000,120.000000,120.000000,120.000000
1749017867.111478,102.107533,89.000000,63.000000,0.000000,0.000000,0.000000,0.000000,120.000000,120.000000,120.000000,120.000000
1749017867.143998,102.845587,89.000000,62.000000,0.000000,0.000000,0.000000,0.000000,120.000000,120.000000,120.000000,120.000000
1749017867.174959,102.753801,89.000000,62.000000,0.000000,0.000000,0.000000,0.000000,120.000000,120.000000,120.000000,120.000000
1749017867.211775,103.111982,89.000000,61.000000,0.000000,0.000000,0.000000,0.000000,120.000000,120.000000,120.000000,120.000000
1749017867.248044,103.968583,89.000000,60.000000,0.000000,0.000000,0.000000,0.000000,120.000000,120.000000,120.000000,120.000000
1749017867.271515,105.029222,89.000000,57.000000,0.000000,0.000000,0.000000,0.000000,128.000000,128.000000,128.000000,128.000000
1749017867.304385,105.400416,89.000000,57.000000,0.000000,0.000000,0.000000,0.000000,131.000000,131.000000,131.000000,131.000000
1749017867.336961,105.652322,89.000000,56.000000,0.000000,0.000000,0.000000,0.000000,133.000000,133.000000,133.000000,133.000000
1749017867.369646,106.555543,89.000000,54.000000,0.000000,0.000000,0.000000,0.000000,140.000000,140.000000,140.000000,140.000000
1749017867.408784,106.745477,89.000000,54.000000,0.000000,0.000000,0.000000,0.000000,141.000000,141.000000,141.000000,141.000000
1749017867.443697,107.063563,89.000000,53.000000,0.000000,0.000000,0.000000,0.000000,144.000000,144.000000,144.000000,144.000000
1749017867.476009,107.829554,89.000000,52.000000,0.000000,0.000000,0.000000,0.000000,150.000000,150.000000,150.000000,150.000000
1749017867.511764,108.207182,89.000000,51.000000,0.000000,0.000000,0.000000,0.000000,153.000000,153.000000,153.000000,153.000000
1749017867.544103,108.587516,89.000000,50.000000,0.000000,0.000000,0.000000,0.000000,156.000000,156.000000,156.000000,156.000000
1749017867.575427,109.583862,89.000000,48.000000,0.000000,0.000000,0.000000,0.000000,164.000000,164.000000,164.000000,164.000000
1749017867.610487,110.095845,89.000000,47.000000,0.000000,0.000000,0.000000,0.000000,168.000000,168.000000,168.000000,168.000000
1749017867.636971,110.555140,89.000000,46.000000,0.000000,0.000000,0.000000,0.000000,172.000000,172.000000,172.000000,172.000000
1749017867.668423,111.380552,89.000000,45.000000,0.000000,0.000000,0.000000,0.000000,179.000000,179.000000,179.000000,179.000000
1749017867.708498,111.654773,89.000000,44.000000,0.000000,0.000000,0.000000,0.000000,181.000000,181.000000,181.000000,181.000000
1749017867.741687,111.915955,89.000000,44.000000,0.000000,0.000000,0.000000,0.000000,183.000000,183.000000,183.000000,183.000000
1749017867.773354,112.882537,89.000000,42.000000,0.000000,0.000000,0.000000,0.000000,191.000000,191.000000,191.000000,191.000000
1749017867.812609,114.260080,89.000000,39.000000,0.000000,0.000000,0.000000,0.000000,202.000000,202.000000,202.000000,202.000000
1749017867.842742,115.290776,89.000000,37.000000,0.000000,0.000000,0.000000,0.000000,210.000000,210.000000,210.000000,210.000000
1749017867.875050,114.522015,89.000000,38.000000,0.000000,0.000000,0.000000,0.000000,204.000000,204.000000,204.000000,204.000000
1749017867.910677,114.794524,89.000000,38.000000,0.000000,0.000000,0.000000,0.000000,206.000000,206.000000,206.000000,206.000000
1749017867.945555,115.726174,89.000000,36.000000,0.000000,0.000000,0.000000,0.000000,213.000000,213.000000,213.000000,213.000000
1749017867.977173,115.774461,89.000000,36.000000,0.000000,0.000000,0.000000,0.000000,214.000000,214.000000,214.000000,214.000000
1749017868.008288,115.995882,89.000000,36.000000,0.000000,0.000000,0.000000,0.000000,215.000000,215.000000,215.000000,215.000000
1749017868.036970,116.252257,89.000000,35.000000,0.000000,0.000000,0.000000,0.000000,218.000000,218.000000,218.000000,218.000000
1749017868.068750,116.122874,89.000000,35.000000,0.000000,0.000000,0.000000,0.000000,216.000000,216.000000,216.000000,216.000000
1749017868.105060,117.178850,89.000000,33.000000,0.000000,0.000000,0.000000,0.000000,225.000000,225.000000,225.000000,225.000000
1749017868.139881,117.988423,89.000000,32.000000,0.000000,0.000000,0.000000,0.000000,231.000000,231.000000,231.000000,231.000000
1749017868.173073,118.291104,89.000000,31.000000,0.000000,0.000000,0.000000,0.000000,234.000000,234.000000,234.000000,234.000000
1749017868.211446,119.547206,89.000000,28.000000,0.000000,0.000000,0.000000,0.000000,244.000000,244.000000,244.000000,244.000000
1749017868.241664,121.085889,89.000000,25.000000,0.000000,0.000000,0.000000,0.000000,250.000000,250.000000,250.000000,250.000000
1749017868.273409,121.937063,89.000000,24.000000,0.000000,0.000000,0.000000,0.000000,250.000000,250.000000,250.000000,250.000000
1749017868.310153,122.306051,89.000000,23.000000,0.000000,0.000000,0.000000,0.000000,250.000000,250.000000,250.000000,250.000000
1749017868.344085,121.984952,89.000000,24.000000,0.000000,0.000000,0.000000,0.000000,250.000000,250.000000,250.000000,250.000000
1749017868.373229,122.218880,89.000000,23.000000,0.000000,0.000000,0.000000,0.000000,250.000000,250.000000,250.000000,250.000000
1749017868.410779,122.143518,89.000000,23.000000,0.000000,0.000000,0.000000,0.000000,250.000000,250.000000,250.000000,250.000000
1749017868.441875,121.599621,89.000000,24.000000,0.000000,0.000000,0.000000,0.000000,250.000000,250.000000,250.000000,250.000000
1749017868.473017,122.139766,89.000000,23.000000,0.000000,0.000000,0.000000,0.000000,250.000000,250.000000,250.000000,250.000000
1749017868.509452,122.017227,89.000000,23.000000,0.000000,0.000000,0.000000,0.000000,250.000000,250.000000,250.000000,250.000000
1749017868.539066,122.050035,89.000000,23.000000,0.000000,0.000000,0.000000,0.000000,250.000000,250.000000,250.000000,250.000000
1749017868.570585,123.149757,89.000000,21.000000,0.000000,0.000000,0.000000,0.000000,250.000000,250.000000,250.000000,250.000000
1749017868.608946,124.118338,89.000000,19.000000,0.000000,0.000000,0.000000,0.000000,250.000000,250.000000,250.000000,250.000000
1749017868.644127,124.859269,89.000000,18.000000,0.000000,0.000000,0.000000,0.000000,250.000000,250.000000,250.000000,250.000000
1749017868.679113,125.930974,89.000000,16.000000,0.000000,0.000000,0.000000,0.000000,250.000000,250.000000,250.000000,250.000000
1749017868.712296,126.833948,89.000000,14.000000,0.000000,0.000000,0.000000,0.000000,250.000000,250.000000,250.000000,250.000000
1749017868.745697,127.330963,89.000000,13.000000,0.000000,0.000000,0.000000,0.000000,250.000000,250.000000,250.000000,250.000000
1749017868.777596,127.447801,89.000000,13.000000,0.000000,0.000000,0.000000,0.000000,250.000000,250.000000,250.000000,250.000000
1749017868.811875,127.621011,89.000000,12.000000,0.000000,0.000000,0.000000,0.000000,250.000000,250.000000,250.000000,250.000000
1749017868.843809,128.137841,89.000000,11.000000,0.000000,0.000000,0.000000,0.000000,250.000000,250.000000,250.000000,250.000000
1749017868.878419,127.977907,89.000000,12.000000,0.000000,0.000000,0.000000,0.000000,250.000000,250.000000,250.000000,250.000000
1749017868.909507,127.850120,89.000000,12.000000,0.000000,0.000000,0.000000,0.000000,250.000000,250.000000,250.000000,250.000000
1749017868.941135,128.419027,89.000000,11.000000,0.000000,0.000000,0.000000,0.000000,250.000000,250.000000,250.000000,250.000000
1749017868.973560,129.570685,89.000000,8.000000,0.000000,0.000000,0.000000,0.000000,250.000000,250.000000,250.000000,250.000000
1749017869.011310,130.537212,89.000000,6.000000,0.000000,0.000000,0.000000,0.000000,250.000000,250.000000,250.000000,250.000000
1749017869.042048,131.067253,89.000000,5.000000,0.000000,0.000000,0.000000,0.000000,250.000000,250.000000,250.000000,250.000000
1749017869.075157,130.816861,89.000000,6.000000,0.000000,0.000000,0.000000,0.000000,250.000000,250.000000,250.000000,250.000000
1749017869.110407,130.824509,89.000000,6.000000,0.000000,0.000000,0.000000,0.000000,250.000000,250.000000,250.000000,250.000000
1749017869.142714,131.145348,89.000000,5.000000,0.000000,0.000000,0.000000,0.000000,250.000000,250.000000,250.000000,250.000000
1749017869.174431,131.430067,89.000000,5.000000,0.000000,0.000000,0.000000,0.000000,250.000000,250.000000,250.000000,250.000000
1749017869.211846,131.520206,89.000000,4.000000,0.000000,0.000000,0.000000,0.000000,250.000000,250.000000,250.000000,250.000000
1749017869.239902,130.815001,89.000000,6.000000,0.000000,0.000000,0.000000,0.000000,250.000000,250.000000,250.000000,250.000000
1749017869.268908,130.186664,89.000000,7.000000,0.000000,0.000000,0.000000,0.000000,250.000000,250.000000,250.000000,250.000000
1749017869.304622,130.079343,89.000000,7.000000,0.000000,0.000000,0.000000,0.000000,250.000000,250.000000,250.000000,250.000000
1749017869.337922,128.570357,89.000000,10.000000,0.000000,0.000000,0.000000,0.000000,250.000000,250.000000,250.000000,250.000000
1749017869.371520,126.755817,89.000000,14.000000,0.000000,0.000000,0.000000,0.000000,250.000000,250.000000,250.000000,250.000000
1749017869.408824,125.375368,89.000000,17.000000,0.000000,0.000000,0.000000,0.000000,250.000000,250.000000,250.000000,250.000000
1749017869.439241,124.119145,89.000000,19.000000,0.000000,0.000000,0.000000,0.000000,250.000000,250.000000,250.000000,250.000000
1749017869.473847,122.931320,89.000000,22.000000,0.000000,0.000000,0.000000,0.000000,250.000000,250.000000,250.000000,250.000000
1749017869.509732,121.948857,89.000000,24.000000,0.000000,0.000000,0.000000,0.000000,250.000000,250.000000,250.000000,250.000000
1749017869.541764,120.266484,89.000000,27.000000,0.000000,0.000000,0.000000,0.000000,250.000000,250.000000,250.000000,250.000000
1749017869.575520,119.296728,89.000000,29.000000,0.000000,0.000000,0.000000,0.000000,242.000000,242.000000,242.000000,242.000000
1749017869.606582,118.782812,89.000000,30.000000,0.000000,0.000000,0.000000,0.000000,238.000000,238.000000,238.000000,238.000000
1749017869.638282,118.560707,89.000000,30.000000,0.000000,0.000000,0.000000,0.000000,236.000000,236.000000,236.000000,236.000000
1749017869.670019,117.585896,89.000000,32.000000,0.000000,0.000000,0.000000,0.000000,228.000000,228.000000,228.000000,228.000000
1749017869.707956,115.936655,89.000000,36.000000,0.000000,0.000000,0.000000,0.000000,215.000000,215.000000,215.000000,215.000000
1749017869.740057,115.623745,89.000000,36.000000,0.000000,0.000000,0.000000,0.000000,212.000000,212.000000,212.000000,212.000000
1749017869.772125,115.148046,89.000000,37.000000,0.000000,0.000000,0.000000,0.000000,209.000000,209.000000,209.000000,209.000000
1749017869.812702,114.590804,89.000000,38.000000,0.000000,0.000000,0.000000,0.000000,204.000000,204.000000,204.000000,204.000000
1749017869.845166,113.606721,89.000000,40.000000,0.000000,0.000000,0.000000,0.000000,196.000000,196.000000,196.000000,196.000000
1749017869.876456,112.584105,89.000000,42.000000,0.000000,0.000000,0.000000,0.000000,188.000000,188.000000,188.000000,188.000000
1749017869.910583,110.985818,89.000000,46.000000,0.000000,0.000000,0.000000,0.000000,175.000000,175.000000,175.000000,175.000000
1749017869.943230,109.935895,89.000000,48.000000,0.000000,0.000000,0.000000,0.000000,167.000000,167.000000,167.000000,167.000000
1749017869.970888,108.697668,89.000000,50.000000,0.000000,0.000000,0.000000,0.000000,157.000000,157.000000,157.000000,157.000000
1749017870.006481,107.550387,89.000000,52.000000,0.000000,0.000000,0.000000,0.000000,148.000000,148.000000,148.000000,148.000000
1749017870.038038,106.680422,89.000000,54.000000,0.000000,0.000000,0.000000,0.000000,141.000000,141.000000,141.000000,141.000000
1749017870.070531,105.838157,89.000000,56.000000,0.000000,0.000000,0.000000,0.000000,134.000000,134.000000,134.000000,134.000000
1749017870.107529,105.391623,89.000000,57.000000,0.000000,0.000000,0.000000,0.000000,131.000000,131.000000,131.000000,131.000000
1749017870.140607,104.723558,89.000000,58.000000,0.000000,0.000000,0.000000,0.000000,125.000000,125.000000,125.000000,125.000000
1749017870.171658,104.066564,89.000000,59.000000,0.000000,0.000000,0.000000,0.000000,120.000000,120.000000,120.000000,120.000000
1749017870.208866,104.222862,89.000000,59.000000,0.000000,0.000000,0.000000,0.000000,121.000000,121.000000,121.000000,121.000000
1749017870.240632,103.752659,89.000000,60.000000,0.000000,0.000000,0.000000,0.000000,120.000000,120.000000,120.000000,120.000000
1749017870.273575,103.575551,89.000000,60.000000,0.000000,0.000000,0.000000,0.000000,120.000000,120.000000,120.000000,120.000000
1749017870.306223,103.227769,89.000000,61.000000,0.000000,0.000000,0.000000,0.000000,120.000000,120.000000,120.000000,120.000000
1749017870.337968,103.523555,89.000000,60.000000,0.000000,0.000000,0.000000,0.000000,120.000000,120.000000,120.000000,120.000000
1749017870.370313,103.219964,89.000000,61.000000,0.000000,0.000000,0.000000,0.000000,120.000000,120.000000,120.000000,120.000000
1749017870.411435,102.717284,89.000000,62.000000,0.000000,0.000000,0.000000,0.000000,120.000000,120.000000,120.000000,120.000000
1749017870.443860,102.591585,89.000000,62.000000,0.000000,0.000000,0.000000,0.000000,120.000000,120.000000,120.000000,120.000000
1749017870.475320,102.950084,89.000000,62.000000,0.000000,0.000000,0.000000,0.000000,120.000000,120.000000,120.000000,120.000000
1749017870.511335,102.750897,89.000000,62.000000,0.000000,0.000000,0.000000,0.000000,120.000000,120.000000,120.000000,120.000000
1749017870.541964,102.981520,89.000000,62.000000,0.000000,0.000000,0.000000,0.000000,120.000000,120.000000,120.000000,120.000000
1749017870.572855,103.788228,89.000000,60.000000,0.000000,0.000000,0.000000,0.000000,120.000000,120.000000,120.000000,120.000000
1749017870.610791,104.492813,89.000000,59.000000,0.000000,0.000000,0.000000,0.000000,123.000000,123.000000,123.000000,123.000000
1749017870.641724,104.375979,89.000000,59.000000,0.000000,0.000000,0.000000,0.000000,123.000000,123.000000,123.000000,123.000000
1749017870.670049,104.339254,89.000000,59.000000,0.000000,0.000000,0.000000,0.000000,122.000000,122.000000,122.000000,122.000000
1749017870.704872,104.417437,89.000000,59.000000,0.000000,0.000000,0.000000,0.000000,123.000000,123.000000,123.000000,123.000000
1749017870.737692,104.484311,89.000000,59.000000,0.000000,0.000000,0.000000,0.000000,123.000000,123.000000,123.000000,123.000000
1749017870.772579,105.285840,89.000000,57.000000,0.000000,0.000000,0.000000,0.000000,130.000000,130.000000,130.000000,130.000000
1749017870.811856,106.195799,89.000000,55.000000,0.000000,0.000000,0.000000,0.000000,137.000000,137.000000,137.000000,137.000000
1749017870.843723,105.741305,89.000000,56.000000,0.000000,0.000000,0.000000,0.000000,133.000000,133.000000,133.000000,133.000000
1749017870.871838,105.869719,89.000000,56.000000,0.000000,0.000000,0.000000,0.000000,134.000000,134.000000,134.000000,134.000000
1749017870.907993,107.274229,89.000000,53.000000,0.000000,0.000000,0.000000,0.000000,146.000000,146.000000,146.000000,146.000000
1749017870.941958,107.783456,89.000000,52.000000,0.000000,0.000000,0.000000,0.000000,150.000000,150.000000,150.000000,150.000000
1749017870.974561,107.888825,89.000000,52.000000,0.000000,0.000000,0.000000,0.000000,151.000000,151.000000,151.000000,151.000000
1749017871.010449,108.017429,89.000000,51.000000,0.000000,0.000000,0.000000,0.000000,152.000000,152.000000,152.000000,152.000000
1749017871.041403,108.023085,89.000000,51.000000,0.000000,0.000000,0.000000,0.000000,152.000000,152.000000,152.000000,152.000000
1749017871.072724,109.205575,89.000000,49.000000,0.000000,0.000000,0.000000,0.000000,161.000000,161.000000,161.000000,161.000000
1749017871.107978,109.898373,89.000000,48.000000,0.000000,0.000000,0.000000,0.000000,167.000000,167.000000,167.000000,167.000000
1749017871.141011,109.920979,89.000000,48.000000,0.000000,0.000000,0.000000,0.000000,167.000000,167.000000,167.000000,167.000000
1749017871.172834,109.642516,89.000000,48.000000,0.000000,0.000000,0.000000,0.000000,165.000000,165.000000,165.000000,165.000000
1749017871.209716,109.723244,89.000000,48.000000,0.000000,0.000000,0.000000,0.000000,165.000000,165.000000,165.000000,165.000000
1749017871.239979,110.108944,89.000000,47.000000,0.000000,0.000000,0.000000,0.000000,168.000000,168.000000,168.000000,168.000000
1749017871.272337,110.804985,89.000000,46.000000,0.000000,0.000000,0.000000,0.000000,174.000000,174.000000,174.000000,174.000000
1749017871.308677,110.790846,89.000000,46.000000,0.000000,0.000000,0.000000,0.000000,174.000000,174.000000,174.000000,174.000000
1749017871.339966,110.783962,89.000000,46.000000,0.000000,0.000000,0.000000,0.000000,174.000000,174.000000,174.000000,174.000000
1749017871.372101,111.127240,89.000000,45.000000,0.000000,0.000000,0.000000,0.000000,177.000000,177.000000,177.000000,177.000000
1749017871.410579,110.870862,89.000000,46.000000,0.000000,0.000000,0.000000,0.000000,174.000000,174.000000,174.000000,174.000000
1749017871.441937,111.964748,89.000000,44.000000,0.000000,0.000000,0.000000,0.000000,183.000000,183.000000,183.000000,183.000000
1749017871.474331,112.630011,89.000000,42.000000,0.000000,0.000000,0.000000,0.000000,189.000000,189.000000,189.000000,189.000000
1749017871.510581,113.545030,89.000000,40.000000,0.000000,0.000000,0.000000,0.000000,196.000000,196.000000,196.000000,196.000000
1749017871.538832,114.939525,89.000000,38.000000,0.000000,0.000000,0.000000,0.000000,207.000000,207.000000,207.000000,207.000000
1749017871.568981,114.943676,89.000000,38.000000,0.000000,0.000000,0.000000,0.000000,207.000000,207.000000,207.000000,207.000000
1749017871.607407,114.711657,89.000000,38.000000,0.000000,0.000000,0.000000,0.000000,205.000000,205.000000,205.000000,205.000000
1749017871.638657,114.370566,89.000000,39.000000,0.000000,0.000000,0.000000,0.000000,202.000000,202.000000,202.000000,202.000000
1749017871.671254,114.686410,89.000000,38.000000,0.000000,0.000000,0.000000,0.000000,205.000000,205.000000,205.000000,205.000000
1749017871.709589,114.932325,89.000000,38.000000,0.000000,0.000000,0.000000,0.000000,207.000000,207.000000,207.000000,207.000000
1749017871.740491,115.288168,89.000000,37.000000,0.000000,0.000000,0.000000,0.000000,210.000000,210.000000,210.000000,210.000000
1749017871.771980,115.416153,89.000000,37.000000,0.000000,0.000000,0.000000,0.000000,211.000000,211.000000,211.000000,211.000000
1749017871.808156,115.859741,89.000000,36.000000,0.000000,0.000000,0.000000,0.000000,214.000000,214.000000,214.000000,214.000000
1749017871.840810,115.695778,89.000000,36.000000,0.000000,0.000000,0.000000,0.000000,213.000000,213.000000,213.000000,213.000000
1749017871.874561,116.029309,89.000000,35.000000,0.000000,0.000000,0.000000,0.000000,216.000000,216.000000,216.000000,216.000000
1749017871.904542,117.295566,89.000000,33.000000,0.000000,0.000000,0.000000,0.000000,226.000000,226.000000,226.000000,226.000000
1749017871.937675,117.974739,89.000000,32.000000,0.000000,0.000000,0.000000,0.000000,231.000000,231.000000,231.000000,231.000000
1749017871.970380,118.592958,89.000000,30.000000,0.000000,0.000000,0.000000,0.000000,236.000000,236.000000,236.000000,236.000000
1749017872.007797,118.789307,89.000000,30.000000,0.000000,0.000000,0.000000,0.000000,238.000000,238.000000,238.000000,238.000000
1749017872.039045,118.500373,89.000000,30.000000,0.000000,0.000000,0.000000,0.000000,236.000000,236.000000,236.000000,236.000000
1749017872.072856,118.471739,89.000000,31.000000,0.000000,0.000000,0.000000,0.000000,235.000000,235.000000,235.000000,235.000000
1749017872.107630,118.087025,89.000000,31.000000,0.000000,0.000000,0.000000,0.000000,232.000000,232.000000,232.000000,232.000000
1749017872.141874,117.920526,89.000000,32.000000,0.000000,0.000000,0.000000,0.000000,231.000000,231.000000,231.000000,231.000000
1749017872.172786,117.276009,89.000000,33.000000,0.000000,0.000000,0.000000,0.000000,226.000000,226.000000,226.000000,226.000000
1749017872.209978,116.146253,89.000000,35.000000,0.000000,0.000000,0.000000,0.000000,217.000000,217.000000,217.000000,217.000000
1749017872.243628,115.214567,89.000000,37.000000,0.000000,0.000000,0.000000,0.000000,209.000000,209.000000,209.000000,209.000000
1749017872.270380,114.418031,89.000000,39.000000,0.000000,0.000000,0.000000,0.000000,203.000000,203.000000,203.000000,203.000000
1749017872.304099,113.299297,89.000000,41.000000,0.000000,0.000000,0.000000,0.000000,194.000000,194.000000,194.000000,194.000000
1749017872.338058,112.816144,89.000000,42.000000,0.000000,0.000000,0.000000,0.000000,190.000000,190.000000,190.000000,190.000000
1749017872.368730,112.487255,89.000000,43.000000,0.000000,0.000000,0.000000,0.000000,187.000000,187.000000,187.000000,187.000000
1749017872.407241,112.307961,89.000000,43.000000,0.000000,0.000000,0.000000,0.000000,186.000000,186.000000,186.000000,186.000000
1749017872.441830,111.750395,89.000000,44.000000,0.000000,0.000000,0.000000,0.000000,182.000000,182.000000,182.000000,182.000000
1749017872.473037,111.044430,89.000000,45.000000,0.000000,0.000000,0.000000,0.000000,176.000000,176.000000,176.000000,176.000000
1749017872.510628,109.975734,89.000000,48.000000,0.000000,0.000000,0.000000,0.000000,167.000000,167.000000,167.000000,167.000000
1749017872.540639,109.990275,89.000000,48.000000,0.000000,0.000000,0.000000,0.000000,167.000000,167.000000,167.000000,167.000000
1749017872.575454,109.437797,89.000000,49.000000,0.000000,0.000000,0.000000,0.000000,163.000000,163.000000,163.000000,163.000000
1749017872.607174,108.668497,89.000000,50.000000,0.000000,0.000000,0.000000,0.000000,157.000000,157.000000,157.000000,157.000000
1749017872.636394,108.313970,89.000000,51.000000,0.000000,0.000000,0.000000,0.000000,154.000000,154.000000,154.000000,154.000000
1749017872.670927,107.910931,89.000000,52.000000,0.000000,0.000000,0.000000,0.000000,151.000000,151.000000,151.000000,151.000000
1749017872.707976,106.876035,89.000000,54.000000,0.000000,0.000000,0.000000,0.000000,143.000000,143.000000,143.000000,143.000000
1749017872.741442,106.126060,89.000000,55.000000,0.000000,0.000000,0.000000,0.000000,137.000000,137.000000,137.000000,137.000000
1749017872.773559,105.576472,89.000000,56.000000,0.000000,0.000000,0.000000,0.000000,132.000000,132.000000,132.000000,132.000000
1749017872.809669,105.142770,89.000000,57.000000,0.000000,0.000000,0.000000,0.000000,129.000000,129.000000,129.000000,129.000000
1749017872.842418,104.258624,89.000000,59.000000,0.000000,0.000000,0.000000,0.000000,122.000000,122.000000,122.000000,122.000000
1749017872.873610,103.244076,89.000000,61.000000,0.000000,0.000000,0.000000,0.000000,120.000000,120.000000,120.000000,120.000000
1749017872.910955,102.842619,89.000000,62.000000,0.000000,0.000000,0.000000,0.000000,120.000000,120.000000,120.000000,120.000000
1749017872.946615,102.048854,89.000000,63.000000,0.000000,0.000000,0.000000,0.000000,120.000000,120.000000,120.000000,120.000000
1749017872.970018,100.762068,89.000000,66.000000,0.000000,0.000000,0.000000,0.000000,120.000000,120.000000,120.000000,120.000000
1749017873.005104,100.869739,89.000000,66.000000,0.000000,0.000000,0.000000,0.000000,120.000000,120.000000,120.000000,120.000000
1749017873.038013,100.563598,89.000000,66.000000,0.000000,0.000000,0.000000,0.000000,120.000000,120.000000,120.000000,120.000000
1749017873.070648,100.080145,89.000000,67.000000,0.000000,0.000000,0.000000,0.000000,120.000000,120.000000,120.000000,120.000000
1749017873.108377,100.544651,89.000000,66.000000,0.000000,0.000000,0.000000,0.000000,120.000000,120.000000,120.000000,120.000000
1749017873.140505,100.610534,89.000000,66.000000,0.000000,0.000000,0.000000,0.000000,120.000000,120.000000,120.000000,120.000000
1749017873.172441,100.149536,89.000000,67.000000,0.000000,0.000000,0.000000,0.000000,120.000000,120.000000,120.000000,120.000000
1749017873.209827,99.888930,89.000000,68.000000,0.000000,0.000000,0.000000,0.000000,120.000000,120.000000,120.000000,120.000000
1749017873.241603,100.346797,89.000000,67.000000,0.000000,0.000000,0.000000,0.000000,120.000000,120.000000,120.000000,120.000000
1749017873.273869,100.317679,89.000000,67.000000,0.000000,0.000000,0.000000,0.000000,120.000000,120.000000,120.000000,120.000000
1749017873.310413,99.778951,89.000000,68.000000,0.000000,0.000000,0.000000,0.000000,120.000000,120.000000,120.000000,120.000000
1749017873.342040,99.916155,89.000000,68.000000,0.000000,0.000000,0.000000,0.000000,120.000000,120.000000,120.000000,120.000000
1749017873.373466,100.948974,89.000000,66.000000,0.000000,0.000000,0.000000,0.000000,120.000000,120.000000,120.000000,120.000000
1749017873.413519,101.153828,89.000000,65.000000,0.000000,0.000000,0.000000,0.000000,120.000000,120.000000,120.000000,120.000000
1749017873.443545,100.985640,89.000000,66.000000,0.000000,0.000000,0.000000,0.000000,120.000000,120.000000,120.000000,120.000000
1749017873.472925,101.895354,89.000000,64.000000,0.000000,0.000000,0.000000,0.000000,120.000000,120.000000,120.000000,120.000000
1749017873.508613,101.642356,89.000000,64.000000,0.000000,0.000000,0.000000,0.000000,120.000000,120.000000,120.000000,120.000000
1749017873.539908,101.747903,89.000000,64.000000,0.000000,0.000000,0.000000,0.000000,120.000000,120.000000,120.000000,120.000000
1749017873.574249,102.595029,89.000000,62.000000,0.000000,0.000000,0.000000,0.000000,120.000000,120.000000,120.000000,120.000000
1749017873.611356,102.759589,89.000000,62.000000,0.000000,0.000000,0.000000,0.000000,120.000000,120.000000,120.000000,120.000000
1749017873.641155,102.397558,89.000000,63.000000,0.000000,0.000000,0.000000,0.000000,120.000000,120.000000,120.000000,120.000000
1749017873.673464,101.713598,89.000000,64.000000,0.000000,0.000000,0.000000,0.000000,120.000000,120.000000,120.000000,120.000000
1749017873.711295,101.652067,89.000000,64.000000,0.000000,0.000000,0.000000,0.000000,120.000000,120.000000,120.000000,120.000000
1749017873.743216,101.329512,89.000000,65.000000,0.000000,0.000000,0.000000,0.000000,120.000000,120.000000,120.000000,120.000000
1749017873.772338,100.413230,89.000000,67.000000,0.000000,0.000000,0.000000,0.000000,120.000000,120.000000,120.000000,120.000000
1749017873.810050,99.890365,89.000000,68.000000,0.000000,0.000000,0.000000,0.000000,120.000000,120.000000,120.000000,120.000000
1749017873.840277,99.708232,89.000000,68.000000,0.000000,0.000000,0.000000,0.000000,120.000000,120.000000,120.000000,120.000000
1749017873.869840,99.290584,89.000000,69.000000,0.000000,0.000000,0.000000,0.000000,120.000000,120.000000,120.000000,120.000000
1749017873.905480,99.288530,89.000000,69.000000,0.000000,0.000000,0.000000,0.000000,120.000000,120.000000,120.000000,120.000000
1749017873.938785,98.807858,89.000000,70.000000,0.000000,0.000000,0.000000,0.000000,120.000000,120.000000,120.000000,120.000000
1749017873.971706,97.789817,89.000000,72.000000,0.000000,0.000000,0.000000,0.000000,120.000000,120.000000,120.000000,120.000000
1749017874.010574,97.822961,89.000000,72.000000,0.000000,0.000000,0.000000,0.000000,120.000000,120.000000,120.000000,120.000000
1749017874.043519,97.719023,89.000000,72.000000,0.000000,0.000000,0.000000,0.000000,120.000000,120.000000,120.000000,120.000000
1749017874.074424,97.248433,89.000000,73.000000,0.000000,0.000000,0.000000,0.000000,120.000000,120.000000,120.000000,120.000000
1749017874.109909,96.719926,89.000000,74.000000,0.000000,0.000000,0.000000,0.000000,120.000000,120.000000,120.000000,120.000000
1749017874.143002,96.205924,89.000000,75.000000,0.000000,0.000000,0.000000,0.000000,120.000000,120.000000,120.000000,120.000000
1749017874.174558,95.985476,89.000000,76.000000,0.000000,0.000000,0.000000,0.000000,120.000000,120.000000,120.000000,120.000000
1749017874.206004,95.985833,89.000000,76.000000,0.000000,0.000000,0.000000,0.000000,120.000000,120.000000,120.000000,120.000000
1749017874.237224,95.515828,89.000000,76.000000,0.000000,0.000000,0.000000,0.000000,120.000000,120.000000,120.000000,120.000000
1749017874.268961,95.013059,89.000000,77.000000,0.000000,0.000000,0.000000,0.000000,120.000000,120.000000,120.000000,120.000000
1749017874.305134,94.308698,89.000000,79.000000,0.000000,0.000000,0.000000,0.000000,120.000000,120.000000,120.000000,120.000000
1749017874.338258,94.071802,89.000000,79.000000,0.000000,0.000000,0.000000,0.000000,120.000000,120.000000,120.000000,120.000000
1749017874.375000,94.101975,89.000000,79.000000,0.000000,0.000000,0.000000,0.000000,120.000000,120.000000,120.000000,120.000000
1749017874.412257,93.851977,89.000000,80.000000,0.000000,0.000000,0.000000,0.000000,120.000000,120.000000,120.000000,120.000000
1749017874.444391,93.724379,89.000000,80.000000,0.000000,0.000000,0.000000,0.000000,120.000000,120.000000,120.000000,120.000000
1749017874.475137,93.347497,89.000000,81.000000,0.000000,0.000000,0.000000,0.000000,120.000000,120.000000,120.000000,120.000000
1749017874.510030,93.000037,89.000000,81.000000,0.000000,0.000000,0.000000,0.000000,120.000000,120.000000,120.000000,120.000000
1749017874.543298,92.211836,89.000000,83.000000,0.000000,0.000000,0.000000,0.000000,120.000000,120.000000,120.000000,120.000000
1749017874.570902,91.900672,89.000000,84.000000,0.000000,0.000000,0.000000,0.000000,120.000000,120.000000,120.000000,120.000000
1749017874.605377,92.398991,89.000000,83.000000,0.000000,0.000000,0.000000,0.000000,120.000000,120.000000,120.000000,120.000000
1749017874.637172,92.332270,89.000000,83.000000,0.000000,0.000000,0.000000,0.000000,120.000000,120.000000,120.000000,120.000000
1749017874.670817,92.080062,89.000000,83.000000,0.000000,0.000000,0.000000,0.000000,120.000000,120.000000,120.000000,120.000000
1749017874.714741,92.101998,89.000000,83.000000,0.000000,0.000000,0.000000,0.000000,120.000000,120.000000,120.000000,120.000000
1749017874.744952,91.968537,89.000000,84.000000,0.000000,0.000000,0.000000,0.000000,120.000000,120.000000,120.000000,120.000000
1749017874.771523,91.839120,89.000000,84.000000,0.000000,0.000000,0.000000,0.000000,120.000000,120.000000,120.000000,120.000000
1749017874.807812,91.501231,89.000000,84.000000,0.000000,0.000000,0.000000,0.000000,120.000000,120.000000,120.000000,120.000000
1749017874.837975,91.694133,89.000000,84.000000,0.000000,0.000000,0.000000,0.000000,120.000000,120.000000,120.000000,120.000000
1749017874.871542,91.671260,89.000000,84.000000,0.000000,0.000000,0.000000,0.000000,120.000000,120.000000,120.000000,120.000000
1749017874.906770,90.828977,89.000000,86.000000,0.000000,0.000000,0.000000,0.000000,0.000000,0.000000,0.000000,0.000000
1749017874.936038,90.815692,89.000000,86.000000,0.000000,0.000000,0.000000,0.000000,0.000000,0.000000,0.000000,0.000000
1749017874.970481,90.370857,89.000000,87.000000,0.000000,0.000000,0.000000,0.000000,0.000000,0.000000,0.000000,0.000000
1749017875.010446,89.475401,89.000000,89.000000,0.000000,0.000000,0.000000,0.000000,0.000000,0.000000,0.000000,0.000000
1749017875.041563,89.078005,89.000000,89.000000,0.000000,0.000000,0.000000,0.000000,0.000000,0.000000,0.000000,0.000000
1749017875.072977,89.326908,89.000000,89.000000,0.000000,0.000000,0.000000,0.000000,0.000000,0.000000,0.000000,0.000000
1749017875.110511,89.133554,89.000000,89.000000,0.000000,0.000000,0.000000,0.000000,0.000000,0.000000,0.000000,0.000000
1749017875.140983,89.411334,89.000000,89.000000,0.000000,0.000000,0.000000,0.000000,0.000000,0.000000,0.000000,0.000000
1749017875.171470,89.547944,89.000000,88.000000,0.000000,0.000000,0.000000,0.000000,0.000000,0.000000,0.000000,0.000000
1749017875.207397,88.581511,89.000000,90.000000,0.000000,0.000000,0.000000,0.000000,0.000000,0.000000,0.000000,0.000000
1749017875.244536,88.389622,89.000000,91.000000,0.000000,0.000000,0.000000,0.000000,0.000000,0.000000,0.000000,0.000000
1749017875.269105,88.292799,89.000000,91.000000,0.000000,0.000000,0.000000,0.000000,0.000000,0.000000,0.000000,0.000000
1749017875.305335,88.283835,89.000000,91.000000,0.000000,0.000000,0.000000,0.000000,0.000000,0.000000,0.000000,0.000000
1749017875.340094,88.067436,89.000000,91.000000,0.000000,0.000000,0.000000,0.000000,0.000000,0.000000,0.000000,0.000000
1749017875.370989,87.772197,89.000000,92.000000,0.000000,0.000000,0.000000,0.000000,0.000000,0.000000,0.000000,0.000000
1749017875.410578,88.612218,89.000000,90.000000,0.000000,0.000000,0.000000,0.000000,0.000000,0.000000,0.000000,0.000000
1749017875.444127,87.640250,89.000000,92.000000,0.000000,0.000000,0.000000,0.000000,0.000000,0.000000,0.000000,0.000000
1749017875.474286,87.330559,89.000000,93.000000,0.000000,0.000000,0.000000,0.000000,0.000000,0.000000,0.000000,0.000000
1749017875.506965,87.656530,89.000000,92.000000,0.000000,0.000000,0.000000,0.000000,0.000000,0.000000,0.000000,0.000000
1749017875.540155,88.149875,89.000000,91.000000,0.000000,0.000000,0.000000,0.000000,0.000000,0.000000,0.000000,0.000000
1749017875.573255,88.446394,89.000000,91.000000,0.000000,0.000000,0.000000,0.000000,0.000000,0.000000,0.000000,0.000000
1749017875.607779,88.323131,89.000000,91.000000,0.000000,0.000000,0.000000,0.000000,0.000000,0.000000,0.000000,0.000000
1749017875.639531,88.150822,89.000000,91.000000,0.000000,0.000000,0.000000,0.000000,0.000000,0.000000,0.000000,0.000000
1749017875.674100,87.409857,89.000000,93.000000,0.000000,0.000000,0.000000,0.000000,0.000000,0.000000,0.000000,0.000000
1749017875.712337,87.168274,89.000000,93.000000,0.000000,0.000000,0.000000,0.000000,0.000000,0.000000,0.000000,0.000000
1749017875.744871,87.245974,89.000000,93.000000,0.000000,0.000000,0.000000,0.000000,0.000000,0.000000,0.000000,0.000000
1749017875.776004,87.328892,89.000000,93.000000,0.000000,0.000000,0.000000,0.000000,0.000000,0.000000,0.000000,0.000000
1749017875.812642,87.004727,89.000000,93.000000,0.000000,0.000000,0.000000,0.000000,0.000000,0.000000,0.000000,0.000000
1749017875.843970,87.183347,89.000000,93.000000,0.000000,0.000000,0.000000,0.000000,0.000000,0.000000,0.000000,0.000000
1749017875.871628,88.036854,89.000000,91.000000,0.000000,0.000000,0.000000,0.000000,0.000000,0.000000,0.000000,0.000000
1749017875.908536,87.694899,89.000000,92.000000,0.000000,0.000000,0.000000,0.000000,0.000000,0.000000,0.000000,0.000000
1749017875.939423,87.414669,89.000000,93.000000,0.000000,0.000000,0.000000,0.000000,0.000000,0.000000,0.000000,0.000000
1749017875.971613,88.040369,89.000000,91.000000,0.000000,0.000000,0.000000,0.000000,0.000000,0.000000,0.000000,0.000000
1749017876.006824,87.574636,89.000000,92.000000,0.000000,0.000000,0.000000,0.000000,0.000000,0.000000,0.000000,0.000000
1749017876.041211,87.212488,89.000000,93.000000,0.000000,0.000000,0.000000,0.000000,0.000000,0.000000,0.000000,0.000000
1749017876.073407,87.169088,89.000000,93.000000,0.000000,0.000000,0.000000,0.000000,0.000000,0.000000,0.000000,0.000000
1749017876.107306,87.929315,89.000000,92.000000,0.000000,0.000000,0.000000,0.000000,0.000000,0.000000,0.000000,0.000000
1749017876.138426,87.350114,89.000000,93.000000,0.000000,0.000000,0.000000,0.000000,0.000000,0.000000,0.000000,0.000000
1749017876.169889,87.160309,89.000000,93.000000,0.000000,0.000000,0.000000,0.000000,0.000000,0.000000,0.000000,0.000000
1749017876.208066,87.477195,89.000000,93.000000,0.000000,0.000000,0.000000,0.000000,0.000000,0.000000,0.000000,0.000000
1749017876.241400,87.489588,89.000000,93.000000,0.000000,0.000000,0.000000,0.000000,0.000000,0.000000,0.000000,0.000000
1749017876.273220,86.994687,112.000000,90.000000,0.000000,0.000000,0.000000,0.000000,0.000000,0.000000,0.000000,0.000000
1749017876.309036,87.093546,112.000000,90.000000,0.000000,0.000000,0.000000,0.000000,0.000000,0.000000,0.000000,0.000000
1749017876.341023,87.587948,112.000000,90.000000,0.000000,0.000000,0.000000,0.000000,0.000000,0.000000,0.000000,0.000000
1749017876.372931,87.350540,112.000000,120.000000,0.000000,0.000000,0.000000,0.000000,0.000000,0.000000,0.000000,0.000000
1749017876.409856,86.987328,112.000000,90.000000,0.000000,0.000000,0.000000,0.000000,0.000000,0.000000,0.000000,0.000000
1749017876.442356,87.368933,112.000000,90.000000,0.000000,0.000000,0.000000,0.000000,0.000000,0.000000,0.000000,0.000000
1749017876.473258,86.929706,112.000000,90.000000,0.000000,0.000000,0.000000,0.000000,0.000000,0.000000,0.000000,0.000000
1749017876.504658,87.254477,112.000000,120.000000,0.000000,0.000000,0.000000,0.000000,0.000000,0.000000,0.000000,0.000000
1749017876.537780,87.026444,112.000000,139.000000,80.000000,80.000000,80.000000,80.000000,0.000000,0.000000,0.000000,0.000000
1749017876.571711,87.826073,112.000000,138.000000,80.000000,80.000000,80.000000,80.000000,0.000000,0.000000,0.000000,0.000000
1749017876.608263,87.257117,112.000000,139.000000,80.000000,80.000000,80.000000,80.000000,0.000000,0.000000,0.000000,0.000000
1749017876.640715,87.115575,112.000000,139.000000,80.000000,80.000000,80.000000,80.000000,0.000000,0.000000,0.000000,0.000000
1749017876.673793,87.182393,112.000000,139.000000,80.000000,80.000000,80.000000,80.000000,0.000000,0.000000,0.000000,0.000000
1749017876.709559,86.916238,112.000000,140.000000,80.000000,80.000000,80.000000,80.000000,0.000000,0.000000,0.000000,0.000000
1749017876.742152,87.585923,112.000000,138.000000,80.000000,80.000000,80.000000,80.000000,0.000000,0.000000,0.000000,0.000000
1749017876.772893,87.641226,112.000000,138.000000,80.000000,80.000000,80.000000,80.000000,0.000000,0.000000,0.000000,0.000000
1749017876.811818,87.843236,112.000000,138.000000,80.000000,80.000000,80.000000,80.000000,0.000000,0.000000,0.000000,0.000000
1749017876.841244,88.407831,112.000000,137.000000,80.000000,80.000000,80.000000,80.000000,0.000000,0.000000,0.000000,0.000000
1749017876.869606,87.089380,112.000000,139.000000,80.000000,80.000000,80.000000,80.000000,0.000000,0.000000,0.000000,0.000000
1749017876.907784,86.452052,112.000000,141.000000,80.000000,80.000000,80.000000,80.000000,0.000000,0.000000,0.000000,0.000000
1749017876.942053,86.619024,112.000000,140.000000,80.000000,80.000000,80.000000,80.000000,0.000000,0.000000,0.000000,0.000000
1749017876.973981,87.495096,112.000000,139.000000,80.000000,80.000000,80.000000,80.000000,0.000000,0.000000,0.000000,0.000000
1749017877.010263,87.544249,112.000000,138.000000,80.000000,80.000000,80.000000,80.000000,0.000000,0.000000,0.000000,0.000000
1749017877.042527,87.322867,112.000000,139.000000,80.000000,80.000000,80.000000,80.000000,0.000000,0.000000,0.000000,0.000000
1749017877.074255,87.167173,112.000000,139.000000,80.000000,80.000000,80.000000,80.000000,0.000000,0.000000,0.000000,0.000000
1749017877.109614,87.155904,112.000000,139.000000,80.000000,80.000000,80.000000,80.000000,0.000000,0.000000,0.000000,0.000000
1749017877.141779,86.714076,112.000000,140.000000,80.000000,80.000000,80.000000,80.000000,0.000000,0.000000,0.000000,0.000000
1749017877.174361,86.442669,112.000000,141.000000,80.000000,80.000000,80.000000,80.000000,0.000000,0.000000,0.000000,0.000000
1749017877.205989,87.349726,112.000000,139.000000,80.000000,80.000000,80.000000,80.000000,0.000000,0.000000,0.000000,0.000000
1749017877.237950,87.292843,112.000000,139.000000,80.000000,80.000000,80.000000,80.000000,0.000000,0.000000,0.000000,0.000000
1749017877.270838,87.662617,112.000000,138.000000,80.000000,80.000000,80.000000,80.000000,0.000000,0.000000,0.000000,0.000000
1749017877.312033,87.755920,112.000000,138.000000,80.000000,80.000000,80.000000,80.000000,0.000000,0.000000,0.000000,0.000000
1749017877.346505,87.082100,112.000000,139.000000,80.000000,80.000000,80.000000,80.000000,0.000000,0.000000,0.000000,0.000000
1749017877.372979,87.066146,112.000000,139.000000,80.000000,80.000000,80.000000,80.000000,0.000000,0.000000,0.000000,0.000000
1749017877.411469,87.444216,112.000000,139.000000,80.000000,80.000000,80.000000,80.000000,0.000000,0.000000,0.000000,0.000000
1749017877.442844,88.016748,112.000000,137.000000,80.000000,80.000000,80.000000,80.000000,0.000000,0.000000,0.000000,0.000000
1749017877.474039,88.263328,112.000000,137.000000,80.000000,80.000000,80.000000,80.000000,0.000000,0.000000,0.000000,0.000000
1749017877.511953,88.483567,112.000000,137.000000,80.000000,80.000000,80.000000,80.000000,0.000000,0.000000,0.000000,0.000000
1749017877.542998,88.744488,112.000000,136.000000,80.000000,80.000000,80.000000,80.000000,0.000000,0.000000,0.000000,0.000000
1749017877.575168,88.896432,112.000000,136.000000,80.000000,80.000000,80.000000,80.000000,0.000000,0.000000,0.000000,0.000000
1749017877.609914,89.290605,112.000000,135.000000,80.000000,80.000000,80.000000,80.000000,0.000000,0.000000,0.000000,0.000000
1749017877.641976,89.336816,112.000000,135.000000,80.000000,80.000000,80.000000,80.000000,0.000000,0.000000,0.000000,0.000000
1749017877.674003,89.774218,112.000000,134.000000,80.000000,80.000000,80.000000,80.000000,0.000000,0.000000,0.000000,0.000000
1749017877.710622,90.280853,112.000000,133.000000,80.000000,80.000000,80.000000,80.000000,0.000000,0.000000,0.000000,0.000000
1749017877.742431,90.497716,112.000000,133.000000,80.000000,80.000000,80.000000,80.000000,0.000000,0.000000,0.000000,0.000000
1749017877.774497,90.604592,112.000000,132.000000,80.000000,80.000000,80.000000,80.000000,0.000000,0.000000,0.000000,0.000000
1749017877.809874,91.530849,112.000000,130.000000,80.000000,80.000000,80.000000,80.000000,0.000000,0.000000,0.000000,0.000000
1749017877.841366,91.328912,112.000000,131.000000,80.000000,80.000000,80.000000,80.000000,0.000000,0.000000,0.000000,0.000000
1749017877.873575,91.757084,112.000000,130.000000,80.000000,80.000000,80.000000,80.000000,0.000000,0.000000,0.000000,0.000000
1749017877.910521,91.967022,112.000000,130.000000,80.000000,80.000000,80.000000,80.000000,0.000000,0.000000,0.000000,0.000000
1749017877.942583,92.651135,112.000000,128.000000,80.000000,80.000000,80.000000,80.000000,0.000000,0.000000,0.000000,0.000000
1749017877.973261,93.018185,112.000000,127.000000,80.000000,80.000000,80.000000,80.000000,0.000000,0.000000,0.000000,0.000000
1749017878.010122,92.941965,112.000000,128.000000,80.000000,80.000000,80.000000,80.000000,0.000000,0.000000,0.000000,0.000000
1749017878.041307,93.084662,112.000000,127.000000,80.000000,80.000000,80.000000,80.000000,0.000000,0.000000,0.000000,0.000000
1749017878.073603,93.976363,112.000000,126.000000,80.000000,80.000000,80.000000,80.000000,0.000000,0.000000,0.000000,0.000000
1749017878.108270,94.205658,112.000000,125.000000,80.000000,80.000000,80.000000,80.000000,0.000000,0.000000,0.000000,0.000000
1749017878.140486,94.294746,112.000000,125.000000,80.000000,80.000000,80.000000,80.000000,0.000000,0.000000,0.000000,0.000000
1749017878.171880,94.748354,112.000000,124.000000,80.000000,80.000000,80.000000,80.000000,0.000000,0.000000,0.000000,0.000000
1749017878.207572,95.264763,112.000000,123.000000,80.000000,80.000000,80.000000,80.000000,0.000000,0.000000,0.000000,0.000000
1749017878.239426,95.500113,112.000000,122.000000,80.000000,80.000000,80.000000,80.000000,0.000000,0.000000,0.000000,0.000000
1749017878.272972,96.070742,112.000000,121.000000,80.000000,80.000000,80.000000,80.000000,0.000000,0.000000,0.000000,0.000000
1749017878.307786,95.707284,112.000000,122.000000,80.000000,80.000000,80.000000,80.000000,0.000000,0.000000,0.000000,0.000000
1749017878.341442,96.050005,112.000000,121.000000,80.000000,80.000000,80.000000,80.000000,0.000000,0.000000,0.000000,0.000000
1749017878.372992,96.269032,112.000000,121.000000,80.000000,80.000000,80.000000,80.000000,0.000000,0.000000,0.000000,0.000000
1749017878.411600,96.504553,112.000000,120.000000,80.000000,80.000000,80.000000,80.000000,0.000000,0.000000,0.000000,0.000000
1749017878.439881,97.137195,112.000000,119.000000,80.000000,80.000000,80.000000,80.000000,0.000000,0.000000,0.000000,0.000000
1749017878.469774,97.426163,112.000000,119.000000,80.000000,80.000000,80.000000,80.000000,0.000000,0.000000,0.000000,0.000000
1749017878.505335,97.842874,112.000000,118.000000,80.000000,80.000000,80.000000,80.000000,0.000000,0.000000,0.000000,0.000000
1749017878.537969,98.168862,112.000000,117.000000,80.000000,80.000000,80.000000,80.000000,0.000000,0.000000,0.000000,0.000000
1749017878.571945,98.355228,112.000000,117.000000,80.000000,80.000000,80.000000,80.000000,0.000000,0.000000,0.000000,0.000000
1749017878.610078,98.420011,112.000000,117.000000,80.000000,80.000000,80.000000,80.000000,0.000000,0.000000,0.000000,0.000000
1749017878.640469,98.782783,112.000000,116.000000,80.000000,80.000000,80.000000,80.000000,0.000000,0.000000,0.000000,0.000000
1749017878.673327,99.059014,112.000000,115.000000,80.000000,80.000000,80.000000,80.000000,0.000000,0.000000,0.000000,0.000000
1749017878.709844,98.784687,112.000000,116.000000,80.000000,80.000000,80.000000,80.000000,0.000000,0.000000,0.000000,0.000000
1749017878.740867,99.293204,112.000000,115.000000,80.000000,80.000000,80.000000,80.000000,0.000000,0.000000,0.000000,0.000000
1749017878.775966,99.892421,112.000000,114.000000,80.000000,80.000000,80.000000,80.000000,0.000000,0.000000,0.000000,0.000000
1749017878.806029,100.201491,112.000000,113.000000,80.000000,80.000000,80.000000,80.000000,0.000000,0.000000,0.000000,0.000000
1749017878.838341,99.993137,112.000000,114.000000,80.000000,80.000000,80.000000,80.000000,0.000000,0.000000,0.000000,0.000000
1749017878.870069,100.284576,112.000000,113.000000,80.000000,80.000000,80.000000,80.000000,0.000000,0.000000,0.000000,0.000000
1749017878.905661,101.230270,112.000000,111.000000,80.000000,80.000000,80.000000,80.000000,0.000000,0.000000,0.000000,0.000000
1749017878.937300,101.279803,112.000000,111.000000,80.000000,80.000000,80.000000,80.000000,0.000000,0.000000,0.000000,0.000000
1749017878.968850,102.014963,112.000000,109.000000,80.000000,80.000000,80.000000,80.000000,0.000000,0.000000,0.000000,0.000000
1749017879.005246,102.213099,112.000000,109.000000,80.000000,80.000000,80.000000,80.000000,0.000000,0.000000,0.000000,0.000000
1749017879.038267,102.071376,112.000000,109.000000,80.000000,80.000000,80.000000,80.000000,0.000000,0.000000,0.000000,0.000000
1749017879.071129,102.173674,112.000000,109.000000,80.000000,80.000000,80.000000,80.000000,0.000000,0.000000,0.000000,0.000000
1749017879.112823,102.668967,112.000000,108.000000,80.000000,80.000000,80.000000,80.000000,0.000000,0.000000,0.000000,0.000000
1749017879.141563,103.273066,112.000000,107.000000,80.000000,80.000000,80.000000,80.000000,0.000000,0.000000,0.000000,0.000000
1749017879.170837,102.771316,112.000000,108.000000,80.000000,80.000000,80.000000,80.000000,0.000000,0.000000,0.000000,0.000000
1749017879.205141,103.137416,112.000000,107.000000,80.000000,80.000000,80.000000,80.000000,0.000000,0.000000,0.000000,0.000000
1749017879.237720,103.196484,112.000000,107.000000,80.000000,80.000000,80.000000,80.000000,0.000000,0.000000,0.000000,0.000000
1749017879.272143,103.527058,112.000000,106.000000,80.000000,80.000000,80.000000,80.000000,0.000000,0.000000,0.000000,0.000000
1749017879.310719,103.501468,112.000000,106.000000,80.000000,80.000000,80.000000,80.000000,0.000000,0.000000,0.000000,0.000000
1749017879.343229,104.479743,112.000000,105.000000,80.000000,80.000000,80.000000,80.000000,0.000000,0.000000,0.000000,0.000000
1749017879.374820,105.391901,112.000000,103.000000,80.000000,80.000000,80.000000,80.000000,0.000000,0.000000,0.000000,0.000000
1749017879.411592,105.271434,112.000000,103.000000,80.000000,80.000000,80.000000,80.000000,0.000000,0.000000,0.000000,0.000000
1749017879.441713,105.508949,112.000000,102.000000,80.000000,80.000000,80.000000,80.000000,0.000000,0.000000,0.000000,0.000000
1749017879.474344,105.908719,112.000000,102.000000,80.000000,80.000000,80.000000,80.000000,0.000000,0.000000,0.000000,0.000000
1749017879.506086,105.919792,112.000000,102.000000,80.000000,80.000000,80.000000,80.000000,0.000000,0.000000,0.000000,0.000000
1749017879.537265,106.068461,112.000000,101.000000,80.000000,80.000000,80.000000,80.000000,0.000000,0.000000,0.000000,0.000000
1749017879.568946,105.998252,112.000000,102.000000,80.000000,80.000000,80.000000,80.000000,0.000000,0.000000,0.000000,0.000000
1749017879.605063,106.285531,112.000000,101.000000,80.000000,80.000000,80.000000,80.000000,0.000000,0.000000,0.000000,0.000000
1749017879.639489,106.073613,112.000000,101.000000,80.000000,80.000000,80.000000,80.000000,0.000000,0.000000,0.000000,0.000000
1749017879.671047,106.307283,112.000000,101.000000,80.000000,80.000000,80.000000,80.000000,0.000000,0.000000,0.000000,0.000000
1749017879.708178,106.062921,112.000000,101.000000,80.000000,80.000000,80.000000,80.000000,0.000000,0.000000,0.000000,0.000000
1749017879.739295,106.970421,112.000000,100.000000,80.000000,80.000000,80.000000,80.000000,0.000000,0.000000,0.000000,0.000000
1749017879.772194,107.343386,112.000000,99.000000,80.000000,80.000000,80.000000,80.000000,0.000000,0.000000,0.000000,0.000000
1749017879.812209,108.525635,112.000000,96.000000,80.000000,80.000000,80.000000,80.000000,0.000000,0.000000,0.000000,0.000000
1749017879.845078,108.579040,112.000000,96.000000,80.000000,80.000000,80.000000,80.000000,0.000000,0.000000,0.000000,0.000000
1749017879.870473,108.718163,112.000000,96.000000,80.000000,80.000000,80.000000,80.000000,0.000000,0.000000,0.000000,0.000000
1749017879.905636,109.473419,112.000000,95.000000,80.000000,80.000000,80.000000,80.000000,0.000000,0.000000,0.000000,0.000000
1749017879.937939,109.609604,112.000000,94.000000,0.000000,0.000000,0.000000,0.000000,0.000000,0.000000,0.000000,0.000000
1749017879.971256,109.091910,112.000000,95.000000,80.000000,80.000000,80.000000,80.000000,0.000000,0.000000,0.000000,0.000000
1749017880.010927,109.628745,112.000000,94.000000,0.000000,0.000000,0.000000,0.000000,0.000000,0.000000,0.000000,0.000000
1749017880.043845,109.885590,112.000000,94.000000,0.000000,0.000000,0.000000,0.000000,0.000000,0.000000,0.000000,0.000000
1749017880.076009,110.262014,112.000000,93.000000,0.000000,0.000000,0.000000,0.000000,0.000000,0.000000,0.000000,0.000000
1749017880.110580,110.489857,112.000000,93.000000,0.000000,0.000000,0.000000,0.000000,0.000000,0.000000,0.000000,0.000000
1749017880.142849,110.565547,112.000000,92.000000,0.000000,0.000000,0.000000,0.000000,0.000000,0.000000,0.000000,0.000000
1749017880.173338,110.561989,112.000000,92.000000,0.000000,0.000000,0.000000,0.000000,0.000000,0.000000,0.000000,0.000000
1749017880.204911,110.639297,112.000000,92.000000,0.000000,0.000000,0.000000,0.000000,0.000000,0.000000,0.000000,0.000000
1749017880.237960,111.209611,112.000000,91.000000,0.000000,0.000000,0.000000,0.000000,0.000000,0.000000,0.000000,0.000000
1749017880.272502,111.550747,112.000000,90.000000,0.000000,0.000000,0.000000,0.000000,0.000000,0.000000,0.000000,0.000000
1749017880.311635,111.543630,112.000000,90.000000,0.000000,0.000000,0.000000,0.000000,0.000000,0.000000,0.000000,0.000000
1749017880.344007,112.290259,112.000000,89.000000,0.000000,0.000000,0.000000,0.000000,0.000000,0.000000,0.000000,0.000000
1749017880.374987,112.415929,112.000000,89.000000,0.000000,0.000000,0.000000,0.000000,0.000000,0.000000,0.000000,0.000000
1749017880.411898,112.373797,112.000000,89.000000,0.000000,0.000000,0.000000,0.000000,0.000000,0.000000,0.000000,0.000000
1749017880.442982,111.994041,112.000000,90.000000,0.000000,0.000000,0.000000,0.000000,0.000000,0.000000,0.000000,0.000000
1749017880.473308,112.145372,112.000000,89.000000,0.000000,0.000000,0.000000,0.000000,0.000000,0.000000,0.000000,0.000000
1749017880.508883,111.891285,112.000000,90.000000,0.000000,0.000000,0.000000,0.000000,0.000000,0.000000,0.000000,0.000000
1749017880.540320,111.994160,112.000000,90.000000,0.000000,0.000000,0.000000,0.000000,0.000000,0.000000,0.000000,0.000000
1749017880.573645,112.719551,112.000000,88.000000,0.000000,0.000000,0.000000,0.000000,0.000000,0.000000,0.000000,0.000000
1749017880.608791,113.058090,112.000000,87.000000,0.000000,0.000000,0.000000,0.000000,0.000000,0.000000,0.000000,0.000000
1749017880.640595,112.933771,112.000000,88.000000,0.000000,0.000000,0.000000,0.000000,0.000000,0.000000,0.000000,0.000000
1749017880.672709,112.339237,112.000000,89.000000,0.000000,0.000000,0.000000,0.000000,0.000000,0.000000,0.000000,0.000000
1749017880.708753,112.369915,112.000000,89.000000,0.000000,0.000000,0.000000,0.000000,0.000000,0.000000,0.000000,0.000000
1749017880.736872,112.360013,112.000000,89.000000,0.000000,0.000000,0.000000,0.000000,0.000000,0.000000,0.000000,0.000000
1749017880.767958,113.048036,112.000000,87.000000,0.000000,0.000000,0.000000,0.000000,0.000000,0.000000,0.000000,0.000000
1749017880.807093,112.877398,112.000000,88.000000,0.000000,0.000000,0.000000,0.000000,0.000000,0.000000,0.000000,0.000000
1749017880.840172,112.255456,112.000000,89.000000,0.000000,0.000000,0.000000,0.000000,0.000000,0.000000,0.000000,0.000000
1749017880.875603,112.658550,112.000000,88.000000,0.000000,0.000000,0.000000,0.000000,0.000000,0.000000,0.000000,0.000000
1749017880.911793,112.892575,112.000000,88.000000,0.000000,0.000000,0.000000,0.000000,0.000000,0.000000,0.000000,0.000000
1749017880.943203,112.823378,112.000000,88.000000,0.000000,0.000000,0.000000,0.000000,0.000000,0.000000,0.000000,0.000000
1749017880.971967,112.868812,112.000000,88.000000,0.000000,0.000000,0.000000,0.000000,0.000000,0.000000,0.000000,0.000000
1749017881.006985,112.694235,112.000000,88.000000,0.000000,0.000000,0.000000,0.000000,0.000000,0.000000,0.000000,0.000000
1749017881.038222,113.156664,112.000000,87.000000,0.000000,0.000000,0.000000,0.000000,0.000000,0.000000,0.000000,0.000000
1749017881.072062,112.913824,112.000000,88.000000,0.000000,0.000000,0.000000,0.000000,0.000000,0.000000,0.000000,0.000000
1749017881.104783,112.919683,112.000000,88.000000,0.000000,0.000000,0.000000,0.000000,0.000000,0.000000,0.000000,0.000000
1749017881.138448,112.728521,112.000000,88.000000,0.000000,0.000000,0.000000,0.000000,0.000000,0.000000,0.000000,0.000000
1749017881.171969,112.636046,112.000000,88.000000,0.000000,0.000000,0.000000,0.000000,0.000000,0.000000,0.000000,0.000000
1749017881.207956,113.001844,112.000000,87.000000,0.000000,0.000000,0.000000,0.000000,0.000000,0.000000,0.000000,0.000000
1749017881.241070,113.343879,112.000000,87.000000,0.000000,0.000000,0.000000,0.000000,0.000000,0.000000,0.000000,0.000000
1749017881.272971,113.049167,112.000000,87.000000,0.000000,0.000000,0.000000,0.000000,0.000000,0.000000,0.000000,0.000000
1749017881.306995,112.950807,112.000000,88.000000,0.000000,0.000000,0.000000,0.000000,0.000000,0.000000,0.000000,0.000000
1749017881.339449,112.846439,121.000000,90.000000,0.000000,0.000000,0.000000,0.000000,0.000000,0.000000,0.000000,0.000000
1749017881.373752,112.645951,121.000000,90.000000,0.000000,0.000000,0.000000,0.000000,0.000000,0.000000,0.000000,0.000000
1749017881.411083,112.976577,121.000000,90.000000,0.000000,0.000000,0.000000,0.000000,0.000000,0.000000,0.000000,0.000000
1749017881.442663,113.239927,121.000000,120.000000,0.000000,0.000000,0.000000,0.000000,0.000000,0.000000,0.000000,0.000000
1749017881.469697,113.089319,121.000000,90.000000,0.000000,0.000000,0.000000,0.000000,0.000000,0.000000,0.000000,0.000000
1749017881.506586,113.273511,121.000000,90.000000,0.000000,0.000000,0.000000,0.000000,0.000000,0.000000,0.000000,0.000000
1749017881.540784,113.161850,121.000000,90.000000,0.000000,0.000000,0.000000,0.000000,0.000000,0.000000,0.000000,0.000000
1749017881.574420,113.528510,121.000000,120.000000,0.000000,0.000000,0.000000,0.000000,0.000000,0.000000,0.000000,0.000000
1749017881.610122,113.553488,121.000000,104.000000,80.000000,80.000000,80.000000,80.000000,0.000000,0.000000,0.000000,0.000000
1749017881.640829,113.508432,121.000000,104.000000,80.000000,80.000000,80.000000,80.000000,0.000000,0.000000,0.000000,0.000000
1749017881.674128,113.656961,121.000000,104.000000,80.000000,80.000000,80.000000,80.000000,0.000000,0.000000,0.000000,0.000000
1749017881.710500,113.359200,121.000000,105.000000,80.000000,80.000000,80.000000,80.000000,0.000000,0.000000,0.000000,0.000000
1749017881.742721,113.531673,121.000000,104.000000,80.000000,80.000000,80.000000,80.000000,0.000000,0.000000,0.000000,0.000000
1749017881.773344,113.710092,121.000000,104.000000,80.000000,80.000000,80.000000,80.000000,0.000000,0.000000,0.000000,0.000000
1749017881.804977,113.548061,121.000000,104.000000,80.000000,80.000000,80.000000,80.000000,0.000000,0.000000,0.000000,0.000000
1749017881.836501,113.538987,121.000000,104.000000,80.000000,80.000000,80.000000,80.000000,0.000000,0.000000,0.000000,0.000000
1749017881.870986,114.113130,121.000000,103.000000,80.000000,80.000000,80.000000,80.000000,0.000000,0.000000,0.000000,0.000000
1749017881.912845,113.752888,121.000000,104.000000,80.000000,80.000000,80.000000,80.000000,0.000000,0.000000,0.000000,0.000000
1749017881.946499,113.579155,121.000000,104.000000,80.000000,80.000000,80.000000,80.000000,0.000000,0.000000,0.000000,0.000000
1749017881.979063,113.614412,121.000000,104.000000,80.000000,80.000000,80.000000,80.000000,0.000000,0.000000,0.000000,0.000000
1749017882.015039,113.693906,121.000000,104.000000,80.000000,80.000000,80.000000,80.000000,0.000000,0.000000,0.000000,0.000000
1749017882.044961,113.802569,121.000000,104.000000,80.000000,80.000000,80.000000,80.000000,0.000000,0.000000,0.000000,0.000000
1749017882.070139,113.796877,121.000000,104.000000,80.000000,80.000000,80.000000,80.000000,0.000000,0.000000,0.000000,0.000000
1749017882.108510,113.571581,121.000000,104.000000,80.000000,80.000000,80.000000,80.000000,0.000000,0.000000,0.000000,0.000000
1749017882.141807,113.836222,121.000000,104.000000,80.000000,80.000000,80.000000,80.000000,0.000000,0.000000,0.000000,0.000000
1749017882.169797,113.437526,121.000000,105.000000,80.000000,80.000000,80.000000,80.000000,0.000000,0.000000,0.000000,0.000000
1749017882.207294,112.944209,121.000000,106.000000,80.000000,80.000000,80.000000,80.000000,0.000000,0.000000,0.000000,0.000000
1749017882.239136,112.938407,121.000000,106.000000,80.000000,80.000000,80.000000,80.000000,0.000000,0.000000,0.000000,0.000000
1749017882.271500,112.781119,121.000000,106.000000,80.000000,80.000000,80.000000,80.000000,0.000000,0.000000,0.000000,0.000000
1749017882.308931,112.387352,121.000000,107.000000,80.000000,80.000000,80.000000,80.000000,0.000000,0.000000,0.000000,0.000000
1749017882.341833,112.007732,121.000000,107.000000,80.000000,80.000000,80.000000,80.000000,0.000000,0.000000,0.000000,0.000000
1749017882.372913,111.303409,121.000000,109.000000,80.000000,80.000000,80.000000,80.000000,0.000000,0.000000,0.000000,0.000000
1749017882.408687,111.012864,121.000000,109.000000,80.000000,80.000000,80.000000,80.000000,0.000000,0.000000,0.000000,0.000000
1749017882.440629,110.687778,121.000000,110.000000,80.000000,80.000000,80.000000,80.000000,0.000000,0.000000,0.000000,0.000000
1749017882.473209,110.293100,121.000000,111.000000,80.000000,80.000000,80.000000,80.000000,0.000000,0.000000,0.000000,0.000000
1749017882.510685,110.319622,121.000000,111.000000,80.000000,80.000000,80.000000,80.000000,0.000000,0.000000,0.000000,0.000000
1749017882.543363,110.115803,121.000000,111.000000,80.000000,80.000000,80.000000,80.000000,0.000000,0.000000,0.000000,0.000000
1749017882.574635,109.962080,121.000000,112.000000,80.000000,80.000000,80.000000,80.000000,0.000000,0.000000,0.000000,0.000000
1749017882.608970,109.288064,121.000000,113.000000,80.000000,80.000000,80.000000,80.000000,0.000000,0.000000,0.000000,0.000000
1749017882.640269,108.467477,121.000000,115.000000,80.000000,80.000000,80.000000,80.000000,0.000000,0.000000,0.000000,0.000000
1749017882.671936,108.438639,121.000000,115.000000,80.000000,80.000000,80.000000,80.000000,0.000000,0.000000,0.000000,0.000000
1749017882.707050,108.329705,121.000000,115.000000,80.000000,80.000000,80.000000,80.000000,0.000000,0.000000,0.000000,0.000000
1749017882.741976,107.611126,121.000000,116.000000,80.000000,80.000000,80.000000,80.000000,0.000000,0.000000,0.000000,0.000000
1749017882.772629,107.335001,121.000000,117.000000,80.000000,80.000000,80.000000,80.000000,0.000000,0.000000,0.000000,0.000000
1749017882.816627,106.641751,121.000000,118.000000,80.000000,80.000000,80.000000,80.000000,0.000000,0.000000,0.000000,0.000000
1749017882.847343,106.236424,121.000000,119.000000,80.000000,80.000000,80.000000,80.000000,0.000000,0.000000,0.000000,0.000000
1749017882.874632,106.295014,121.000000,119.000000,80.000000,80.000000,80.000000,80.000000,0.000000,0.000000,0.000000,0.000000
1749017882.907383,105.415165,121.000000,121.000000,80.000000,80.000000,80.000000,80.000000,0.000000,0.000000,0.000000,0.000000
1749017882.940344,105.508328,121.000000,120.000000,80.000000,80.000000,80.000000,80.000000,0.000000,0.000000,0.000000,0.000000
1749017882.971096,105.237479,121.000000,121.000000,80.000000,80.000000,80.000000,80.000000,0.000000,0.000000,0.000000,0.000000
1749017883.011044,104.117854,121.000000,123.000000,80.000000,80.000000,80.000000,80.000000,0.000000,0.000000,0.000000,0.000000
1749017883.036701,103.530296,121.000000,124.000000,80.000000,80.000000,80.000000,80.000000,0.000000,0.000000,0.000000,0.000000
1749017883.068387,103.102610,121.000000,125.000000,80.000000,80.000000,80.000000,80.000000,0.000000,0.000000,0.000000,0.000000
1749017883.104724,103.173630,121.000000,125.000000,80.000000,80.000000,80.000000,80.000000,0.000000,0.000000,0.000000,0.000000
1749017883.138534,103.251227,121.000000,125.000000,80.000000,80.000000,80.000000,80.000000,0.000000,0.000000,0.000000,0.000000
1749017883.172316,103.059329,121.000000,125.000000,80.000000,80.000000,80.000000,80.000000,0.000000,0.000000,0.000000,0.000000
1749017883.209686,102.582263,121.000000,126.000000,80.000000,80.000000,80.000000,80.000000,0.000000,0.000000,0.000000,0.000000
1749017883.241403,102.080867,121.000000,127.000000,80.000000,80.000000,80.000000,80.000000,0.000000,0.000000,0.000000,0.000000
1749017883.274130,102.018787,121.000000,127.000000,80.000000,80.000000,80.000000,80.000000,0.000000,0.000000,0.000000,0.000000
1749017883.308983,101.561251,121.000000,128.000000,80.000000,80.000000,80.000000,80.000000,0.000000,0.000000,0.000000,0.000000
1749017883.344727,101.093984,121.000000,129.000000,80.000000,80.000000,80.000000,80.000000,0.000000,0.000000,0.000000,0.000000
1749017883.374449,100.356243,121.000000,131.000000,80.000000,80.000000,80.000000,80.000000,0.000000,0.000000,0.000000,0.000000
1749017883.408018,101.434359,121.000000,129.000000,80.000000,80.000000,80.000000,80.000000,0.000000,0.000000,0.000000,0.000000
1749017883.438945,100.906082,121.000000,130.000000,80.000000,80.000000,80.000000,80.000000,0.000000,0.000000,0.000000,0.000000
1749017883.471789,100.173479,121.000000,131.000000,80.000000,80.000000,80.000000,80.000000,0.000000,0.000000,0.000000,0.000000
1749017883.509464,99.610874,121.000000,132.000000,80.000000,80.000000,80.000000,80.000000,0.000000,0.000000,0.000000,0.000000
1749017883.542502,99.582193,121.000000,132.000000,80.000000,80.000000,80.000000,80.000000,0.000000,0.000000,0.000000,0.000000
1749017883.573815,99.654492,121.000000,132.000000,80.000000,80.000000,80.000000,80.000000,0.000000,0.000000,0.000000,0.000000
1749017883.607820,98.780443,121.000000,134.000000,80.000000,80.000000,80.000000,80.000000,0.000000,0.000000,0.000000,0.000000
1749017883.639698,98.659971,121.000000,134.000000,80.000000,80.000000,80.000000,80.000000,0.000000,0.000000,0.000000,0.000000
1749017883.672857,98.405443,121.000000,135.000000,80.000000,80.000000,80.000000,80.000000,0.000000,0.000000,0.000000,0.000000
1749017883.710279,97.862093,121.000000,136.000000,80.000000,80.000000,80.000000,80.000000,0.000000,0.000000,0.000000,0.000000
1749017883.737825,97.622587,121.000000,136.000000,80.000000,80.000000,80.000000,80.000000,0.000000,0.000000,0.000000,0.000000
1749017883.770986,97.211211,121.000000,137.000000,80.000000,80.000000,80.000000,80.000000,0.000000,0.000000,0.000000,0.000000
1749017883.807012,97.434273,121.000000,137.000000,80.000000,80.000000,80.000000,80.000000,0.000000,0.000000,0.000000,0.000000
1749017883.839125,97.006652,121.000000,137.000000,80.000000,80.000000,80.000000,80.000000,0.000000,0.000000,0.000000,0.000000
1749017883.871646,96.691020,121.000000,138.000000,80.000000,80.000000,80.000000,80.000000,0.000000,0.000000,0.000000,0.000000
1749017883.907843,96.194912,121.000000,139.000000,80.000000,80.000000,80.000000,80.000000,0.000000,0.000000,0.000000,0.000000
1749017883.939936,96.184554,121.000000,139.000000,80.000000,80.000000,80.000000,80.000000,0.000000,0.000000,0.000000,0.000000
1749017883.972344,95.761504,121.000000,140.000000,80.000000,80.000000,80.000000,80.000000,0.000000,0.000000,0.000000,0.000000
1749017884.009975,95.943455,121.000000,140.000000,80.000000,80.000000,80.000000,80.000000,0.000000,0.000000,0.000000,0.000000
1749017884.043500,96.083380,121.000000,139.000000,80.000000,80.000000,80.000000,80.000000,0.000000,0.000000,0.000000,0.000000
1749017884.072522,95.376868,121.000000,141.000000,80.000000,80.000000,80.000000,80.000000,0.000000,0.000000,0.000000,0.000000
1749017884.105411,95.016441,121.000000,141.000000,80.000000,80.000000,80.000000,80.000000,0.000000,0.000000,0.000000,0.000000
1749017884.137777,94.400516,121.000000,143.000000,80.000000,80.000000,80.000000,80.000000,0.000000,0.000000,0.000000,0.000000
1749017884.171966,94.267440,121.000000,143.000000,80.000000,80.000000,80.000000,80.000000,0.000000,0.000000,0.000000,0.000000
1749017884.212502,94.159244,121.000000,143.000000,80.000000,80.000000,80.000000,80.000000,0.000000,0.000000,0.000000,0.000000
1749017884.243867,93.855142,121.000000,144.000000,81.000000,81.000000,81.000000,81.000000,0.000000,0.000000,0.000000,0.000000
1749017884.273071,93.826923,121.000000,144.000000,81.000000,81.000000,81.000000,81.000000,0.000000,0.000000,0.000000,0.000000
1749017884.308086,93.377675,121.000000,145.000000,82.000000,82.000000,82.000000,82.000000,0.000000,0.000000,0.000000,0.000000
1749017884.340897,92.878076,121.000000,146.000000,84.000000,84.000000,84.000000,84.000000,0.000000,0.000000,0.000000,0.000000
1749017884.372612,92.623545,121.000000,146.000000,85.000000,85.000000,85.000000,85.000000,0.000000,0.000000,0.000000,0.000000
1749017884.410920,92.178522,121.000000,147.000000,86.000000,86.000000,86.000000,86.000000,0.000000,0.000000,0.000000,0.000000
1749017884.436611,91.634678,121.000000,148.000000,88.000000,88.000000,88.000000,88.000000,0.000000,0.000000,0.000000,0.000000
1749017884.468068,91.604040,121.000000,148.000000,88.000000,88.000000,88.000000,88.000000,0.000000,0.000000,0.000000,0.000000
1749017884.506996,91.733459,121.000000,148.000000,87.000000,87.000000,87.000000,87.000000,0.000000,0.000000,0.000000,0.000000
1749017884.539240,91.680875,121.000000,148.000000,87.000000,87.000000,87.000000,87.000000,0.000000,0.000000,0.000000,0.000000
1749017884.570783,91.147246,121.000000,149.000000,89.000000,89.000000,89.000000,89.000000,0.000000,0.000000,0.000000,0.000000
1749017884.611632,91.402005,121.000000,149.000000,88.000000,88.000000,88.000000,88.000000,0.000000,0.000000,0.000000,0.000000
1749017884.643403,91.709935,121.000000,148.000000,87.000000,87.000000,87.000000,87.000000,0.000000,0.000000,0.000000,0.000000
1749017884.675227,91.393597,121.000000,149.000000,88.000000,88.000000,88.000000,88.000000,0.000000,0.000000,0.000000,0.000000
1749017884.711002,91.093956,121.000000,149.000000,89.000000,89.000000,89.000000,89.000000,0.000000,0.000000,0.000000,0.000000
1749017884.743918,92.375825,121.000000,147.000000,85.000000,85.000000,85.000000,85.000000,0.000000,0.000000,0.000000,0.000000
1749017884.770625,92.080888,121.000000,147.000000,86.000000,86.000000,86.000000,86.000000,0.000000,0.000000,0.000000,0.000000
1749017884.807116,91.620066,121.000000,148.000000,88.000000,88.000000,88.000000,88.000000,0.000000,0.000000,0.000000,0.000000
1749017884.839359,92.465193,121.000000,147.000000,85.000000,85.000000,85.000000,85.000000,0.000000,0.000000,0.000000,0.000000
1749017884.871829,92.855277,121.000000,146.000000,84.000000,84.000000,84.000000,84.000000,0.000000,0.000000,0.000000,0.000000
1749017884.908350,92.990839,121.000000,146.000000,84.000000,84.000000,84.000000,84.000000,0.000000,0.000000,0.000000,0.000000
1749017884.939969,93.597688,121.000000,144.000000,82.000000,82.000000,82.000000,82.000000,0.000000,0.000000,0.000000,0.000000
1749017884.973963,94.180727,121.000000,143.000000,80.000000,80.000000,80.000000,80.000000,0.000000,0.000000,0.000000,0.000000
1749017885.009130,94.526413,121.000000,142.000000,80.000000,80.000000,80.000000,80.000000,0.000000,0.000000,0.000000,0.000000
1749017885.040981,95.393822,121.000000,141.000000,80.000000,80.000000,80.000000,80.000000,0.000000,0.000000,0.000000,0.000000
1749017885.073233,96.721651,121.000000,138.000000,80.000000,80.000000,80.000000,80.000000,0.000000,0.000000,0.000000,0.000000
1749017885.109052,97.063089,121.000000,137.000000,80.000000,80.000000,80.000000,80.000000,0.000000,0.000000,0.000000,0.000000
1749017885.140363,96.306231,121.000000,139.000000,80.000000,80.000000,80.000000,80.000000,0.000000,0.000000,0.000000,0.000000
1749017885.171514,96.509130,121.000000,138.000000,80.000000,80.000000,80.000000,80.000000,0.000000,0.000000,0.000000,0.000000
1749017885.207951,97.851781,121.000000,136.000000,80.000000,80.000000,80.000000,80.000000,0.000000,0.000000,0.000000,0.000000
1749017885.239513,98.361466,121.000000,135.000000,80.000000,80.000000,80.000000,80.000000,0.000000,0.000000,0.000000,0.000000
1749017885.272775,98.588986,121.000000,134.000000,80.000000,80.000000,80.000000,80.000000,0.000000,0.000000,0.000000,0.000000
1749017885.307595,98.535467,121.000000,134.000000,80.000000,80.000000,80.000000,80.000000,0.000000,0.000000,0.000000,0.000000
1749017885.337194,98.973703,121.000000,134.000000,80.000000,80.000000,80.000000,80.000000,0.000000,0.000000,0.000000,0.000000
1749017885.369025,99.968252,121.000000,132.000000,80.000000,80.000000,80.000000,80.000000,0.000000,0.000000,0.000000,0.000000
1749017885.408483,100.708631,121.000000,130.000000,80.000000,80.000000,80.000000,80.000000,0.000000,0.000000,0.000000,0.000000
1749017885.440667,101.271551,121.000000,129.000000,80.000000,80.000000,80.000000,80.000000,0.000000,0.000000,0.000000,0.000000
1749017885.473410,102.057955,121.000000,127.000000,80.000000,80.000000,80.000000,80.000000,0.000000,0.000000,0.000000,0.000000
1749017885.509401,103.136454,121.000000,125.000000,80.000000,80.000000,80.000000,80.000000,0.000000,0.000000,0.000000,0.000000
1749017885.540963,103.227751,121.000000,125.000000,80.000000,80.000000,80.000000,80.000000,0.000000,0.000000,0.000000,0.000000
1749017885.572708,103.432376,121.000000,125.000000,80.000000,80.000000,80.000000,80.000000,0.000000,0.000000,0.000000,0.000000
1749017885.609979,103.330877,121.000000,125.000000,80.000000,80.000000,80.000000,80.000000,0.000000,0.000000,0.000000,0.000000
1749017885.641001,103.879409,121.000000,124.000000,80.000000,80.000000,80.000000,80.000000,0.000000,0.000000,0.000000,0.000000
1749017885.668513,104.565259,121.000000,122.000000,80.000000,80.000000,80.000000,80.000000,0.000000,0.000000,0.000000,0.000000
1749017885.704588,105.916225,121.000000,120.000000,80.000000,80.000000,80.000000,80.000000,0.000000,0.000000,0.000000,0.000000
1749017885.738020,106.362504,121.000000,119.000000,80.000000,80.000000,80.000000,80.000000,0.000000,0.000000,0.000000,0.000000
1749017885.773431,105.976761,121.000000,120.000000,80.000000,80.000000,80.000000,80.000000,0.000000,0.000000,0.000000,0.000000
1749017885.808710,106.869024,121.000000,118.000000,80.000000,80.000000,80.000000,80.000000,0.000000,0.000000,0.000000,0.000000
1749017885.843916,107.304592,121.000000,117.000000,80.000000,80.000000,80.000000,80.000000,0.000000,0.000000,0.000000,0.000000
1749017885.874668,107.439460,121.000000,117.000000,80.000000,80.000000,80.000000,80.000000,0.000000,0.000000,0.000000,0.000000
1749017885.911276,107.420543,121.000000,117.000000,80.000000,80.000000,80.000000,80.000000,0.000000,0.000000,0.000000,0.000000
1749017885.943838,107.729183,121.000000,116.000000,80.000000,80.000000,80.000000,80.000000,0.000000,0.000000,0.000000,0.000000
1749017885.974182,108.545866,121.000000,114.000000,80.000000,80.000000,80.000000,80.000000,0.000000,0.000000,0.000000,0.000000
1749017886.009161,109.245377,121.000000,113.000000,80.000000,80.000000,80.000000,80.000000,0.000000,0.000000,0.000000,0.000000
1749017886.037596,109.317556,121.000000,113.000000,80.000000,80.000000,80.000000,80.000000,0.000000,0.000000,0.000000,0.000000
1749017886.069796,109.681704,121.000000,112.000000,80.000000,80.000000,80.000000,80.000000,0.000000,0.000000,0.000000,0.000000
1749017886.107373,110.476099,121.000000,111.000000,80.000000,80.000000,80.000000,80.000000,0.000000,0.000000,0.000000,0.000000
1749017886.143994,110.635851,121.000000,110.000000,80.000000,80.000000,80.000000,80.000000,0.000000,0.000000,0.000000,0.000000
1749017886.175474,111.350872,121.000000,109.000000,80.000000,80.000000,80.000000,80.000000,0.000000,0.000000,0.000000,0.000000
1749017886.211425,111.911993,121.000000,108.000000,80.000000,80.000000,80.000000,80.000000,0.000000,0.000000,0.000000,0.000000
1749017886.244539,112.430072,121.000000,107.000000,80.000000,80.000000,80.000000,80.000000,0.000000,0.000000,0.000000,0.000000
1749017886.274980,112.481412,121.000000,107.000000,80.000000,80.000000,80.000000,80.000000,0.000000,0.000000,0.000000,0.000000
1749017886.310633,112.140233,121.000000,107.000000,80.000000,80.000000,80.000000,80.000000,0.000000,0.000000,0.000000,0.000000
1749017886.345776,112.265276,121.000000,107.000000,80.000000,80.000000,80.000000,80.000000,0.000000,0.000000,0.000000,0.000000
1749017886.376748,112.192192,121.000000,107.000000,80.000000,80.000000,80.000000,80.000000,0.000000,0.000000,0.000000,0.000000
1749017886.411554,112.668269,121.000000,106.000000,80.000000,80.000000,80.000000,80.000000,0.000000,0.000000,0.000000,0.000000
1749017886.444165,113.270443,121.000000,105.000000,80.000000,80.000000,80.000000,80.000000,0.000000,0.000000,0.000000,0.000000
1749017886.474779,114.282293,121.000000,103.000000,80.000000,80.000000,80.000000,80.000000,0.000000,0.000000,0.000000,0.000000
1749017886.510688,114.372062,121.000000,103.000000,80.000000,80.000000,80.000000,80.000000,0.000000,0.000000,0.000000,0.000000
1749017886.543032,114.694391,121.000000,102.000000,80.000000,80.000000,80.000000,80.000000,0.000000,0.000000,0.000000,0.000000
1749017886.574412,114.532865,121.000000,102.000000,80.000000,80.000000,80.000000,80.000000,0.000000,0.000000,0.000000,0.000000
1749017886.609985,114.684441,121.000000,102.000000,80.000000,80.000000,80.000000,80.000000,0.000000,0.000000,0.000000,0.000000
1749017886.643288,115.267435,121.000000,101.000000,80.000000,80.000000,80.000000,80.000000,0.000000,0.000000,0.000000,0.000000
1749017886.675895,115.296048,121.000000,101.000000,80.000000,80.000000,80.000000,80.000000,0.000000,0.000000,0.000000,0.000000
1749017886.712460,115.474262,121.000000,101.000000,80.000000,80.000000,80.000000,80.000000,0.000000,0.000000,0.000000,0.000000
1749017886.745398,115.282640,121.000000,101.000000,80.000000,80.000000,80.000000,80.000000,0.000000,0.000000,0.000000,0.000000
1749017886.774724,115.535954,121.000000,100.000000,80.000000,80.000000,80.000000,80.000000,0.000000,0.000000,0.000000,0.000000
1749017886.811532,116.378530,121.000000,99.000000,80.000000,80.000000,80.000000,80.000000,0.000000,0.000000,0.000000,0.000000
1749017886.842231,116.757469,121.000000,98.000000,80.000000,80.000000,80.000000,80.000000,0.000000,0.000000,0.000000,0.000000
1749017886.873476,117.189272,121.000000,97.000000,80.000000,80.000000,80.000000,80.000000,0.000000,0.000000,0.000000,0.000000
1749017886.910006,117.634898,121.000000,96.000000,80.000000,80.000000,80.000000,80.000000,0.000000,0.000000,0.000000,0.000000
1749017886.943584,118.503266,121.000000,94.000000,0.000000,0.000000,0.000000,0.000000,0.000000,0.000000,0.000000,0.000000
1749017886.975228,119.069153,121.000000,93.000000,0.000000,0.000000,0.000000,0.000000,0.000000,0.000000,0.000000,0.000000
1749017887.011761,118.784034,121.000000,94.000000,0.000000,0.000000,0.000000,0.000000,0.000000,0.000000,0.000000,0.000000
1749017887.043210,118.767287,121.000000,94.000000,0.000000,0.000000,0.000000,0.000000,0.000000,0.000000,0.000000,0.000000
1749017887.077435,119.328895,121.000000,93.000000,0.000000,0.000000,0.000000,0.000000,0.000000,0.000000,0.000000,0.000000
1749017887.111515,119.131435,121.000000,93.000000,0.000000,0.000000,0.000000,0.000000,0.000000,0.000000,0.000000,0.000000
1749017887.144410,118.933454,121.000000,94.000000,0.000000,0.000000,0.000000,0.000000,0.000000,0.000000,0.000000,0.000000
1749017887.174960,118.991244,121.000000,94.000000,0.000000,0.000000,0.000000,0.000000,0.000000,0.000000,0.000000,0.000000
1749017887.211586,118.743392,121.000000,94.000000,0.000000,0.000000,0.000000,0.000000,0.000000,0.000000,0.000000,0.000000
1749017887.242837,119.029434,121.000000,93.000000,0.000000,0.000000,0.000000,0.000000,0.000000,0.000000,0.000000,0.000000
1749017887.272052,119.966864,121.000000,92.000000,0.000000,0.000000,0.000000,0.000000,0.000000,0.000000,0.000000,0.000000
1749017887.308478,119.938032,121.000000,92.000000,0.000000,0.000000,0.000000,0.000000,0.000000,0.000000,0.000000,0.000000
1749017887.340597,119.900961,121.000000,92.000000,0.000000,0.000000,0.000000,0.000000,0.000000,0.000000,0.000000,0.000000
1749017887.372281,120.062318,121.000000,91.000000,0.000000,0.000000,0.000000,0.000000,0.000000,0.000000,0.000000,0.000000
1749017887.413097,120.157707,121.000000,91.000000,0.000000,0.000000,0.000000,0.000000,0.000000,0.000000,0.000000,0.000000
1749017887.444999,120.526770,121.000000,90.000000,0.000000,0.000000,0.000000,0.000000,0.000000,0.000000,0.000000,0.000000
1749017887.476535,120.420334,121.000000,91.000000,0.000000,0.000000,0.000000,0.000000,0.000000,0.000000,0.000000,0.000000
1749017887.509740,120.400657,121.000000,91.000000,0.000000,0.000000,0.000000,0.000000,0.000000,0.000000,0.000000,0.000000
1749017887.542663,120.570953,121.000000,90.000000,0.000000,0.000000,0.000000,0.000000,0.000000,0.000000,0.000000,0.000000
1749017887.573336,120.554841,121.000000,90.000000,0.000000,0.000000,0.000000,0.000000,0.000000,0.000000,0.000000,0.000000
1749017887.610327,120.575953,121.000000,90.000000,0.000000,0.000000,0.000000,0.000000,0.000000,0.000000,0.000000,0.000000
1749017887.637570,120.686152,121.000000,90.000000,0.000000,0.000000,0.000000,0.000000,0.000000,0.000000,0.000000,0.000000
1749017887.668031,120.637636,121.000000,90.000000,0.000000,0.000000,0.000000,0.000000,0.000000,0.000000,0.000000,0.000000
1749017887.705596,120.744864,121.000000,90.000000,0.000000,0.000000,0.000000,0.000000,0.000000,0.000000,0.000000,0.000000
1749017887.738853,120.291762,121.000000,91.000000,0.000000,0.000000,0.000000,0.000000,0.000000,0.000000,0.000000,0.000000
1749017887.770924,120.559869,121.000000,90.000000,0.000000,0.000000,0.000000,0.000000,0.000000,0.000000,0.000000,0.000000
1749017887.807372,120.943197,121.000000,90.000000,0.000000,0.000000,0.000000,0.000000,0.000000,0.000000,0.000000,0.000000
1749017887.840607,120.877088,121.000000,90.000000,0.000000,0.000000,0.000000,0.000000,0.000000,0.000000,0.000000,0.000000
1749017887.872104,120.731483,121.000000,90.000000,0.000000,0.000000,0.000000,0.000000,0.000000,0.000000,0.000000,0.000000
1749017887.907516,120.849982,121.000000,90.000000,0.000000,0.000000,0.000000,0.000000,0.000000,0.000000,0.000000,0.000000
1749017887.942026,120.864570,121.000000,90.000000,0.000000,0.000000,0.000000,0.000000,0.000000,0.000000,0.000000,0.000000
1749017887.972985,120.752164,121.000000,90.000000,0.000000,0.000000,0.000000,0.000000,0.000000,0.000000,0.000000,0.000000
1749017888.004727,120.636466,121.000000,90.000000,0.000000,0.000000,0.000000,0.000000,0.000000,0.000000,0.000000,0.000000
1749017888.036033,120.769514,121.000000,90.000000,0.000000,0.000000,0.000000,0.000000,0.000000,0.000000,0.000000,0.000000
1749017888.068691,120.899258,121.000000,90.000000,0.000000,0.000000,0.000000,0.000000,0.000000,0.000000,0.000000,0.000000
1749017888.104544,120.668814,121.000000,90.000000,0.000000,0.000000,0.000000,0.000000,0.000000,0.000000,0.000000,0.000000
1749017888.137947,120.815272,121.000000,90.000000,0.000000,0.000000,0.000000,0.000000,0.000000,0.000000,0.000000,0.000000
1749017888.172598,120.970123,121.000000,90.000000,0.000000,0.000000,0.000000,0.000000,0.000000,0.000000,0.000000,0.000000
1749017888.209730,120.095808,121.000000,91.000000,0.000000,0.000000,0.000000,0.000000,0.000000,0.000000,0.000000,0.000000
1749017888.241293,120.221923,121.000000,91.000000,0.000000,0.000000,0.000000,0.000000,0.000000,0.000000,0.000000,0.000000
1749017888.273912,120.808401,121.000000,90.000000,0.000000,0.000000,0.000000,0.000000,0.000000,0.000000,0.000000,0.000000
1749017888.314022,120.523079,113.000000,90.000000,0.000000,0.000000,0.000000,0.000000,0.000000,0.000000,0.000000,0.000000
1749017888.342746,119.995816,113.000000,90.000000,0.000000,0.000000,0.000000,0.000000,0.000000,0.000000,0.000000,0.000000
1749017888.368863,120.973802,113.000000,90.000000,0.000000,0.000000,0.000000,0.000000,0.000000,0.000000,0.000000,0.000000
1749017888.405955,121.004904,113.000000,120.000000,0.000000,0.000000,0.000000,0.000000,0.000000,0.000000,0.000000,0.000000
1749017888.437807,120.602292,113.000000,90.000000,0.000000,0.000000,0.000000,0.000000,0.000000,0.000000,0.000000,0.000000
1749017888.469264,120.481548,113.000000,90.000000,0.000000,0.000000,0.000000,0.000000,0.000000,0.000000,0.000000,0.000000
1749017888.504877,120.883692,113.000000,90.000000,0.000000,0.000000,0.000000,0.000000,0.000000,0.000000,0.000000,0.000000
1749017888.537768,120.459583,113.000000,120.000000,0.000000,0.000000,0.000000,0.000000,0.000000,0.000000,0.000000,0.000000
1749017888.570248,120.533811,113.000000,74.000000,0.000000,0.000000,0.000000,0.000000,120.000000,120.000000,120.000000,120.000000
1749017888.605608,120.984524,113.000000,74.000000,0.000000,0.000000,0.000000,0.000000,120.000000,120.000000,120.000000,120.000000
1749017888.639665,120.682076,113.000000,74.000000,0.000000,0.000000,0.000000,0.000000,120.000000,120.000000,120.000000,120.000000
1749017888.674049,120.529613,113.000000,74.000000,0.000000,0.000000,0.000000,0.000000,120.000000,120.000000,120.000000,120.000000
1749017888.707738,120.221267,113.000000,75.000000,0.000000,0.000000,0.000000,0.000000,120.000000,120.000000,120.000000,120.000000
1749017888.738420,120.499880,113.000000,75.000000,0.000000,0.000000,0.000000,0.000000,120.000000,120.000000,120.000000,120.000000
1749017888.771017,120.635540,113.000000,74.000000,0.000000,0.000000,0.000000,0.000000,120.000000,120.000000,120.000000,120.000000
1749017888.811564,120.100458,113.000000,75.000000,0.000000,0.000000,0.000000,0.000000,120.000000,120.000000,120.000000,120.000000
1749017888.842643,120.114824,113.000000,75.000000,0.000000,0.000000,0.000000,0.000000,120.000000,120.000000,120.000000,120.000000
1749017888.875752,120.472826,113.000000,75.000000,0.000000,0.000000,0.000000,0.000000,120.000000,120.000000,120.000000,120.000000
1749017888.910416,120.579326,113.000000,74.000000,0.000000,0.000000,0.000000,0.000000,120.000000,120.000000,120.000000,120.000000
1749017888.943494,120.232104,113.000000,75.000000,0.000000,0.000000,0.000000,0.000000,120.000000,120.000000,120.000000,120.000000
1749017888.974193,119.806501,113.000000,76.000000,0.000000,0.000000,0.000000,0.000000,120.000000,120.000000,120.000000,120.000000
1749017889.009561,118.812418,113.000000,78.000000,0.000000,0.000000,0.000000,0.000000,120.000000,120.000000,120.000000,120.000000
1749017889.038414,119.158573,113.000000,77.000000,0.000000,0.000000,0.000000,0.000000,120.000000,120.000000,120.000000,120.000000
1749017889.068435,118.649403,113.000000,78.000000,0.000000,0.000000,0.000000,0.000000,120.000000,120.000000,120.000000,120.000000
1749017889.105498,118.111669,113.000000,79.000000,0.000000,0.000000,0.000000,0.000000,120.000000,120.000000,120.000000,120.000000
1749017889.137813,117.409112,113.000000,81.000000,0.000000,0.000000,0.000000,0.000000,120.000000,120.000000,120.000000,120.000000
1749017889.170132,116.541700,113.000000,82.000000,0.000000,0.000000,0.000000,0.000000,120.000000,120.000000,120.000000,120.000000
1749017889.209608,115.956479,113.000000,84.000000,0.000000,0.000000,0.000000,0.000000,120.000000,120.000000,120.000000,120.000000
1749017889.239982,115.134429,113.000000,85.000000,0.000000,0.000000,0.000000,0.000000,0.000000,0.000000,0.000000,0.000000
1749017889.272061,114.381825,113.000000,87.000000,0.000000,0.000000,0.000000,0.000000,0.000000,0.000000,0.000000,0.000000
1749017889.308542,114.174352,113.000000,87.000000,0.000000,0.000000,0.000000,0.000000,0.000000,0.000000,0.000000,0.000000
1749017889.339508,114.195554,113.000000,87.000000,0.000000,0.000000,0.000000,0.000000,0.000000,0.000000,0.000000,0.000000
1749017889.371993,113.500026,113.000000,88.000000,0.000000,0.000000,0.000000,0.000000,0.000000,0.000000,0.000000,0.000000
1749017889.408156,112.387777,113.000000,91.000000,0.000000,0.000000,0.000000,0.000000,0.000000,0.000000,0.000000,0.000000
1749017889.440927,111.899092,113.000000,92.000000,0.000000,0.000000,0.000000,0.000000,0.000000,0.000000,0.000000,0.000000
1749017889.473068,111.354393,113.000000,93.000000,0.000000,0.000000,0.000000,0.000000,0.000000,0.000000,0.000000,0.000000
1749017889.509957,111.459338,113.000000,93.000000,0.000000,0.000000,0.000000,0.000000,0.000000,0.000000,0.000000,0.000000
1749017889.540982,111.061153,113.000000,93.000000,0.000000,0.000000,0.000000,0.000000,0.000000,0.000000,0.000000,0.000000
1749017889.573346,110.990894,113.000000,94.000000,0.000000,0.000000,0.000000,0.000000,0.000000,0.000000,0.000000,0.000000
1749017889.609945,110.227230,113.000000,95.000000,80.000000,80.000000,80.000000,80.000000,0.000000,0.000000,0.000000,0.000000
1749017889.640986,109.943107,113.000000,96.000000,80.000000,80.000000,80.000000,80.000000,0.000000,0.000000,0.000000,0.000000
1749017889.672047,109.314218,113.000000,97.000000,80.000000,80.000000,80.000000,80.000000,0.000000,0.000000,0.000000,0.000000
1749017889.709975,108.741736,113.000000,98.000000,80.000000,80.000000,80.000000,80.000000,0.000000,0.000000,0.000000,0.000000
1749017889.741387,108.594179,113.000000,98.000000,80.000000,80.000000,80.000000,80.000000,0.000000,0.000000,0.000000,0.000000
1749017889.772757,108.877957,113.000000,98.000000,80.000000,80.000000,80.000000,80.000000,0.000000,0.000000,0.000000,0.000000
1749017889.809969,109.260791,113.000000,97.000000,80.000000,80.000000,80.000000,80.000000,0.000000,0.000000,0.000000,0.000000
1749017889.840988,109.133179,113.000000,97.000000,80.000000,80.000000,80.000000,80.000000,0.000000,0.000000,0.000000,0.000000
1749017889.874256,108.593608,113.000000,98.000000,80.000000,80.000000,80.000000,80.000000,0.000000,0.000000,0.000000,0.000000
1749017889.910953,108.897425,113.000000,98.000000,80.000000,80.000000,80.000000,80.000000,0.000000,0.000000,0.000000,0.000000
1749017889.938325,108.835636,113.000000,98.000000,80.000000,80.000000,80.000000,80.000000,0.000000,0.000000,0.000000,0.000000
1749017889.969026,109.561331,113.000000,96.000000,80.000000,80.000000,80.000000,80.000000,0.000000,0.000000,0.000000,0.000000
1749017890.005806,110.101209,113.000000,95.000000,80.000000,80.000000,80.000000,80.000000,0.000000,0.000000,0.000000,0.000000
1749017890.038645,110.225301,113.000000,95.000000,80.000000,80.000000,80.000000,80.000000,0.000000,0.000000,0.000000,0.000000
1749017890.071370,110.633988,113.000000,94.000000,0.000000,0.000000,0.000000,0.000000,0.000000,0.000000,0.000000,0.000000
1749017890.107520,110.983661,113.000000,94.000000,0.000000,0.000000,0.000000,0.000000,0.000000,0.000000,0.000000,0.000000
1749017890.139580,110.978596,113.000000,94.000000,0.000000,0.000000,0.000000,0.000000,0.000000,0.000000,0.000000,0.000000
1749017890.171658,111.391376,113.000000,93.000000,0.000000,0.000000,0.000000,0.000000,0.000000,0.000000,0.000000,0.000000
1749017890.209530,111.544568,113.000000,92.000000,0.000000,0.000000,0.000000,0.000000,0.000000,0.000000,0.000000,0.000000
1749017890.242523,111.608717,113.000000,92.000000,0.000000,0.000000,0.000000,0.000000,0.000000,0.000000,0.000000,0.000000
1749017890.273012,111.607641,113.000000,92.000000,0.000000,0.000000,0.000000,0.000000,0.000000,0.000000,0.000000,0.000000
1749017890.304978,111.857342,113.000000,92.000000,0.000000,0.000000,0.000000,0.000000,0.000000,0.000000,0.000000,0.000000
1749017890.337537,112.211222,113.000000,91.000000,0.000000,0.000000,0.000000,0.000000,0.000000,0.000000,0.000000,0.000000
1749017890.370403,112.538761,113.000000,90.000000,0.000000,0.000000,0.000000,0.000000,0.000000,0.000000,0.000000,0.000000
1749017890.410242,112.502836,113.000000,90.000000,0.000000,0.000000,0.000000,0.000000,0.000000,0.000000,0.000000,0.000000
1749017890.441502,112.829373,113.000000,90.000000,0.000000,0.000000,0.000000,0.000000,0.000000,0.000000,0.000000,0.000000
1749017890.473121,112.868292,113.000000,90.000000,0.000000,0.000000,0.000000,0.000000,0.000000,0.000000,0.000000,0.000000
1749017890.509353,112.910485,113.000000,90.000000,0.000000,0.000000,0.000000,0.000000,0.000000,0.000000,0.000000,0.000000
1749017890.541413,113.451609,113.000000,89.000000,0.000000,0.000000,0.000000,0.000000,0.000000,0.000000,0.000000,0.000000
1749017890.572461,113.618843,113.000000,88.000000,0.000000,0.000000,0.000000,0.000000,0.000000,0.000000,0.000000,0.000000
1749017890.610860,113.666064,113.000000,88.000000,0.000000,0.000000,0.000000,0.000000,0.000000,0.000000,0.000000,0.000000
1749017890.641809,113.852918,113.000000,88.000000,0.000000,0.000000,0.000000,0.000000,0.000000,0.000000,0.000000,0.000000
1749017890.670069,113.776938,113.000000,88.000000,0.000000,0.000000,0.000000,0.000000,0.000000,0.000000,0.000000,0.000000
1749017890.705957,113.851203,113.000000,88.000000,0.000000,0.000000,0.000000,0.000000,0.000000,0.000000,0.000000,0.000000
1749017890.740013,113.823678,113.000000,88.000000,0.000000,0.000000,0.000000,0.000000,0.000000,0.000000,0.000000,0.000000
1749017890.774371,113.962477,113.000000,88.000000,0.000000,0.000000,0.000000,0.000000,0.000000,0.000000,0.000000,0.000000
1749017890.809977,114.049423,113.000000,87.000000,0.000000,0.000000,0.000000,0.000000,0.000000,0.000000,0.000000,0.000000
1749017890.841641,114.115603,113.000000,87.000000,0.000000,0.000000,0.000000,0.000000,0.000000,0.000000,0.000000,0.000000
1749017890.873725,114.104782,113.000000,87.000000,0.000000,0.000000,0.000000,0.000000,0.000000,0.000000,0.000000,0.000000
1749017890.909269,114.104369,113.000000,87.000000,0.000000,0.000000,0.000000,0.000000,0.000000,0.000000,0.000000,0.000000
1749017890.943101,113.614039,113.000000,88.000000,0.000000,0.000000,0.000000,0.000000,0.000000,0.000000,0.000000,0.000000
1749017890.970230,113.700098,113.000000,88.000000,0.000000,0.000000,0.000000,0.000000,0.000000,0.000000,0.000000,0.000000
1749017891.004696,113.595229,113.000000,88.000000,0.000000,0.000000,0.000000,0.000000,0.000000,0.000000,0.000000,0.000000
1749017891.038871,113.584529,113.000000,88.000000,0.000000,0.000000,0.000000,0.000000,0.000000,0.000000,0.000000,0.000000
1749017891.073702,113.900800,127.000000,90.000000,0.000000,0.000000,0.000000,0.000000,0.000000,0.000000,0.000000,0.000000
1749017891.110142,113.617252,127.000000,90.000000,0.000000,0.000000,0.000000,0.000000,0.000000,0.000000,0.000000,0.000000
1749017891.141442,113.358615,127.000000,90.000000,0.000000,0.000000,0.000000,0.000000,0.000000,0.000000,0.000000,0.000000
1749017891.173198,113.340346,127.000000,120.000000,0.000000,0.000000,0.000000,0.000000,0.000000,0.000000,0.000000,0.000000
1749017891.209193,113.331356,127.000000,90.000000,0.000000,0.000000,0.000000,0.000000,0.000000,0.000000,0.000000,0.000000
1749017891.240948,113.361209,127.000000,90.000000,0.000000,0.000000,0.000000,0.000000,0.000000,0.000000,0.000000,0.000000
1749017891.272690,113.476858,127.000000,90.000000,0.000000,0.000000,0.000000,0.000000,0.000000,0.000000,0.000000,0.000000
1749017891.311598,113.771080,127.000000,120.000000,0.000000,0.000000,0.000000,0.000000,0.000000,0.000000,0.000000,0.000000
1749017891.340938,113.474228,127.000000,117.000000,80.000000,80.000000,80.000000,80.000000,0.000000,0.000000,0.000000,0.000000
1749017891.368845,113.531761,127.000000,116.000000,80.000000,80.000000,80.000000,80.000000,0.000000,0.000000,0.000000,0.000000
1749017891.407056,113.601647,127.000000,116.000000,80.000000,80.000000,80.000000,80.000000,0.000000,0.000000,0.000000,0.000000
1749017891.443225,113.192298,127.000000,117.000000,80.000000,80.000000,80.000000,80.000000,0.000000,0.000000,0.000000,0.000000
1749017891.477592,112.595057,127.000000,118.000000,80.000000,80.000000,80.000000,80.000000,0.000000,0.000000,0.000000,0.000000
1749017891.512971,112.834830,127.000000,118.000000,80.000000,80.000000,80.000000,80.000000,0.000000,0.000000,0.000000,0.000000
1749017891.545134,113.069002,127.000000,117.000000,80.000000,80.000000,80.000000,80.000000,0.000000,0.000000,0.000000,0.000000
1749017891.572463,113.413519,127.000000,117.000000,80.000000,80.000000,80.000000,80.000000,0.000000,0.000000,0.000000,0.000000
1749017891.608099,113.373884,127.000000,117.000000,80.000000,80.000000,80.000000,80.000000,0.000000,0.000000,0.000000,0.000000
1749017891.638703,112.806779,127.000000,118.000000,80.000000,80.000000,80.000000,80.000000,0.000000,0.000000,0.000000,0.000000
1749017891.669060,112.713933,127.000000,118.000000,80.000000,80.000000,80.000000,80.000000,0.000000,0.000000,0.000000,0.000000
1749017891.705963,112.813542,127.000000,118.000000,80.000000,80.000000,80.000000,80.000000,0.000000,0.000000,0.000000,0.000000
1749017891.737469,113.164538,127.000000,117.000000,80.000000,80.000000,80.000000,80.000000,0.000000,0.000000,0.000000,0.000000
1749017891.770428,113.270311,127.000000,117.000000,80.000000,80.000000,80.000000,80.000000,0.000000,0.000000,0.000000,0.000000
1749017891.809455,112.637094,127.000000,118.000000,80.000000,80.000000,80.000000,80.000000,0.000000,0.000000,0.000000,0.000000
1749017891.843557,112.744317,127.000000,118.000000,80.000000,80.000000,80.000000,80.000000,0.000000,0.000000,0.000000,0.000000
1749017891.875517,112.237942,127.000000,119.000000,80.000000,80.000000,80.000000,80.000000,0.000000,0.000000,0.000000,0.000000
1749017891.908927,111.352453,127.000000,121.000000,80.000000,80.000000,80.000000,80.000000,0.000000,0.000000,0.000000,0.000000
1749017891.942142,111.147228,127.000000,121.000000,80.000000,80.000000,80.000000,80.000000,0.000000,0.000000,0.000000,0.000000
1749017891.974127,110.974913,127.000000,122.000000,80.000000,80.000000,80.000000,80.000000,0.000000,0.000000,0.000000,0.000000
1749017892.009979,110.802434,127.000000,122.000000,80.000000,80.000000,80.000000,80.000000,0.000000,0.000000,0.000000,0.000000
1749017892.043064,110.780241,127.000000,122.000000,80.000000,80.000000,80.000000,80.000000,0.000000,0.000000,0.000000,0.000000
1749017892.073929,109.895598,127.000000,124.000000,80.000000,80.000000,80.000000,80.000000,0.000000,0.000000,0.000000,0.000000
1749017892.109070,109.116850,127.000000,125.000000,80.000000,80.000000,80.000000,80.000000,0.000000,0.000000,0.000000,0.000000
1749017892.140473,108.939908,127.000000,126.000000,80.000000,80.000000,80.000000,80.000000,0.000000,0.000000,0.000000,0.000000
1749017892.172845,108.311118,127.000000,127.000000,80.000000,80.000000,80.000000,80.000000,0.000000,0.000000,0.000000,0.000000
1749017892.206669,107.569977,127.000000,128.000000,80.000000,80.000000,80.000000,80.000000,0.000000,0.000000,0.000000,0.000000
1749017892.237025,107.430301,127.000000,129.000000,80.000000,80.000000,80.000000,80.000000,0.000000,0.000000,0.000000,0.000000
1749017892.269658,106.722476,127.000000,130.000000,80.000000,80.000000,80.000000,80.000000,0.000000,0.000000,0.000000,0.000000
1749017892.310577,106.486033,127.000000,131.000000,80.000000,80.000000,80.000000,80.000000,0.000000,0.000000,0.000000,0.000000
1749017892.341600,105.906991,127.000000,132.000000,80.000000,80.000000,80.000000,80.000000,0.000000,0.000000,0.000000,0.000000
1749017892.373457,105.602838,127.000000,132.000000,80.000000,80.000000,80.000000,80.000000,0.000000,0.000000,0.000000,0.000000
1749017892.409377,105.630116,127.000000,132.000000,80.000000,80.000000,80.000000,80.000000,0.000000,0.000000,0.000000,0.000000
1749017892.440722,105.469331,127.000000,133.000000,80.000000,80.000000,80.000000,80.000000,0.000000,0.000000,0.000000,0.000000
1749017892.472821,105.781760,127.000000,132.000000,80.000000,80.000000,80.000000,80.000000,0.000000,0.000000,0.000000,0.000000
1749017892.510703,105.802145,127.000000,132.000000,80.000000,80.000000,80.000000,80.000000,0.000000,0.000000,0.000000,0.000000
1749017892.542510,105.096073,127.000000,133.000000,80.000000,80.000000,80.000000,80.000000,0.000000,0.000000,0.000000,0.000000
1749017892.568544,104.708767,127.000000,134.000000,80.000000,80.000000,80.000000,80.000000,0.000000,0.000000,0.000000,0.000000
1749017892.604290,105.348875,127.000000,133.000000,80.000000,80.000000,80.000000,80.000000,0.000000,0.000000,0.000000,0.000000
1749017892.635889,105.092226,127.000000,133.000000,80.000000,80.000000,80.000000,80.000000,0.000000,0.000000,0.000000,0.000000
1749017892.669250,104.770019,127.000000,134.000000,80.000000,80.000000,80.000000,80.000000,0.000000,0.000000,0.000000,0.000000
1749017892.707015,104.561562,127.000000,134.000000,80.000000,80.000000,80.000000,80.000000,0.000000,0.000000,0.000000,0.000000
1749017892.740516,104.177193,127.000000,135.000000,80.000000,80.000000,80.000000,80.000000,0.000000,0.000000,0.000000,0.000000
1749017892.771004,104.337190,127.000000,135.000000,80.000000,80.000000,80.000000,80.000000,0.000000,0.000000,0.000000,0.000000
1749017892.811088,103.812785,127.000000,136.000000,80.000000,80.000000,80.000000,80.000000,0.000000,0.000000,0.000000,0.000000
1749017892.843724,103.265420,127.000000,137.000000,80.000000,80.000000,80.000000,80.000000,0.000000,0.000000,0.000000,0.000000
1749017892.877981,103.063437,127.000000,137.000000,80.000000,80.000000,80.000000,80.000000,0.000000,0.000000,0.000000,0.000000
1749017892.908339,103.102035,127.000000,137.000000,80.000000,80.000000,80.000000,80.000000,0.000000,0.000000,0.000000,0.000000
1749017892.936928,103.005057,127.000000,137.000000,80.000000,80.000000,80.000000,80.000000,0.000000,0.000000,0.000000,0.000000
1749017892.967950,102.527676,127.000000,138.000000,80.000000,80.000000,80.000000,80.000000,0.000000,0.000000,0.000000,0.000000
1749017893.008243,101.714675,127.000000,140.000000,80.000000,80.000000,80.000000,80.000000,0.000000,0.000000,0.000000,0.000000
1749017893.040213,101.767280,127.000000,140.000000,80.000000,80.000000,80.000000,80.000000,0.000000,0.000000,0.000000,0.000000
1749017893.073916,101.756343,127.000000,140.000000,80.000000,80.000000,80.000000,80.000000,0.000000,0.000000,0.000000,0.000000
1749017893.110700,100.751993,127.000000,142.000000,80.000000,80.000000,80.000000,80.000000,0.000000,0.000000,0.000000,0.000000
1749017893.142467,100.859301,127.000000,142.000000,80.000000,80.000000,80.000000,80.000000,0.000000,0.000000,0.000000,0.000000
1749017893.173239,100.411849,127.000000,143.000000,80.000000,80.000000,80.000000,80.000000,0.000000,0.000000,0.000000,0.000000
1749017893.209454,100.122200,127.000000,143.000000,80.000000,80.000000,80.000000,80.000000,0.000000,0.000000,0.000000,0.000000
1749017893.242182,99.789683,127.000000,144.000000,81.000000,81.000000,81.000000,81.000000,0.000000,0.000000,0.000000,0.000000
1749017893.273132,99.196313,127.000000,145.000000,83.000000,83.000000,83.000000,83.000000,0.000000,0.000000,0.000000,0.000000
1749017893.304644,99.181868,127.000000,145.000000,83.000000,83.000000,83.000000,83.000000,0.000000,0.000000,0.000000,0.000000
1749017893.336492,98.954206,127.000000,146.000000,84.000000,84.000000,84.000000,84.000000,0.000000,0.000000,0.000000,0.000000
1749017893.371594,98.255417,127.000000,147.000000,86.000000,86.000000,86.000000,86.000000,0.000000,0.000000,0.000000,0.000000
1749017893.409238,97.864569,127.000000,148.000000,87.000000,87.000000,87.000000,87.000000,0.000000,0.000000,0.000000,0.000000
1749017893.440859,97.539202,127.000000,148.000000,88.000000,88.000000,88.000000,88.000000,0.000000,0.000000,0.000000,0.000000
1749017893.473436,97.524235,127.000000,148.000000,88.000000,88.000000,88.000000,88.000000,0.000000,0.000000,0.000000,0.000000
1749017893.508923,97.809645,127.000000,148.000000,87.000000,87.000000,87.000000,87.000000,0.000000,0.000000,0.000000,0.000000
1749017893.541311,98.027512,127.000000,147.000000,86.000000,86.000000,86.000000,86.000000,0.000000,0.000000,0.000000,0.000000
1749017893.574408,97.377048,127.000000,149.000000,88.000000,88.000000,88.000000,88.000000,0.000000,0.000000,0.000000,0.000000
1749017893.608352,97.193502,127.000000,149.000000,89.000000,89.000000,89.000000,89.000000,0.000000,0.000000,0.000000,0.000000
1749017893.636735,97.232320,127.000000,149.000000,89.000000,89.000000,89.000000,89.000000,0.000000,0.000000,0.000000,0.000000
1749017893.668298,97.311779,127.000000,149.000000,89.000000,89.000000,89.000000,89.000000,0.000000,0.000000,0.000000,0.000000
1749017893.707790,97.051907,127.000000,149.000000,89.000000,89.000000,89.000000,89.000000,0.000000,0.000000,0.000000,0.000000
1749017893.739847,97.197765,127.000000,149.000000,89.000000,89.000000,89.000000,89.000000,0.000000,0.000000,0.000000,0.000000
1749017893.771782,97.451646,127.000000,149.000000,88.000000,88.000000,88.000000,88.000000,0.000000,0.000000,0.000000,0.000000
1749017893.807947,98.183148,127.000000,147.000000,86.000000,86.000000,86.000000,86.000000,0.000000,0.000000,0.000000,0.000000
1749017893.839149,97.898648,127.000000,148.000000,87.000000,87.000000,87.000000,87.000000,0.000000,0.000000,0.000000,0.000000
1749017893.870923,98.201150,127.000000,147.000000,86.000000,86.000000,86.000000,86.000000,0.000000,0.000000,0.000000,0.000000
1749017893.908972,98.479055,127.000000,147.000000,85.000000,85.000000,85.000000,85.000000,0.000000,0.000000,0.000000,0.000000
1749017893.941373,98.701276,127.000000,146.000000,84.000000,84.000000,84.000000,84.000000,0.000000,0.000000,0.000000,0.000000
1749017893.972162,98.590030,127.000000,146.000000,85.000000,85.000000,85.000000,85.000000,0.000000,0.000000,0.000000,0.000000
1749017894.009974,99.535477,127.000000,144.000000,82.000000,82.000000,82.000000,82.000000,0.000000,0.000000,0.000000,0.000000
1749017894.040633,99.565573,127.000000,144.000000,82.000000,82.000000,82.000000,82.000000,0.000000,0.000000,0.000000,0.000000
1749017894.072935,99.780516,127.000000,144.000000,81.000000,81.000000,81.000000,81.000000,0.000000,0.000000,0.000000,0.000000
1749017894.108982,100.645111,127.000000,142.000000,80.000000,80.000000,80.000000,80.000000,0.000000,0.000000,0.000000,0.000000
1749017894.140871,101.359322,127.000000,141.000000,80.000000,80.000000,80.000000,80.000000,0.000000,0.000000,0.000000,0.000000
1749017894.173793,101.713534,127.000000,140.000000,80.000000,80.000000,80.000000,80.000000,0.000000,0.000000,0.000000,0.000000
1749017894.209831,100.774291,127.000000,142.000000,80.000000,80.000000,80.000000,80.000000,0.000000,0.000000,0.000000,0.000000
1749017894.241369,100.676001,127.000000,142.000000,80.000000,80.000000,80.000000,80.000000,0.000000,0.000000,0.000000,0.000000
1749017894.273981,102.219600,127.000000,139.000000,80.000000,80.000000,80.000000,80.000000,0.000000,0.000000,0.000000,0.000000
1749017894.309732,102.883725,127.000000,138.000000,80.000000,80.000000,80.000000,80.000000,0.000000,0.000000,0.000000,0.000000
1749017894.341305,103.638452,127.000000,136.000000,80.000000,80.000000,80.000000,80.000000,0.000000,0.000000,0.000000,0.000000
1749017894.373843,104.299638,127.000000,135.000000,80.000000,80.000000,80.000000,80.000000,0.000000,0.000000,0.000000,0.000000
1749017894.409688,104.946555,127.000000,134.000000,80.000000,80.000000,80.000000,80.000000,0.000000,0.000000,0.000000,0.000000
1749017894.442232,105.342950,127.000000,133.000000,80.000000,80.000000,80.000000,80.000000,0.000000,0.000000,0.000000,0.000000
1749017894.471744,105.319143,127.000000,133.000000,80.000000,80.000000,80.000000,80.000000,0.000000,0.000000,0.000000,0.000000
1749017894.504985,105.468788,127.000000,133.000000,80.000000,80.000000,80.000000,80.000000,0.000000,0.000000,0.000000,0.000000
1749017894.537725,106.094796,127.000000,131.000000,80.000000,80.000000,80.000000,80.000000,0.000000,0.000000,0.000000,0.000000
1749017894.569148,106.578933,127.000000,130.000000,80.000000,80.000000,80.000000,80.000000,0.000000,0.000000,0.000000,0.000000
1749017894.607954,107.414243,127.000000,129.000000,80.000000,80.000000,80.000000,80.000000,0.000000,0.000000,0.000000,0.000000
1749017894.639858,107.461434,127.000000,129.000000,80.000000,80.000000,80.000000,80.000000,0.000000,0.000000,0.000000,0.000000
1749017894.672001,107.111830,127.000000,129.000000,80.000000,80.000000,80.000000,80.000000,0.000000,0.000000,0.000000,0.000000
1749017894.710390,107.413281,127.000000,129.000000,80.000000,80.000000,80.000000,80.000000,0.000000,0.000000,0.000000,0.000000
1749017894.741256,108.010691,127.000000,127.000000,80.000000,80.000000,80.000000,80.000000,0.000000,0.000000,0.000000,0.000000
1749017894.772711,107.941281,127.000000,128.000000,80.000000,80.000000,80.000000,80.000000,0.000000,0.000000,0.000000,0.000000
1749017894.809779,107.927606,127.000000,128.000000,80.000000,80.000000,80.000000,80.000000,0.000000,0.000000,0.000000,0.000000
1749017894.843650,108.393160,127.000000,127.000000,80.000000,80.000000,80.000000,80.000000,0.000000,0.000000,0.000000,0.000000
1749017894.868961,108.824065,127.000000,126.000000,80.000000,80.000000,80.000000,80.000000,0.000000,0.000000,0.000000,0.000000
1749017894.905219,109.202113,127.000000,125.000000,80.000000,80.000000,80.000000,80.000000,0.000000,0.000000,0.000000,0.000000
1749017894.938963,109.354374,127.000000,125.000000,80.000000,80.000000,80.000000,80.000000,0.000000,0.000000,0.000000,0.000000
1749017894.970623,109.787751,127.000000,124.000000,80.000000,80.000000,80.000000,80.000000,0.000000,0.000000,0.000000,0.000000
1749017895.011680,109.899889,127.000000,124.000000,80.000000,80.000000,80.000000,80.000000,0.000000,0.000000,0.000000,0.000000
1749017895.043787,110.155180,127.000000,123.000000,80.000000,80.000000,80.000000,80.000000,0.000000,0.000000,0.000000,0.000000
1749017895.074857,110.325660,127.000000,123.000000,80.000000,80.000000,80.000000,80.000000,0.000000,0.000000,0.000000,0.000000
1749017895.111029,110.642279,127.000000,122.000000,80.000000,80.000000,80.000000,80.000000,0.000000,0.000000,0.000000,0.000000
1749017895.144768,111.197517,127.000000,121.000000,80.000000,80.000000,80.000000,80.000000,0.000000,0.000000,0.000000,0.000000
1749017895.172211,111.812211,127.000000,120.000000,80.000000,80.000000,80.000000,80.000000,0.000000,0.000000,0.000000,0.000000
1749017895.205628,112.354663,127.000000,119.000000,80.000000,80.000000,80.000000,80.000000,0.000000,0.000000,0.000000,0.000000
1749017895.237386,112.071533,127.000000,119.000000,80.000000,80.000000,80.000000,80.000000,0.000000,0.000000,0.000000,0.000000
1749017895.270669,111.993235,127.000000,120.000000,80.000000,80.000000,80.000000,80.000000,0.000000,0.000000,0.000000,0.000000
1749017895.310736,112.078586,127.000000,119.000000,80.000000,80.000000,80.000000,80.000000,0.000000,0.000000,0.000000,0.000000
1749017895.343292,112.130988,127.000000,119.000000,80.000000,80.000000,80.000000,80.000000,0.000000,0.000000,0.000000,0.000000
1749017895.372280,112.247646,127.000000,119.000000,80.000000,80.000000,80.000000,80.000000,0.000000,0.000000,0.000000,0.000000
1749017895.406502,112.404183,127.000000,119.000000,80.000000,80.000000,80.000000,80.000000,0.000000,0.000000,0.000000,0.000000
1749017895.437949,112.475420,127.000000,119.000000,80.000000,80.000000,80.000000,80.000000,0.000000,0.000000,0.000000,0.000000
1749017895.469943,112.759636,127.000000,118.000000,80.000000,80.000000,80.000000,80.000000,0.000000,0.000000,0.000000,0.000000
1749017895.506984,113.124919,127.000000,117.000000,80.000000,80.000000,80.000000,80.000000,0.000000,0.000000,0.000000,0.000000
1749017895.539800,112.875368,127.000000,118.000000,80.000000,80.000000,80.000000,80.000000,0.000000,0.000000,0.000000,0.000000
1749017895.570235,113.096684,127.000000,117.000000,80.000000,80.000000,80.000000,80.000000,0.000000,0.000000,0.000000,0.000000
1749017895.608945,113.141800,127.000000,117.000000,80.000000,80.000000,80.000000,80.000000,0.000000,0.000000,0.000000,0.000000
1749017895.641985,113.823331,127.000000,116.000000,80.000000,80.000000,80.000000,80.000000,0.000000,0.000000,0.000000,0.000000
1749017895.673708,114.452902,127.000000,115.000000,80.000000,80.000000,80.000000,80.000000,0.000000,0.000000,0.000000,0.000000
1749017895.711118,114.841563,127.000000,114.000000,80.000000,80.000000,80.000000,80.000000,0.000000,0.000000,0.000000,0.000000
1749017895.741893,114.599709,127.000000,114.000000,80.000000,80.000000,80.000000,80.000000,0.000000,0.000000,0.000000,0.000000
1749017895.773597,114.678056,127.000000,114.000000,80.000000,80.000000,80.000000,80.000000,0.000000,0.000000,0.000000,0.000000
1749017895.809354,114.689712,127.000000,114.000000,80.000000,80.000000,80.000000,80.000000,0.000000,0.000000,0.000000,0.000000
1749017895.840435,114.498573,127.000000,115.000000,80.000000,80.000000,80.000000,80.000000,0.000000,0.000000,0.000000,0.000000
1749017895.870440,115.134687,127.000000,113.000000,80.000000,80.000000,80.000000,80.000000,0.000000,0.000000,0.000000,0.000000
1749017895.903921,114.895282,127.000000,114.000000,80.000000,80.000000,80.000000,80.000000,0.000000,0.000000,0.000000,0.000000
1749017895.936727,115.559168,127.000000,112.000000,80.000000,80.000000,80.000000,80.000000,0.000000,0.000000,0.000000,0.000000
1749017895.970216,115.718525,127.000000,112.000000,80.000000,80.000000,80.000000,80.000000,0.000000,0.000000,0.000000,0.000000
1749017896.007432,115.748354,127.000000,112.000000,80.000000,80.000000,80.000000,80.000000,0.000000,0.000000,0.000000,0.000000
1749017896.040072,115.854476,127.000000,112.000000,80.000000,80.000000,80.000000,80.000000,0.000000,0.000000,0.000000,0.000000
1749017896.073856,116.274539,127.000000,111.000000,80.000000,80.000000,80.000000,80.000000,0.000000,0.000000,0.000000,0.000000
1749017896.109975,116.888977,127.000000,110.000000,80.000000,80.000000,80.000000,80.000000,0.000000,0.000000,0.000000,0.000000
1749017896.140829,117.746328,127.000000,108.000000,80.000000,80.000000,80.000000,80.000000,0.000000,0.000000,0.000000,0.000000
1749017896.173332,117.898427,127.000000,108.000000,80.000000,80.000000,80.000000,80.000000,0.000000,0.000000,0.000000,0.000000
1749017896.209394,117.456773,127.000000,109.000000,80.000000,80.000000,80.000000,80.000000,0.000000,0.000000,0.000000,0.000000
1749017896.240729,117.421077,127.000000,109.000000,80.000000,80.000000,80.000000,80.000000,0.000000,0.000000,0.000000,0.000000
1749017896.272701,117.617983,127.000000,108.000000,80.000000,80.000000,80.000000,80.000000,0.000000,0.000000,0.000000,0.000000
1749017896.309597,117.284854,127.000000,109.000000,80.000000,80.000000,80.000000,80.000000,0.000000,0.000000,0.000000,0.000000
1749017896.341594,117.577827,127.000000,108.000000,80.000000,80.000000,80.000000,80.000000,0.000000,0.000000,0.000000,0.000000
1749017896.373076,117.403738,127.000000,109.000000,80.000000,80.000000,80.000000,80.000000,0.000000,0.000000,0.000000,0.000000
1749017896.409523,117.695143,127.000000,108.000000,80.000000,80.000000,80.000000,80.000000,0.000000,0.000000,0.000000,0.000000
1749017896.441400,117.469535,127.000000,109.000000,80.000000,80.000000,80.000000,80.000000,0.000000,0.000000,0.000000,0.000000
1749017896.473429,117.644346,127.000000,108.000000,80.000000,80.000000,80.000000,80.000000,0.000000,0.000000,0.000000,0.000000
1749017896.508979,118.095827,127.000000,107.000000,80.000000,80.000000,80.000000,80.000000,0.000000,0.000000,0.000000,0.000000
1749017896.541089,118.788581,127.000000,106.000000,80.000000,80.000000,80.000000,80.000000,0.000000,0.000000,0.000000,0.000000
1749017896.573033,119.136367,127.000000,105.000000,80.000000,80.000000,80.000000,80.000000,0.000000,0.000000,0.000000,0.000000
1749017896.608943,119.704606,127.000000,104.000000,80.000000,80.000000,80.000000,80.000000,0.000000,0.000000,0.000000,0.000000
1749017896.639619,120.007600,127.000000,103.000000,80.000000,80.000000,80.000000,80.000000,0.000000,0.000000,0.000000,0.000000
1749017896.672351,120.994832,127.000000,102.000000,80.000000,80.000000,80.000000,80.000000,0.000000,0.000000,0.000000,0.000000
1749017896.713630,121.770454,127.000000,100.000000,80.000000,80.000000,80.000000,80.000000,0.000000,0.000000,0.000000,0.000000
1749017896.745068,122.337417,127.000000,99.000000,80.000000,80.000000,80.000000,80.000000,0.000000,0.000000,0.000000,0.000000
1749017896.771633,122.882713,127.000000,98.000000,80.000000,80.000000,80.000000,80.000000,0.000000,0.000000,0.000000,0.000000
1749017896.805345,122.991540,127.000000,98.000000,80.000000,80.000000,80.000000,80.000000,0.000000,0.000000,0.000000,0.000000
1749017896.837600,122.783444,127.000000,98.000000,80.000000,80.000000,80.000000,80.000000,0.000000,0.000000,0.000000,0.000000
1749017896.871683,122.733971,127.000000,98.000000,80.000000,80.000000,80.000000,80.000000,0.000000,0.000000,0.000000,0.000000
1749017896.911542,123.020553,127.000000,97.000000,80.000000,80.000000,80.000000,80.000000,0.000000,0.000000,0.000000,0.000000
1749017896.943738,122.849023,127.000000,98.000000,80.000000,80.000000,80.000000,80.000000,0.000000,0.000000,0.000000,0.000000
1749017896.974988,122.914019,127.000000,98.000000,80.000000,80.000000,80.000000,80.000000,0.000000,0.000000,0.000000,0.000000
1749017897.008690,123.088846,127.000000,97.000000,80.000000,80.000000,80.000000,80.000000,0.000000,0.000000,0.000000,0.000000
1749017897.039636,123.367217,127.000000,97.000000,80.000000,80.000000,80.000000,80.000000,0.000000,0.000000,0.000000,0.000000
1749017897.071972,123.586026,127.000000,96.000000,80.000000,80.000000,80.000000,80.000000,0.000000,0.000000,0.000000,0.000000
1749017897.110843,123.482740,127.000000,97.000000,80.000000,80.000000,80.000000,80.000000,0.000000,0.000000,0.000000,0.000000
1749017897.142547,123.660642,127.000000,96.000000,80.000000,80.000000,80.000000,80.000000,0.000000,0.000000,0.000000,0.000000
1749017897.173643,123.541618,127.000000,96.000000,80.000000,80.000000,80.000000,80.000000,0.000000,0.000000,0.000000,0.000000
1749017897.209134,123.444677,127.000000,97.000000,80.000000,80.000000,80.000000,80.000000,0.000000,0.000000,0.000000,0.000000
1749017897.235963,124.275291,127.000000,95.000000,80.000000,80.000000,80.000000,80.000000,0.000000,0.000000,0.000000,0.000000
1749017897.270094,124.181769,127.000000,95.000000,80.000000,80.000000,80.000000,80.000000,0.000000,0.000000,0.000000,0.000000
1749017897.310008,123.522700,127.000000,96.000000,80.000000,80.000000,80.000000,80.000000,0.000000,0.000000,0.000000,0.000000
1749017897.360176,122.683845,127.000000,98.000000,80.000000,80.000000,80.000000,80.000000,0.000000,0.000000,0.000000,0.000000
1749017897.406903,122.741477,127.000000,98.000000,80.000000,80.000000,80.000000,80.000000,0.000000,0.000000,0.000000,0.000000
1749017897.460086,122.469525,127.000000,99.000000,80.000000,80.000000,80.000000,80.000000,0.000000,0.000000,0.000000,0.000000
1749017897.508468,122.506713,127.000000,98.000000,80.000000,80.000000,80.000000,80.000000,0.000000,0.000000,0.000000,0.000000
1749017897.556048,121.861536,127.000000,100.000000,80.000000,80.000000,80.000000,80.000000,0.000000,0.000000,0.000000,0.000000
1749017897.594618,121.345629,127.000000,101.000000,80.000000,80.000000,80.000000,80.000000,0.000000,0.000000,0.000000,0.000000
1749017897.617746,120.891314,127.000000,102.000000,80.000000,80.000000,80.000000,80.000000,0.000000,0.000000,0.000000,0.000000
1749017897.640908,120.400392,127.000000,103.000000,80.000000,80.000000,80.000000,80.000000,0.000000,0.000000,0.000000,0.000000
1749017897.665438,120.103480,127.000000,103.000000,80.000000,80.000000,80.000000,80.000000,0.000000,0.000000,0.000000,0.000000
1749017897.693362,120.979871,127.000000,102.000000,80.000000,80.000000,80.000000,80.000000,0.000000,0.000000,0.000000,0.000000
1749017897.719276,121.932233,127.000000,100.000000,80.000000,80.000000,80.000000,80.000000,0.000000,0.000000,0.000000,0.000000
1749017897.745294,123.108025,127.000000,97.000000,80.000000,80.000000,80.000000,80.000000,0.000000,0.000000,0.000000,0.000000
1749017897.772409,123.585591,127.000000,96.000000,80.000000,80.000000,80.000000,80.000000,0.000000,0.000000,0.000000,0.000000
1749017897.798204,123.381275,127.000000,97.000000,80.000000,80.000000,80.000000,80.000000,0.000000,0.000000,0.000000,0.000000
1749017897.824502,123.853148,127.000000,96.000000,80.000000,80.000000,80.000000,80.000000,0.000000,0.000000,0.000000,0.000000
1749017897.849817,124.794515,127.000000,94.000000,0.000000,0.000000,0.000000,0.000000,0.000000,0.000000,0.000000,0.000000
1749017897.876548,125.161179,127.000000,93.000000,0.000000,0.000000,0.000000,0.000000,0.000000,0.000000,0.000000,0.000000
1749017897.913083,125.279567,127.000000,93.000000,0.000000,0.000000,0.000000,0.000000,0.000000,0.000000,0.000000,0.000000
1749017897.945759,125.579409,127.000000,92.000000,0.000000,0.000000,0.000000,0.000000,0.000000,0.000000,0.000000,0.000000
1749017897.975160,126.201068,127.000000,91.000000,0.000000,0.000000,0.000000,0.000000,0.000000,0.000000,0.000000,0.000000
1749017898.011574,126.504032,127.000000,90.000000,0.000000,0.000000,0.000000,0.000000,0.000000,0.000000,0.000000,0.000000
1749017898.043519,126.859629,127.000000,90.000000,0.000000,0.000000,0.000000,0.000000,0.000000,0.000000,0.000000,0.000000
1749017898.076564,127.610924,127.000000,88.000000,0.000000,0.000000,0.000000,0.000000,0.000000,0.000000,0.000000,0.000000
1749017898.118180,128.131281,127.000000,87.000000,0.000000,0.000000,0.000000,0.000000,0.000000,0.000000,0.000000,0.000000
1749017898.152377,128.147097,127.000000,87.000000,0.000000,0.000000,0.000000,0.000000,0.000000,0.000000,0.000000,0.000000
1749017898.184201,129.073482,127.000000,85.000000,0.000000,0.000000,0.000000,0.000000,0.000000,0.000000,0.000000,0.000000
1749017898.220223,129.497342,127.000000,85.000000,0.000000,0.000000,0.000000,0.000000,0.000000,0.000000,0.000000,0.000000
1749017898.244470,129.369405,127.000000,85.000000,0.000000,0.000000,0.000000,0.000000,0.000000,0.000000,0.000000,0.000000
1749017898.273052,129.822929,127.000000,84.000000,0.000000,0.000000,0.000000,0.000000,120.000000,120.000000,120.000000,120.000000
1749017898.306683,130.340436,127.000000,83.000000,0.000000,0.000000,0.000000,0.000000,120.000000,120.000000,120.000000,120.000000
1749017898.364279,130.888435,127.000000,82.000000,0.000000,0.000000,0.000000,0.000000,120.000000,120.000000,120.000000,120.000000
1749017898.407089,130.708842,127.000000,82.000000,0.000000,0.000000,0.000000,0.000000,120.000000,120.000000,120.000000,120.000000
1749017898.452836,130.725127,127.000000,82.000000,0.000000,0.000000,0.000000,0.000000,120.000000,120.000000,120.000000,120.000000
1749017898.491783,131.112405,127.000000,81.000000,0.000000,0.000000,0.000000,0.000000,120.000000,120.000000,120.000000,120.000000
1749017898.513978,131.489988,127.000000,81.000000,0.000000,0.000000,0.000000,0.000000,120.000000,120.000000,120.000000,120.000000
1749017898.539410,131.458757,127.000000,81.000000,0.000000,0.000000,0.000000,0.000000,120.000000,120.000000,120.000000,120.000000
1749017898.565417,131.707286,127.000000,80.000000,0.000000,0.000000,0.000000,0.000000,120.000000,120.000000,120.000000,120.000000
1749017898.589996,131.624699,127.000000,80.000000,0.000000,0.000000,0.000000,0.000000,120.000000,120.000000,120.000000,120.000000
1749017898.618049,131.581859,127.000000,80.000000,0.000000,0.000000,0.000000,0.000000,120.000000,120.000000,120.000000,120.000000
1749017898.644098,132.114793,127.000000,79.000000,0.000000,0.000000,0.000000,0.000000,120.000000,120.000000,120.000000,120.000000
1749017898.673824,131.963779,127.000000,80.000000,0.000000,0.000000,0.000000,0.000000,120.000000,120.000000,120.000000,120.000000
1749017898.709130,132.317577,127.000000,79.000000,0.000000,0.000000,0.000000,0.000000,120.000000,120.000000,120.000000,120.000000
1749017898.742131,132.083492,127.000000,79.000000,0.000000,0.000000,0.000000,0.000000,120.000000,120.000000,120.000000,120.000000
1749017898.773015,131.920940,127.000000,80.000000,0.000000,0.000000,0.000000,0.000000,120.000000,120.000000,120.000000,120.000000
1749017898.811087,132.296116,127.000000,79.000000,0.000000,0.000000,0.000000,0.000000,120.000000,120.000000,120.000000,120.000000
1749017898.841853,132.312920,127.000000,79.000000,0.000000,0.000000,0.000000,0.000000,120.000000,120.000000,120.000000,120.000000
1749017898.873867,131.928273,127.000000,80.000000,0.000000,0.000000,0.000000,0.000000,120.000000,120.000000,120.000000,120.000000
1749017898.910435,131.918558,127.000000,80.000000,0.000000,0.000000,0.000000,0.000000,120.000000,120.000000,120.000000,120.000000
1749017898.941442,131.738596,127.000000,80.000000,0.000000,0.000000,0.000000,0.000000,120.000000,120.000000,120.000000,120.000000
1749017898.972723,131.791083,127.000000,80.000000,0.000000,0.000000,0.000000,0.000000,120.000000,120.000000,120.000000,120.000000
1749017899.009051,131.911355,127.000000,80.000000,0.000000,0.000000,0.000000,0.000000,120.000000,120.000000,120.000000,120.000000
1749017899.040871,132.101749,127.000000,79.000000,0.000000,0.000000,0.000000,0.000000,120.000000,120.000000,120.000000,120.000000
1749017899.073781,131.722168,127.000000,80.000000,0.000000,0.000000,0.000000,0.000000,120.000000,120.000000,120.000000,120.000000
1749017899.109264,131.639922,127.000000,80.000000,0.000000,0.000000,0.000000,0.000000,120.000000,120.000000,120.000000,120.000000
1749017899.142435,131.336130,127.000000,81.000000,0.000000,0.000000,0.000000,0.000000,120.000000,120.000000,120.000000,120.000000
1749017899.169891,132.009097,127.000000,79.000000,0.000000,0.000000,0.000000,0.000000,120.000000,120.000000,120.000000,120.000000
1749017899.204627,131.539435,127.000000,80.000000,0.000000,0.000000,0.000000,0.000000,120.000000,120.000000,120.000000,120.000000
1749017899.236924,131.732423,127.000000,80.000000,0.000000,0.000000,0.000000,0.000000,120.000000,120.000000,120.000000,120.000000
1749017899.268850,131.618116,127.000000,80.000000,0.000000,0.000000,0.000000,0.000000,120.000000,120.000000,120.000000,120.000000
1749017899.310058,131.358719,127.000000,81.000000,0.000000,0.000000,0.000000,0.000000,120.000000,120.000000,120.000000,120.000000
1749017899.342382,131.759608,127.000000,80.000000,0.000000,0.000000,0.000000,0.000000,120.000000,120.000000,120.000000,120.000000
1749017899.373993,132.422188,127.000000,79.000000,0.000000,0.000000,0.000000,0.000000,120.000000,120.000000,120.000000,120.000000
1749017899.410704,131.949034,127.000000,80.000000,0.000000,0.000000,0.000000,0.000000,120.000000,120.000000,120.000000,120.000000
1749017899.444071,131.310051,127.000000,81.000000,0.000000,0.000000,0.000000,0.000000,120.000000,120.000000,120.000000,120.000000
1749017899.475604,131.849491,127.000000,80.000000,0.000000,0.000000,0.000000,0.000000,120.000000,120.000000,120.000000,120.000000
1749017899.512112,132.402811,127.000000,79.000000,0.000000,0.000000,0.000000,0.000000,120.000000,120.000000,120.000000,120.000000
1749017899.546769,131.377072,127.000000,81.000000,0.000000,0.000000,0.000000,0.000000,120.000000,120.000000,120.000000,120.000000
1749017899.574462,131.274593,127.000000,81.000000,0.000000,0.000000,0.000000,0.000000,120.000000,120.000000,120.000000,120.000000
1749017899.611395,131.170183,127.000000,81.000000,0.000000,0.000000,0.000000,0.000000,120.000000,120.000000,120.000000,120.000000
1749017899.643185,131.790179,127.000000,80.000000,0.000000,0.000000,0.000000,0.000000,120.000000,120.000000,120.000000,120.000000
1749017899.674856,131.499668,127.000000,81.000000,0.000000,0.000000,0.000000,0.000000,120.000000,120.000000,120.000000,120.000000
1749017899.711172,131.568046,127.000000,80.000000,0.000000,0.000000,0.000000,0.000000,120.000000,120.000000,120.000000,120.000000
1749017899.742762,131.814046,127.000000,80.000000,0.000000,0.000000,0.000000,0.000000,120.000000,120.000000,120.000000,120.000000
1749017899.774090,131.781771,127.000000,80.000000,0.000000,0.000000,0.000000,0.000000,120.000000,120.000000,120.000000,120.000000
1749017899.813882,131.873694,127.000000,80.000000,0.000000,0.000000,0.000000,0.000000,120.000000,120.000000,120.000000,120.000000
1749017899.845932,131.844075,127.000000,80.000000,0.000000,0.000000,0.000000,0.000000,120.000000,120.000000,120.000000,120.000000
1749017899.880969,131.079002,127.000000,81.000000,0.000000,0.000000,0.000000,0.000000,120.000000,120.000000,120.000000,120.000000
1749017899.916841,130.937107,127.000000,82.000000,0.000000,0.000000,0.000000,0.000000,120.000000,120.000000,120.000000,120.000000
1749017899.947929,131.437106,127.000000,81.000000,0.000000,0.000000,0.000000,0.000000,120.000000,120.000000,120.000000,120.000000
1749017899.978701,132.176654,127.000000,79.000000,0.000000,0.000000,0.000000,0.000000,120.000000,120.000000,120.000000,120.000000
1749017900.014816,131.581658,127.000000,80.000000,0.000000,0.000000,0.000000,0.000000,120.000000,120.000000,120.000000,120.000000
1749017900.046461,130.925928,127.000000,82.000000,0.000000,0.000000,0.000000,0.000000,120.000000,120.000000,120.000000,120.000000
1749017900.079323,131.164646,127.000000,81.000000,0.000000,0.000000,0.000000,0.000000,120.000000,120.000000,120.000000,120.000000
1749017900.113941,131.965194,127.000000,80.000000,0.000000,0.000000,0.000000,0.000000,120.000000,120.000000,120.000000,120.000000
1749017900.147141,131.830164,127.000000,80.000000,0.000000,0.000000,0.000000,0.000000,120.000000,120.000000,120.000000,120.000000
1749017900.179041,130.801806,127.000000,82.000000,0.000000,0.000000,0.000000,0.000000,120.000000,120.000000,120.000000,120.000000
1749017900.214646,130.873492,127.000000,82.000000,0.000000,0.000000,0.000000,0.000000,120.000000,120.000000,120.000000,120.000000
1749017900.246983,131.250266,127.000000,81.000000,0.000000,0.000000,0.000000,0.000000,120.000000,120.000000,120.000000,120.000000
1749017900.280756,130.715536,127.000000,82.000000,0.000000,0.000000,0.000000,0.000000,120.000000,120.000000,120.000000,120.000000
1749017900.314493,130.226404,127.000000,83.000000,0.000000,0.000000,0.000000,0.000000,120.000000,120.000000,120.000000,120.000000
1749017900.346817,129.797484,127.000000,84.000000,0.000000,0.000000,0.000000,0.000000,120.000000,120.000000,120.000000,120.000000
1749017900.377712,129.431042,127.000000,85.000000,0.000000,0.000000,0.000000,0.000000,0.000000,0.000000,0.000000,0.000000
1749017900.414723,129.492217,127.000000,85.000000,0.000000,0.000000,0.000000,0.000000,0.000000,0.000000,0.000000,0.000000
1749017900.445501,129.782366,127.000000,84.000000,0.000000,0.000000,0.000000,0.000000,120.000000,120.000000,120.000000,120.000000
1749017900.478765,129.399615,127.000000,85.000000,0.000000,0.000000,0.000000,0.000000,0.000000,0.000000,0.000000,0.000000
1749017900.512543,128.727266,127.000000,86.000000,0.000000,0.000000,0.000000,0.000000,0.000000,0.000000,0.000000,0.000000
1749017900.547342,129.070755,127.000000,85.000000,0.000000,0.000000,0.000000,0.000000,0.000000,0.000000,0.000000,0.000000
1749017900.577770,128.840454,127.000000,86.000000,0.000000,0.000000,0.000000,0.000000,0.000000,0.000000,0.000000,0.000000
1749017900.614336,128.399302,127.000000,87.000000,0.000000,0.000000,0.000000,0.000000,0.000000,0.000000,0.000000,0.000000
1749017900.647023,127.646477,127.000000,88.000000,0.000000,0.000000,0.000000,0.000000,0.000000,0.000000,0.000000,0.000000
1749017900.678806,127.706869,127.000000,88.000000,0.000000,0.000000,0.000000,0.000000,0.000000,0.000000,0.000000,0.000000
1749017900.715883,127.413146,127.000000,89.000000,0.000000,0.000000,0.000000,0.000000,0.000000,0.000000,0.000000,0.000000
1749017900.748130,126.894531,127.000000,90.000000,0.000000,0.000000,0.000000,0.000000,0.000000,0.000000,0.000000,0.000000
1749017900.779020,126.505939,127.000000,90.000000,0.000000,0.000000,0.000000,0.000000,0.000000,0.000000,0.000000,0.000000
1749017900.814752,126.660916,127.000000,90.000000,0.000000,0.000000,0.000000,0.000000,0.000000,0.000000,0.000000,0.000000
1749017900.844902,126.703039,127.000000,90.000000,0.000000,0.000000,0.000000,0.000000,0.000000,0.000000,0.000000,0.000000
1749017900.878768,126.762006,127.000000,90.000000,0.000000,0.000000,0.000000,0.000000,0.000000,0.000000,0.000000,0.000000
1749017900.913032,126.586540,127.000000,90.000000,0.000000,0.000000,0.000000,0.000000,0.000000,0.000000,0.000000,0.000000
1749017900.945503,126.595375,127.000000,90.000000,0.000000,0.000000,0.000000,0.000000,0.000000,0.000000,0.000000,0.000000
1749017900.977722,125.912830,127.000000,92.000000,0.000000,0.000000,0.000000,0.000000,0.000000,0.000000,0.000000,0.000000
1749017901.012713,126.582925,127.000000,90.000000,0.000000,0.000000,0.000000,0.000000,0.000000,0.000000,0.000000,0.000000
1749017901.048031,126.189230,127.000000,91.000000,0.000000,0.000000,0.000000,0.000000,0.000000,0.000000,0.000000,0.000000
1749017901.076995,126.033891,127.000000,91.000000,0.000000,0.000000,0.000000,0.000000,0.000000,0.000000,0.000000,0.000000
1749017901.110802,126.011711,127.000000,91.000000,0.000000,0.000000,0.000000,0.000000,0.000000,0.000000,0.000000,0.000000
1749017901.143333,126.023007,127.000000,91.000000,0.000000,0.000000,0.000000,0.000000,0.000000,0.000000,0.000000,0.000000
1749017901.174557,125.765665,127.000000,92.000000,0.000000,0.000000,0.000000,0.000000,0.000000,0.000000,0.000000,0.000000
1749017901.210058,125.781091,127.000000,92.000000,0.000000,0.000000,0.000000,0.000000,0.000000,0.000000,0.000000,0.000000
1749017901.242272,125.551175,127.000000,92.000000,0.000000,0.000000,0.000000,0.000000,0.000000,0.000000,0.000000,0.000000
1749017901.274547,126.042674,127.000000,91.000000,0.000000,0.000000,0.000000,0.000000,0.000000,0.000000,0.000000,0.000000
1749017901.311377,125.884405,127.000000,92.000000,0.000000,0.000000,0.000000,0.000000,0.000000,0.000000,0.000000,0.000000
1749017901.343130,125.543316,127.000000,90.000000,0.000000,0.000000,0.000000,0.000000,0.000000,0.000000,0.000000,0.000000
1749017901.374568,125.179621,127.000000,90.000000,0.000000,0.000000,0.000000,0.000000,0.000000,0.000000,0.000000,0.000000
1749017901.408078,124.666773,127.000000,90.000000,0.000000,0.000000,0.000000,0.000000,0.000000,0.000000,0.000000,0.000000
1749017901.439337,124.583185,127.000000,120.000000,0.000000,0.000000,0.000000,0.000000,0.000000,0.000000,0.000000,0.000000
1749017901.471056,124.869137,127.000000,90.000000,0.000000,0.000000,0.000000,0.000000,0.000000,0.000000,0.000000,0.000000
1749017901.509384,124.968683,127.000000,90.000000,0.000000,0.000000,0.000000,0.000000,0.000000,0.000000,0.000000,0.000000
1749017901.541578,124.568644,127.000000,90.000000,0.000000,0.000000,0.000000,0.000000,0.000000,0.000000,0.000000,0.000000
1749017901.576891,124.662201,127.000000,120.000000,0.000000,0.000000,0.000000,0.000000,0.000000,0.000000,0.000000,0.000000
1749017901.607841,124.941143,127.000000,94.000000,0.000000,0.000000,0.000000,0.000000,0.000000,0.000000,0.000000,0.000000
1749017901.636910,124.685572,127.000000,94.000000,0.000000,0.000000,0.000000,0.000000,0.000000,0.000000,0.000000,0.000000
1749017901.669406,124.858025,127.000000,94.000000,0.000000,0.000000,0.000000,0.000000,0.000000,0.000000,0.000000,0.000000
1749017901.707769,124.491490,127.000000,95.000000,80.000000,80.000000,80.000000,80.000000,0.000000,0.000000,0.000000,0.000000
1749017901.741981,125.388472,127.000000,93.000000,0.000000,0.000000,0.000000,0.000000,0.000000,0.000000,0.000000,0.000000
1749017901.773662,125.487123,127.000000,93.000000,0.000000,0.000000,0.000000,0.000000,0.000000,0.000000,0.000000,0.000000
1749017901.809969,125.134621,127.000000,93.000000,0.000000,0.000000,0.000000,0.000000,0.000000,0.000000,0.000000,0.000000
1749017901.841927,124.925700,127.000000,94.000000,0.000000,0.000000,0.000000,0.000000,0.000000,0.000000,0.000000,0.000000
1749017901.874529,124.770235,127.000000,94.000000,0.000000,0.000000,0.000000,0.000000,0.000000,0.000000,0.000000,0.000000
1749017901.909358,124.900206,127.000000,94.000000,0.000000,0.000000,0.000000,0.000000,0.000000,0.000000,0.000000,0.000000
1749017901.943619,124.742178,127.000000,94.000000,0.000000,0.000000,0.000000,0.000000,0.000000,0.000000,0.000000,0.000000
1749017901.970400,124.988963,127.000000,94.000000,0.000000,0.000000,0.000000,0.000000,0.000000,0.000000,0.000000,0.000000
1749017902.005059,124.624506,127.000000,94.000000,0.000000,0.000000,0.000000,0.000000,0.000000,0.000000,0.000000,0.000000
1749017902.038665,124.867312,127.000000,94.000000,0.000000,0.000000,0.000000,0.000000,0.000000,0.000000,0.000000,0.000000
1749017902.069997,124.622615,127.000000,94.000000,0.000000,0.000000,0.000000,0.000000,0.000000,0.000000,0.000000,0.000000
1749017902.107893,125.113381,127.000000,93.000000,0.000000,0.000000,0.000000,0.000000,0.000000,0.000000,0.000000,0.000000
1749017902.141848,125.369358,127.000000,93.000000,0.000000,0.000000,0.000000,0.000000,0.000000,0.000000,0.000000,0.000000
1749017902.172951,124.712374,127.000000,94.000000,0.000000,0.000000,0.000000,0.000000,0.000000,0.000000,0.000000,0.000000
1749017902.208665,125.061643,127.000000,93.000000,0.000000,0.000000,0.000000,0.000000,0.000000,0.000000,0.000000,0.000000
1749017902.240886,125.230082,127.000000,93.000000,0.000000,0.000000,0.000000,0.000000,0.000000,0.000000,0.000000,0.000000
1749017902.274377,124.882720,127.000000,94.000000,0.000000,0.000000,0.000000,0.000000,0.000000,0.000000,0.000000,0.000000
1749017902.308441,124.861745,127.000000,94.000000,0.000000,0.000000,0.000000,0.000000,0.000000,0.000000,0.000000,0.000000
1749017902.335961,124.774601,127.000000,94.000000,0.000000,0.000000,0.000000,0.000000,0.000000,0.000000,0.000000,0.000000
1749017902.368763,125.182476,127.000000,93.000000,0.000000,0.000000,0.000000,0.000000,0.000000,0.000000,0.000000,0.000000
1749017902.407360,125.413074,127.000000,93.000000,0.000000,0.000000,0.000000,0.000000,0.000000,0.000000,0.000000,0.000000
1749017902.442633,125.091400,127.000000,93.000000,0.000000,0.000000,0.000000,0.000000,0.000000,0.000000,0.000000,0.000000
1749017902.474455,124.921310,127.000000,94.000000,0.000000,0.000000,0.000000,0.000000,0.000000,0.000000,0.000000,0.000000
1749017902.508999,124.455778,127.000000,95.000000,80.000000,80.000000,80.000000,80.000000,0.000000,0.000000,0.000000,0.000000
1749017902.541651,124.207091,127.000000,95.000000,80.000000,80.000000,80.000000,80.000000,0.000000,0.000000,0.000000,0.000000
1749017902.573082,125.403017,127.000000,93.000000,0.000000,0.000000,0.000000,0.000000,0.000000,0.000000,0.000000,0.000000
1749017902.609966,125.055823,127.000000,93.000000,0.000000,0.000000,0.000000,0.000000,0.000000,0.000000,0.000000,0.000000
1749017902.641710,124.871302,127.000000,94.000000,0.000000,0.000000,0.000000,0.000000,0.000000,0.000000,0.000000,0.000000
1749017902.671029,124.998252,127.000000,94.000000,0.000000,0.000000,0.000000,0.000000,0.000000,0.000000,0.000000,0.000000
1749017902.704664,124.615238,127.000000,94.000000,0.000000,0.000000,0.000000,0.000000,0.000000,0.000000,0.000000,0.000000
1749017902.736809,123.683074,127.000000,96.000000,80.000000,80.000000,80.000000,80.000000,0.000000,0.000000,0.000000,0.000000
1749017902.772684,123.237056,127.000000,97.000000,80.000000,80.000000,80.000000,80.000000,0.000000,0.000000,0.000000,0.000000
1749017902.814000,122.804383,127.000000,98.000000,80.000000,80.000000,80.000000,80.000000,0.000000,0.000000,0.000000,0.000000
1749017902.846890,123.369109,127.000000,97.000000,80.000000,80.000000,80.000000,80.000000,0.000000,0.000000,0.000000,0.000000
1749017902.880145,123.491494,127.000000,97.000000,80.000000,80.000000,80.000000,80.000000,0.000000,0.000000,0.000000,0.000000
1749017902.913948,123.193064,127.000000,97.000000,80.000000,80.000000,80.000000,80.000000,0.000000,0.000000,0.000000,0.000000
1749017902.939958,123.230197,127.000000,97.000000,80.000000,80.000000,80.000000,80.000000,0.000000,0.000000,0.000000,0.000000
1749017902.970961,123.576207,127.000000,96.000000,80.000000,80.000000,80.000000,80.000000,0.000000,0.000000,0.000000,0.000000
1749017903.008499,123.984048,127.000000,96.000000,80.000000,80.000000,80.000000,80.000000,0.000000,0.000000,0.000000,0.000000
1749017903.038475,124.293756,127.000000,95.000000,80.000000,80.000000,80.000000,80.000000,0.000000,0.000000,0.000000,0.000000
1749017903.070757,124.002216,127.000000,95.000000,80.000000,80.000000,80.000000,80.000000,0.000000,0.000000,0.000000,0.000000
1749017903.106878,124.153039,127.000000,95.000000,80.000000,80.000000,80.000000,80.000000,0.000000,0.000000,0.000000,0.000000
1749017903.139473,124.180850,127.000000,95.000000,80.000000,80.000000,80.000000,80.000000,0.000000,0.000000,0.000000,0.000000
1749017903.171250,124.413312,127.000000,95.000000,80.000000,80.000000,80.000000,80.000000,0.000000,0.000000,0.000000,0.000000
1749017903.209644,124.122276,127.000000,95.000000,80.000000,80.000000,80.000000,80.000000,0.000000,0.000000,0.000000,0.000000
1749017903.241141,123.710925,127.000000,96.000000,80.000000,80.000000,80.000000,80.000000,0.000000,0.000000,0.000000,0.000000
1749017903.273242,123.303061,127.000000,97.000000,80.000000,80.000000,80.000000,80.000000,0.000000,0.000000,0.000000,0.000000
1749017903.308595,122.913277,127.000000,98.000000,80.000000,80.000000,80.000000,80.000000,0.000000,0.000000,0.000000,0.000000
1749017903.341983,122.509075,127.000000,98.000000,80.000000,80.000000,80.000000,80.000000,0.000000,0.000000,0.000000,0.000000
1749017903.374298,122.477262,127.000000,99.000000,80.000000,80.000000,80.000000,80.000000,0.000000,0.000000,0.000000,0.000000
1749017903.410799,122.585193,127.000000,98.000000,80.000000,80.000000,80.000000,80.000000,0.000000,0.000000,0.000000,0.000000
1749017903.441102,122.838009,127.000000,98.000000,80.000000,80.000000,80.000000,80.000000,0.000000,0.000000,0.000000,0.000000
1749017903.473023,123.382234,127.000000,97.000000,80.000000,80.000000,80.000000,80.000000,0.000000,0.000000,0.000000,0.000000
1749017903.508991,123.608152,127.000000,96.000000,80.000000,80.000000,80.000000,80.000000,0.000000,0.000000,0.000000,0.000000
1749017903.540945,123.755924,127.000000,96.000000,80.000000,80.000000,80.000000,80.000000,0.000000,0.000000,0.000000,0.000000
1749017903.573741,123.988397,127.000000,96.000000,80.000000,80.000000,80.000000,80.000000,0.000000,0.000000,0.000000,0.000000
1749017903.609980,123.904614,127.000000,96.000000,80.000000,80.000000,80.000000,80.000000,0.000000,0.000000,0.000000,0.000000
1749017903.640898,124.269224,127.000000,95.000000,80.000000,80.000000,80.000000,80.000000,0.000000,0.000000,0.000000,0.000000
1749017903.673926,124.256086,127.000000,95.000000,80.000000,80.000000,80.000000,80.000000,0.000000,0.000000,0.000000,0.000000
1749017903.709861,124.457444,127.000000,95.000000,80.000000,80.000000,80.000000,80.000000,0.000000,0.000000,0.000000,0.000000
1749017903.742430,124.388299,127.000000,95.000000,80.000000,80.000000,80.000000,80.000000,0.000000,0.000000,0.000000,0.000000
1749017903.773488,124.132302,127.000000,95.000000,80.000000,80.000000,80.000000,80.000000,0.000000,0.000000,0.000000,0.000000
1749017903.809797,124.226359,127.000000,95.000000,80.000000,80.000000,80.000000,80.000000,0.000000,0.000000,0.000000,0.000000
1749017903.841522,123.599749,127.000000,96.000000,80.000000,80.000000,80.000000,80.000000,0.000000,0.000000,0.000000,0.000000
1749017903.870517,123.250109,127.000000,97.000000,80.000000,80.000000,80.000000,80.000000,0.000000,0.000000,0.000000,0.000000
1749017903.905946,122.447073,127.000000,99.000000,80.000000,80.000000,80.000000,80.000000,0.000000,0.000000,0.000000,0.000000
1749017903.937971,122.265692,127.000000,99.000000,80.000000,80.000000,80.000000,80.000000,0.000000,0.000000,0.000000,0.000000
1749017903.970980,121.620290,127.000000,100.000000,80.000000,80.000000,80.000000,80.000000,0.000000,0.000000,0.000000,0.000000
1749017904.011442,121.179632,127.000000,101.000000,80.000000,80.000000,80.000000,80.000000,0.000000,0.000000,0.000000,0.000000
1749017904.043522,120.321866,127.000000,103.000000,80.000000,80.000000,80.000000,80.000000,0.000000,0.000000,0.000000,0.000000
1749017904.075642,119.634439,127.000000,104.000000,80.000000,80.000000,80.000000,80.000000,0.000000,0.000000,0.000000,0.000000
1749017904.109902,119.789049,127.000000,104.000000,80.000000,80.000000,80.000000,80.000000,0.000000,0.000000,0.000000,0.000000
1749017904.141476,119.002198,127.000000,105.000000,80.000000,80.000000,80.000000,80.000000,0.000000,0.000000,0.000000,0.000000
1749017904.173803,117.892916,127.000000,108.000000,80.000000,80.000000,80.000000,80.000000,0.000000,0.000000,0.000000,0.000000
1749017904.210972,117.265495,127.000000,109.000000,80.000000,80.000000,80.000000,80.000000,0.000000,0.000000,0.000000,0.000000
1749017904.239728,116.986689,127.000000,110.000000,80.000000,80.000000,80.000000,80.000000,0.000000,0.000000,0.000000,0.000000
1749017904.268313,116.644541,127.000000,110.000000,80.000000,80.000000,80.000000,80.000000,0.000000,0.000000,0.000000,0.000000
1749017904.306598,115.931045,127.000000,112.000000,80.000000,80.000000,80.000000,80.000000,0.000000,0.000000,0.000000,0.000000
1749017904.338951,115.913211,127.000000,112.000000,80.000000,80.000000,80.000000,80.000000,0.000000,0.000000,0.000000,0.000000
1749017904.371072,115.313289,127.000000,113.000000,80.000000,80.000000,80.000000,80.000000,0.000000,0.000000,0.000000,0.000000
1749017904.409519,114.543314,127.000000,114.000000,80.000000,80.000000,80.000000,80.000000,0.000000,0.000000,0.000000,0.000000
1749017904.441390,113.808912,127.000000,116.000000,80.000000,80.000000,80.000000,80.000000,0.000000,0.000000,0.000000,0.000000
1749017904.473330,113.743801,127.000000,116.000000,80.000000,80.000000,80.000000,80.000000,0.000000,0.000000,0.000000,0.000000
1749017904.510462,113.114992,127.000000,117.000000,80.000000,80.000000,80.000000,80.000000,0.000000,0.000000,0.000000,0.000000
1749017904.540663,112.757812,127.000000,118.000000,80.000000,80.000000,80.000000,80.000000,0.000000,0.000000,0.000000,0.000000
1749017904.576590,112.428529,127.000000,119.000000,80.000000,80.000000,80.000000,80.000000,0.000000,0.000000,0.000000,0.000000
1749017904.606903,111.893194,127.000000,120.000000,80.000000,80.000000,80.000000,80.000000,0.000000,0.000000,0.000000,0.000000
1749017904.637982,111.540258,127.000000,120.000000,80.000000,80.000000,80.000000,80.000000,0.000000,0.000000,0.000000,0.000000
1749017904.671001,111.023626,127.000000,121.000000,80.000000,80.000000,80.000000,80.000000,0.000000,0.000000,0.000000,0.000000
1749017904.709956,110.711274,127.000000,122.000000,80.000000,80.000000,80.000000,80.000000,0.000000,0.000000,0.000000,0.000000
1749017904.741891,110.443456,127.000000,123.000000,80.000000,80.000000,80.000000,80.000000,0.000000,0.000000,0.000000,0.000000
1749017904.773100,110.744562,127.000000,122.000000,80.000000,80.000000,80.000000,80.000000,0.000000,0.000000,0.000000,0.000000
1749017904.809712,111.231761,127.000000,121.000000,80.000000,80.000000,80.000000,80.000000,0.000000,0.000000,0.000000,0.000000
1749017904.841756,110.882195,127.000000,122.000000,80.000000,80.000000,80.000000,80.000000,0.000000,0.000000,0.000000,0.000000
1749017904.873120,111.391353,127.000000,121.000000,80.000000,80.000000,80.000000,80.000000,0.000000,0.000000,0.000000,0.000000
1749017904.910285,112.238433,127.000000,119.000000,80.000000,80.000000,80.000000,80.000000,0.000000,0.000000,0.000000,0.000000
1749017904.942270,113.203974,127.000000,117.000000,80.000000,80.000000,80.000000,80.000000,0.000000,0.000000,0.000000,0.000000
1749017904.969662,114.503914,127.000000,114.000000,80.000000,80.000000,80.000000,80.000000,0.000000,0.000000,0.000000,0.000000
1749017905.004926,115.064423,127.000000,113.000000,80.000000,80.000000,80.000000,80.000000,0.000000,0.000000,0.000000,0.000000
1749017905.040925,115.579013,127.000000,112.000000,80.000000,80.000000,80.000000,80.000000,0.000000,0.000000,0.000000,0.000000
1749017905.071746,116.438979,127.000000,111.000000,80.000000,80.000000,80.000000,80.000000,0.000000,0.000000,0.000000,0.000000
1749017905.106636,117.434449,127.000000,109.000000,80.000000,80.000000,80.000000,80.000000,0.000000,0.000000,0.000000,0.000000
1749017905.139920,117.465136,127.000000,109.000000,80.000000,80.000000,80.000000,80.000000,0.000000,0.000000,0.000000,0.000000
1749017905.171940,117.785582,127.000000,108.000000,80.000000,80.000000,80.000000,80.000000,0.000000,0.000000,0.000000,0.000000
1749017905.208020,118.489376,127.000000,107.000000,80.000000,80.000000,80.000000,80.000000,0.000000,0.000000,0.000000,0.000000
1749017905.239613,118.434857,127.000000,107.000000,80.000000,80.000000,80.000000,80.000000,0.000000,0.000000,0.000000,0.000000
1749017905.272934,118.830441,127.000000,106.000000,80.000000,80.000000,80.000000,80.000000,0.000000,0.000000,0.000000,0.000000
1749017905.310134,119.457911,127.000000,105.000000,80.000000,80.000000,80.000000,80.000000,0.000000,0.000000,0.000000,0.000000
1749017905.336819,120.887328,127.000000,102.000000,80.000000,80.000000,80.000000,80.000000,0.000000,0.000000,0.000000,0.000000
1749017905.369071,120.970562,127.000000,102.000000,80.000000,80.000000,80.000000,80.000000,0.000000,0.000000,0.000000,0.000000
1749017905.407704,121.129012,127.000000,101.000000,80.000000,80.000000,80.000000,80.000000,0.000000,0.000000,0.000000,0.000000
1749017905.441370,122.704285,127.000000,98.000000,80.000000,80.000000,80.000000,80.000000,0.000000,0.000000,0.000000,0.000000
1749017905.472310,123.295285,127.000000,97.000000,80.000000,80.000000,80.000000,80.000000,0.000000,0.000000,0.000000,0.000000
1749017905.510532,123.518688,127.000000,96.000000,80.000000,80.000000,80.000000,80.000000,0.000000,0.000000,0.000000,0.000000
1749017905.541049,124.778131,127.000000,94.000000,0.000000,0.000000,0.000000,0.000000,0.000000,0.000000,0.000000,0.000000
1749017905.572669,126.081966,127.000000,91.000000,0.000000,0.000000,0.000000,0.000000,0.000000,0.000000,0.000000,0.000000
1749017905.608829,126.358019,85.000000,90.000000,0.000000,0.000000,0.000000,0.000000,0.000000,0.000000,0.000000,0.000000
1749017905.640180,126.820112,85.000000,90.000000,0.000000,0.000000,0.000000,0.000000,0.000000,0.000000,0.000000,0.000000
1749017905.671679,127.133295,85.000000,90.000000,0.000000,0.000000,0.000000,0.000000,0.000000,0.000000,0.000000,0.000000
1749017905.709500,128.087450,85.000000,120.000000,0.000000,0.000000,0.000000,0.000000,0.000000,0.000000,0.000000,0.000000
1749017905.742028,127.900772,85.000000,90.000000,0.000000,0.000000,0.000000,0.000000,0.000000,0.000000,0.000000,0.000000
1749017905.773958,127.967128,85.000000,90.000000,0.000000,0.000000,0.000000,0.000000,0.000000,0.000000,0.000000,0.000000
1749017905.812302,129.073850,85.000000,90.000000,0.000000,0.000000,0.000000,0.000000,0.000000,0.000000,0.000000,0.000000
1749017905.842590,128.711120,85.000000,120.000000,0.000000,0.000000,0.000000,0.000000,0.000000,0.000000,0.000000,0.000000
1749017905.875450,128.831377,85.000000,2.000000,0.000000,0.000000,0.000000,0.000000,250.000000,250.000000,250.000000,250.000000
1749017905.906901,129.557635,85.000000,0.000000,0.000000,0.000000,0.000000,0.000000,250.000000,250.000000,250.000000,250.000000
1749017905.939179,129.998509,85.000000,0.000000,0.000000,0.000000,0.000000,0.000000,250.000000,250.000000,250.000000,250.000000
1749017905.970998,130.151492,85.000000,0.000000,0.000000,0.000000,0.000000,0.000000,250.000000,250.000000,250.000000,250.000000
1749017906.011848,130.119375,85.000000,0.000000,0.000000,0.000000,0.000000,0.000000,250.000000,250.000000,250.000000,250.000000
1749017906.044287,130.582045,85.000000,0.000000,0.000000,0.000000,0.000000,0.000000,250.000000,250.000000,250.000000,250.000000
1749017906.072225,131.265262,85.000000,0.000000,0.000000,0.000000,0.000000,0.000000,250.000000,250.000000,250.000000,250.000000
1749017906.106783,131.437311,85.000000,0.000000,0.000000,0.000000,0.000000,0.000000,250.000000,250.000000,250.000000,250.000000
1749017906.140930,131.111413,85.000000,0.000000,0.000000,0.000000,0.000000,0.000000,250.000000,250.000000,250.000000,250.000000
1749017906.173232,131.831647,85.000000,0.000000,0.000000,0.000000,0.000000,0.000000,250.000000,250.000000,250.000000,250.000000
1749017906.204769,131.495284,85.000000,0.000000,0.000000,0.000000,0.000000,0.000000,250.000000,250.000000,250.000000,250.000000
1749017906.236979,131.441406,85.000000,0.000000,0.000000,0.000000,0.000000,0.000000,250.000000,250.000000,250.000000,250.000000
1749017906.269382,131.551960,85.000000,0.000000,0.000000,0.000000,0.000000,0.000000,250.000000,250.000000,250.000000,250.000000
1749017906.307529,131.123703,85.000000,0.000000,0.000000,0.000000,0.000000,0.000000,250.000000,250.000000,250.000000,250.000000
1749017906.340843,131.515096,85.000000,0.000000,0.000000,0.000000,0.000000,0.000000,250.000000,250.000000,250.000000,250.000000
1749017906.371999,131.474337,85.000000,0.000000,0.000000,0.000000,0.000000,0.000000,250.000000,250.000000,250.000000,250.000000
1749017906.408586,131.070450,85.000000,0.000000,0.000000,0.000000,0.000000,0.000000,250.000000,250.000000,250.000000,250.000000
1749017906.439887,129.872901,85.000000,0.000000,0.000000,0.000000,0.000000,0.000000,250.000000,250.000000,250.000000,250.000000
1749017906.472640,128.943240,85.000000,2.000000,0.000000,0.000000,0.000000,0.000000,250.000000,250.000000,250.000000,250.000000
1749017906.510608,128.476149,85.000000,3.000000,0.000000,0.000000,0.000000,0.000000,250.000000,250.000000,250.000000,250.000000
1749017906.541468,128.708214,85.000000,2.000000,0.000000,0.000000,0.000000,0.000000,250.000000,250.000000,250.000000,250.000000
1749017906.568011,128.456653,85.000000,3.000000,0.000000,0.000000,0.000000,0.000000,250.000000,250.000000,250.000000,250.000000
1749017906.605970,128.533482,85.000000,2.000000,0.000000,0.000000,0.000000,0.000000,250.000000,250.000000,250.000000,250.000000
1749017906.638496,128.867428,85.000000,2.000000,0.000000,0.000000,0.000000,0.000000,250.000000,250.000000,250.000000,250.000000
1749017906.670993,128.653140,85.000000,2.000000,0.000000,0.000000,0.000000,0.000000,250.000000,250.000000,250.000000,250.000000
1749017906.706950,128.160960,85.000000,3.000000,0.000000,0.000000,0.000000,0.000000,250.000000,250.000000,250.000000,250.000000
1749017906.740288,128.326190,85.000000,3.000000,0.000000,0.000000,0.000000,0.000000,250.000000,250.000000,250.000000,250.000000
1749017906.771472,127.623842,85.000000,4.000000,0.000000,0.000000,0.000000,0.000000,250.000000,250.000000,250.000000,250.000000
1749017906.807720,127.634443,85.000000,4.000000,0.000000,0.000000,0.000000,0.000000,250.000000,250.000000,250.000000,250.000000
1749017906.840695,127.970913,85.000000,4.000000,0.000000,0.000000,0.000000,0.000000,250.000000,250.000000,250.000000,250.000000
1749017906.874340,127.412087,85.000000,5.000000,0.000000,0.000000,0.000000,0.000000,250.000000,250.000000,250.000000,250.000000
1749017906.905097,126.630202,85.000000,6.000000,0.000000,0.000000,0.000000,0.000000,250.000000,250.000000,250.000000,250.000000
1749017906.935668,126.464469,85.000000,7.000000,0.000000,0.000000,0.000000,0.000000,250.000000,250.000000,250.000000,250.000000
1749017906.968877,125.882875,85.000000,8.000000,0.000000,0.000000,0.000000,0.000000,250.000000,250.000000,250.000000,250.000000
1749017907.006288,125.897016,85.000000,8.000000,0.000000,0.000000,0.000000,0.000000,250.000000,250.000000,250.000000,250.000000
1749017907.039304,125.777622,85.000000,8.000000,0.000000,0.000000,0.000000,0.000000,250.000000,250.000000,250.000000,250.000000
1749017907.074960,125.197548,85.000000,9.000000,0.000000,0.000000,0.000000,0.000000,250.000000,250.000000,250.000000,250.000000
1749017907.110942,124.176045,85.000000,11.000000,0.000000,0.000000,0.000000,0.000000,250.000000,250.000000,250.000000,250.000000
1749017907.144569,123.902032,85.000000,12.000000,0.000000,0.000000,0.000000,0.000000,250.000000,250.000000,250.000000,250.000000
1749017907.174525,123.733801,85.000000,12.000000,0.000000,0.000000,0.000000,0.000000,250.000000,250.000000,250.000000,250.000000
1749017907.212043,123.895163,85.000000,12.000000,0.000000,0.000000,0.000000,0.000000,250.000000,250.000000,250.000000,250.000000
1749017907.244286,122.735736,85.000000,14.000000,0.000000,0.000000,0.000000,0.000000,250.000000,250.000000,250.000000,250.000000
1749017907.273990,122.354978,85.000000,15.000000,0.000000,0.000000,0.000000,0.000000,250.000000,250.000000,250.000000,250.000000
1749017907.308270,122.250071,85.000000,15.000000,0.000000,0.000000,0.000000,0.000000,250.000000,250.000000,250.000000,250.000000
1749017907.340515,122.441906,85.000000,15.000000,0.000000,0.000000,0.000000,0.000000,250.000000,250.000000,250.000000,250.000000
1749017907.371638,122.407514,85.000000,15.000000,0.000000,0.000000,0.000000,0.000000,250.000000,250.000000,250.000000,250.000000
1749017907.408504,122.194272,85.000000,15.000000,0.000000,0.000000,0.000000,0.000000,250.000000,250.000000,250.000000,250.000000
1749017907.440849,121.899379,85.000000,16.000000,0.000000,0.000000,0.000000,0.000000,250.000000,250.000000,250.000000,250.000000
1749017907.473000,121.841323,85.000000,16.000000,0.000000,0.000000,0.000000,0.000000,250.000000,250.000000,250.000000,250.000000
1749017907.508294,121.975716,85.000000,16.000000,0.000000,0.000000,0.000000,0.000000,250.000000,250.000000,250.000000,250.000000
1749017907.543412,121.531146,85.000000,16.000000,0.000000,0.000000,0.000000,0.000000,250.000000,250.000000,250.000000,250.000000
1749017907.574838,121.325538,85.000000,17.000000,0.000000,0.000000,0.000000,0.000000,250.000000,250.000000,250.000000,250.000000
1749017907.610939,120.938411,85.000000,18.000000,0.000000,0.000000,0.000000,0.000000,250.000000,250.000000,250.000000,250.000000
1749017907.638231,120.313846,85.000000,19.000000,0.000000,0.000000,0.000000,0.000000,250.000000,250.000000,250.000000,250.000000
1749017907.670688,119.856470,85.000000,20.000000,0.000000,0.000000,0.000000,0.000000,250.000000,250.000000,250.000000,250.000000
1749017907.708540,118.891174,85.000000,22.000000,0.000000,0.000000,0.000000,0.000000,250.000000,250.000000,250.000000,250.000000
1749017907.740886,119.252593,85.000000,21.000000,0.000000,0.000000,0.000000,0.000000,250.000000,250.000000,250.000000,250.000000
1749017907.772148,118.139255,85.000000,23.000000,0.000000,0.000000,0.000000,0.000000,250.000000,250.000000,250.000000,250.000000
1749017907.808861,117.461835,85.000000,25.000000,0.000000,0.000000,0.000000,0.000000,250.000000,250.000000,250.000000,250.000000
1749017907.841121,116.662913,85.000000,26.000000,0.000000,0.000000,0.000000,0.000000,250.000000,250.000000,250.000000,250.000000
1749017907.874244,116.260815,85.000000,27.000000,0.000000,0.000000,0.000000,0.000000,250.000000,250.000000,250.000000,250.000000
1749017907.909573,116.075698,85.000000,27.000000,0.000000,0.000000,0.000000,0.000000,248.000000,248.000000,248.000000,248.000000
1749017907.944486,115.264067,85.000000,29.000000,0.000000,0.000000,0.000000,0.000000,242.000000,242.000000,242.000000,242.000000
1749017907.971141,114.360533,85.000000,31.000000,0.000000,0.000000,0.000000,0.000000,234.000000,234.000000,234.000000,234.000000
1749017908.011826,114.154688,85.000000,31.000000,0.000000,0.000000,0.000000,0.000000,233.000000,233.000000,233.000000,233.000000
1749017908.043795,113.377628,85.000000,33.000000,0.000000,0.000000,0.000000,0.000000,227.000000,227.000000,227.000000,227.000000
1749017908.074601,112.443193,85.000000,35.000000,0.000000,0.000000,0.000000,0.000000,219.000000,219.000000,219.000000,219.000000
1749017908.108653,112.154464,85.000000,35.000000,0.000000,0.000000,0.000000,0.000000,217.000000,217.000000,217.000000,217.000000
1749017908.140431,111.543092,85.000000,36.000000,0.000000,0.000000,0.000000,0.000000,212.000000,212.000000,212.000000,212.000000
1749017908.172579,110.744553,85.000000,38.000000,0.000000,0.000000,0.000000,0.000000,205.000000,205.000000,205.000000,205.000000
1749017908.208652,110.886891,85.000000,38.000000,0.000000,0.000000,0.000000,0.000000,207.000000,207.000000,207.000000,207.000000
1749017908.240141,109.631614,85.000000,40.000000,0.000000,0.000000,0.000000,0.000000,197.000000,197.000000,197.000000,197.000000
1749017908.277087,109.264270,85.000000,41.000000,0.000000,0.000000,0.000000,0.000000,194.000000,194.000000,194.000000,194.000000
1749017908.312456,108.305761,85.000000,43.000000,0.000000,0.000000,0.000000,0.000000,186.000000,186.000000,186.000000,186.000000
1749017908.343751,107.600052,85.000000,44.000000,0.000000,0.000000,0.000000,0.000000,180.000000,180.000000,180.000000,180.000000
1749017908.370987,107.098440,85.000000,45.000000,0.000000,0.000000,0.000000,0.000000,176.000000,176.000000,176.000000,176.000000
1749017908.407697,106.229109,85.000000,47.000000,0.000000,0.000000,0.000000,0.000000,169.000000,169.000000,169.000000,169.000000
1749017908.439099,105.964240,85.000000,48.000000,0.000000,0.000000,0.000000,0.000000,167.000000,167.000000,167.000000,167.000000
1749017908.471709,105.687710,85.000000,48.000000,0.000000,0.000000,0.000000,0.000000,165.000000,165.000000,165.000000,165.000000
1749017908.507623,104.690188,85.000000,50.000000,0.000000,0.000000,0.000000,0.000000,157.000000,157.000000,157.000000,157.000000
1749017908.536534,104.437041,85.000000,51.000000,0.000000,0.000000,0.000000,0.000000,155.000000,155.000000,155.000000,155.000000
1749017908.568781,104.119401,85.000000,51.000000,0.000000,0.000000,0.000000,0.000000,152.000000,152.000000,152.000000,152.000000
1749017908.608972,103.776283,85.000000,52.000000,0.000000,0.000000,0.000000,0.000000,150.000000,150.000000,150.000000,150.000000
1749017908.640962,103.837050,85.000000,52.000000,0.000000,0.000000,0.000000,0.000000,150.000000,150.000000,150.000000,150.000000
1749017908.674079,103.006615,85.000000,53.000000,0.000000,0.000000,0.000000,0.000000,144.000000,144.000000,144.000000,144.000000
1749017908.710999,101.506528,85.000000,56.000000,0.000000,0.000000,0.000000,0.000000,132.000000,132.000000,132.000000,132.000000
1749017908.741910,102.396054,85.000000,55.000000,0.000000,0.000000,0.000000,0.000000,139.000000,139.000000,139.000000,139.000000
1749017908.773623,102.078501,85.000000,55.000000,0.000000,0.000000,0.000000,0.000000,136.000000,136.000000,136.000000,136.000000
1749017908.808650,101.161747,85.000000,57.000000,0.000000,0.000000,0.000000,0.000000,129.000000,129.000000,129.000000,129.000000
1749017908.838149,100.525153,85.000000,58.000000,0.000000,0.000000,0.000000,0.000000,124.000000,124.000000,124.000000,124.000000
1749017908.867866,100.203030,85.000000,59.000000,0.000000,0.000000,0.000000,0.000000,121.000000,121.000000,121.000000,121.000000
1749017908.904975,100.040464,85.000000,59.000000,0.000000,0.000000,0.000000,0.000000,120.000000,120.000000,120.000000,120.000000
1749017908.936800,99.664507,85.000000,60.000000,0.000000,0.000000,0.000000,0.000000,120.000000,120.000000,120.000000,120.000000
1749017908.970621,98.943429,85.000000,62.000000,0.000000,0.000000,0.000000,0.000000,120.000000,120.000000,120.000000,120.000000
1749017909.013860,98.441948,85.000000,63.000000,0.000000,0.000000,0.000000,0.000000,120.000000,120.000000,120.000000,120.000000
1749017909.046858,98.188701,85.000000,63.000000,0.000000,0.000000,0.000000,0.000000,120.000000,120.000000,120.000000,120.000000
1749017909.074616,98.309849,85.000000,63.000000,0.000000,0.000000,0.000000,0.000000,120.000000,120.000000,120.000000,120.000000
1749017909.111407,98.013674,85.000000,63.000000,0.000000,0.000000,0.000000,0.000000,120.000000,120.000000,120.000000,120.000000
1749017909.143557,97.297542,85.000000,65.000000,0.000000,0.000000,0.000000,0.000000,120.000000,120.000000,120.000000,120.000000
1749017909.173386,96.787449,85.000000,66.000000,0.000000,0.000000,0.000000,0.000000,120.000000,120.000000,120.000000,120.000000
1749017909.205549,96.575594,85.000000,66.000000,0.000000,0.000000,0.000000,0.000000,120.000000,120.000000,120.000000,120.000000
1749017909.237877,96.269845,85.000000,67.000000,0.000000,0.000000,0.000000,0.000000,120.000000,120.000000,120.000000,120.000000
1749017909.270095,95.518528,85.000000,68.000000,0.000000,0.000000,0.000000,0.000000,120.000000,120.000000,120.000000,120.000000
1749017909.308346,95.527635,85.000000,68.000000,0.000000,0.000000,0.000000,0.000000,120.000000,120.000000,120.000000,120.000000
1749017909.339707,95.387422,85.000000,69.000000,0.000000,0.000000,0.000000,0.000000,120.000000,120.000000,120.000000,120.000000
1749017909.370992,95.776112,85.000000,68.000000,0.000000,0.000000,0.000000,0.000000,120.000000,120.000000,120.000000,120.000000
1749017909.411707,95.657535,85.000000,68.000000,0.000000,0.000000,0.000000,0.000000,120.000000,120.000000,120.000000,120.000000
1749017909.443965,94.818336,85.000000,70.000000,0.000000,0.000000,0.000000,0.000000,120.000000,120.000000,120.000000,120.000000
1749017909.473877,94.880761,85.000000,70.000000,0.000000,0.000000,0.000000,0.000000,120.000000,120.000000,120.000000,120.000000
1749017909.506710,94.774958,85.000000,70.000000,0.000000,0.000000,0.000000,0.000000,120.000000,120.000000,120.000000,120.000000
1749017909.540975,94.399486,85.000000,71.000000,0.000000,0.000000,0.000000,0.000000,120.000000,120.000000,120.000000,120.000000
1749017909.568745,93.752914,85.000000,72.000000,0.000000,0.000000,0.000000,0.000000,120.000000,120.000000,120.000000,120.000000
1749017909.607529,93.663420,85.000000,72.000000,0.000000,0.000000,0.000000,0.000000,120.000000,120.000000,120.000000,120.000000
1749017909.640054,93.872328,85.000000,72.000000,0.000000,0.000000,0.000000,0.000000,120.000000,120.000000,120.000000,120.000000
1749017909.671298,93.186565,85.000000,73.000000,0.000000,0.000000,0.000000,0.000000,120.000000,120.000000,120.000000,120.000000
1749017909.709153,93.389755,85.000000,73.000000,0.000000,0.000000,0.000000,0.000000,120.000000,120.000000,120.000000,120.000000
1749017909.741251,93.082186,85.000000,73.000000,0.000000,0.000000,0.000000,0.000000,120.000000,120.000000,120.000000,120.000000
1749017909.772688,93.698758,85.000000,72.000000,0.000000,0.000000,0.000000,0.000000,120.000000,120.000000,120.000000,120.000000
1749017909.808445,93.389899,85.000000,73.000000,0.000000,0.000000,0.000000,0.000000,120.000000,120.000000,120.000000,120.000000
1749017909.841697,93.208472,85.000000,73.000000,0.000000,0.000000,0.000000,0.000000,120.000000,120.000000,120.000000,120.000000
1749017909.873455,93.247948,85.000000,73.000000,0.000000,0.000000,0.000000,0.000000,120.000000,120.000000,120.000000,120.000000
1749017909.904985,92.978455,85.000000,74.000000,0.000000,0.000000,0.000000,0.000000,120.000000,120.000000,120.000000,120.000000
1749017909.936641,92.390844,85.000000,75.000000,0.000000,0.000000,0.000000,0.000000,120.000000,120.000000,120.000000,120.000000
1749017909.971985,92.015101,85.000000,75.000000,0.000000,0.000000,0.000000,0.000000,120.000000,120.000000,120.000000,120.000000
1749017910.012500,92.012680,85.000000,75.000000,0.000000,0.000000,0.000000,0.000000,120.000000,120.000000,120.000000,120.000000
1749017910.043580,91.210207,85.000000,77.000000,0.000000,0.000000,0.000000,0.000000,120.000000,120.000000,120.000000,120.000000
1749017910.074782,90.913513,85.000000,78.000000,0.000000,0.000000,0.000000,0.000000,120.000000,120.000000,120.000000,120.000000
1749017910.111198,91.143026,85.000000,77.000000,0.000000,0.000000,0.000000,0.000000,120.000000,120.000000,120.000000,120.000000
1749017910.142997,90.293441,85.000000,79.000000,0.000000,0.000000,0.000000,0.000000,120.000000,120.000000,120.000000,120.000000
1749017910.174749,90.138196,85.000000,79.000000,0.000000,0.000000,0.000000,0.000000,120.000000,120.000000,120.000000,120.000000
1749017910.207072,89.508778,85.000000,80.000000,0.000000,0.000000,0.000000,0.000000,120.000000,120.000000,120.000000,120.000000
1749017910.241090,89.643161,85.000000,80.000000,0.000000,0.000000,0.000000,0.000000,120.000000,120.000000,120.000000,120.000000
1749017910.273844,89.524067,85.000000,80.000000,0.000000,0.000000,0.000000,0.000000,120.000000,120.000000,120.000000,120.000000
1749017910.312676,88.957620,85.000000,82.000000,0.000000,0.000000,0.000000,0.000000,120.000000,120.000000,120.000000,120.000000
1749017910.341756,88.392522,85.000000,83.000000,0.000000,0.000000,0.000000,0.000000,120.000000,120.000000,120.000000,120.000000
1749017910.374162,88.285946,85.000000,83.000000,0.000000,0.000000,0.000000,0.000000,120.000000,120.000000,120.000000,120.000000
1749017910.410952,86.730630,85.000000,86.000000,0.000000,0.000000,0.000000,0.000000,0.000000,0.000000,0.000000,0.000000
1749017910.436428,85.809810,85.000000,88.000000,0.000000,0.000000,0.000000,0.000000,0.000000,0.000000,0.000000,0.000000
1749017910.469243,86.324360,85.000000,87.000000,0.000000,0.000000,0.000000,0.000000,0.000000,0.000000,0.000000,0.000000
1749017910.506691,85.417321,85.000000,89.000000,0.000000,0.000000,0.000000,0.000000,0.000000,0.000000,0.000000,0.000000
1749017910.546606,85.228528,85.000000,89.000000,0.000000,0.000000,0.000000,0.000000,0.000000,0.000000,0.000000,0.000000
1749017910.582267,85.375760,85.000000,89.000000,0.000000,0.000000,0.000000,0.000000,0.000000,0.000000,0.000000,0.000000
1749017910.620693,85.428530,85.000000,89.000000,0.000000,0.000000,0.000000,0.000000,0.000000,0.000000,0.000000,0.000000
1749017910.651995,84.665220,85.000000,90.000000,0.000000,0.000000,0.000000,0.000000,0.000000,0.000000,0.000000,0.000000
1749017910.684258,84.126558,85.000000,91.000000,0.000000,0.000000,0.000000,0.000000,0.000000,0.000000,0.000000,0.000000
1749017910.721804,84.039233,85.000000,91.000000,0.000000,0.000000,0.000000,0.000000,0.000000,0.000000,0.000000,0.000000
1749017910.761407,83.618256,85.000000,92.000000,0.000000,0.000000,0.000000,0.000000,0.000000,0.000000,0.000000,0.000000
1749017910.793362,83.697971,85.000000,92.000000,0.000000,0.000000,0.000000,0.000000,0.000000,0.000000,0.000000,0.000000
1749017910.824211,82.956664,85.000000,94.000000,0.000000,0.000000,0.000000,0.000000,0.000000,0.000000,0.000000,0.000000
1749017910.860965,83.451232,85.000000,93.000000,0.000000,0.000000,0.000000,0.000000,0.000000,0.000000,0.000000,0.000000
1749017910.891346,83.022918,85.000000,93.000000,0.000000,0.000000,0.000000,0.000000,0.000000,0.000000,0.000000,0.000000
1749017910.915638,82.792177,85.000000,94.000000,0.000000,0.000000,0.000000,0.000000,0.000000,0.000000,0.000000,0.000000
1749017910.945368,82.895049,85.000000,94.000000,0.000000,0.000000,0.000000,0.000000,0.000000,0.000000,0.000000,0.000000
1749017910.976075,82.377082,85.000000,95.000000,80.000000,80.000000,80.000000,80.000000,0.000000,0.000000,0.000000,0.000000
1749017911.012613,82.828434,85.000000,94.000000,0.000000,0.000000,0.000000,0.000000,0.000000,0.000000,0.000000,0.000000
1749017911.045015,82.340450,85.000000,95.000000,80.000000,80.000000,80.000000,80.000000,0.000000,0.000000,0.000000,0.000000
1749017911.076257,82.230368,85.000000,95.000000,80.000000,80.000000,80.000000,80.000000,0.000000,0.000000,0.000000,0.000000
1749017911.113020,82.591888,85.000000,94.000000,0.000000,0.000000,0.000000,0.000000,0.000000,0.000000,0.000000,0.000000
1749017911.145613,81.997790,85.000000,96.000000,80.000000,80.000000,80.000000,80.000000,0.000000,0.000000,0.000000,0.000000
1749017911.179691,81.554892,85.000000,96.000000,80.000000,80.000000,80.000000,80.000000,0.000000,0.000000,0.000000,0.000000
1749017911.216069,81.429741,85.000000,97.000000,80.000000,80.000000,80.000000,80.000000,0.000000,0.000000,0.000000,0.000000
1749017911.246413,82.066737,85.000000,95.000000,80.000000,80.000000,80.000000,80.000000,0.000000,0.000000,0.000000,0.000000
1749017911.277014,81.702294,85.000000,96.000000,80.000000,80.000000,80.000000,80.000000,0.000000,0.000000,0.000000,0.000000
1749017911.313088,81.551430,85.000000,96.000000,80.000000,80.000000,80.000000,80.000000,0.000000,0.000000,0.000000,0.000000
1749017911.346140,81.406969,85.000000,97.000000,80.000000,80.000000,80.000000,80.000000,0.000000,0.000000,0.000000,0.000000
1749017911.377850,81.326817,85.000000,97.000000,80.000000,80.000000,80.000000,80.000000,0.000000,0.000000,0.000000,0.000000
1749017911.412806,81.766316,85.000000,96.000000,80.000000,80.000000,80.000000,80.000000,0.000000,0.000000,0.000000,0.000000
1749017911.444371,81.595158,85.000000,96.000000,80.000000,80.000000,80.000000,80.000000,0.000000,0.000000,0.000000,0.000000
1749017911.477113,80.502897,85.000000,98.000000,80.000000,80.000000,80.000000,80.000000,0.000000,0.000000,0.000000,0.000000
1749017911.512834,80.775661,85.000000,98.000000,80.000000,80.000000,80.000000,80.000000,0.000000,0.000000,0.000000,0.000000
1749017911.547937,80.994205,85.000000,98.000000,80.000000,80.000000,80.000000,80.000000,0.000000,0.000000,0.000000,0.000000
1749017911.579009,81.400628,85.000000,97.000000,80.000000,80.000000,80.000000,80.000000,0.000000,0.000000,0.000000,0.000000
1749017911.607805,80.720651,85.000000,98.000000,80.000000,80.000000,80.000000,80.000000,0.000000,0.000000,0.000000,0.000000
1749017911.638644,80.814167,85.000000,98.000000,80.000000,80.000000,80.000000,80.000000,0.000000,0.000000,0.000000,0.000000
1749017911.670660,81.086269,85.000000,97.000000,80.000000,80.000000,80.000000,80.000000,0.000000,0.000000,0.000000,0.000000
1749017911.710666,81.452496,85.000000,97.000000,80.000000,80.000000,80.000000,80.000000,0.000000,0.000000,0.000000,0.000000
1749017911.743590,80.862126,85.000000,98.000000,80.000000,80.000000,80.000000,80.000000,0.000000,0.000000,0.000000,0.000000
1749017911.775026,80.633682,85.000000,98.000000,80.000000,80.000000,80.000000,80.000000,0.000000,0.000000,0.000000,0.000000
1749017911.809104,80.704254,85.000000,98.000000,80.000000,80.000000,80.000000,80.000000,0.000000,0.000000,0.000000,0.000000
1749017911.842501,80.661844,85.000000,98.000000,80.000000,80.000000,80.000000,80.000000,0.000000,0.000000,0.000000,0.000000
1749017911.874453,81.260433,85.000000,97.000000,80.000000,80.000000,80.000000,80.000000,0.000000,0.000000,0.000000,0.000000
1749017911.912100,80.872908,85.000000,98.000000,80.000000,80.000000,80.000000,80.000000,0.000000,0.000000,0.000000,0.000000
1749017911.944164,80.167219,85.000000,99.000000,80.000000,80.000000,80.000000,80.000000,0.000000,0.000000,0.000000,0.000000
1749017911.975257,81.020177,85.000000,97.000000,80.000000,80.000000,80.000000,80.000000,0.000000,0.000000,0.000000,0.000000
1749017912.012151,80.639012,85.000000,98.000000,80.000000,80.000000,80.000000,80.000000,0.000000,0.000000,0.000000,0.000000
1749017912.043007,80.853279,85.000000,98.000000,80.000000,80.000000,80.000000,80.000000,0.000000,0.000000,0.000000,0.000000
1749017912.075650,81.295821,85.000000,97.000000,80.000000,80.000000,80.000000,80.000000,0.000000,0.000000,0.000000,0.000000
1749017912.111737,82.249078,85.000000,95.000000,80.000000,80.000000,80.000000,80.000000,0.000000,0.000000,0.000000,0.000000
1749017912.142992,81.815125,85.000000,96.000000,80.000000,80.000000,80.000000,80.000000,0.000000,0.000000,0.000000,0.000000
1749017912.173956,81.672315,85.000000,96.000000,80.000000,80.000000,80.000000,80.000000,0.000000,0.000000,0.000000,0.000000
1749017912.212258,81.910780,85.000000,96.000000,80.000000,80.000000,80.000000,80.000000,0.000000,0.000000,0.000000,0.000000
1749017912.242419,82.158640,85.000000,95.000000,80.000000,80.000000,80.000000,80.000000,0.000000,0.000000,0.000000,0.000000
1749017912.275157,82.165409,85.000000,95.000000,80.000000,80.000000,80.000000,80.000000,0.000000,0.000000,0.000000,0.000000
1749017912.312871,82.508162,85.000000,94.000000,0.000000,0.000000,0.000000,0.000000,0.000000,0.000000,0.000000,0.000000
1749017912.339963,82.976107,85.000000,94.000000,0.000000,0.000000,0.000000,0.000000,0.000000,0.000000,0.000000,0.000000
1749017912.368955,83.067338,85.000000,93.000000,0.000000,0.000000,0.000000,0.000000,0.000000,0.000000,0.000000,0.000000
1749017912.405227,83.453363,85.000000,93.000000,0.000000,0.000000,0.000000,0.000000,0.000000,0.000000,0.000000,0.000000
1749017912.440952,83.130295,85.000000,93.000000,0.000000,0.000000,0.000000,0.000000,0.000000,0.000000,0.000000,0.000000
1749017912.476455,82.885660,85.000000,94.000000,0.000000,0.000000,0.000000,0.000000,0.000000,0.000000,0.000000,0.000000
1749017912.511185,83.681613,85.000000,92.000000,0.000000,0.000000,0.000000,0.000000,0.000000,0.000000,0.000000,0.000000
1749017912.544377,84.099721,85.000000,91.000000,0.000000,0.000000,0.000000,0.000000,0.000000,0.000000,0.000000,0.000000
1749017912.576138,84.218947,85.000000,91.000000,0.000000,0.000000,0.000000,0.000000,0.000000,0.000000,0.000000,0.000000
1749017912.610048,83.811153,85.000000,92.000000,0.000000,0.000000,0.000000,0.000000,0.000000,0.000000,0.000000,0.000000
1749017912.642859,85.227018,85.000000,89.000000,0.000000,0.000000,0.000000,0.000000,0.000000,0.000000,0.000000,0.000000
1749017912.673973,85.193730,85.000000,89.000000,0.000000,0.000000,0.000000,0.000000,0.000000,0.000000,0.000000,0.000000
1749017912.710381,85.380550,85.000000,89.000000,0.000000,0.000000,0.000000,0.000000,0.000000,0.000000,0.000000,0.000000
1749017912.742570,85.493778,85.000000,89.000000,0.000000,0.000000,0.000000,0.000000,0.000000,0.000000,0.000000,0.000000
1749017912.774467,85.288474,85.000000,89.000000,0.000000,0.000000,0.000000,0.000000,0.000000,0.000000,0.000000,0.000000
1749017912.811289,85.483626,85.000000,89.000000,0.000000,0.000000,0.000000,0.000000,0.000000,0.000000,0.000000,0.000000
1749017912.839375,85.558371,85.000000,88.000000,0.000000,0.000000,0.000000,0.000000,0.000000,0.000000,0.000000,0.000000
1749017912.870124,85.835012,85.000000,88.000000,0.000000,0.000000,0.000000,0.000000,0.000000,0.000000,0.000000,0.000000
1749017912.907973,86.182677,85.000000,87.000000,0.000000,0.000000,0.000000,0.000000,0.000000,0.000000,0.000000,0.000000
1749017912.941046,86.253984,85.000000,87.000000,0.000000,0.000000,0.000000,0.000000,0.000000,0.000000,0.000000,0.000000
1749017912.971984,86.324737,85.000000,87.000000,0.000000,0.000000,0.000000,0.000000,0.000000,0.000000,0.000000,0.000000
1749017913.024952,86.229084,85.000000,87.000000,0.000000,0.000000,0.000000,0.000000,0.000000,0.000000,0.000000,0.000000
1749017913.043741,86.497263,109.000000,90.000000,0.000000,0.000000,0.000000,0.000000,0.000000,0.000000,0.000000,0.000000
1749017913.071501,86.599597,109.000000,90.000000,0.000000,0.000000,0.000000,0.000000,0.000000,0.000000,0.000000,0.000000
1749017913.109533,86.846724,109.000000,90.000000,0.000000,0.000000,0.000000,0.000000,0.000000,0.000000,0.000000,0.000000
1749017913.140839,86.738696,109.000000,120.000000,0.000000,0.000000,0.000000,0.000000,0.000000,0.000000,0.000000,0.000000
1749017913.175319,87.528451,109.000000,90.000000,0.000000,0.000000,0.000000,0.000000,0.000000,0.000000,0.000000,0.000000
1749017913.206205,87.244370,109.000000,90.000000,0.000000,0.000000,0.000000,0.000000,0.000000,0.000000,0.000000,0.000000
1749017913.235944,86.899442,109.000000,90.000000,0.000000,0.000000,0.000000,0.000000,0.000000,0.000000,0.000000,0.000000
1749017913.269016,87.057754,109.000000,120.000000,0.000000,0.000000,0.000000,0.000000,0.000000,0.000000,0.000000,0.000000
1749017913.309180,87.215403,109.000000,133.000000,80.000000,80.000000,80.000000,80.000000,0.000000,0.000000,0.000000,0.000000
1749017913.341125,86.826208,109.000000,134.000000,80.000000,80.000000,80.000000,80.000000,0.000000,0.000000,0.000000,0.000000
1749017913.375045,86.802755,109.000000,134.000000,80.000000,80.000000,80.000000,80.000000,0.000000,0.000000,0.000000,0.000000
1749017913.409636,87.545166,109.000000,132.000000,80.000000,80.000000,80.000000,80.000000,0.000000,0.000000,0.000000,0.000000
1749017913.441628,87.548622,109.000000,132.000000,80.000000,80.000000,80.000000,80.000000,0.000000,0.000000,0.000000,0.000000
1749017913.474004,87.172314,109.000000,133.000000,80.000000,80.000000,80.000000,80.000000,0.000000,0.000000,0.000000,0.000000
1749017913.510009,87.344614,109.000000,133.000000,80.000000,80.000000,80.000000,80.000000,0.000000,0.000000,0.000000,0.000000
1749017913.545922,87.304144,109.000000,133.000000,80.000000,80.000000,80.000000,80.000000,0.000000,0.000000,0.000000,0.000000
1749017913.569442,87.473106,109.000000,133.000000,80.000000,80.000000,80.000000,80.000000,0.000000,0.000000,0.000000,0.000000
1749017913.604396,87.675236,109.000000,132.000000,80.000000,80.000000,80.000000,80.000000,0.000000,0.000000,0.000000,0.000000
1749017913.636837,87.786609,109.000000,132.000000,80.000000,80.000000,80.000000,80.000000,0.000000,0.000000,0.000000,0.000000
1749017913.670614,87.389590,109.000000,133.000000,80.000000,80.000000,80.000000,80.000000,0.000000,0.000000,0.000000,0.000000
1749017913.713041,87.305709,109.000000,133.000000,80.000000,80.000000,80.000000,80.000000,0.000000,0.000000,0.000000,0.000000
1749017913.746658,87.347435,109.000000,133.000000,80.000000,80.000000,80.000000,80.000000,0.000000,0.000000,0.000000,0.000000
1749017913.776850,87.476363,109.000000,133.000000,80.000000,80.000000,80.000000,80.000000,0.000000,0.000000,0.000000,0.000000
1749017913.826877,87.168858,109.000000,133.000000,80.000000,80.000000,80.000000,80.000000,0.000000,0.000000,0.000000,0.000000
1749017913.847487,86.827109,109.000000,134.000000,80.000000,80.000000,80.000000,80.000000,0.000000,0.000000,0.000000,0.000000
1749017913.873163,87.322673,109.000000,133.000000,80.000000,80.000000,80.000000,80.000000,0.000000,0.000000,0.000000,0.000000
1749017913.907027,87.279337,109.000000,133.000000,80.000000,80.000000,80.000000,80.000000,0.000000,0.000000,0.000000,0.000000
1749017913.938354,87.272000,109.000000,133.000000,80.000000,80.000000,80.000000,80.000000,0.000000,0.000000,0.000000,0.000000
1749017913.969917,87.922364,109.000000,132.000000,80.000000,80.000000,80.000000,80.000000,0.000000,0.000000,0.000000,0.000000
1749017914.006521,87.265260,109.000000,133.000000,80.000000,80.000000,80.000000,80.000000,0.000000,0.000000,0.000000,0.000000
1749017914.038563,86.604492,109.000000,134.000000,80.000000,80.000000,80.000000,80.000000,0.000000,0.000000,0.000000,0.000000
1749017914.069686,86.131345,109.000000,135.000000,80.000000,80.000000,80.000000,80.000000,0.000000,0.000000,0.000000,0.000000
1749017914.107128,85.649261,109.000000,136.000000,80.000000,80.000000,80.000000,80.000000,0.000000,0.000000,0.000000,0.000000
1749017914.138636,85.383123,109.000000,137.000000,80.000000,80.000000,80.000000,80.000000,0.000000,0.000000,0.000000,0.000000
1749017914.172842,85.787566,109.000000,136.000000,80.000000,80.000000,80.000000,80.000000,0.000000,0.000000,0.000000,0.000000
1749017914.209078,84.893562,109.000000,138.000000,80.000000,80.000000,80.000000,80.000000,0.000000,0.000000,0.000000,0.000000
1749017914.241793,84.433804,109.000000,139.000000,80.000000,80.000000,80.000000,80.000000,0.000000,0.000000,0.000000,0.000000
1749017914.270485,84.828726,109.000000,138.000000,80.000000,80.000000,80.000000,80.000000,0.000000,0.000000,0.000000,0.000000
1749017914.304762,85.171321,109.000000,137.000000,80.000000,80.000000,80.000000,80.000000,0.000000,0.000000,0.000000,0.000000
1749017914.338665,85.655333,109.000000,136.000000,80.000000,80.000000,80.000000,80.000000,0.000000,0.000000,0.000000,0.000000
1749017914.371944,85.395143,109.000000,137.000000,80.000000,80.000000,80.000000,80.000000,0.000000,0.000000,0.000000,0.000000
1749017914.414373,84.660459,109.000000,138.000000,80.000000,80.000000,80.000000,80.000000,0.000000,0.000000,0.000000,0.000000
1749017914.446919,85.051436,109.000000,137.000000,80.000000,80.000000,80.000000,80.000000,0.000000,0.000000,0.000000,0.000000
1749017914.477868,84.867963,109.000000,138.000000,80.000000,80.000000,80.000000,80.000000,0.000000,0.000000,0.000000,0.000000
1749017914.509095,84.583523,109.000000,138.000000,80.000000,80.000000,80.000000,80.000000,0.000000,0.000000,0.000000,0.000000
1749017914.540308,84.300767,109.000000,139.000000,80.000000,80.000000,80.000000,80.000000,0.000000,0.000000,0.000000,0.000000
1749017914.575530,84.166902,109.000000,139.000000,80.000000,80.000000,80.000000,80.000000,0.000000,0.000000,0.000000,0.000000
1749017914.609852,84.103566,109.000000,139.000000,80.000000,80.000000,80.000000,80.000000,0.000000,0.000000,0.000000,0.000000
1749017914.637713,84.565939,109.000000,138.000000,80.000000,80.000000,80.000000,80.000000,0.000000,0.000000,0.000000,0.000000
1749017914.668974,83.870621,109.000000,140.000000,80.000000,80.000000,80.000000,80.000000,0.000000,0.000000,0.000000,0.000000
1749017914.706476,83.763022,109.000000,140.000000,80.000000,80.000000,80.000000,80.000000,0.000000,0.000000,0.000000,0.000000
1749017914.737983,84.189467,109.000000,139.000000,80.000000,80.000000,80.000000,80.000000,0.000000,0.000000,0.000000,0.000000
1749017914.770318,84.198966,109.000000,139.000000,80.000000,80.000000,80.000000,80.000000,0.000000,0.000000,0.000000,0.000000
1749017914.810798,83.811210,109.000000,140.000000,80.000000,80.000000,80.000000,80.000000,0.000000,0.000000,0.000000,0.000000
1749017914.842213,84.176650,109.000000,139.000000,80.000000,80.000000,80.000000,80.000000,0.000000,0.000000,0.000000,0.000000
1749017914.885687,83.963397,109.000000,140.000000,80.000000,80.000000,80.000000,80.000000,0.000000,0.000000,0.000000,0.000000
1749017914.907319,84.208859,109.000000,139.000000,80.000000,80.000000,80.000000,80.000000,0.000000,0.000000,0.000000,0.000000
1749017914.939502,83.980129,109.000000,140.000000,80.000000,80.000000,80.000000,80.000000,0.000000,0.000000,0.000000,0.000000
1749017914.972816,83.725948,109.000000,140.000000,80.000000,80.000000,80.000000,80.000000,0.000000,0.000000,0.000000,0.000000
1749017915.008678,83.612269,109.000000,140.000000,80.000000,80.000000,80.000000,80.000000,0.000000,0.000000,0.000000,0.000000
1749017915.042053,83.502272,109.000000,140.000000,80.000000,80.000000,80.000000,80.000000,0.000000,0.000000,0.000000,0.000000
1749017915.073237,84.165950,109.000000,139.000000,80.000000,80.000000,80.000000,80.000000,0.000000,0.000000,0.000000,0.000000
1749017915.109157,84.274740,109.000000,139.000000,80.000000,80.000000,80.000000,80.000000,0.000000,0.000000,0.000000,0.000000
1749017915.141561,83.791744,109.000000,140.000000,80.000000,80.000000,80.000000,80.000000,0.000000,0.000000,0.000000,0.000000
1749017915.173824,83.806352,109.000000,140.000000,80.000000,80.000000,80.000000,80.000000,0.000000,0.000000,0.000000,0.000000
1749017915.209604,83.994901,109.000000,140.000000,80.000000,80.000000,80.000000,80.000000,0.000000,0.000000,0.000000,0.000000
1749017915.240752,83.655537,109.000000,140.000000,80.000000,80.000000,80.000000,80.000000,0.000000,0.000000,0.000000,0.000000
1749017915.272565,83.611747,109.000000,140.000000,80.000000,80.000000,80.000000,80.000000,0.000000,0.000000,0.000000,0.000000
1749017915.309577,84.409601,109.000000,139.000000,80.000000,80.000000,80.000000,80.000000,0.000000,0.000000,0.000000,0.000000
1749017915.341857,84.325021,109.000000,139.000000,80.000000,80.000000,80.000000,80.000000,0.000000,0.000000,0.000000,0.000000
1749017915.372475,84.446849,109.000000,139.000000,80.000000,80.000000,80.000000,80.000000,0.000000,0.000000,0.000000,0.000000
1749017915.414963,84.224598,109.000000,139.000000,80.000000,80.000000,80.000000,80.000000,0.000000,0.000000,0.000000,0.000000
1749017915.445860,84.197223,109.000000,139.000000,80.000000,80.000000,80.000000,80.000000,0.000000,0.000000,0.000000,0.000000
1749017915.474254,84.106037,109.000000,139.000000,80.000000,80.000000,80.000000,80.000000,0.000000,0.000000,0.000000,0.000000
1749017915.505965,84.065134,109.000000,139.000000,80.000000,80.000000,80.000000,80.000000,0.000000,0.000000,0.000000,0.000000
1749017915.537465,84.423158,109.000000,139.000000,80.000000,80.000000,80.000000,80.000000,0.000000,0.000000,0.000000,0.000000
1749017915.570918,84.069819,109.000000,139.000000,80.000000,80.000000,80.000000,80.000000,0.000000,0.000000,0.000000,0.000000
1749017915.608056,84.202394,109.000000,139.000000,80.000000,80.000000,80.000000,80.000000,0.000000,0.000000,0.000000,0.000000
1749017915.639475,84.660215,109.000000,138.000000,80.000000,80.000000,80.000000,80.000000,0.000000,0.000000,0.000000,0.000000
1749017915.670819,84.390809,109.000000,139.000000,80.000000,80.000000,80.000000,80.000000,0.000000,0.000000,0.000000,0.000000
1749017915.710078,84.101333,109.000000,139.000000,80.000000,80.000000,80.000000,80.000000,0.000000,0.000000,0.000000,0.000000
1749017915.741990,84.575154,109.000000,138.000000,80.000000,80.000000,80.000000,80.000000,0.000000,0.000000,0.000000,0.000000
1749017915.773413,84.611454,109.000000,138.000000,80.000000,80.000000,80.000000,80.000000,0.000000,0.000000,0.000000,0.000000
1749017915.809959,84.474646,109.000000,139.000000,80.000000,80.000000,80.000000,80.000000,0.000000,0.000000,0.000000,0.000000
1749017915.840208,85.158582,109.000000,137.000000,80.000000,80.000000,80.000000,80.000000,0.000000,0.000000,0.000000,0.000000
1749017915.888391,85.480907,109.000000,137.000000,80.000000,80.000000,80.000000,80.000000,0.000000,0.000000,0.000000,0.000000
1749017915.910211,84.967750,109.000000,138.000000,80.000000,80.000000,80.000000,80.000000,0.000000,0.000000,0.000000,0.000000
1749017915.942518,85.048568,109.000000,137.000000,80.000000,80.000000,80.000000,80.000000,0.000000,0.000000,0.000000,0.000000
1749017915.975265,85.325290,109.000000,137.000000,80.000000,80.000000,80.000000,80.000000,0.000000,0.000000,0.000000,0.000000
1749017916.010535,85.185105,109.000000,137.000000,80.000000,80.000000,80.000000,80.000000,0.000000,0.000000,0.000000,0.000000
1749017916.041794,85.445771,109.000000,137.000000,80.000000,80.000000,80.000000,80.000000,0.000000,0.000000,0.000000,0.000000
1749017916.074149,86.130927,109.000000,135.000000,80.000000,80.000000,80.000000,80.000000,0.000000,0.000000,0.000000,0.000000
1749017916.110163,86.299015,109.000000,135.000000,80.000000,80.000000,80.000000,80.000000,0.000000,0.000000,0.000000,0.000000
1749017916.142566,85.947468,109.000000,136.000000,80.000000,80.000000,80.000000,80.000000,0.000000,0.000000,0.000000,0.000000
1749017916.176409,86.087518,109.000000,135.000000,80.000000,80.000000,80.000000,80.000000,0.000000,0.000000,0.000000,0.000000
1749017916.206971,86.548151,109.000000,134.000000,80.000000,80.000000,80.000000,80.000000,0.000000,0.000000,0.000000,0.000000
1749017916.237838,86.455899,109.000000,135.000000,80.000000,80.000000,80.000000,80.000000,0.000000,0.000000,0.000000,0.000000
1749017916.270467,86.772559,109.000000,134.000000,80.000000,80.000000,80.000000,80.000000,0.000000,0.000000,0.000000,0.000000
1749017916.311874,86.893153,109.000000,134.000000,80.000000,80.000000,80.000000,80.000000,0.000000,0.000000,0.000000,0.000000
1749017916.343610,87.066336,109.000000,133.000000,80.000000,80.000000,80.000000,80.000000,0.000000,0.000000,0.000000,0.000000
1749017916.374271,87.011968,109.000000,133.000000,80.000000,80.000000,80.000000,80.000000,0.000000,0.000000,0.000000,0.000000
1749017916.410500,87.828709,109.000000,132.000000,80.000000,80.000000,80.000000,80.000000,0.000000,0.000000,0.000000,0.000000
1749017916.439023,87.796438,109.000000,132.000000,80.000000,80.000000,80.000000,80.000000,0.000000,0.000000,0.000000,0.000000
1749017916.472518,87.222495,109.000000,133.000000,80.000000,80.000000,80.000000,80.000000,0.000000,0.000000,0.000000,0.000000
1749017916.509647,87.583868,109.000000,132.000000,80.000000,80.000000,80.000000,80.000000,0.000000,0.000000,0.000000,0.000000
1749017916.542632,87.959772,109.000000,132.000000,80.000000,80.000000,80.000000,80.000000,0.000000,0.000000,0.000000,0.000000
1749017916.568810,87.977396,109.000000,132.000000,80.000000,80.000000,80.000000,80.000000,0.000000,0.000000,0.000000,0.000000
1749017916.605449,88.324003,109.000000,131.000000,80.000000,80.000000,80.000000,80.000000,0.000000,0.000000,0.000000,0.000000
1749017916.636319,88.508151,109.000000,130.000000,80.000000,80.000000,80.000000,80.000000,0.000000,0.000000,0.000000,0.000000
1749017916.668008,88.235074,109.000000,131.000000,80.000000,80.000000,80.000000,80.000000,0.000000,0.000000,0.000000,0.000000
1749017916.705185,88.079518,109.000000,131.000000,80.000000,80.000000,80.000000,80.000000,0.000000,0.000000,0.000000,0.000000
1749017916.740953,88.526714,109.000000,130.000000,80.000000,80.000000,80.000000,80.000000,0.000000,0.000000,0.000000,0.000000
1749017916.774097,88.492856,109.000000,131.000000,80.000000,80.000000,80.000000,80.000000,0.000000,0.000000,0.000000,0.000000
1749017916.809709,88.952586,109.000000,130.000000,80.000000,80.000000,80.000000,80.000000,0.000000,0.000000,0.000000,0.000000
1749017916.841041,88.390847,109.000000,131.000000,80.000000,80.000000,80.000000,80.000000,0.000000,0.000000,0.000000,0.000000
1749017916.873421,89.174796,109.000000,129.000000,80.000000,80.000000,80.000000,80.000000,0.000000,0.000000,0.000000,0.000000
1749017916.907619,89.435612,109.000000,129.000000,80.000000,80.000000,80.000000,80.000000,0.000000,0.000000,0.000000,0.000000
1749017916.937738,89.232417,109.000000,129.000000,80.000000,80.000000,80.000000,80.000000,0.000000,0.000000,0.000000,0.000000
1749017916.968799,89.261771,109.000000,129.000000,80.000000,80.000000,80.000000,80.000000,0.000000,0.000000,0.000000,0.000000
1749017917.007741,89.618166,109.000000,128.000000,80.000000,80.000000,80.000000,80.000000,0.000000,0.000000,0.000000,0.000000
1749017917.039560,89.500308,109.000000,128.000000,80.000000,80.000000,80.000000,80.000000,0.000000,0.000000,0.000000,0.000000
1749017917.071826,90.162915,109.000000,127.000000,80.000000,80.000000,80.000000,80.000000,0.000000,0.000000,0.000000,0.000000
1749017917.107706,90.436766,109.000000,127.000000,80.000000,80.000000,80.000000,80.000000,0.000000,0.000000,0.000000,0.000000
1749017917.155828,89.873595,109.000000,128.000000,80.000000,80.000000,80.000000,80.000000,0.000000,0.000000,0.000000,0.000000
1749017917.173988,89.738754,109.000000,128.000000,80.000000,80.000000,80.000000,80.000000,0.000000,0.000000,0.000000,0.000000
1749017917.205791,90.240021,109.000000,127.000000,80.000000,80.000000,80.000000,80.000000,0.000000,0.000000,0.000000,0.000000
1749017917.236982,90.744395,109.000000,126.000000,80.000000,80.000000,80.000000,80.000000,0.000000,0.000000,0.000000,0.000000
1749017917.270473,90.968238,109.000000,126.000000,80.000000,80.000000,80.000000,80.000000,0.000000,0.000000,0.000000,0.000000
1749017917.307398,90.541051,109.000000,126.000000,80.000000,80.000000,80.000000,80.000000,0.000000,0.000000,0.000000,0.000000
1749017917.341849,90.932275,109.000000,126.000000,80.000000,80.000000,80.000000,80.000000,0.000000,0.000000,0.000000,0.000000
1749017917.373768,91.279401,109.000000,125.000000,80.000000,80.000000,80.000000,80.000000,0.000000,0.000000,0.000000,0.000000
1749017917.409063,91.416053,109.000000,125.000000,80.000000,80.000000,80.000000,80.000000,0.000000,0.000000,0.000000,0.000000
1749017917.440738,91.693699,109.000000,124.000000,80.000000,80.000000,80.000000,80.000000,0.000000,0.000000,0.000000,0.000000
1749017917.473809,92.310872,109.000000,123.000000,80.000000,80.000000,80.000000,80.000000,0.000000,0.000000,0.000000,0.000000
1749017917.509095,91.916507,109.000000,124.000000,80.000000,80.000000,80.000000,80.000000,0.000000,0.000000,0.000000,0.000000
1749017917.541370,92.039287,109.000000,123.000000,80.000000,80.000000,80.000000,80.000000,0.000000,0.000000,0.000000,0.000000
1749017917.573394,92.049846,109.000000,123.000000,80.000000,80.000000,80.000000,80.000000,0.000000,0.000000,0.000000,0.000000
1749017917.608980,91.936299,109.000000,124.000000,80.000000,80.000000,80.000000,80.000000,0.000000,0.000000,0.000000,0.000000
1749017917.639896,91.956266,109.000000,124.000000,80.000000,80.000000,80.000000,80.000000,0.000000,0.000000,0.000000,0.000000
1749017917.672876,92.468602,109.000000,123.000000,80.000000,80.000000,80.000000,80.000000,0.000000,0.000000,0.000000,0.000000
1749017917.711087,92.425349,109.000000,123.000000,80.000000,80.000000,80.000000,80.000000,0.000000,0.000000,0.000000,0.000000
1749017917.744676,92.203203,109.000000,123.000000,80.000000,80.000000,80.000000,80.000000,0.000000,0.000000,0.000000,0.000000
1749017917.772268,92.586519,109.000000,122.000000,80.000000,80.000000,80.000000,80.000000,0.000000,0.000000,0.000000,0.000000
1749017917.805384,92.758614,109.000000,122.000000,80.000000,80.000000,80.000000,80.000000,0.000000,0.000000,0.000000,0.000000
1749017917.838103,92.856310,109.000000,122.000000,80.000000,80.000000,80.000000,80.000000,0.000000,0.000000,0.000000,0.000000
1749017917.870018,92.827221,109.000000,122.000000,80.000000,80.000000,80.000000,80.000000,0.000000,0.000000,0.000000,0.000000
1749017917.911093,93.356450,109.000000,121.000000,80.000000,80.000000,80.000000,80.000000,0.000000,0.000000,0.000000,0.000000
1749017917.943636,94.015203,109.000000,119.000000,80.000000,80.000000,80.000000,80.000000,0.000000,0.000000,0.000000,0.000000
1749017917.971452,93.597258,109.000000,120.000000,80.000000,80.000000,80.000000,80.000000,0.000000,0.000000,0.000000,0.000000
1749017918.008815,93.708940,109.000000,120.000000,80.000000,80.000000,80.000000,80.000000,0.000000,0.000000,0.000000,0.000000
1749017918.041363,94.206112,109.000000,119.000000,80.000000,80.000000,80.000000,80.000000,0.000000,0.000000,0.000000,0.000000
1749017918.086396,93.326865,109.000000,121.000000,80.000000,80.000000,80.000000,80.000000,0.000000,0.000000,0.000000,0.000000
1749017918.107582,93.165199,109.000000,121.000000,80.000000,80.000000,80.000000,80.000000,0.000000,0.000000,0.000000,0.000000
1749017918.138401,94.333048,109.000000,119.000000,80.000000,80.000000,80.000000,80.000000,0.000000,0.000000,0.000000,0.000000
1749017918.192089,94.109571,109.000000,119.000000,80.000000,80.000000,80.000000,80.000000,0.000000,0.000000,0.000000,0.000000
1749017918.214267,94.116159,109.000000,119.000000,80.000000,80.000000,80.000000,80.000000,0.000000,0.000000,0.000000,0.000000
1749017918.238122,94.425679,109.000000,119.000000,80.000000,80.000000,80.000000,80.000000,0.000000,0.000000,0.000000,0.000000
1749017918.268443,94.421451,109.000000,119.000000,80.000000,80.000000,80.000000,80.000000,0.000000,0.000000,0.000000,0.000000
1749017918.305959,94.397422,109.000000,119.000000,80.000000,80.000000,80.000000,80.000000,0.000000,0.000000,0.000000,0.000000
1749017918.339684,94.397566,109.000000,119.000000,80.000000,80.000000,80.000000,80.000000,0.000000,0.000000,0.000000,0.000000
1749017918.372395,95.266927,109.000000,117.000000,80.000000,80.000000,80.000000,80.000000,0.000000,0.000000,0.000000,0.000000
1749017918.409213,95.051730,109.000000,117.000000,80.000000,80.000000,80.000000,80.000000,0.000000,0.000000,0.000000,0.000000
1749017918.441751,95.158640,109.000000,117.000000,80.000000,80.000000,80.000000,80.000000,0.000000,0.000000,0.000000,0.000000
1749017918.472866,96.011536,109.000000,115.000000,80.000000,80.000000,80.000000,80.000000,0.000000,0.000000,0.000000,0.000000
1749017918.504959,95.927395,109.000000,116.000000,80.000000,80.000000,80.000000,80.000000,0.000000,0.000000,0.000000,0.000000
1749017918.538436,95.508159,109.000000,116.000000,80.000000,80.000000,80.000000,80.000000,0.000000,0.000000,0.000000,0.000000
1749017918.571704,95.859193,109.000000,116.000000,80.000000,80.000000,80.000000,80.000000,0.000000,0.000000,0.000000,0.000000
1749017918.608970,96.507412,109.000000,114.000000,80.000000,80.000000,80.000000,80.000000,0.000000,0.000000,0.000000,0.000000
1749017918.639966,96.433682,109.000000,115.000000,80.000000,80.000000,80.000000,80.000000,0.000000,0.000000,0.000000,0.000000
1749017918.671954,96.842139,109.000000,114.000000,80.000000,80.000000,80.000000,80.000000,0.000000,0.000000,0.000000,0.000000
1749017918.709878,96.916611,109.000000,114.000000,80.000000,80.000000,80.000000,80.000000,0.000000,0.000000,0.000000,0.000000
1749017918.740642,97.532486,109.000000,112.000000,80.000000,80.000000,80.000000,80.000000,0.000000,0.000000,0.000000,0.000000
1749017918.771502,97.462470,109.000000,113.000000,80.000000,80.000000,80.000000,80.000000,0.000000,0.000000,0.000000,0.000000
1749017918.810063,97.480223,109.000000,113.000000,80.000000,80.000000,80.000000,80.000000,0.000000,0.000000,0.000000,0.000000
1749017918.840540,97.651257,109.000000,112.000000,80.000000,80.000000,80.000000,80.000000,0.000000,0.000000,0.000000,0.000000
1749017918.872492,97.658866,109.000000,112.000000,80.000000,80.000000,80.000000,80.000000,0.000000,0.000000,0.000000,0.000000
1749017918.909806,98.181677,109.000000,111.000000,80.000000,80.000000,80.000000,80.000000,0.000000,0.000000,0.000000,0.000000
1749017918.941069,98.596082,109.000000,110.000000,80.000000,80.000000,80.000000,80.000000,0.000000,0.000000,0.000000,0.000000
1749017918.973433,98.813471,109.000000,110.000000,80.000000,80.000000,80.000000,80.000000,0.000000,0.000000,0.000000,0.000000
1749017919.011905,98.683489,109.000000,110.000000,80.000000,80.000000,80.000000,80.000000,0.000000,0.000000,0.000000,0.000000
1749017919.043509,98.795995,109.000000,110.000000,80.000000,80.000000,80.000000,80.000000,0.000000,0.000000,0.000000,0.000000
1749017919.075943,99.142880,109.000000,109.000000,80.000000,80.000000,80.000000,80.000000,0.000000,0.000000,0.000000,0.000000
1749017919.110776,99.790701,109.000000,108.000000,80.000000,80.000000,80.000000,80.000000,0.000000,0.000000,0.000000,0.000000
1749017919.144398,99.694146,109.000000,108.000000,80.000000,80.000000,80.000000,80.000000,0.000000,0.000000,0.000000,0.000000
1749017919.173293,99.611399,109.000000,108.000000,80.000000,80.000000,80.000000,80.000000,0.000000,0.000000,0.000000,0.000000
1749017919.205056,100.049222,109.000000,107.000000,80.000000,80.000000,80.000000,80.000000,0.000000,0.000000,0.000000,0.000000
1749017919.236778,100.018825,109.000000,107.000000,80.000000,80.000000,80.000000,80.000000,0.000000,0.000000,0.000000,0.000000
1749017919.268403,99.519513,109.000000,108.000000,80.000000,80.000000,80.000000,80.000000,0.000000,0.000000,0.000000,0.000000
1749017919.309634,99.707544,109.000000,108.000000,80.000000,80.000000,80.000000,80.000000,0.000000,0.000000,0.000000,0.000000
1749017919.341796,100.264709,109.000000,107.000000,80.000000,80.000000,80.000000,80.000000,0.000000,0.000000,0.000000,0.000000
1749017919.373642,99.907549,109.000000,108.000000,80.000000,80.000000,80.000000,80.000000,0.000000,0.000000,0.000000,0.000000
1749017919.410056,100.164627,109.000000,107.000000,80.000000,80.000000,80.000000,80.000000,0.000000,0.000000,0.000000,0.000000
1749017919.441341,100.471734,109.000000,107.000000,80.000000,80.000000,80.000000,80.000000,0.000000,0.000000,0.000000,0.000000
1749017919.472841,100.259896,109.000000,107.000000,80.000000,80.000000,80.000000,80.000000,0.000000,0.000000,0.000000,0.000000
1749017919.510723,100.395035,109.000000,107.000000,80.000000,80.000000,80.000000,80.000000,0.000000,0.000000,0.000000,0.000000
1749017919.540983,100.349561,109.000000,107.000000,80.000000,80.000000,80.000000,80.000000,0.000000,0.000000,0.000000,0.000000
1749017919.572977,101.064028,109.000000,105.000000,80.000000,80.000000,80.000000,80.000000,0.000000,0.000000,0.000000,0.000000
1749017919.608733,101.177121,109.000000,105.000000,80.000000,80.000000,80.000000,80.000000,0.000000,0.000000,0.000000,0.000000
1749017919.666852,101.455972,109.000000,105.000000,80.000000,80.000000,80.000000,80.000000,0.000000,0.000000,0.000000,0.000000
1749017919.694060,101.703645,109.000000,104.000000,80.000000,80.000000,80.000000,80.000000,0.000000,0.000000,0.000000,0.000000
1749017919.712982,102.246689,109.000000,103.000000,80.000000,80.000000,80.000000,80.000000,0.000000,0.000000,0.000000,0.000000
1749017919.741052,101.800632,109.000000,104.000000,80.000000,80.000000,80.000000,80.000000,0.000000,0.000000,0.000000,0.000000
1749017919.796861,101.678519,109.000000,104.000000,80.000000,80.000000,80.000000,80.000000,0.000000,0.000000,0.000000,0.000000
1749017919.839036,101.666065,109.000000,104.000000,80.000000,80.000000,80.000000,80.000000,0.000000,0.000000,0.000000,0.000000
1749017919.867092,101.431794,109.000000,105.000000,80.000000,80.000000,80.000000,80.000000,0.000000,0.000000,0.000000,0.000000
1749017919.887989,101.790507,109.000000,104.000000,80.000000,80.000000,80.000000,80.000000,0.000000,0.000000,0.000000,0.000000
1749017919.911977,102.331455,109.000000,103.000000,80.000000,80.000000,80.000000,80.000000,0.000000,0.000000,0.000000,0.000000
1749017919.939331,102.773959,109.000000,102.000000,80.000000,80.000000,80.000000,80.000000,0.000000,0.000000,0.000000,0.000000
1749017919.973273,102.690059,109.000000,102.000000,80.000000,80.000000,80.000000,80.000000,0.000000,0.000000,0.000000,0.000000
1749017920.014328,102.964308,109.000000,102.000000,80.000000,80.000000,80.000000,80.000000,0.000000,0.000000,0.000000,0.000000
1749017920.048032,103.608804,109.000000,100.000000,80.000000,80.000000,80.000000,80.000000,0.000000,0.000000,0.000000,0.000000
1749017920.080856,103.763816,109.000000,100.000000,80.000000,80.000000,80.000000,80.000000,0.000000,0.000000,0.000000,0.000000
1749017920.121372,104.485090,109.000000,99.000000,80.000000,80.000000,80.000000,80.000000,0.000000,0.000000,0.000000,0.000000
1749017920.148214,104.908105,109.000000,98.000000,80.000000,80.000000,80.000000,80.000000,0.000000,0.000000,0.000000,0.000000
1749017920.177915,104.964661,109.000000,98.000000,80.000000,80.000000,80.000000,80.000000,0.000000,0.000000,0.000000,0.000000
1749017920.214984,104.697845,109.000000,98.000000,80.000000,80.000000,80.000000,80.000000,0.000000,0.000000,0.000000,0.000000
1749017920.245650,104.590264,109.000000,98.000000,80.000000,80.000000,80.000000,80.000000,0.000000,0.000000,0.000000,0.000000
1749017920.279114,104.764911,109.000000,98.000000,80.000000,80.000000,80.000000,80.000000,0.000000,0.000000,0.000000,0.000000
1749017920.312777,104.888200,109.000000,98.000000,80.000000,80.000000,80.000000,80.000000,0.000000,0.000000,0.000000,0.000000
1749017920.347266,105.230352,109.000000,97.000000,80.000000,80.000000,80.000000,80.000000,0.000000,0.000000,0.000000,0.000000
1749017920.377274,105.431854,109.000000,97.000000,80.000000,80.000000,80.000000,80.000000,0.000000,0.000000,0.000000,0.000000
1749017920.413867,105.482281,109.000000,97.000000,80.000000,80.000000,80.000000,80.000000,0.000000,0.000000,0.000000,0.000000
1749017920.447769,105.465763,109.000000,97.000000,80.000000,80.000000,80.000000,80.000000,0.000000,0.000000,0.000000,0.000000
1749017920.480469,106.372471,109.000000,95.000000,80.000000,80.000000,80.000000,80.000000,0.000000,0.000000,0.000000,0.000000
1749017920.512523,106.803378,109.000000,94.000000,0.000000,0.000000,0.000000,0.000000,0.000000,0.000000,0.000000,0.000000
1749017920.542397,106.750020,109.000000,94.000000,0.000000,0.000000,0.000000,0.000000,0.000000,0.000000,0.000000,0.000000
1749017920.574390,106.668401,109.000000,94.000000,0.000000,0.000000,0.000000,0.000000,0.000000,0.000000,0.000000,0.000000
1749017920.611020,107.112322,109.000000,93.000000,0.000000,0.000000,0.000000,0.000000,0.000000,0.000000,0.000000,0.000000
1749017920.642667,107.508414,109.000000,92.000000,0.000000,0.000000,0.000000,0.000000,0.000000,0.000000,0.000000,0.000000
1749017920.675176,106.707767,109.000000,94.000000,0.000000,0.000000,0.000000,0.000000,0.000000,0.000000,0.000000,0.000000
1749017920.709614,106.674710,109.000000,94.000000,0.000000,0.000000,0.000000,0.000000,0.000000,0.000000,0.000000,0.000000
1749017920.740972,107.380717,109.000000,93.000000,0.000000,0.000000,0.000000,0.000000,0.000000,0.000000,0.000000,0.000000
1749017920.773456,107.662992,109.000000,92.000000,0.000000,0.000000,0.000000,0.000000,0.000000,0.000000,0.000000,0.000000
1749017920.812925,107.614328,109.000000,92.000000,0.000000,0.000000,0.000000,0.000000,0.000000,0.000000,0.000000,0.000000
1749017920.843767,107.495777,109.000000,93.000000,0.000000,0.000000,0.000000,0.000000,0.000000,0.000000,0.000000,0.000000
1749017920.874237,107.845376,109.000000,92.000000,0.000000,0.000000,0.000000,0.000000,0.000000,0.000000,0.000000,0.000000
1749017920.910420,108.067849,109.000000,91.000000,0.000000,0.000000,0.000000,0.000000,0.000000,0.000000,0.000000,0.000000
1749017920.943063,108.041385,109.000000,91.000000,0.000000,0.000000,0.000000,0.000000,0.000000,0.000000,0.000000,0.000000
1749017920.975139,108.109413,109.000000,91.000000,0.000000,0.000000,0.000000,0.000000,0.000000,0.000000,0.000000,0.000000
1749017921.010645,108.035881,109.000000,91.000000,0.000000,0.000000,0.000000,0.000000,0.000000,0.000000,0.000000,0.000000
1749017921.042303,107.636656,109.000000,92.000000,0.000000,0.000000,0.000000,0.000000,0.000000,0.000000,0.000000,0.000000
1749017921.073993,107.916483,109.000000,92.000000,0.000000,0.000000,0.000000,0.000000,0.000000,0.000000,0.000000,0.000000
1749017921.111494,108.016717,109.000000,91.000000,0.000000,0.000000,0.000000,0.000000,0.000000,0.000000,0.000000,0.000000
1749017921.142922,107.641793,109.000000,92.000000,0.000000,0.000000,0.000000,0.000000,0.000000,0.000000,0.000000,0.000000
1749017921.171833,108.199636,109.000000,91.000000,0.000000,0.000000,0.000000,0.000000,0.000000,0.000000,0.000000,0.000000
1749017921.208203,108.174038,109.000000,91.000000,0.000000,0.000000,0.000000,0.000000,0.000000,0.000000,0.000000,0.000000
1749017921.260539,107.935237,109.000000,92.000000,0.000000,0.000000,0.000000,0.000000,0.000000,0.000000,0.000000,0.000000
1749017921.283114,107.962432,109.000000,92.000000,0.000000,0.000000,0.000000,0.000000,0.000000,0.000000,0.000000,0.000000
1749017921.307402,107.967343,109.000000,92.000000,0.000000,0.000000,0.000000,0.000000,0.000000,0.000000,0.000000,0.000000
1749017921.339794,108.166843,109.000000,91.000000,0.000000,0.000000,0.000000,0.000000,0.000000,0.000000,0.000000,0.000000
1749017921.370634,108.975776,109.000000,90.000000,0.000000,0.000000,0.000000,0.000000,0.000000,0.000000,0.000000,0.000000
1749017921.406781,108.662949,109.000000,90.000000,0.000000,0.000000,0.000000,0.000000,0.000000,0.000000,0.000000,0.000000
1749017921.437577,108.420596,109.000000,91.000000,0.000000,0.000000,0.000000,0.000000,0.000000,0.000000,0.000000,0.000000
1749017921.469903,108.638658,109.000000,90.000000,0.000000,0.000000,0.000000,0.000000,0.000000,0.000000,0.000000,0.000000
1749017921.510637,108.562361,109.000000,90.000000,0.000000,0.000000,0.000000,0.000000,0.000000,0.000000,0.000000,0.000000
1749017921.544341,108.090595,109.000000,91.000000,0.000000,0.000000,0.000000,0.000000,0.000000,0.000000,0.000000,0.000000
1749017921.576458,108.197549,109.000000,91.000000,0.000000,0.000000,0.000000,0.000000,0.000000,0.000000,0.000000,0.000000
1749017921.612356,108.039059,109.000000,91.000000,0.000000,0.000000,0.000000,0.000000,0.000000,0.000000,0.000000,0.000000
1749017921.666139,108.113325,109.000000,91.000000,0.000000,0.000000,0.000000,0.000000,0.000000,0.000000,0.000000,0.000000
1749017921.698644,107.936115,109.000000,92.000000,0.000000,0.000000,0.000000,0.000000,0.000000,0.000000,0.000000,0.000000
1749017921.718959,107.959937,109.000000,92.000000,0.000000,0.000000,0.000000,0.000000,0.000000,0.000000,0.000000,0.000000
1749017921.745855,107.955240,109.000000,92.000000,0.000000,0.000000,0.000000,0.000000,0.000000,0.000000,0.000000,0.000000
1749017921.771973,108.270287,109.000000,91.000000,0.000000,0.000000,0.000000,0.000000,0.000000,0.000000,0.000000,0.000000
1749017921.811021,108.069025,109.000000,91.000000,0.000000,0.000000,0.000000,0.000000,0.000000,0.000000,0.000000,0.000000
1749017921.844840,108.294791,109.000000,91.000000,0.000000,0.000000,0.000000,0.000000,0.000000,0.000000,0.000000,0.000000
1749017921.876364,108.410389,90.000000,90.000000,0.000000,0.000000,0.000000,0.000000,0.000000,0.000000,0.000000,0.000000
1749017921.910506,108.251155,90.000000,90.000000,0.000000,0.000000,0.000000,0.000000,0.000000,0.000000,0.000000,0.000000
1749017921.941895,108.236554,90.000000,90.000000,0.000000,0.000000,0.000000,0.000000,0.000000,0.000000,0.000000,0.000000
1749017921.971962,108.134847,90.000000,120.000000,0.000000,0.000000,0.000000,0.000000,0.000000,0.000000,0.000000,0.000000
1749017922.009707,107.982214,90.000000,90.000000,0.000000,0.000000,0.000000,0.000000,0.000000,0.000000,0.000000,0.000000
1749017922.040457,108.185044,90.000000,90.000000,0.000000,0.000000,0.000000,0.000000,0.000000,0.000000,0.000000,0.000000
1749017922.085025,107.971823,90.000000,90.000000,0.000000,0.000000,0.000000,0.000000,0.000000,0.000000,0.000000,0.000000
1749017922.104938,107.922517,90.000000,120.000000,0.000000,0.000000,0.000000,0.000000,0.000000,0.000000,0.000000,0.000000
1749017922.136972,107.932011,90.000000,54.000000,0.000000,0.000000,0.000000,0.000000,143.000000,143.000000,143.000000,143.000000
1749017922.167490,107.949309,90.000000,54.000000,0.000000,0.000000,0.000000,0.000000,143.000000,143.000000,143.000000,143.000000
1749017922.205179,107.955179,90.000000,54.000000,0.000000,0.000000,0.000000,0.000000,143.000000,143.000000,143.000000,143.000000
1749017922.238566,108.097832,90.000000,53.000000,0.000000,0.000000,0.000000,0.000000,144.000000,144.000000,144.000000,144.000000
1749017922.270112,107.940344,90.000000,54.000000,0.000000,0.000000,0.000000,0.000000,143.000000,143.000000,143.000000,143.000000
1749017922.310489,107.945620,90.000000,54.000000,0.000000,0.000000,0.000000,0.000000,143.000000,143.000000,143.000000,143.000000
1749017922.343928,108.115124,90.000000,53.000000,0.000000,0.000000,0.000000,0.000000,144.000000,144.000000,144.000000,144.000000
1749017922.375626,107.820905,90.000000,54.000000,0.000000,0.000000,0.000000,0.000000,142.000000,142.000000,142.000000,142.000000
1749017922.411700,107.914047,90.000000,54.000000,0.000000,0.000000,0.000000,0.000000,143.000000,143.000000,143.000000,143.000000
1749017922.442119,107.965346,90.000000,54.000000,0.000000,0.000000,0.000000,0.000000,143.000000,143.000000,143.000000,143.000000
1749017922.472396,107.952957,90.000000,54.000000,0.000000,0.000000,0.000000,0.000000,143.000000,143.000000,143.000000,143.000000
1749017922.525662,108.085810,90.000000,53.000000,0.000000,0.000000,0.000000,0.000000,144.000000,144.000000,144.000000,144.000000
1749017922.545438,107.860894,90.000000,54.000000,0.000000,0.000000,0.000000,0.000000,142.000000,142.000000,142.000000,142.000000
1749017922.568029,107.959952,90.000000,54.000000,0.000000,0.000000,0.000000,0.000000,143.000000,143.000000,143.000000,143.000000
1749017922.604523,107.709192,90.000000,54.000000,0.000000,0.000000,0.000000,0.000000,141.000000,141.000000,141.000000,141.000000
1749017922.638341,107.590946,90.000000,54.000000,0.000000,0.000000,0.000000,0.000000,140.000000,140.000000,140.000000,140.000000
1749017922.670514,107.331324,90.000000,55.000000,0.000000,0.000000,0.000000,0.000000,138.000000,138.000000,138.000000,138.000000
1749017922.709074,106.808407,90.000000,56.000000,0.000000,0.000000,0.000000,0.000000,134.000000,134.000000,134.000000,134.000000
1749017922.743803,106.615547,90.000000,56.000000,0.000000,0.000000,0.000000,0.000000,132.000000,132.000000,132.000000,132.000000
1749017922.775522,106.433202,90.000000,57.000000,0.000000,0.000000,0.000000,0.000000,131.000000,131.000000,131.000000,131.000000
1749017922.808540,105.645455,90.000000,58.000000,0.000000,0.000000,0.000000,0.000000,125.000000,125.000000,125.000000,125.000000
1749017922.837754,105.308150,90.000000,59.000000,0.000000,0.000000,0.000000,0.000000,122.000000,122.000000,122.000000,122.000000
1749017922.869823,104.526270,90.000000,60.000000,0.000000,0.000000,0.000000,0.000000,120.000000,120.000000,120.000000,120.000000
1749017922.905973,104.026790,90.000000,61.000000,0.000000,0.000000,0.000000,0.000000,120.000000,120.000000,120.000000,120.000000
1749017922.939783,103.935741,90.000000,62.000000,0.000000,0.000000,0.000000,0.000000,120.000000,120.000000,120.000000,120.000000
1749017922.974909,103.294865,90.000000,63.000000,0.000000,0.000000,0.000000,0.000000,120.000000,120.000000,120.000000,120.000000
1749017923.012098,102.986237,90.000000,64.000000,0.000000,0.000000,0.000000,0.000000,120.000000,120.000000,120.000000,120.000000
1749017923.043551,102.668193,90.000000,64.000000,0.000000,0.000000,0.000000,0.000000,120.000000,120.000000,120.000000,120.000000
1749017923.070610,101.573538,90.000000,66.000000,0.000000,0.000000,0.000000,0.000000,120.000000,120.000000,120.000000,120.000000
1749017923.104862,101.269483,90.000000,67.000000,0.000000,0.000000,0.000000,0.000000,120.000000,120.000000,120.000000,120.000000
1749017923.139623,101.220772,90.000000,67.000000,0.000000,0.000000,0.000000,0.000000,120.000000,120.000000,120.000000,120.000000
1749017923.170569,101.006936,90.000000,67.000000,0.000000,0.000000,0.000000,0.000000,120.000000,120.000000,120.000000,120.000000
1749017923.205772,100.222022,90.000000,69.000000,0.000000,0.000000,0.000000,0.000000,120.000000,120.000000,120.000000,120.000000
1749017923.237535,99.251323,90.000000,71.000000,0.000000,0.000000,0.000000,0.000000,120.000000,120.000000,120.000000,120.000000
1749017923.272952,98.478993,90.000000,73.000000,0.000000,0.000000,0.000000,0.000000,120.000000,120.000000,120.000000,120.000000
1749017923.309950,98.517099,90.000000,72.000000,0.000000,0.000000,0.000000,0.000000,120.000000,120.000000,120.000000,120.000000
1749017923.341782,97.649783,90.000000,74.000000,0.000000,0.000000,0.000000,0.000000,120.000000,120.000000,120.000000,120.000000
1749017923.372876,96.813238,90.000000,76.000000,0.000000,0.000000,0.000000,0.000000,120.000000,120.000000,120.000000,120.000000
1749017923.409840,96.774190,90.000000,76.000000,0.000000,0.000000,0.000000,0.000000,120.000000,120.000000,120.000000,120.000000
1749017923.440728,96.047834,90.000000,77.000000,0.000000,0.000000,0.000000,0.000000,120.000000,120.000000,120.000000,120.000000
1749017923.476780,95.865103,90.000000,78.000000,0.000000,0.000000,0.000000,0.000000,120.000000,120.000000,120.000000,120.000000
1749017923.508281,95.321892,90.000000,79.000000,0.000000,0.000000,0.000000,0.000000,120.000000,120.000000,120.000000,120.000000
1749017923.536658,94.866995,90.000000,80.000000,0.000000,0.000000,0.000000,0.000000,120.000000,120.000000,120.000000,120.000000
1749017923.568260,94.857934,90.000000,80.000000,0.000000,0.000000,0.000000,0.000000,120.000000,120.000000,120.000000,120.000000
1749017923.607851,94.539687,90.000000,80.000000,0.000000,0.000000,0.000000,0.000000,120.000000,120.000000,120.000000,120.000000
1749017923.640450,94.024121,90.000000,81.000000,0.000000,0.000000,0.000000,0.000000,120.000000,120.000000,120.000000,120.000000
1749017923.689121,93.588984,90.000000,82.000000,0.000000,0.000000,0.000000,0.000000,120.000000,120.000000,120.000000,120.000000
1749017923.707666,93.055374,90.000000,83.000000,0.000000,0.000000,0.000000,0.000000,120.000000,120.000000,120.000000,120.000000
1749017923.737442,92.740052,90.000000,84.000000,0.000000,0.000000,0.000000,0.000000,120.000000,120.000000,120.000000,120.000000
1749017923.768450,92.120547,90.000000,85.000000,0.000000,0.000000,0.000000,0.000000,0.000000,0.000000,0.000000,0.000000
1749017923.810454,91.771806,90.000000,86.000000,0.000000,0.000000,0.000000,0.000000,0.000000,0.000000,0.000000,0.000000
1749017923.842325,91.187047,90.000000,87.000000,0.000000,0.000000,0.000000,0.000000,0.000000,0.000000,0.000000,0.000000
1749017923.868567,91.495053,90.000000,87.000000,0.000000,0.000000,0.000000,0.000000,0.000000,0.000000,0.000000,0.000000
1749017923.904489,91.367146,90.000000,87.000000,0.000000,0.000000,0.000000,0.000000,0.000000,0.000000,0.000000,0.000000
1749017923.938325,91.571791,90.000000,86.000000,0.000000,0.000000,0.000000,0.000000,0.000000,0.000000,0.000000,0.000000
1749017923.972706,91.253446,90.000000,87.000000,0.000000,0.000000,0.000000,0.000000,0.000000,0.000000,0.000000,0.000000
1749017924.011283,91.113593,90.000000,87.000000,0.000000,0.000000,0.000000,0.000000,0.000000,0.000000,0.000000,0.000000
1749017924.042259,91.149316,90.000000,87.000000,0.000000,0.000000,0.000000,0.000000,0.000000,0.000000,0.000000,0.000000
1749017924.076573,90.660438,90.000000,88.000000,0.000000,0.000000,0.000000,0.000000,0.000000,0.000000,0.000000,0.000000
1749017924.111364,89.988412,90.000000,90.000000,0.000000,0.000000,0.000000,0.000000,0.000000,0.000000,0.000000,0.000000
1749017924.144062,90.564534,90.000000,88.000000,0.000000,0.000000,0.000000,0.000000,0.000000,0.000000,0.000000,0.000000
1749017924.177716,90.084687,90.000000,89.000000,0.000000,0.000000,0.000000,0.000000,0.000000,0.000000,0.000000,0.000000
1749017924.207019,89.922128,90.000000,90.000000,0.000000,0.000000,0.000000,0.000000,0.000000,0.000000,0.000000,0.000000
1749017924.238557,89.872149,90.000000,90.000000,0.000000,0.000000,0.000000,0.000000,0.000000,0.000000,0.000000,0.000000
1749017924.270597,89.894483,90.000000,90.000000,0.000000,0.000000,0.000000,0.000000,0.000000,0.000000,0.000000,0.000000
1749017924.307385,89.566183,90.000000,90.000000,0.000000,0.000000,0.000000,0.000000,0.000000,0.000000,0.000000,0.000000
1749017924.342179,90.096253,90.000000,89.000000,0.000000,0.000000,0.000000,0.000000,0.000000,0.000000,0.000000,0.000000
1749017924.373613,90.249526,90.000000,89.000000,0.000000,0.000000,0.000000,0.000000,0.000000,0.000000,0.000000,0.000000
1749017924.410401,89.978934,90.000000,90.000000,0.000000,0.000000,0.000000,0.000000,0.000000,0.000000,0.000000,0.000000
1749017924.441073,89.465384,90.000000,91.000000,0.000000,0.000000,0.000000,0.000000,0.000000,0.000000,0.000000,0.000000
1749017924.475292,89.460080,90.000000,91.000000,0.000000,0.000000,0.000000,0.000000,0.000000,0.000000,0.000000,0.000000
1749017924.509620,89.535085,90.000000,90.000000,0.000000,0.000000,0.000000,0.000000,0.000000,0.000000,0.000000,0.000000
1749017924.542841,89.573520,90.000000,90.000000,0.000000,0.000000,0.000000,0.000000,0.000000,0.000000,0.000000,0.000000
1749017924.574341,89.474618,90.000000,91.000000,0.000000,0.000000,0.000000,0.000000,0.000000,0.000000,0.000000,0.000000
1749017924.611227,89.213241,90.000000,91.000000,0.000000,0.000000,0.000000,0.000000,0.000000,0.000000,0.000000,0.000000
1749017924.641136,89.171775,90.000000,91.000000,0.000000,0.000000,0.000000,0.000000,0.000000,0.000000,0.000000,0.000000
1749017924.688781,89.317109,90.000000,91.000000,0.000000,0.000000,0.000000,0.000000,0.000000,0.000000,0.000000,0.000000
1749017924.707875,89.197713,90.000000,91.000000,0.000000,0.000000,0.000000,0.000000,0.000000,0.000000,0.000000,0.000000
1749017924.737313,88.316318,90.000000,93.000000,0.000000,0.000000,0.000000,0.000000,0.000000,0.000000,0.000000,0.000000
1749017924.768565,88.793486,90.000000,92.000000,0.000000,0.000000,0.000000,0.000000,0.000000,0.000000,0.000000,0.000000
1749017924.806265,89.090126,90.000000,91.000000,0.000000,0.000000,0.000000,0.000000,0.000000,0.000000,0.000000,0.000000
1749017924.843472,89.212767,90.000000,91.000000,0.000000,0.000000,0.000000,0.000000,0.000000,0.000000,0.000000,0.000000
1749017924.890058,88.821807,90.000000,92.000000,0.000000,0.000000,0.000000,0.000000,0.000000,0.000000,0.000000,0.000000
1749017924.909489,88.590205,90.000000,92.000000,0.000000,0.000000,0.000000,0.000000,0.000000,0.000000,0.000000,0.000000
1749017924.939240,88.641801,90.000000,92.000000,0.000000,0.000000,0.000000,0.000000,0.000000,0.000000,0.000000,0.000000
1749017924.972093,88.083956,90.000000,93.000000,0.000000,0.000000,0.000000,0.000000,0.000000,0.000000,0.000000,0.000000
1749017925.008302,88.294545,90.000000,93.000000,0.000000,0.000000,0.000000,0.000000,0.000000,0.000000,0.000000,0.000000
1749017925.038994,88.864336,90.000000,92.000000,0.000000,0.000000,0.000000,0.000000,0.000000,0.000000,0.000000,0.000000
1749017925.071534,88.593186,90.000000,92.000000,0.000000,0.000000,0.000000,0.000000,0.000000,0.000000,0.000000,0.000000
1749017925.104277,88.495149,90.000000,93.000000,0.000000,0.000000,0.000000,0.000000,0.000000,0.000000,0.000000,0.000000
1749017925.137030,87.916127,97.000000,90.000000,0.000000,0.000000,0.000000,0.000000,0.000000,0.000000,0.000000,0.000000
1749017925.169697,88.363636,97.000000,90.000000,0.000000,0.000000,0.000000,0.000000,0.000000,0.000000,0.000000,0.000000
1749017925.208898,88.040893,97.000000,90.000000,0.000000,0.000000,0.000000,0.000000,0.000000,0.000000,0.000000,0.000000
1749017925.240609,88.476988,97.000000,120.000000,0.000000,0.000000,0.000000,0.000000,0.000000,0.000000,0.000000,0.000000
1749017925.272588,88.100505,97.000000,90.000000,0.000000,0.000000,0.000000,0.000000,0.000000,0.000000,0.000000,0.000000
1749017925.307885,88.455728,97.000000,90.000000,0.000000,0.000000,0.000000,0.000000,0.000000,0.000000,0.000000,0.000000
1749017925.340708,88.428885,97.000000,90.000000,0.000000,0.000000,0.000000,0.000000,0.000000,0.000000,0.000000,0.000000
1749017925.373340,87.748793,97.000000,120.000000,0.000000,0.000000,0.000000,0.000000,0.000000,0.000000,0.000000,0.000000
1749017925.412663,87.773974,97.000000,108.000000,80.000000,80.000000,80.000000,80.000000,0.000000,0.000000,0.000000,0.000000
1749017925.437423,87.775110,97.000000,108.000000,80.000000,80.000000,80.000000,80.000000,0.000000,0.000000,0.000000,0.000000
1749017925.468227,87.713457,97.000000,108.000000,80.000000,80.000000,80.000000,80.000000,0.000000,0.000000,0.000000,0.000000
1749017925.505348,87.602773,97.000000,108.000000,80.000000,80.000000,80.000000,80.000000,0.000000,0.000000,0.000000,0.000000
1749017925.540581,87.528873,97.000000,108.000000,80.000000,80.000000,80.000000,80.000000,0.000000,0.000000,0.000000,0.000000
1749017925.573340,87.221688,97.000000,109.000000,80.000000,80.000000,80.000000,80.000000,0.000000,0.000000,0.000000,0.000000
1749017925.609147,87.198995,97.000000,109.000000,80.000000,80.000000,80.000000,80.000000,0.000000,0.000000,0.000000,0.000000
1749017925.654331,87.362314,97.000000,109.000000,80.000000,80.000000,80.000000,80.000000,0.000000,0.000000,0.000000,0.000000
1749017925.673637,87.370917,97.000000,109.000000,80.000000,80.000000,80.000000,80.000000,0.000000,0.000000,0.000000,0.000000
1749017925.705491,87.380123,97.000000,109.000000,80.000000,80.000000,80.000000,80.000000,0.000000,0.000000,0.000000,0.000000
1749017925.736606,87.099756,97.000000,109.000000,80.000000,80.000000,80.000000,80.000000,0.000000,0.000000,0.000000,0.000000
1749017925.769262,87.511524,97.000000,108.000000,80.000000,80.000000,80.000000,80.000000,0.000000,0.000000,0.000000,0.000000
1749017925.804666,87.376530,97.000000,109.000000,80.000000,80.000000,80.000000,80.000000,0.000000,0.000000,0.000000,0.000000
1749017925.837959,87.503104,97.000000,108.000000,80.000000,80.000000,80.000000,80.000000,0.000000,0.000000,0.000000,0.000000
1749017925.871750,88.264711,97.000000,107.000000,80.000000,80.000000,80.000000,80.000000,0.000000,0.000000,0.000000,0.000000
1749017925.913705,88.318906,97.000000,107.000000,80.000000,80.000000,80.000000,80.000000,0.000000,0.000000,0.000000,0.000000
1749017925.946373,88.423697,97.000000,107.000000,80.000000,80.000000,80.000000,80.000000,0.000000,0.000000,0.000000,0.000000
1749017925.971667,88.387909,97.000000,107.000000,80.000000,80.000000,80.000000,80.000000,0.000000,0.000000,0.000000,0.000000
1749017926.008784,88.870940,97.000000,106.000000,80.000000,80.000000,80.000000,80.000000,0.000000,0.000000,0.000000,0.000000
1749017926.040504,89.616118,97.000000,104.000000,80.000000,80.000000,80.000000,80.000000,0.000000,0.000000,0.000000,0.000000
1749017926.072053,89.406654,97.000000,105.000000,80.000000,80.000000,80.000000,80.000000,0.000000,0.000000,0.000000,0.000000
1749017926.110144,89.255550,97.000000,105.000000,80.000000,80.000000,80.000000,80.000000,0.000000,0.000000,0.000000,0.000000
1749017926.138055,89.905513,97.000000,104.000000,80.000000,80.000000,80.000000,80.000000,0.000000,0.000000,0.000000,0.000000
1749017926.168212,90.949509,97.000000,102.000000,80.000000,80.000000,80.000000,80.000000,0.000000,0.000000,0.000000,0.000000
1749017926.206739,90.928350,97.000000,102.000000,80.000000,80.000000,80.000000,80.000000,0.000000,0.000000,0.000000,0.000000
1749017926.238494,90.947826,97.000000,102.000000,80.000000,80.000000,80.000000,80.000000,0.000000,0.000000,0.000000,0.000000
1749017926.272977,91.233551,97.000000,101.000000,80.000000,80.000000,80.000000,80.000000,0.000000,0.000000,0.000000,0.000000
1749017926.310108,92.102542,97.000000,99.000000,80.000000,80.000000,80.000000,80.000000,0.000000,0.000000,0.000000,0.000000
1749017926.341336,92.979966,97.000000,98.000000,80.000000,80.000000,80.000000,80.000000,0.000000,0.000000,0.000000,0.000000
1749017926.373988,93.246994,97.000000,97.000000,80.000000,80.000000,80.000000,80.000000,0.000000,0.000000,0.000000,0.000000
1749017926.410085,93.314201,97.000000,97.000000,80.000000,80.000000,80.000000,80.000000,0.000000,0.000000,0.000000,0.000000
1749017926.440703,93.545281,97.000000,96.000000,80.000000,80.000000,80.000000,80.000000,0.000000,0.000000,0.000000,0.000000
1749017926.474139,94.307391,97.000000,95.000000,80.000000,80.000000,80.000000,80.000000,0.000000,0.000000,0.000000,0.000000
1749017926.510130,94.715165,97.000000,94.000000,0.000000,0.000000,0.000000,0.000000,0.000000,0.000000,0.000000,0.000000
1749017926.540008,94.715576,97.000000,94.000000,0.000000,0.000000,0.000000,0.000000,0.000000,0.000000,0.000000,0.000000
1749017926.572653,94.969201,97.000000,94.000000,0.000000,0.000000,0.000000,0.000000,0.000000,0.000000,0.000000,0.000000
1749017926.610344,96.111763,97.000000,91.000000,0.000000,0.000000,0.000000,0.000000,0.000000,0.000000,0.000000,0.000000
1749017926.641108,97.025676,97.000000,89.000000,0.000000,0.000000,0.000000,0.000000,0.000000,0.000000,0.000000,0.000000
1749017926.672780,97.061346,97.000000,89.000000,0.000000,0.000000,0.000000,0.000000,0.000000,0.000000,0.000000,0.000000
1749017926.709382,97.212048,97.000000,89.000000,0.000000,0.000000,0.000000,0.000000,0.000000,0.000000,0.000000,0.000000
1749017926.741110,97.648761,97.000000,88.000000,0.000000,0.000000,0.000000,0.000000,0.000000,0.000000,0.000000,0.000000
1749017926.773292,97.986113,97.000000,88.000000,0.000000,0.000000,0.000000,0.000000,0.000000,0.000000,0.000000,0.000000
1749017926.809710,98.233243,97.000000,87.000000,0.000000,0.000000,0.000000,0.000000,0.000000,0.000000,0.000000,0.000000
1749017926.841086,98.750612,97.000000,86.000000,0.000000,0.000000,0.000000,0.000000,0.000000,0.000000,0.000000,0.000000
1749017926.872992,99.141703,97.000000,85.000000,0.000000,0.000000,0.000000,0.000000,0.000000,0.000000,0.000000,0.000000
1749017926.909431,99.414652,97.000000,85.000000,0.000000,0.000000,0.000000,0.000000,0.000000,0.000000,0.000000,0.000000
1749017926.940868,99.258249,97.000000,85.000000,0.000000,0.000000,0.000000,0.000000,0.000000,0.000000,0.000000,0.000000
1749017926.973254,99.123046,97.000000,85.000000,0.000000,0.000000,0.000000,0.000000,0.000000,0.000000,0.000000,0.000000
1749017927.007414,99.586213,97.000000,84.000000,0.000000,0.000000,0.000000,0.000000,120.000000,120.000000,120.000000,120.000000
1749017927.035620,99.452848,97.000000,85.000000,0.000000,0.000000,0.000000,0.000000,0.000000,0.000000,0.000000,0.000000
1749017927.067973,99.762863,97.000000,84.000000,0.000000,0.000000,0.000000,0.000000,120.000000,120.000000,120.000000,120.000000
1749017927.105694,99.816658,97.000000,84.000000,0.000000,0.000000,0.000000,0.000000,120.000000,120.000000,120.000000,120.000000
1749017927.139622,100.511356,97.000000,82.000000,0.000000,0.000000,0.000000,0.000000,120.000000,120.000000,120.000000,120.000000
1749017927.173075,100.667600,97.000000,82.000000,0.000000,0.000000,0.000000,0.000000,120.000000,120.000000,120.000000,120.000000
1749017927.211753,100.744696,97.000000,82.000000,0.000000,0.000000,0.000000,0.000000,120.000000,120.000000,120.000000,120.000000
1749017927.243903,100.026400,97.000000,83.000000,0.000000,0.000000,0.000000,0.000000,120.000000,120.000000,120.000000,120.000000
1749017927.274815,99.996520,97.000000,84.000000,0.000000,0.000000,0.000000,0.000000,120.000000,120.000000,120.000000,120.000000
1749017927.312937,100.691500,97.000000,82.000000,0.000000,0.000000,0.000000,0.000000,120.000000,120.000000,120.000000,120.000000
1749017927.344726,100.890016,97.000000,82.000000,0.000000,0.000000,0.000000,0.000000,120.000000,120.000000,120.000000,120.000000
1749017927.370105,101.077716,97.000000,81.000000,0.000000,0.000000,0.000000,0.000000,120.000000,120.000000,120.000000,120.000000
1749017927.405111,100.998666,97.000000,82.000000,0.000000,0.000000,0.000000,0.000000,120.000000,120.000000,120.000000,120.000000
1749017927.436604,100.709638,97.000000,82.000000,0.000000,0.000000,0.000000,0.000000,120.000000,120.000000,120.000000,120.000000
1749017927.471639,101.572765,97.000000,80.000000,0.000000,0.000000,0.000000,0.000000,120.000000,120.000000,120.000000,120.000000
1749017927.512772,101.789262,97.000000,80.000000,0.000000,0.000000,0.000000,0.000000,120.000000,120.000000,120.000000,120.000000
1749017927.546777,101.197957,97.000000,81.000000,0.000000,0.000000,0.000000,0.000000,120.000000,120.000000,120.000000,120.000000
1749017927.579336,100.619840,97.000000,82.000000,0.000000,0.000000,0.000000,0.000000,120.000000,120.000000,120.000000,120.000000
1749017927.613593,101.173498,97.000000,81.000000,0.000000,0.000000,0.000000,0.000000,120.000000,120.000000,120.000000,120.000000
1749017927.642984,101.188998,97.000000,81.000000,0.000000,0.000000,0.000000,0.000000,120.000000,120.000000,120.000000,120.000000
1749017927.675643,101.216202,97.000000,81.000000,0.000000,0.000000,0.000000,0.000000,120.000000,120.000000,120.000000,120.000000
1749017927.711644,100.996141,97.000000,82.000000,0.000000,0.000000,0.000000,0.000000,120.000000,120.000000,120.000000,120.000000
1749017927.738560,101.135123,97.000000,81.000000,0.000000,0.000000,0.000000,0.000000,120.000000,120.000000,120.000000,120.000000
1749017927.770579,101.170549,97.000000,81.000000,0.000000,0.000000,0.000000,0.000000,120.000000,120.000000,120.000000,120.000000
1749017927.808312,100.906861,97.000000,82.000000,0.000000,0.000000,0.000000,0.000000,120.000000,120.000000,120.000000,120.000000
1749017927.840058,100.891982,97.000000,82.000000,0.000000,0.000000,0.000000,0.000000,120.000000,120.000000,120.000000,120.000000
1749017927.870726,101.198199,97.000000,81.000000,0.000000,0.000000,0.000000,0.000000,120.000000,120.000000,120.000000,120.000000
1749017927.910861,101.197788,97.000000,81.000000,0.000000,0.000000,0.000000,0.000000,120.000000,120.000000,120.000000,120.000000
1749017927.944145,101.635313,97.000000,80.000000,0.000000,0.000000,0.000000,0.000000,120.000000,120.000000,120.000000,120.000000
1749017927.975478,101.541988,97.000000,80.000000,0.000000,0.000000,0.000000,0.000000,120.000000,120.000000,120.000000,120.000000
1749017928.009919,100.801384,97.000000,82.000000,0.000000,0.000000,0.000000,0.000000,120.000000,120.000000,120.000000,120.000000
1749017928.043002,100.921361,97.000000,82.000000,0.000000,0.000000,0.000000,0.000000,120.000000,120.000000,120.000000,120.000000
1749017928.074623,101.478133,97.000000,81.000000,0.000000,0.000000,0.000000,0.000000,120.000000,120.000000,120.000000,120.000000
1749017928.109176,101.155836,97.000000,81.000000,0.000000,0.000000,0.000000,0.000000,120.000000,120.000000,120.000000,120.000000
1749017928.140347,100.955249,97.000000,82.000000,0.000000,0.000000,0.000000,0.000000,120.000000,120.000000,120.000000,120.000000
1749017928.172850,101.145472,97.000000,81.000000,0.000000,0.000000,0.000000,0.000000,120.000000,120.000000,120.000000,120.000000
1749017928.209161,100.748257,97.000000,82.000000,0.000000,0.000000,0.000000,0.000000,120.000000,120.000000,120.000000,120.000000
1749017928.240766,100.472189,97.000000,83.000000,0.000000,0.000000,0.000000,0.000000,120.000000,120.000000,120.000000,120.000000
1749017928.272090,99.711624,97.000000,84.000000,0.000000,0.000000,0.000000,0.000000,120.000000,120.000000,120.000000,120.000000
1749017928.311949,99.487955,97.000000,85.000000,0.000000,0.000000,0.000000,0.000000,0.000000,0.000000,0.000000,0.000000
1749017928.346906,99.385820,97.000000,85.000000,0.000000,0.000000,0.000000,0.000000,0.000000,0.000000,0.000000,0.000000
1749017928.376987,99.636273,97.000000,84.000000,0.000000,0.000000,0.000000,0.000000,120.000000,120.000000,120.000000,120.000000
1749017928.409833,99.483427,97.000000,85.000000,0.000000,0.000000,0.000000,0.000000,0.000000,0.000000,0.000000,0.000000
1749017928.438280,98.963219,97.000000,86.000000,0.000000,0.000000,0.000000,0.000000,0.000000,0.000000,0.000000,0.000000
1749017928.470331,98.541753,97.000000,86.000000,0.000000,0.000000,0.000000,0.000000,0.000000,0.000000,0.000000,0.000000
1749017928.505966,99.220933,97.000000,85.000000,0.000000,0.000000,0.000000,0.000000,0.000000,0.000000,0.000000,0.000000
1749017928.539713,99.436213,97.000000,85.000000,0.000000,0.000000,0.000000,0.000000,0.000000,0.000000,0.000000,0.000000
1749017928.573372,98.371759,97.000000,87.000000,0.000000,0.000000,0.000000,0.000000,0.000000,0.000000,0.000000,0.000000
1749017928.609964,98.128935,97.000000,87.000000,0.000000,0.000000,0.000000,0.000000,0.000000,0.000000,0.000000,0.000000
1749017928.640976,98.499760,97.000000,87.000000,0.000000,0.000000,0.000000,0.000000,0.000000,0.000000,0.000000,0.000000
1749017928.673450,98.587301,97.000000,86.000000,0.000000,0.000000,0.000000,0.000000,0.000000,0.000000,0.000000,0.000000
1749017928.710142,98.550897,97.000000,86.000000,0.000000,0.000000,0.000000,0.000000,0.000000,0.000000,0.000000,0.000000
1749017928.742987,97.551678,97.000000,88.000000,0.000000,0.000000,0.000000,0.000000,0.000000,0.000000,0.000000,0.000000
1749017928.773015,97.110467,97.000000,89.000000,0.000000,0.000000,0.000000,0.000000,0.000000,0.000000,0.000000,0.000000
1749017928.810117,97.840812,97.000000,88.000000,0.000000,0.000000,0.000000,0.000000,0.000000,0.000000,0.000000,0.000000
1749017928.841296,98.153895,97.000000,87.000000,0.000000,0.000000,0.000000,0.000000,0.000000,0.000000,0.000000,0.000000
1749017928.874594,97.075585,97.000000,89.000000,0.000000,0.000000,0.000000,0.000000,0.000000,0.000000,0.000000,0.000000
1749017928.910409,97.250625,97.000000,89.000000,0.000000,0.000000,0.000000,0.000000,0.000000,0.000000,0.000000,0.000000
1749017928.941973,97.612727,97.000000,88.000000,0.000000,0.000000,0.000000,0.000000,0.000000,0.000000,0.000000,0.000000
1749017928.973712,98.094380,97.000000,87.000000,0.000000,0.000000,0.000000,0.000000,0.000000,0.000000,0.000000,0.000000
1749017929.009862,98.154527,97.000000,87.000000,0.000000,0.000000,0.000000,0.000000,0.000000,0.000000,0.000000,0.000000
1749017929.040977,97.838164,97.000000,88.000000,0.000000,0.000000,0.000000,0.000000,0.000000,0.000000,0.000000,0.000000
1749017929.073412,97.703194,97.000000,88.000000,0.000000,0.000000,0.000000,0.000000,0.000000,0.000000,0.000000,0.000000
1749017929.108800,97.349426,97.000000,89.000000,0.000000,0.000000,0.000000,0.000000,0.000000,0.000000,0.000000,0.000000
1749017929.140838,97.669047,97.000000,88.000000,0.000000,0.000000,0.000000,0.000000,0.000000,0.000000,0.000000,0.000000
1749017929.173655,97.414545,98.000000,90.000000,0.000000,0.000000,0.000000,0.000000,0.000000,0.000000,0.000000,0.000000
1749017929.211053,96.983249,98.000000,90.000000,0.000000,0.000000,0.000000,0.000000,0.000000,0.000000,0.000000,0.000000
1749017929.241620,97.224709,98.000000,90.000000,0.000000,0.000000,0.000000,0.000000,0.000000,0.000000,0.000000,0.000000
1749017929.274920,97.644367,98.000000,120.000000,0.000000,0.000000,0.000000,0.000000,0.000000,0.000000,0.000000,0.000000
1749017929.305415,97.219689,98.000000,90.000000,0.000000,0.000000,0.000000,0.000000,0.000000,0.000000,0.000000,0.000000
1749017929.343600,96.668226,98.000000,90.000000,0.000000,0.000000,0.000000,0.000000,0.000000,0.000000,0.000000,0.000000
1749017929.368202,97.490106,98.000000,90.000000,0.000000,0.000000,0.000000,0.000000,0.000000,0.000000,0.000000,0.000000
1749017929.405435,97.435416,98.000000,120.000000,0.000000,0.000000,0.000000,0.000000,0.000000,0.000000,0.000000,0.000000
1749017929.437407,97.354459,98.000000,91.000000,0.000000,0.000000,0.000000,0.000000,0.000000,0.000000,0.000000,0.000000
1749017929.472982,97.079314,98.000000,91.000000,0.000000,0.000000,0.000000,0.000000,0.000000,0.000000,0.000000,0.000000
1749017929.511410,97.406088,98.000000,91.000000,0.000000,0.000000,0.000000,0.000000,0.000000,0.000000,0.000000,0.000000
1749017929.544001,97.142246,98.000000,91.000000,0.000000,0.000000,0.000000,0.000000,0.000000,0.000000,0.000000,0.000000
1749017929.574764,97.161686,98.000000,91.000000,0.000000,0.000000,0.000000,0.000000,0.000000,0.000000,0.000000,0.000000
1749017929.607965,97.383954,98.000000,91.000000,0.000000,0.000000,0.000000,0.000000,0.000000,0.000000,0.000000,0.000000
1749017929.641832,97.197804,98.000000,91.000000,0.000000,0.000000,0.000000,0.000000,0.000000,0.000000,0.000000,0.000000
1749017929.667912,96.928068,98.000000,92.000000,0.000000,0.000000,0.000000,0.000000,0.000000,0.000000,0.000000,0.000000
1749017929.704899,96.995020,98.000000,92.000000,0.000000,0.000000,0.000000,0.000000,0.000000,0.000000,0.000000,0.000000
1749017929.739594,96.941629,98.000000,92.000000,0.000000,0.000000,0.000000,0.000000,0.000000,0.000000,0.000000,0.000000
1749017929.789095,97.148330,98.000000,91.000000,0.000000,0.000000,0.000000,0.000000,0.000000,0.000000,0.000000,0.000000
1749017929.812928,97.471411,98.000000,91.000000,0.000000,0.000000,0.000000,0.000000,0.000000,0.000000,0.000000,0.000000
1749017929.845179,97.847120,98.000000,90.000000,0.000000,0.000000,0.000000,0.000000,0.000000,0.000000,0.000000,0.000000
1749017929.876528,97.274841,98.000000,91.000000,0.000000,0.000000,0.000000,0.000000,0.000000,0.000000,0.000000,0.000000
1749017929.912241,97.546234,98.000000,90.000000,0.000000,0.000000,0.000000,0.000000,0.000000,0.000000,0.000000,0.000000
1749017929.945226,97.650822,98.000000,90.000000,0.000000,0.000000,0.000000,0.000000,0.000000,0.000000,0.000000,0.000000
1749017929.980111,97.649770,98.000000,90.000000,0.000000,0.000000,0.000000,0.000000,0.000000,0.000000,0.000000,0.000000
1749017930.014271,97.178252,98.000000,91.000000,0.000000,0.000000,0.000000,0.000000,0.000000,0.000000,0.000000,0.000000
1749017930.045303,97.488601,98.000000,91.000000,0.000000,0.000000,0.000000,0.000000,0.000000,0.000000,0.000000,0.000000
1749017930.076685,97.655220,98.000000,90.000000,0.000000,0.000000,0.000000,0.000000,0.000000,0.000000,0.000000,0.000000
1749017930.112952,97.956578,98.000000,90.000000,0.000000,0.000000,0.000000,0.000000,0.000000,0.000000,0.000000,0.000000
1749017930.145198,97.693345,98.000000,90.000000,0.000000,0.000000,0.000000,0.000000,0.000000,0.000000,0.000000,0.000000
1749017930.176932,97.896724,98.000000,90.000000,0.000000,0.000000,0.000000,0.000000,0.000000,0.000000,0.000000,0.000000
1749017930.213801,98.068831,98.000000,89.000000,0.000000,0.000000,0.000000,0.000000,0.000000,0.000000,0.000000,0.000000
1749017930.245166,98.048237,98.000000,89.000000,0.000000,0.000000,0.000000,0.000000,0.000000,0.000000,0.000000,0.000000
1749017930.277585,97.877967,98.000000,90.000000,0.000000,0.000000,0.000000,0.000000,0.000000,0.000000,0.000000,0.000000
1749017930.313363,98.153058,98.000000,89.000000,0.000000,0.000000,0.000000,0.000000,0.000000,0.000000,0.000000,0.000000
1749017930.343983,97.834411,98.000000,90.000000,0.000000,0.000000,0.000000,0.000000,0.000000,0.000000,0.000000,0.000000
1749017930.370605,98.120182,98.000000,89.000000,0.000000,0.000000,0.000000,0.000000,0.000000,0.000000,0.000000,0.000000
1749017930.404839,97.984853,98.000000,90.000000,0.000000,0.000000,0.000000,0.000000,0.000000,0.000000,0.000000,0.000000
1749017930.435949,98.412661,98.000000,89.000000,0.000000,0.000000,0.000000,0.000000,0.000000,0.000000,0.000000,0.000000
1749017930.469951,98.077288,98.000000,89.000000,0.000000,0.000000,0.000000,0.000000,0.000000,0.000000,0.000000,0.000000
1749017930.509708,98.364043,98.000000,89.000000,0.000000,0.000000,0.000000,0.000000,0.000000,0.000000,0.000000,0.000000
1749017930.541430,98.713910,115.000000,90.000000,0.000000,0.000000,0.000000,0.000000,0.000000,0.000000,0.000000,0.000000
1749017930.573886,99.118031,115.000000,90.000000,0.000000,0.000000,0.000000,0.000000,0.000000,0.000000,0.000000,0.000000
1749017930.607453,98.825970,115.000000,90.000000,0.000000,0.000000,0.000000,0.000000,0.000000,0.000000,0.000000,0.000000
1749017930.639255,99.077943,115.000000,120.000000,0.000000,0.000000,0.000000,0.000000,0.000000,0.000000,0.000000,0.000000
1749017930.672124,99.170918,115.000000,90.000000,0.000000,0.000000,0.000000,0.000000,0.000000,0.000000,0.000000,0.000000
1749017930.708897,99.113112,115.000000,90.000000,0.000000,0.000000,0.000000,0.000000,0.000000,0.000000,0.000000,0.000000
1749017930.737563,99.302772,115.000000,90.000000,0.000000,0.000000,0.000000,0.000000,0.000000,0.000000,0.000000,0.000000
1749017930.767983,99.739101,115.000000,120.000000,0.000000,0.000000,0.000000,0.000000,0.000000,0.000000,0.000000,0.000000
1749017930.828758,100.116468,115.000000,119.000000,80.000000,80.000000,80.000000,80.000000,0.000000,0.000000,0.000000,0.000000
1749017930.847532,100.730413,115.000000,118.000000,80.000000,80.000000,80.000000,80.000000,0.000000,0.000000,0.000000,0.000000
1749017930.871314,100.494420,115.000000,119.000000,80.000000,80.000000,80.000000,80.000000,0.000000,0.000000,0.000000,0.000000
1749017930.905316,100.873335,115.000000,118.000000,80.000000,80.000000,80.000000,80.000000,0.000000,0.000000,0.000000,0.000000
1749017930.938758,100.690505,115.000000,118.000000,80.000000,80.000000,80.000000,80.000000,0.000000,0.000000,0.000000,0.000000
1749017930.971162,100.843997,115.000000,118.000000,80.000000,80.000000,80.000000,80.000000,0.000000,0.000000,0.000000,0.000000
1749017931.007571,101.040736,115.000000,117.000000,80.000000,80.000000,80.000000,80.000000,0.000000,0.000000,0.000000,0.000000
1749017931.042717,101.108429,115.000000,117.000000,80.000000,80.000000,80.000000,80.000000,0.000000,0.000000,0.000000,0.000000
1749017931.074386,101.255448,115.000000,117.000000,80.000000,80.000000,80.000000,80.000000,0.000000,0.000000,0.000000,0.000000
1749017931.110312,101.513363,115.000000,116.000000,80.000000,80.000000,80.000000,80.000000,0.000000,0.000000,0.000000,0.000000
1749017931.142271,100.910546,115.000000,118.000000,80.000000,80.000000,80.000000,80.000000,0.000000,0.000000,0.000000,0.000000
1749017931.173357,100.677981,115.000000,118.000000,80.000000,80.000000,80.000000,80.000000,0.000000,0.000000,0.000000,0.000000
1749017931.210744,101.488119,115.000000,117.000000,80.000000,80.000000,80.000000,80.000000,0.000000,0.000000,0.000000,0.000000
1749017931.241614,102.180460,115.000000,115.000000,80.000000,80.000000,80.000000,80.000000,0.000000,0.000000,0.000000,0.000000
1749017931.273989,102.245171,115.000000,115.000000,80.000000,80.000000,80.000000,80.000000,0.000000,0.000000,0.000000,0.000000
1749017931.309840,101.737194,115.000000,116.000000,80.000000,80.000000,80.000000,80.000000,0.000000,0.000000,0.000000,0.000000
1749017931.342223,101.419728,115.000000,117.000000,80.000000,80.000000,80.000000,80.000000,0.000000,0.000000,0.000000,0.000000
1749017931.372919,102.376352,115.000000,115.000000,80.000000,80.000000,80.000000,80.000000,0.000000,0.000000,0.000000,0.000000
1749017931.409341,102.178590,115.000000,115.000000,80.000000,80.000000,80.000000,80.000000,0.000000,0.000000,0.000000,0.000000
1749017931.441979,101.813125,115.000000,116.000000,80.000000,80.000000,80.000000,80.000000,0.000000,0.000000,0.000000,0.000000
1749017931.474165,101.439664,115.000000,117.000000,80.000000,80.000000,80.000000,80.000000,0.000000,0.000000,0.000000,0.000000
1749017931.514040,101.298558,115.000000,117.000000,80.000000,80.000000,80.000000,80.000000,0.000000,0.000000,0.000000,0.000000
1749017931.547106,101.282716,115.000000,117.000000,80.000000,80.000000,80.000000,80.000000,0.000000,0.000000,0.000000,0.000000
1749017931.573683,100.771595,115.000000,118.000000,80.000000,80.000000,80.000000,80.000000,0.000000,0.000000,0.000000,0.000000
1749017931.606197,99.966524,115.000000,120.000000,80.000000,80.000000,80.000000,80.000000,0.000000,0.000000,0.000000,0.000000
1749017931.636725,99.620267,115.000000,120.000000,80.000000,80.000000,80.000000,80.000000,0.000000,0.000000,0.000000,0.000000
1749017931.668608,98.971812,115.000000,122.000000,80.000000,80.000000,80.000000,80.000000,0.000000,0.000000,0.000000,0.000000
1749017931.727732,98.484702,115.000000,123.000000,80.000000,80.000000,80.000000,80.000000,0.000000,0.000000,0.000000,0.000000
1749017931.746440,98.105874,115.000000,123.000000,80.000000,80.000000,80.000000,80.000000,0.000000,0.000000,0.000000,0.000000
1749017931.769769,97.817494,115.000000,124.000000,80.000000,80.000000,80.000000,80.000000,0.000000,0.000000,0.000000,0.000000
1749017931.805123,97.774582,115.000000,124.000000,80.000000,80.000000,80.000000,80.000000,0.000000,0.000000,0.000000,0.000000
1749017931.837713,98.149145,115.000000,123.000000,80.000000,80.000000,80.000000,80.000000,0.000000,0.000000,0.000000,0.000000
1749017931.871488,98.136354,115.000000,123.000000,80.000000,80.000000,80.000000,80.000000,0.000000,0.000000,0.000000,0.000000
1749017931.913900,97.661521,115.000000,124.000000,80.000000,80.000000,80.000000,80.000000,0.000000,0.000000,0.000000,0.000000
1749017931.947095,97.391370,115.000000,125.000000,80.000000,80.000000,80.000000,80.000000,0.000000,0.000000,0.000000,0.000000
1749017931.969492,97.033436,115.000000,125.000000,80.000000,80.000000,80.000000,80.000000,0.000000,0.000000,0.000000,0.000000
1749017932.005961,96.664851,115.000000,126.000000,80.000000,80.000000,80.000000,80.000000,0.000000,0.000000,0.000000,0.000000
1749017932.036399,96.292119,115.000000,127.000000,80.000000,80.000000,80.000000,80.000000,0.000000,0.000000,0.000000,0.000000
1749017932.070229,95.606516,115.000000,128.000000,80.000000,80.000000,80.000000,80.000000,0.000000,0.000000,0.000000,0.000000
1749017932.105970,95.639622,115.000000,128.000000,80.000000,80.000000,80.000000,80.000000,0.000000,0.000000,0.000000,0.000000
1749017932.138346,95.420977,115.000000,129.000000,80.000000,80.000000,80.000000,80.000000,0.000000,0.000000,0.000000,0.000000
1749017932.170669,94.778330,115.000000,130.000000,80.000000,80.000000,80.000000,80.000000,0.000000,0.000000,0.000000,0.000000
1749017932.209984,94.769913,115.000000,130.000000,80.000000,80.000000,80.000000,80.000000,0.000000,0.000000,0.000000,0.000000
1749017932.244221,94.465988,115.000000,131.000000,80.000000,80.000000,80.000000,80.000000,0.000000,0.000000,0.000000,0.000000
1749017932.275850,94.245692,115.000000,131.000000,80.000000,80.000000,80.000000,80.000000,0.000000,0.000000,0.000000,0.000000
1749017932.311302,94.532765,115.000000,130.000000,80.000000,80.000000,80.000000,80.000000,0.000000,0.000000,0.000000,0.000000
1749017932.335974,94.809936,115.000000,130.000000,80.000000,80.000000,80.000000,80.000000,0.000000,0.000000,0.000000,0.000000
1749017932.369764,94.460740,115.000000,131.000000,80.000000,80.000000,80.000000,80.000000,0.000000,0.000000,0.000000,0.000000
1749017932.405819,94.108718,115.000000,131.000000,80.000000,80.000000,80.000000,80.000000,0.000000,0.000000,0.000000,0.000000
1749017932.440392,93.646685,115.000000,132.000000,80.000000,80.000000,80.000000,80.000000,0.000000,0.000000,0.000000,0.000000
1749017932.472947,93.732275,115.000000,132.000000,80.000000,80.000000,80.000000,80.000000,0.000000,0.000000,0.000000,0.000000
1749017932.509015,93.074474,115.000000,133.000000,80.000000,80.000000,80.000000,80.000000,0.000000,0.000000,0.000000,0.000000
1749017932.540111,92.599482,115.000000,134.000000,80.000000,80.000000,80.000000,80.000000,0.000000,0.000000,0.000000,0.000000
1749017932.576075,93.099976,115.000000,133.000000,80.000000,80.000000,80.000000,80.000000,0.000000,0.000000,0.000000,0.000000
1749017932.606974,93.009968,115.000000,133.000000,80.000000,80.000000,80.000000,80.000000,0.000000,0.000000,0.000000,0.000000
1749017932.639629,92.871277,115.000000,134.000000,80.000000,80.000000,80.000000,80.000000,0.000000,0.000000,0.000000,0.000000
1749017932.670691,92.916702,115.000000,134.000000,80.000000,80.000000,80.000000,80.000000,0.000000,0.000000,0.000000,0.000000
1749017932.705020,92.805403,115.000000,134.000000,80.000000,80.000000,80.000000,80.000000,0.000000,0.000000,0.000000,0.000000
1749017932.736134,92.918778,115.000000,134.000000,80.000000,80.000000,80.000000,80.000000,0.000000,0.000000,0.000000,0.000000
1749017932.771922,92.688827,115.000000,134.000000,80.000000,80.000000,80.000000,80.000000,0.000000,0.000000,0.000000,0.000000
1749017932.811828,92.292246,115.000000,135.000000,80.000000,80.000000,80.000000,80.000000,0.000000,0.000000,0.000000,0.000000
1749017932.842845,92.268248,115.000000,135.000000,80.000000,80.000000,80.000000,80.000000,0.000000,0.000000,0.000000,0.000000
1749017932.875770,91.777309,115.000000,136.000000,80.000000,80.000000,80.000000,80.000000,0.000000,0.000000,0.000000,0.000000
1749017932.911588,91.631843,115.000000,136.000000,80.000000,80.000000,80.000000,80.000000,0.000000,0.000000,0.000000,0.000000
1749017932.943377,91.558087,115.000000,136.000000,80.000000,80.000000,80.000000,80.000000,0.000000,0.000000,0.000000,0.000000
1749017932.976046,91.234285,115.000000,137.000000,80.000000,80.000000,80.000000,80.000000,0.000000,0.000000,0.000000,0.000000
1749017933.013023,90.267020,115.000000,139.000000,80.000000,80.000000,80.000000,80.000000,0.000000,0.000000,0.000000,0.000000
1749017933.044412,88.915787,115.000000,142.000000,80.000000,80.000000,80.000000,80.000000,0.000000,0.000000,0.000000,0.000000
1749017933.075991,88.600543,115.000000,142.000000,80.000000,80.000000,80.000000,80.000000,0.000000,0.000000,0.000000,0.000000
1749017933.111131,88.983559,115.000000,142.000000,80.000000,80.000000,80.000000,80.000000,0.000000,0.000000,0.000000,0.000000
1749017933.144006,88.885939,115.000000,142.000000,80.000000,80.000000,80.000000,80.000000,0.000000,0.000000,0.000000,0.000000
1749017933.174507,88.956079,115.000000,142.000000,80.000000,80.000000,80.000000,80.000000,0.000000,0.000000,0.000000,0.000000
1749017933.212862,88.941265,115.000000,142.000000,80.000000,80.000000,80.000000,80.000000,0.000000,0.000000,0.000000,0.000000
1749017933.242442,88.788445,115.000000,142.000000,80.000000,80.000000,80.000000,80.000000,0.000000,0.000000,0.000000,0.000000
1749017933.276122,88.310599,115.000000,143.000000,80.000000,80.000000,80.000000,80.000000,0.000000,0.000000,0.000000,0.000000
1749017933.312521,87.928573,115.000000,144.000000,81.000000,81.000000,81.000000,81.000000,0.000000,0.000000,0.000000,0.000000
1749017933.356339,87.666528,115.000000,144.000000,82.000000,82.000000,82.000000,82.000000,0.000000,0.000000,0.000000,0.000000
1749017933.378641,87.790484,115.000000,144.000000,81.000000,81.000000,81.000000,81.000000,0.000000,0.000000,0.000000,0.000000
1749017933.410515,88.146333,115.000000,143.000000,80.000000,80.000000,80.000000,80.000000,0.000000,0.000000,0.000000,0.000000
1749017933.440828,88.483400,115.000000,143.000000,80.000000,80.000000,80.000000,80.000000,0.000000,0.000000,0.000000,0.000000
1749017933.474639,88.767622,115.000000,142.000000,80.000000,80.000000,80.000000,80.000000,0.000000,0.000000,0.000000,0.000000
1749017933.509603,88.858042,115.000000,142.000000,80.000000,80.000000,80.000000,80.000000,0.000000,0.000000,0.000000,0.000000
1749017933.542268,89.343825,115.000000,141.000000,80.000000,80.000000,80.000000,80.000000,0.000000,0.000000,0.000000,0.000000
1749017933.572980,90.541154,115.000000,138.000000,80.000000,80.000000,80.000000,80.000000,0.000000,0.000000,0.000000,0.000000
1749017933.609125,91.357071,115.000000,137.000000,80.000000,80.000000,80.000000,80.000000,0.000000,0.000000,0.000000,0.000000
1749017933.641648,91.326233,115.000000,137.000000,80.000000,80.000000,80.000000,80.000000,0.000000,0.000000,0.000000,0.000000
1749017933.674778,91.858678,115.000000,136.000000,80.000000,80.000000,80.000000,80.000000,0.000000,0.000000,0.000000,0.000000
1749017933.710553,91.803456,115.000000,136.000000,80.000000,80.000000,80.000000,80.000000,0.000000,0.000000,0.000000,0.000000
1749017933.741338,92.314902,115.000000,135.000000,80.000000,80.000000,80.000000,80.000000,0.000000,0.000000,0.000000,0.000000
1749017933.773623,92.313336,115.000000,135.000000,80.000000,80.000000,80.000000,80.000000,0.000000,0.000000,0.000000,0.000000
1749017933.809844,92.063742,115.000000,135.000000,80.000000,80.000000,80.000000,80.000000,0.000000,0.000000,0.000000,0.000000
1749017933.841617,92.116879,115.000000,135.000000,80.000000,80.000000,80.000000,80.000000,0.000000,0.000000,0.000000,0.000000
1749017933.874667,92.652135,115.000000,134.000000,80.000000,80.000000,80.000000,80.000000,0.000000,0.000000,0.000000,0.000000
1749017933.908637,92.907003,115.000000,134.000000,80.000000,80.000000,80.000000,80.000000,0.000000,0.000000,0.000000,0.000000
1749017933.937415,93.541062,115.000000,132.000000,80.000000,80.000000,80.000000,80.000000,0.000000,0.000000,0.000000,0.000000
1749017933.968043,94.411084,115.000000,131.000000,80.000000,80.000000,80.000000,80.000000,0.000000,0.000000,0.000000,0.000000
1749017934.007222,94.906535,115.000000,130.000000,80.000000,80.000000,80.000000,80.000000,0.000000,0.000000,0.000000,0.000000
1749017934.040442,95.731822,115.000000,128.000000,80.000000,80.000000,80.000000,80.000000,0.000000,0.000000,0.000000,0.000000
1749017934.071441,96.060850,115.000000,127.000000,80.000000,80.000000,80.000000,80.000000,0.000000,0.000000,0.000000,0.000000
1749017934.110854,96.194083,115.000000,127.000000,80.000000,80.000000,80.000000,80.000000,0.000000,0.000000,0.000000,0.000000
1749017934.142839,96.598069,115.000000,126.000000,80.000000,80.000000,80.000000,80.000000,0.000000,0.000000,0.000000,0.000000
1749017934.175547,96.193678,115.000000,127.000000,80.000000,80.000000,80.000000,80.000000,0.000000,0.000000,0.000000,0.000000
1749017934.211110,96.557224,115.000000,126.000000,80.000000,80.000000,80.000000,80.000000,0.000000,0.000000,0.000000,0.000000
1749017934.265889,96.793656,115.000000,126.000000,80.000000,80.000000,80.000000,80.000000,0.000000,0.000000,0.000000,0.000000
1749017934.315761,97.416831,115.000000,125.000000,80.000000,80.000000,80.000000,80.000000,0.000000,0.000000,0.000000,0.000000
1749017934.361933,97.544148,115.000000,124.000000,80.000000,80.000000,80.000000,80.000000,0.000000,0.000000,0.000000,0.000000
1749017934.387116,97.793747,115.000000,124.000000,80.000000,80.000000,80.000000,80.000000,0.000000,0.000000,0.000000,0.000000
1749017934.405550,97.904597,115.000000,124.000000,80.000000,80.000000,80.000000,80.000000,0.000000,0.000000,0.000000,0.000000
1749017934.430878,98.892102,115.000000,122.000000,80.000000,80.000000,80.000000,80.000000,0.000000,0.000000,0.000000,0.000000
1749017934.457574,99.877548,115.000000,120.000000,80.000000,80.000000,80.000000,80.000000,0.000000,0.000000,0.000000,0.000000
1749017934.483828,99.879821,115.000000,120.000000,80.000000,80.000000,80.000000,80.000000,0.000000,0.000000,0.000000,0.000000
1749017934.510880,100.277428,115.000000,119.000000,80.000000,80.000000,80.000000,80.000000,0.000000,0.000000,0.000000,0.000000
1749017934.541515,100.451007,115.000000,119.000000,80.000000,80.000000,80.000000,80.000000,0.000000,0.000000,0.000000,0.000000
1749017934.573434,100.828773,115.000000,118.000000,80.000000,80.000000,80.000000,80.000000,0.000000,0.000000,0.000000,0.000000
1749017934.618568,100.406333,115.000000,119.000000,80.000000,80.000000,80.000000,80.000000,0.000000,0.000000,0.000000,0.000000
1749017934.649719,100.239412,115.000000,119.000000,80.000000,80.000000,80.000000,80.000000,0.000000,0.000000,0.000000,0.000000
1749017934.682826,100.736683,115.000000,118.000000,80.000000,80.000000,80.000000,80.000000,0.000000,0.000000,0.000000,0.000000
1749017934.717631,100.785075,115.000000,118.000000,80.000000,80.000000,80.000000,80.000000,0.000000,0.000000,0.000000,0.000000
1749017934.748908,101.411308,115.000000,117.000000,80.000000,80.000000,80.000000,80.000000,0.000000,0.000000,0.000000,0.000000
1749017934.778151,101.671942,115.000000,116.000000,80.000000,80.000000,80.000000,80.000000,0.000000,0.000000,0.000000,0.000000
1749017934.813686,101.715365,115.000000,116.000000,80.000000,80.000000,80.000000,80.000000,0.000000,0.000000,0.000000,0.000000
1749017934.845390,102.110831,115.000000,115.000000,80.000000,80.000000,80.000000,80.000000,0.000000,0.000000,0.000000,0.000000
1749017934.878086,102.468725,115.000000,115.000000,80.000000,80.000000,80.000000,80.000000,0.000000,0.000000,0.000000,0.000000
1749017934.913608,102.225149,115.000000,115.000000,80.000000,80.000000,80.000000,80.000000,0.000000,0.000000,0.000000,0.000000
1749017934.945380,102.357664,115.000000,115.000000,80.000000,80.000000,80.000000,80.000000,0.000000,0.000000,0.000000,0.000000
1749017934.978129,103.355840,115.000000,113.000000,80.000000,80.000000,80.000000,80.000000,0.000000,0.000000,0.000000,0.000000
1749017935.012813,102.890863,115.000000,114.000000,80.000000,80.000000,80.000000,80.000000,0.000000,0.000000,0.000000,0.000000
1749017935.044533,103.335467,115.000000,113.000000,80.000000,80.000000,80.000000,80.000000,0.000000,0.000000,0.000000,0.000000
1749017935.080073,104.151857,115.000000,111.000000,80.000000,80.000000,80.000000,80.000000,0.000000,0.000000,0.000000,0.000000
1749017935.115953,104.513251,115.000000,110.000000,80.000000,80.000000,80.000000,80.000000,0.000000,0.000000,0.000000,0.000000
1749017935.146561,104.410957,115.000000,111.000000,80.000000,80.000000,80.000000,80.000000,0.000000,0.000000,0.000000,0.000000
1749017935.176550,104.283245,115.000000,111.000000,80.000000,80.000000,80.000000,80.000000,0.000000,0.000000,0.000000,0.000000
1749017935.213088,104.660896,115.000000,110.000000,80.000000,80.000000,80.000000,80.000000,0.000000,0.000000,0.000000,0.000000
1749017935.244828,105.509770,115.000000,108.000000,80.000000,80.000000,80.000000,80.000000,0.000000,0.000000,0.000000,0.000000
1749017935.277877,105.872498,115.000000,108.000000,80.000000,80.000000,80.000000,80.000000,0.000000,0.000000,0.000000,0.000000
1749017935.312176,106.342676,115.000000,107.000000,80.000000,80.000000,80.000000,80.000000,0.000000,0.000000,0.000000,0.000000
1749017935.344723,106.338163,115.000000,107.000000,80.000000,80.000000,80.000000,80.000000,0.000000,0.000000,0.000000,0.000000
1749017935.376990,106.044566,115.000000,107.000000,80.000000,80.000000,80.000000,80.000000,0.000000,0.000000,0.000000,0.000000
1749017935.414023,106.513750,115.000000,106.000000,80.000000,80.000000,80.000000,80.000000,0.000000,0.000000,0.000000,0.000000
1749017935.446292,107.022293,115.000000,105.000000,80.000000,80.000000,80.000000,80.000000,0.000000,0.000000,0.000000,0.000000
1749017935.479723,107.330204,115.000000,105.000000,80.000000,80.000000,80.000000,80.000000,0.000000,0.000000,0.000000,0.000000
1749017935.507745,108.268232,115.000000,103.000000,80.000000,80.000000,80.000000,80.000000,0.000000,0.000000,0.000000,0.000000
1749017935.539831,108.904492,115.000000,102.000000,80.000000,80.000000,80.000000,80.000000,0.000000,0.000000,0.000000,0.000000
1749017935.571788,108.661380,115.000000,102.000000,80.000000,80.000000,80.000000,80.000000,0.000000,0.000000,0.000000,0.000000
1749017935.610139,108.777315,115.000000,102.000000,80.000000,80.000000,80.000000,80.000000,0.000000,0.000000,0.000000,0.000000
1749017935.641047,108.984212,115.000000,102.000000,80.000000,80.000000,80.000000,80.000000,0.000000,0.000000,0.000000,0.000000
1749017935.672804,108.960901,115.000000,102.000000,80.000000,80.000000,80.000000,80.000000,0.000000,0.000000,0.000000,0.000000
1749017935.708136,108.947325,115.000000,102.000000,80.000000,80.000000,80.000000,80.000000,0.000000,0.000000,0.000000,0.000000
1749017935.741390,108.892411,115.000000,102.000000,80.000000,80.000000,80.000000,80.000000,0.000000,0.000000,0.000000,0.000000
1749017935.773371,109.533218,115.000000,100.000000,80.000000,80.000000,80.000000,80.000000,0.000000,0.000000,0.000000,0.000000
1749017935.810478,109.692672,115.000000,100.000000,80.000000,80.000000,80.000000,80.000000,0.000000,0.000000,0.000000,0.000000
1749017935.841078,109.955636,115.000000,100.000000,80.000000,80.000000,80.000000,80.000000,0.000000,0.000000,0.000000,0.000000
1749017935.871978,110.211605,115.000000,99.000000,80.000000,80.000000,80.000000,80.000000,0.000000,0.000000,0.000000,0.000000
1749017935.907115,110.821678,115.000000,98.000000,80.000000,80.000000,80.000000,80.000000,0.000000,0.000000,0.000000,0.000000
1749017935.940428,111.790883,115.000000,96.000000,80.000000,80.000000,80.000000,80.000000,0.000000,0.000000,0.000000,0.000000
1749017935.971822,111.959986,115.000000,96.000000,80.000000,80.000000,80.000000,80.000000,0.000000,0.000000,0.000000,0.000000
1749017936.006998,111.997130,115.000000,96.000000,80.000000,80.000000,80.000000,80.000000,0.000000,0.000000,0.000000,0.000000
1749017936.039433,112.173916,115.000000,95.000000,80.000000,80.000000,80.000000,80.000000,0.000000,0.000000,0.000000,0.000000
1749017936.071350,112.475038,115.000000,95.000000,80.000000,80.000000,80.000000,80.000000,0.000000,0.000000,0.000000,0.000000
1749017936.107709,112.846742,115.000000,94.000000,0.000000,0.000000,0.000000,0.000000,0.000000,0.000000,0.000000,0.000000
1749017936.139284,112.697316,115.000000,94.000000,0.000000,0.000000,0.000000,0.000000,0.000000,0.000000,0.000000,0.000000
1749017936.186541,112.604192,115.000000,94.000000,0.000000,0.000000,0.000000,0.000000,0.000000,0.000000,0.000000,0.000000
1749017936.205956,112.807089,115.000000,94.000000,0.000000,0.000000,0.000000,0.000000,0.000000,0.000000,0.000000,0.000000
1749017936.236278,112.936234,115.000000,94.000000,0.000000,0.000000,0.000000,0.000000,0.000000,0.000000,0.000000,0.000000
1749017936.270930,112.921638,115.000000,94.000000,0.000000,0.000000,0.000000,0.000000,0.000000,0.000000,0.000000,0.000000
1749017936.311260,113.118188,115.000000,93.000000,0.000000,0.000000,0.000000,0.000000,0.000000,0.000000,0.000000,0.000000
1749017936.345427,113.071303,115.000000,93.000000,0.000000,0.000000,0.000000,0.000000,0.000000,0.000000,0.000000,0.000000
1749017936.371077,113.725828,115.000000,92.000000,0.000000,0.000000,0.000000,0.000000,0.000000,0.000000,0.000000,0.000000
1749017936.405326,114.442609,115.000000,91.000000,0.000000,0.000000,0.000000,0.000000,0.000000,0.000000,0.000000,0.000000
1749017936.437350,114.428531,115.000000,91.000000,0.000000,0.000000,0.000000,0.000000,0.000000,0.000000,0.000000,0.000000
1749017936.470769,115.028618,115.000000,89.000000,0.000000,0.000000,0.000000,0.000000,0.000000,0.000000,0.000000,0.000000
1749017936.508454,115.307491,115.000000,89.000000,0.000000,0.000000,0.000000,0.000000,0.000000,0.000000,0.000000,0.000000
1749017936.541001,115.136841,115.000000,89.000000,0.000000,0.000000,0.000000,0.000000,0.000000,0.000000,0.000000,0.000000
1749017936.574485,115.206032,115.000000,89.000000,0.000000,0.000000,0.000000,0.000000,0.000000,0.000000,0.000000,0.000000
1749017936.608713,115.007272,115.000000,89.000000,0.000000,0.000000,0.000000,0.000000,0.000000,0.000000,0.000000,0.000000
1749017936.640098,115.172337,115.000000,89.000000,0.000000,0.000000,0.000000,0.000000,0.000000,0.000000,0.000000,0.000000
1749017936.690006,115.503855,115.000000,88.000000,0.000000,0.000000,0.000000,0.000000,0.000000,0.000000,0.000000,0.000000
1749017936.710157,115.006440,115.000000,89.000000,0.000000,0.000000,0.000000,0.000000,0.000000,0.000000,0.000000,0.000000
1749017936.738046,114.698657,115.000000,90.000000,0.000000,0.000000,0.000000,0.000000,0.000000,0.000000,0.000000,0.000000
1749017936.769055,114.646297,115.000000,90.000000,0.000000,0.000000,0.000000,0.000000,0.000000,0.000000,0.000000,0.000000
1749017936.805332,115.075057,115.000000,89.000000,0.000000,0.000000,0.000000,0.000000,0.000000,0.000000,0.000000,0.000000
1749017936.838475,115.707418,115.000000,88.000000,0.000000,0.000000,0.000000,0.000000,0.000000,0.000000,0.000000,0.000000
1749017936.871890,115.701516,115.000000,88.000000,0.000000,0.000000,0.000000,0.000000,0.000000,0.000000,0.000000,0.000000
1749017936.913960,115.442406,115.000000,89.000000,0.000000,0.000000,0.000000,0.000000,0.000000,0.000000,0.000000,0.000000
1749017936.944661,115.822517,115.000000,88.000000,0.000000,0.000000,0.000000,0.000000,0.000000,0.000000,0.000000,0.000000
1749017936.969613,116.457605,115.000000,87.000000,0.000000,0.000000,0.000000,0.000000,0.000000,0.000000,0.000000,0.000000
1749017937.004486,116.014554,115.000000,87.000000,0.000000,0.000000,0.000000,0.000000,0.000000,0.000000,0.000000,0.000000
1749017937.036423,115.286034,115.000000,89.000000,0.000000,0.000000,0.000000,0.000000,0.000000,0.000000,0.000000,0.000000
1749017937.070333,116.093848,115.000000,87.000000,0.000000,0.000000,0.000000,0.000000,0.000000,0.000000,0.000000,0.000000
1749017937.104521,115.590704,115.000000,88.000000,0.000000,0.000000,0.000000,0.000000,0.000000,0.000000,0.000000,0.000000
1749017937.137486,115.203604,115.000000,89.000000,0.000000,0.000000,0.000000,0.000000,0.000000,0.000000,0.000000,0.000000
1749017937.169324,114.955513,115.000000,90.000000,0.000000,0.000000,0.000000,0.000000,0.000000,0.000000,0.000000,0.000000
1749017937.211666,115.191303,115.000000,89.000000,0.000000,0.000000,0.000000,0.000000,0.000000,0.000000,0.000000,0.000000
1749017937.242085,115.048122,115.000000,89.000000,0.000000,0.000000,0.000000,0.000000,0.000000,0.000000,0.000000,0.000000
1749017937.275864,114.911596,115.000000,90.000000,0.000000,0.000000,0.000000,0.000000,0.000000,0.000000,0.000000,0.000000
1749017937.311768,115.464787,115.000000,89.000000,0.000000,0.000000,0.000000,0.000000,0.000000,0.000000,0.000000,0.000000
1749017937.342613,115.334845,115.000000,89.000000,0.000000,0.000000,0.000000,0.000000,0.000000,0.000000,0.000000,0.000000
1749017937.370858,115.427340,115.000000,89.000000,0.000000,0.000000,0.000000,0.000000,0.000000,0.000000,0.000000,0.000000
1749017937.406635,115.654681,115.000000,88.000000,0.000000,0.000000,0.000000,0.000000,0.000000,0.000000,0.000000,0.000000
1749017937.438119,116.042993,115.000000,87.000000,0.000000,0.000000,0.000000,0.000000,0.000000,0.000000,0.000000,0.000000
1749017937.471163,115.627167,93.000000,90.000000,0.000000,0.000000,0.000000,0.000000,0.000000,0.000000,0.000000,0.000000
1749017937.510598,115.663442,93.000000,90.000000,0.000000,0.000000,0.000000,0.000000,0.000000,0.000000,0.000000,0.000000
1749017937.556115,115.996815,93.000000,90.000000,0.000000,0.000000,0.000000,0.000000,0.000000,0.000000,0.000000,0.000000
1749017937.583960,115.025495,93.000000,120.000000,0.000000,0.000000,0.000000,0.000000,0.000000,0.000000,0.000000,0.000000
1749017937.609817,115.136829,93.000000,90.000000,0.000000,0.000000,0.000000,0.000000,0.000000,0.000000,0.000000,0.000000
1749017937.638334,115.318611,93.000000,90.000000,0.000000,0.000000,0.000000,0.000000,0.000000,0.000000,0.000000,0.000000
1749017937.688540,115.373946,93.000000,90.000000,0.000000,0.000000,0.000000,0.000000,0.000000,0.000000,0.000000,0.000000
1749017937.707424,115.014570,93.000000,120.000000,0.000000,0.000000,0.000000,0.000000,0.000000,0.000000,0.000000,0.000000
1749017937.738475,114.774684,93.000000,46.000000,0.000000,0.000000,0.000000,0.000000,174.000000,174.000000,174.000000,174.000000
1749017937.769004,115.071389,93.000000,45.000000,0.000000,0.000000,0.000000,0.000000,176.000000,176.000000,176.000000,176.000000
1749017937.804716,114.959735,93.000000,46.000000,0.000000,0.000000,0.000000,0.000000,175.000000,175.000000,175.000000,175.000000
1749017937.837001,115.093308,93.000000,45.000000,0.000000,0.000000,0.000000,0.000000,176.000000,176.000000,176.000000,176.000000
1749017937.893384,115.150996,93.000000,45.000000,0.000000,0.000000,0.000000,0.000000,177.000000,177.000000,177.000000,177.000000
1749017937.913441,115.416736,93.000000,45.000000,0.000000,0.000000,0.000000,0.000000,179.000000,179.000000,179.000000,179.000000
1749017937.936444,115.283480,93.000000,45.000000,0.000000,0.000000,0.000000,0.000000,178.000000,178.000000,178.000000,178.000000
1749017937.967790,115.214580,93.000000,45.000000,0.000000,0.000000,0.000000,0.000000,177.000000,177.000000,177.000000,177.000000
1749017938.003927,115.157234,93.000000,45.000000,0.000000,0.000000,0.000000,0.000000,177.000000,177.000000,177.000000,177.000000
1749017938.039174,114.983701,93.000000,46.000000,0.000000,0.000000,0.000000,0.000000,175.000000,175.000000,175.000000,175.000000
1749017938.072870,115.107157,93.000000,45.000000,0.000000,0.000000,0.000000,0.000000,176.000000,176.000000,176.000000,176.000000
1749017938.108102,115.351465,93.000000,45.000000,0.000000,0.000000,0.000000,0.000000,178.000000,178.000000,178.000000,178.000000
1749017938.140397,115.221277,93.000000,45.000000,0.000000,0.000000,0.000000,0.000000,177.000000,177.000000,177.000000,177.000000
1749017938.171922,115.047243,93.000000,45.000000,0.000000,0.000000,0.000000,0.000000,176.000000,176.000000,176.000000,176.000000
1749017938.207801,114.848828,93.000000,46.000000,0.000000,0.000000,0.000000,0.000000,174.000000,174.000000,174.000000,174.000000
1749017938.240698,114.846402,93.000000,46.000000,0.000000,0.000000,0.000000,0.000000,174.000000,174.000000,174.000000,174.000000
1749017938.272271,114.651707,93.000000,46.000000,0.000000,0.000000,0.000000,0.000000,173.000000,173.000000,173.000000,173.000000
1749017938.306722,113.818929,93.000000,48.000000,0.000000,0.000000,0.000000,0.000000,166.000000,166.000000,166.000000,166.000000
1749017938.337958,113.245228,93.000000,49.000000,0.000000,0.000000,0.000000,0.000000,161.000000,161.000000,161.000000,161.000000
1749017938.370521,113.091678,93.000000,49.000000,0.000000,0.000000,0.000000,0.000000,160.000000,160.000000,160.000000,160.000000
1749017938.407625,112.903059,93.000000,50.000000,0.000000,0.000000,0.000000,0.000000,159.000000,159.000000,159.000000,159.000000
1749017938.439554,111.233296,93.000000,53.000000,0.000000,0.000000,0.000000,0.000000,145.000000,145.000000,145.000000,145.000000
1749017938.472497,110.551405,93.000000,54.000000,0.000000,0.000000,0.000000,0.000000,140.000000,140.000000,140.000000,140.000000
1749017938.515064,110.524472,93.000000,54.000000,0.000000,0.000000,0.000000,0.000000,140.000000,140.000000,140.000000,140.000000
1749017938.546097,110.106382,93.000000,55.000000,0.000000,0.000000,0.000000,0.000000,136.000000,136.000000,136.000000,136.000000
1749017938.573073,109.438342,93.000000,57.000000,0.000000,0.000000,0.000000,0.000000,131.000000,131.000000,131.000000,131.000000
1749017938.608287,109.440762,93.000000,57.000000,0.000000,0.000000,0.000000,0.000000,131.000000,131.000000,131.000000,131.000000
1749017938.638338,109.045319,93.000000,57.000000,0.000000,0.000000,0.000000,0.000000,128.000000,128.000000,128.000000,128.000000
1749017938.668651,108.763243,93.000000,58.000000,0.000000,0.000000,0.000000,0.000000,126.000000,126.000000,126.000000,126.000000
1749017938.704583,109.272917,93.000000,57.000000,0.000000,0.000000,0.000000,0.000000,130.000000,130.000000,130.000000,130.000000
1749017938.736751,108.583089,93.000000,58.000000,0.000000,0.000000,0.000000,0.000000,124.000000,124.000000,124.000000,124.000000
1749017938.768979,107.831682,93.000000,60.000000,0.000000,0.000000,0.000000,0.000000,120.000000,120.000000,120.000000,120.000000
1749017938.807027,107.457033,93.000000,61.000000,0.000000,0.000000,0.000000,0.000000,120.000000,120.000000,120.000000,120.000000
1749017938.841535,107.143177,93.000000,61.000000,0.000000,0.000000,0.000000,0.000000,120.000000,120.000000,120.000000,120.000000
1749017938.872003,106.898409,93.000000,62.000000,0.000000,0.000000,0.000000,0.000000,120.000000,120.000000,120.000000,120.000000
1749017938.908985,105.256377,93.000000,65.000000,0.000000,0.000000,0.000000,0.000000,120.000000,120.000000,120.000000,120.000000
1749017938.943320,105.301267,93.000000,65.000000,0.000000,0.000000,0.000000,0.000000,120.000000,120.000000,120.000000,120.000000
1749017938.976049,105.338972,93.000000,65.000000,0.000000,0.000000,0.000000,0.000000,120.000000,120.000000,120.000000,120.000000
1749017939.008032,104.301444,93.000000,67.000000,0.000000,0.000000,0.000000,0.000000,120.000000,120.000000,120.000000,120.000000
1749017939.040759,103.623320,93.000000,68.000000,0.000000,0.000000,0.000000,0.000000,120.000000,120.000000,120.000000,120.000000
1749017939.071064,103.585921,93.000000,68.000000,0.000000,0.000000,0.000000,0.000000,120.000000,120.000000,120.000000,120.000000
1749017939.106863,103.967905,93.000000,68.000000,0.000000,0.000000,0.000000,0.000000,120.000000,120.000000,120.000000,120.000000
1749017939.141058,104.442145,93.000000,67.000000,0.000000,0.000000,0.000000,0.000000,120.000000,120.000000,120.000000,120.000000
1749017939.171846,104.494844,93.000000,67.000000,0.000000,0.000000,0.000000,0.000000,120.000000,120.000000,120.000000,120.000000
1749017939.209025,103.484897,93.000000,69.000000,0.000000,0.000000,0.000000,0.000000,120.000000,120.000000,120.000000,120.000000
1749017939.241986,103.150958,93.000000,69.000000,0.000000,0.000000,0.000000,0.000000,120.000000,120.000000,120.000000,120.000000
1749017939.271842,102.828639,93.000000,70.000000,0.000000,0.000000,0.000000,0.000000,120.000000,120.000000,120.000000,120.000000
1749017939.310268,102.690618,93.000000,70.000000,0.000000,0.000000,0.000000,0.000000,120.000000,120.000000,120.000000,120.000000
1749017939.339884,102.209618,93.000000,71.000000,0.000000,0.000000,0.000000,0.000000,120.000000,120.000000,120.000000,120.000000
1749017939.368281,101.721803,93.000000,72.000000,0.000000,0.000000,0.000000,0.000000,120.000000,120.000000,120.000000,120.000000
1749017939.432060,101.352433,93.000000,73.000000,0.000000,0.000000,0.000000,0.000000,120.000000,120.000000,120.000000,120.000000
1749017939.463444,100.768705,93.000000,74.000000,0.000000,0.000000,0.000000,0.000000,120.000000,120.000000,120.000000,120.000000
1749017939.495704,100.032930,93.000000,75.000000,0.000000,0.000000,0.000000,0.000000,120.000000,120.000000,120.000000,120.000000
1749017939.521932,99.683177,93.000000,76.000000,0.000000,0.000000,0.000000,0.000000,120.000000,120.000000,120.000000,120.000000
1749017939.542481,99.072237,93.000000,77.000000,0.000000,0.000000,0.000000,0.000000,120.000000,120.000000,120.000000,120.000000
1749017939.570881,99.281127,93.000000,77.000000,0.000000,0.000000,0.000000,0.000000,120.000000,120.000000,120.000000,120.000000
1749017939.608068,99.310022,93.000000,77.000000,0.000000,0.000000,0.000000,0.000000,120.000000,120.000000,120.000000,120.000000
1749017939.639098,99.374175,93.000000,77.000000,0.000000,0.000000,0.000000,0.000000,120.000000,120.000000,120.000000,120.000000
1749017939.670513,99.074368,93.000000,77.000000,0.000000,0.000000,0.000000,0.000000,120.000000,120.000000,120.000000,120.000000
1749017939.705518,98.668826,93.000000,78.000000,0.000000,0.000000,0.000000,0.000000,120.000000,120.000000,120.000000,120.000000
1749017939.738788,98.091941,93.000000,79.000000,0.000000,0.000000,0.000000,0.000000,120.000000,120.000000,120.000000,120.000000
1749017939.772328,97.994999,93.000000,80.000000,0.000000,0.000000,0.000000,0.000000,120.000000,120.000000,120.000000,120.000000
1749017939.807984,97.544904,93.000000,80.000000,0.000000,0.000000,0.000000,0.000000,120.000000,120.000000,120.000000,120.000000
1749017939.839988,97.149089,93.000000,81.000000,0.000000,0.000000,0.000000,0.000000,120.000000,120.000000,120.000000,120.000000
1749017939.885719,96.533088,93.000000,82.000000,0.000000,0.000000,0.000000,0.000000,120.000000,120.000000,120.000000,120.000000
1749017939.906528,96.209045,93.000000,83.000000,0.000000,0.000000,0.000000,0.000000,120.000000,120.000000,120.000000,120.000000
1749017939.937806,95.483131,93.000000,85.000000,0.000000,0.000000,0.000000,0.000000,0.000000,0.000000,0.000000,0.000000
1749017939.968834,95.010215,93.000000,85.000000,0.000000,0.000000,0.000000,0.000000,0.000000,0.000000,0.000000,0.000000
1749017940.035298,94.651291,93.000000,86.000000,0.000000,0.000000,0.000000,0.000000,0.000000,0.000000,0.000000,0.000000
1749017940.062298,94.797953,93.000000,86.000000,0.000000,0.000000,0.000000,0.000000,0.000000,0.000000,0.000000,0.000000
1749017940.084086,94.945722,93.000000,86.000000,0.000000,0.000000,0.000000,0.000000,0.000000,0.000000,0.000000,0.000000
1749017940.109526,94.913112,93.000000,86.000000,0.000000,0.000000,0.000000,0.000000,0.000000,0.000000,0.000000,0.000000
1749017940.142369,94.867641,93.000000,86.000000,0.000000,0.000000,0.000000,0.000000,0.000000,0.000000,0.000000,0.000000
1749017940.173627,94.698922,93.000000,86.000000,0.000000,0.000000,0.000000,0.000000,0.000000,0.000000,0.000000,0.000000
1749017940.208442,94.541933,93.000000,86.000000,0.000000,0.000000,0.000000,0.000000,0.000000,0.000000,0.000000,0.000000
1749017940.240781,94.541079,93.000000,86.000000,0.000000,0.000000,0.000000,0.000000,0.000000,0.000000,0.000000,0.000000
1749017940.274061,94.088146,93.000000,87.000000,0.000000,0.000000,0.000000,0.000000,0.000000,0.000000,0.000000,0.000000
1749017940.308877,93.832502,93.000000,88.000000,0.000000,0.000000,0.000000,0.000000,0.000000,0.000000,0.000000,0.000000
1749017940.341627,93.740789,93.000000,88.000000,0.000000,0.000000,0.000000,0.000000,0.000000,0.000000,0.000000,0.000000
1749017940.373872,93.442859,93.000000,89.000000,0.000000,0.000000,0.000000,0.000000,0.000000,0.000000,0.000000,0.000000
1749017940.410499,93.291136,93.000000,89.000000,0.000000,0.000000,0.000000,0.000000,0.000000,0.000000,0.000000,0.000000
1749017940.440779,93.385395,93.000000,89.000000,0.000000,0.000000,0.000000,0.000000,0.000000,0.000000,0.000000,0.000000
1749017940.473978,93.244201,93.000000,89.000000,0.000000,0.000000,0.000000,0.000000,0.000000,0.000000,0.000000,0.000000
1749017940.511035,93.673137,93.000000,88.000000,0.000000,0.000000,0.000000,0.000000,0.000000,0.000000,0.000000,0.000000
1749017940.543267,93.586339,93.000000,88.000000,0.000000,0.000000,0.000000,0.000000,0.000000,0.000000,0.000000,0.000000
1749017940.575414,93.420919,93.000000,89.000000,0.000000,0.000000,0.000000,0.000000,0.000000,0.000000,0.000000,0.000000
1749017940.612637,93.679204,93.000000,88.000000,0.000000,0.000000,0.000000,0.000000,0.000000,0.000000,0.000000,0.000000
1749017940.641218,93.559977,93.000000,88.000000,0.000000,0.000000,0.000000,0.000000,0.000000,0.000000,0.000000,0.000000
1749017940.670488,93.415751,93.000000,89.000000,0.000000,0.000000,0.000000,0.000000,0.000000,0.000000,0.000000,0.000000
1749017940.706894,93.204762,93.000000,89.000000,0.000000,0.000000,0.000000,0.000000,0.000000,0.000000,0.000000,0.000000
1749017940.739534,93.196178,93.000000,89.000000,0.000000,0.000000,0.000000,0.000000,0.000000,0.000000,0.000000,0.000000
1749017940.771883,93.316770,93.000000,89.000000,0.000000,0.000000,0.000000,0.000000,0.000000,0.000000,0.000000,0.000000
1749017940.810781,93.286275,93.000000,89.000000,0.000000,0.000000,0.000000,0.000000,0.000000,0.000000,0.000000,0.000000
1749017940.840421,92.836427,93.000000,90.000000,0.000000,0.000000,0.000000,0.000000,0.000000,0.000000,0.000000,0.000000
1749017940.871873,93.170113,93.000000,89.000000,0.000000,0.000000,0.000000,0.000000,0.000000,0.000000,0.000000,0.000000
1749017940.908465,93.279321,93.000000,89.000000,0.000000,0.000000,0.000000,0.000000,0.000000,0.000000,0.000000,0.000000
1749017940.941656,92.953712,93.000000,90.000000,0.000000,0.000000,0.000000,0.000000,0.000000,0.000000,0.000000,0.000000
1749017940.974764,93.252346,93.000000,89.000000,0.000000,0.000000,0.000000,0.000000,0.000000,0.000000,0.000000,0.000000
1749017941.004991,93.285256,93.000000,89.000000,0.000000,0.000000,0.000000,0.000000,0.000000,0.000000,0.000000,0.000000
1749017941.036752,93.010788,93.000000,89.000000,0.000000,0.000000,0.000000,0.000000,0.000000,0.000000,0.000000,0.000000
1749017941.068953,93.241776,93.000000,89.000000,0.000000,0.000000,0.000000,0.000000,0.000000,0.000000,0.000000,0.000000
1749017941.106889,93.034867,93.000000,89.000000,0.000000,0.000000,0.000000,0.000000,0.000000,0.000000,0.000000,0.000000
1749017941.140504,92.926227,93.000000,90.000000,0.000000,0.000000,0.000000,0.000000,0.000000,0.000000,0.000000,0.000000
1749017941.173711,92.821774,93.000000,90.000000,0.000000,0.000000,0.000000,0.000000,0.000000,0.000000,0.000000,0.000000
1749017941.209907,93.161910,93.000000,89.000000,0.000000,0.000000,0.000000,0.000000,0.000000,0.000000,0.000000,0.000000
1749017941.240754,93.029772,93.000000,89.000000,0.000000,0.000000,0.000000,0.000000,0.000000,0.000000,0.000000,0.000000
1749017941.273567,92.896781,93.000000,90.000000,0.000000,0.000000,0.000000,0.000000,0.000000,0.000000,0.000000,0.000000
1749017941.310116,92.766648,118.000000,90.000000,0.000000,0.000000,0.000000,0.000000,0.000000,0.000000,0.000000,0.000000
1749017941.339343,92.962307,118.000000,90.000000,0.000000,0.000000,0.000000,0.000000,0.000000,0.000000,0.000000,0.000000
1749017941.369438,93.169135,118.000000,90.000000,0.000000,0.000000,0.000000,0.000000,0.000000,0.000000,0.000000,0.000000
1749017941.407716,92.890268,118.000000,120.000000,0.000000,0.000000,0.000000,0.000000,0.000000,0.000000,0.000000,0.000000
1749017941.440228,93.449069,118.000000,90.000000,0.000000,0.000000,0.000000,0.000000,0.000000,0.000000,0.000000,0.000000
1749017941.472744,93.367477,118.000000,90.000000,0.000000,0.000000,0.000000,0.000000,0.000000,0.000000,0.000000,0.000000
1749017941.508720,93.359999,118.000000,90.000000,0.000000,0.000000,0.000000,0.000000,0.000000,0.000000,0.000000,0.000000
1749017941.539819,93.640514,118.000000,120.000000,0.000000,0.000000,0.000000,0.000000,0.000000,0.000000,0.000000,0.000000
1749017941.572760,93.166279,118.000000,139.000000,80.000000,80.000000,80.000000,80.000000,0.000000,0.000000,0.000000,0.000000
1749017941.608067,93.101185,118.000000,139.000000,80.000000,80.000000,80.000000,80.000000,0.000000,0.000000,0.000000,0.000000
1749017941.640995,92.865632,118.000000,140.000000,80.000000,80.000000,80.000000,80.000000,0.000000,0.000000,0.000000,0.000000
1749017941.674404,92.849625,118.000000,140.000000,80.000000,80.000000,80.000000,80.000000,0.000000,0.000000,0.000000,0.000000
1749017941.708616,93.012844,118.000000,139.000000,80.000000,80.000000,80.000000,80.000000,0.000000,0.000000,0.000000,0.000000
1749017941.738542,92.890620,118.000000,140.000000,80.000000,80.000000,80.000000,80.000000,0.000000,0.000000,0.000000,0.000000
1749017941.787862,92.991353,118.000000,140.000000,80.000000,80.000000,80.000000,80.000000,0.000000,0.000000,0.000000,0.000000
1749017941.807872,92.863690,118.000000,140.000000,80.000000,80.000000,80.000000,80.000000,0.000000,0.000000,0.000000,0.000000
1749017941.836856,93.437429,118.000000,139.000000,80.000000,80.000000,80.000000,80.000000,0.000000,0.000000,0.000000,0.000000
1749017941.867793,93.007015,118.000000,139.000000,80.000000,80.000000,80.000000,80.000000,0.000000,0.000000,0.000000,0.000000
1749017941.925583,93.446207,118.000000,139.000000,80.000000,80.000000,80.000000,80.000000,0.000000,0.000000,0.000000,0.000000
1749017941.947116,93.621774,118.000000,138.000000,80.000000,80.000000,80.000000,80.000000,0.000000,0.000000,0.000000,0.000000
1749017941.973645,93.917152,118.000000,138.000000,80.000000,80.000000,80.000000,80.000000,0.000000,0.000000,0.000000,0.000000
1749017942.007106,94.244250,118.000000,137.000000,80.000000,80.000000,80.000000,80.000000,0.000000,0.000000,0.000000,0.000000
1749017942.038370,94.477522,118.000000,137.000000,80.000000,80.000000,80.000000,80.000000,0.000000,0.000000,0.000000,0.000000
1749017942.090302,95.461863,118.000000,135.000000,80.000000,80.000000,80.000000,80.000000,0.000000,0.000000,0.000000,0.000000
1749017942.113007,96.311567,118.000000,133.000000,80.000000,80.000000,80.000000,80.000000,0.000000,0.000000,0.000000,0.000000
1749017942.143569,96.784194,118.000000,132.000000,80.000000,80.000000,80.000000,80.000000,0.000000,0.000000,0.000000,0.000000
1749017942.172878,96.524199,118.000000,132.000000,80.000000,80.000000,80.000000,80.000000,0.000000,0.000000,0.000000,0.000000
1749017942.209325,96.189835,118.000000,133.000000,80.000000,80.000000,80.000000,80.000000,0.000000,0.000000,0.000000,0.000000
1749017942.242714,96.049284,118.000000,133.000000,80.000000,80.000000,80.000000,80.000000,0.000000,0.000000,0.000000,0.000000
1749017942.274744,96.145181,118.000000,133.000000,80.000000,80.000000,80.000000,80.000000,0.000000,0.000000,0.000000,0.000000
1749017942.310760,96.885525,118.000000,132.000000,80.000000,80.000000,80.000000,80.000000,0.000000,0.000000,0.000000,0.000000
1749017942.341403,96.217696,118.000000,133.000000,80.000000,80.000000,80.000000,80.000000,0.000000,0.000000,0.000000,0.000000
1749017942.378452,96.365836,118.000000,133.000000,80.000000,80.000000,80.000000,80.000000,0.000000,0.000000,0.000000,0.000000
1749017942.409506,96.900780,118.000000,132.000000,80.000000,80.000000,80.000000,80.000000,0.000000,0.000000,0.000000,0.000000
1749017942.435683,97.765652,118.000000,130.000000,80.000000,80.000000,80.000000,80.000000,0.000000,0.000000,0.000000,0.000000
1749017942.467934,98.120847,118.000000,129.000000,80.000000,80.000000,80.000000,80.000000,0.000000,0.000000,0.000000,0.000000
1749017942.505508,97.609339,118.000000,130.000000,80.000000,80.000000,80.000000,80.000000,0.000000,0.000000,0.000000,0.000000
1749017942.537490,97.944999,118.000000,130.000000,80.000000,80.000000,80.000000,80.000000,0.000000,0.000000,0.000000,0.000000
1749017942.569541,98.894613,118.000000,128.000000,80.000000,80.000000,80.000000,80.000000,0.000000,0.000000,0.000000,0.000000
1749017942.609577,99.551673,118.000000,126.000000,80.000000,80.000000,80.000000,80.000000,0.000000,0.000000,0.000000,0.000000
1749017942.641825,100.046267,118.000000,125.000000,80.000000,80.000000,80.000000,80.000000,0.000000,0.000000,0.000000,0.000000
1749017942.673749,99.689045,118.000000,126.000000,80.000000,80.000000,80.000000,80.000000,0.000000,0.000000,0.000000,0.000000
1749017942.710064,99.423617,118.000000,127.000000,80.000000,80.000000,80.000000,80.000000,0.000000,0.000000,0.000000,0.000000
1749017942.741076,100.282001,118.000000,125.000000,80.000000,80.000000,80.000000,80.000000,0.000000,0.000000,0.000000,0.000000
1749017942.773432,100.495157,118.000000,125.000000,80.000000,80.000000,80.000000,80.000000,0.000000,0.000000,0.000000,0.000000
1749017942.808887,99.746840,118.000000,126.000000,80.000000,80.000000,80.000000,80.000000,0.000000,0.000000,0.000000,0.000000
1749017942.840999,100.256819,118.000000,125.000000,80.000000,80.000000,80.000000,80.000000,0.000000,0.000000,0.000000,0.000000
1749017942.873532,100.949071,118.000000,124.000000,80.000000,80.000000,80.000000,80.000000,0.000000,0.000000,0.000000,0.000000
1749017942.908974,101.527689,118.000000,122.000000,80.000000,80.000000,80.000000,80.000000,0.000000,0.000000,0.000000,0.000000
1749017942.940994,101.546754,118.000000,122.000000,80.000000,80.000000,80.000000,80.000000,0.000000,0.000000,0.000000,0.000000
1749017942.973479,101.333453,118.000000,123.000000,80.000000,80.000000,80.000000,80.000000,0.000000,0.000000,0.000000,0.000000
1749017943.008988,101.982142,118.000000,122.000000,80.000000,80.000000,80.000000,80.000000,0.000000,0.000000,0.000000,0.000000
1749017943.041388,102.464165,118.000000,121.000000,80.000000,80.000000,80.000000,80.000000,0.000000,0.000000,0.000000,0.000000
1749017943.088927,102.482905,118.000000,121.000000,80.000000,80.000000,80.000000,80.000000,0.000000,0.000000,0.000000,0.000000
1749017943.108754,103.048221,118.000000,119.000000,80.000000,80.000000,80.000000,80.000000,0.000000,0.000000,0.000000,0.000000
1749017943.136805,103.652682,118.000000,118.000000,80.000000,80.000000,80.000000,80.000000,0.000000,0.000000,0.000000,0.000000
1749017943.169308,104.037578,118.000000,117.000000,80.000000,80.000000,80.000000,80.000000,0.000000,0.000000,0.000000,0.000000
1749017943.207717,104.537319,118.000000,116.000000,80.000000,80.000000,80.000000,80.000000,0.000000,0.000000,0.000000,0.000000
1749017943.241305,104.096314,118.000000,117.000000,80.000000,80.000000,80.000000,80.000000,0.000000,0.000000,0.000000,0.000000
1749017943.275844,104.111824,118.000000,117.000000,80.000000,80.000000,80.000000,80.000000,0.000000,0.000000,0.000000,0.000000
1749017943.306695,104.707117,118.000000,116.000000,80.000000,80.000000,80.000000,80.000000,0.000000,0.000000,0.000000,0.000000
1749017943.339063,104.821038,118.000000,116.000000,80.000000,80.000000,80.000000,80.000000,0.000000,0.000000,0.000000,0.000000
1749017943.371648,105.207699,118.000000,115.000000,80.000000,80.000000,80.000000,80.000000,0.000000,0.000000,0.000000,0.000000
1749017943.410976,105.326290,118.000000,115.000000,80.000000,80.000000,80.000000,80.000000,0.000000,0.000000,0.000000,0.000000
1749017943.458707,105.976225,118.000000,114.000000,80.000000,80.000000,80.000000,80.000000,0.000000,0.000000,0.000000,0.000000
1749017943.482146,106.590511,118.000000,112.000000,80.000000,80.000000,80.000000,80.000000,0.000000,0.000000,0.000000,0.000000
1749017943.506461,106.769925,118.000000,112.000000,80.000000,80.000000,80.000000,80.000000,0.000000,0.000000,0.000000,0.000000
1749017943.537396,106.443189,118.000000,113.000000,80.000000,80.000000,80.000000,80.000000,0.000000,0.000000,0.000000,0.000000
1749017943.568907,106.219951,118.000000,113.000000,80.000000,80.000000,80.000000,80.000000,0.000000,0.000000,0.000000,0.000000
1749017943.611874,106.632231,118.000000,112.000000,80.000000,80.000000,80.000000,80.000000,0.000000,0.000000,0.000000,0.000000
1749017943.644808,107.304710,118.000000,111.000000,80.000000,80.000000,80.000000,80.000000,0.000000,0.000000,0.000000,0.000000
1749017943.671981,107.154406,118.000000,111.000000,80.000000,80.000000,80.000000,80.000000,0.000000,0.000000,0.000000,0.000000
1749017943.706831,106.478856,118.000000,113.000000,80.000000,80.000000,80.000000,80.000000,0.000000,0.000000,0.000000,0.000000
1749017943.739074,107.122307,118.000000,111.000000,80.000000,80.000000,80.000000,80.000000,0.000000,0.000000,0.000000,0.000000
1749017943.772040,107.309387,118.000000,111.000000,80.000000,80.000000,80.000000,80.000000,0.000000,0.000000,0.000000,0.000000
1749017943.809415,108.027253,118.000000,109.000000,80.000000,80.000000,80.000000,80.000000,0.000000,0.000000,0.000000,0.000000
1749017943.842057,108.713069,118.000000,108.000000,80.000000,80.000000,80.000000,80.000000,0.000000,0.000000,0.000000,0.000000
1749017943.874461,108.776016,118.000000,108.000000,80.000000,80.000000,80.000000,80.000000,0.000000,0.000000,0.000000,0.000000
1749017943.909993,109.922629,118.000000,106.000000,80.000000,80.000000,80.000000,80.000000,0.000000,0.000000,0.000000,0.000000
1749017943.941792,111.046767,118.000000,103.000000,80.000000,80.000000,80.000000,80.000000,0.000000,0.000000,0.000000,0.000000
1749017943.973790,110.559274,118.000000,104.000000,80.000000,80.000000,80.000000,80.000000,0.000000,0.000000,0.000000,0.000000
1749017944.009048,110.654600,118.000000,104.000000,80.000000,80.000000,80.000000,80.000000,0.000000,0.000000,0.000000,0.000000
1749017944.039332,110.651883,118.000000,104.000000,80.000000,80.000000,80.000000,80.000000,0.000000,0.000000,0.000000,0.000000
1749017944.071194,110.711761,118.000000,104.000000,80.000000,80.000000,80.000000,80.000000,0.000000,0.000000,0.000000,0.000000
1749017944.106642,111.266470,118.000000,103.000000,80.000000,80.000000,80.000000,80.000000,0.000000,0.000000,0.000000,0.000000
1749017944.137961,110.645098,118.000000,104.000000,80.000000,80.000000,80.000000,80.000000,0.000000,0.000000,0.000000,0.000000
1749017944.171585,110.697770,118.000000,104.000000,80.000000,80.000000,80.000000,80.000000,0.000000,0.000000,0.000000,0.000000
1749017944.211272,111.324229,118.000000,103.000000,80.000000,80.000000,80.000000,80.000000,0.000000,0.000000,0.000000,0.000000
1749017944.241734,111.780551,118.000000,102.000000,80.000000,80.000000,80.000000,80.000000,0.000000,0.000000,0.000000,0.000000
1749017944.276222,111.971549,118.000000,102.000000,80.000000,80.000000,80.000000,80.000000,0.000000,0.000000,0.000000,0.000000
1749017944.307225,111.893938,118.000000,102.000000,80.000000,80.000000,80.000000,80.000000,0.000000,0.000000,0.000000,0.000000
1749017944.341441,112.936667,118.000000,100.000000,80.000000,80.000000,80.000000,80.000000,0.000000,0.000000,0.000000,0.000000
1749017944.368586,113.980530,118.000000,98.000000,80.000000,80.000000,80.000000,80.000000,0.000000,0.000000,0.000000,0.000000
1749017944.405576,115.068498,118.000000,95.000000,80.000000,80.000000,80.000000,80.000000,0.000000,0.000000,0.000000,0.000000
1749017944.435921,115.357203,118.000000,95.000000,80.000000,80.000000,80.000000,80.000000,0.000000,0.000000,0.000000,0.000000
1749017944.469189,115.586971,118.000000,94.000000,0.000000,0.000000,0.000000,0.000000,0.000000,0.000000,0.000000,0.000000
1749017944.513550,114.801059,118.000000,96.000000,80.000000,80.000000,80.000000,80.000000,0.000000,0.000000,0.000000,0.000000
1749017944.545414,115.033756,118.000000,95.000000,80.000000,80.000000,80.000000,80.000000,0.000000,0.000000,0.000000,0.000000
1749017944.573948,115.715465,118.000000,94.000000,0.000000,0.000000,0.000000,0.000000,0.000000,0.000000,0.000000,0.000000
1749017944.605763,115.713334,118.000000,94.000000,0.000000,0.000000,0.000000,0.000000,0.000000,0.000000,0.000000,0.000000
1749017944.638787,115.819674,118.000000,94.000000,0.000000,0.000000,0.000000,0.000000,0.000000,0.000000,0.000000,0.000000
1749017944.672715,115.752696,118.000000,94.000000,0.000000,0.000000,0.000000,0.000000,0.000000,0.000000,0.000000,0.000000
1749017944.707995,116.351399,118.000000,93.000000,0.000000,0.000000,0.000000,0.000000,0.000000,0.000000,0.000000,0.000000
1749017944.738976,116.551431,118.000000,92.000000,0.000000,0.000000,0.000000,0.000000,0.000000,0.000000,0.000000,0.000000
1749017944.769542,117.148666,118.000000,91.000000,0.000000,0.000000,0.000000,0.000000,0.000000,0.000000,0.000000,0.000000
1749017944.807069,117.953534,118.000000,90.000000,0.000000,0.000000,0.000000,0.000000,0.000000,0.000000,0.000000,0.000000
1749017944.838023,118.450185,118.000000,89.000000,0.000000,0.000000,0.000000,0.000000,0.000000,0.000000,0.000000,0.000000
1749017944.870178,118.492703,118.000000,89.000000,0.000000,0.000000,0.000000,0.000000,0.000000,0.000000,0.000000,0.000000
1749017944.907345,118.575461,118.000000,88.000000,0.000000,0.000000,0.000000,0.000000,0.000000,0.000000,0.000000,0.000000
1749017944.939026,118.572436,118.000000,88.000000,0.000000,0.000000,0.000000,0.000000,0.000000,0.000000,0.000000,0.000000
1749017944.990739,118.516855,118.000000,88.000000,0.000000,0.000000,0.000000,0.000000,0.000000,0.000000,0.000000,0.000000
1749017945.011016,118.553024,118.000000,88.000000,0.000000,0.000000,0.000000,0.000000,0.000000,0.000000,0.000000,0.000000
1749017945.037927,118.661384,118.000000,88.000000,0.000000,0.000000,0.000000,0.000000,0.000000,0.000000,0.000000,0.000000
1749017945.068972,118.296416,118.000000,89.000000,0.000000,0.000000,0.000000,0.000000,0.000000,0.000000,0.000000,0.000000
1749017945.107274,118.250634,118.000000,89.000000,0.000000,0.000000,0.000000,0.000000,0.000000,0.000000,0.000000,0.000000
1749017945.155254,118.598413,118.000000,88.000000,0.000000,0.000000,0.000000,0.000000,0.000000,0.000000,0.000000,0.000000
1749017945.172999,118.949677,118.000000,88.000000,0.000000,0.000000,0.000000,0.000000,0.000000,0.000000,0.000000,0.000000
1749017945.205961,118.953464,118.000000,88.000000,0.000000,0.000000,0.000000,0.000000,0.000000,0.000000,0.000000,0.000000
1749017945.237032,119.212529,118.000000,87.000000,0.000000,0.000000,0.000000,0.000000,0.000000,0.000000,0.000000,0.000000
1749017945.268423,118.611910,118.000000,88.000000,0.000000,0.000000,0.000000,0.000000,0.000000,0.000000,0.000000,0.000000
1749017945.309397,118.970826,118.000000,88.000000,0.000000,0.000000,0.000000,0.000000,0.000000,0.000000,0.000000,0.000000
1749017945.340734,119.312022,118.000000,87.000000,0.000000,0.000000,0.000000,0.000000,0.000000,0.000000,0.000000,0.000000
1749017945.373667,119.475771,118.000000,87.000000,0.000000,0.000000,0.000000,0.000000,0.000000,0.000000,0.000000,0.000000
1749017945.409966,119.618602,118.000000,86.000000,0.000000,0.000000,0.000000,0.000000,0.000000,0.000000,0.000000,0.000000
1749017945.441980,119.547945,118.000000,86.000000,0.000000,0.000000,0.000000,0.000000,0.000000,0.000000,0.000000,0.000000
1749017945.472769,119.329243,118.000000,87.000000,0.000000,0.000000,0.000000,0.000000,0.000000,0.000000,0.000000,0.000000
1749017945.508541,119.340327,118.000000,87.000000,0.000000,0.000000,0.000000,0.000000,0.000000,0.000000,0.000000,0.000000
1749017945.542605,118.614460,118.000000,88.000000,0.000000,0.000000,0.000000,0.000000,0.000000,0.000000,0.000000,0.000000
1749017945.574949,118.999347,118.000000,88.000000,0.000000,0.000000,0.000000,0.000000,0.000000,0.000000,0.000000,0.000000
1749017945.606037,119.435019,118.000000,87.000000,0.000000,0.000000,0.000000,0.000000,0.000000,0.000000,0.000000,0.000000
1749017945.637042,119.403086,118.000000,87.000000,0.000000,0.000000,0.000000,0.000000,0.000000,0.000000,0.000000,0.000000
1749017945.669062,118.671811,118.000000,88.000000,0.000000,0.000000,0.000000,0.000000,0.000000,0.000000,0.000000,0.000000
1749017945.708465,118.384603,118.000000,89.000000,0.000000,0.000000,0.000000,0.000000,0.000000,0.000000,0.000000,0.000000
1749017945.757834,118.756972,118.000000,88.000000,0.000000,0.000000,0.000000,0.000000,0.000000,0.000000,0.000000,0.000000
1749017945.778115,119.357849,118.000000,87.000000,0.000000,0.000000,0.000000,0.000000,0.000000,0.000000,0.000000,0.000000
1749017945.810373,119.172927,118.000000,87.000000,0.000000,0.000000,0.000000,0.000000,0.000000,0.000000,0.000000,0.000000
1749017945.840926,119.502923,118.000000,86.000000,0.000000,0.000000,0.000000,0.000000,0.000000,0.000000,0.000000,0.000000
1749017945.872886,119.623824,118.000000,86.000000,0.000000,0.000000,0.000000,0.000000,0.000000,0.000000,0.000000,0.000000
1749017945.910299,119.484287,121.000000,90.000000,0.000000,0.000000,0.000000,0.000000,0.000000,0.000000,0.000000,0.000000
1749017945.942874,119.525410,121.000000,90.000000,0.000000,0.000000,0.000000,0.000000,0.000000,0.000000,0.000000,0.000000
1749017945.971415,119.374219,121.000000,90.000000,0.000000,0.000000,0.000000,0.000000,0.000000,0.000000,0.000000,0.000000
1749017946.006599,119.044160,121.000000,120.000000,0.000000,0.000000,0.000000,0.000000,0.000000,0.000000,0.000000,0.000000
1749017946.039453,119.338915,121.000000,90.000000,0.000000,0.000000,0.000000,0.000000,0.000000,0.000000,0.000000,0.000000
1749017946.071309,118.898236,121.000000,90.000000,0.000000,0.000000,0.000000,0.000000,0.000000,0.000000,0.000000,0.000000
1749017946.112653,118.876233,121.000000,90.000000,0.000000,0.000000,0.000000,0.000000,0.000000,0.000000,0.000000,0.000000
1749017946.145582,118.939411,121.000000,120.000000,0.000000,0.000000,0.000000,0.000000,0.000000,0.000000,0.000000,0.000000
1749017946.177703,119.227990,121.000000,93.000000,0.000000,0.000000,0.000000,0.000000,0.000000,0.000000,0.000000,0.000000
1749017946.212876,119.299678,121.000000,93.000000,0.000000,0.000000,0.000000,0.000000,0.000000,0.000000,0.000000,0.000000
1749017946.239385,119.424411,121.000000,93.000000,0.000000,0.000000,0.000000,0.000000,0.000000,0.000000,0.000000,0.000000
1749017946.273911,119.441937,121.000000,93.000000,0.000000,0.000000,0.000000,0.000000,0.000000,0.000000,0.000000,0.000000
1749017946.306631,119.671175,121.000000,92.000000,0.000000,0.000000,0.000000,0.000000,0.000000,0.000000,0.000000,0.000000
1749017946.335951,118.994671,121.000000,94.000000,0.000000,0.000000,0.000000,0.000000,0.000000,0.000000,0.000000,0.000000
1749017946.368512,119.214565,121.000000,93.000000,0.000000,0.000000,0.000000,0.000000,0.000000,0.000000,0.000000,0.000000
1749017946.406981,119.611293,121.000000,92.000000,0.000000,0.000000,0.000000,0.000000,0.000000,0.000000,0.000000,0.000000
1749017946.441427,119.572138,121.000000,92.000000,0.000000,0.000000,0.000000,0.000000,0.000000,0.000000,0.000000,0.000000
1749017946.474467,118.916839,121.000000,94.000000,0.000000,0.000000,0.000000,0.000000,0.000000,0.000000,0.000000,0.000000
1749017946.509582,118.816927,121.000000,94.000000,0.000000,0.000000,0.000000,0.000000,0.000000,0.000000,0.000000,0.000000
1749017946.543246,118.509650,121.000000,94.000000,0.000000,0.000000,0.000000,0.000000,0.000000,0.000000,0.000000,0.000000
1749017946.573560,117.801492,121.000000,96.000000,80.000000,80.000000,80.000000,80.000000,0.000000,0.000000,0.000000,0.000000
1749017946.609215,116.632484,121.000000,98.000000,80.000000,80.000000,80.000000,80.000000,0.000000,0.000000,0.000000,0.000000
1749017946.640831,115.684255,121.000000,100.000000,80.000000,80.000000,80.000000,80.000000,0.000000,0.000000,0.000000,0.000000
1749017946.670383,114.764775,121.000000,102.000000,80.000000,80.000000,80.000000,80.000000,0.000000,0.000000,0.000000,0.000000
1749017946.705616,114.414409,121.000000,103.000000,80.000000,80.000000,80.000000,80.000000,0.000000,0.000000,0.000000,0.000000
1749017946.737651,114.440971,121.000000,103.000000,80.000000,80.000000,80.000000,80.000000,0.000000,0.000000,0.000000,0.000000
1749017946.771962,114.763089,121.000000,102.000000,80.000000,80.000000,80.000000,80.000000,0.000000,0.000000,0.000000,0.000000
1749017946.807961,114.569504,121.000000,102.000000,80.000000,80.000000,80.000000,80.000000,0.000000,0.000000,0.000000,0.000000
1749017946.839940,114.677688,121.000000,102.000000,80.000000,80.000000,80.000000,80.000000,0.000000,0.000000,0.000000,0.000000
1749017946.872458,114.826885,121.000000,102.000000,80.000000,80.000000,80.000000,80.000000,0.000000,0.000000,0.000000,0.000000
1749017946.910446,114.861348,121.000000,102.000000,80.000000,80.000000,80.000000,80.000000,0.000000,0.000000,0.000000,0.000000
1749017946.942397,114.561786,121.000000,102.000000,80.000000,80.000000,80.000000,80.000000,0.000000,0.000000,0.000000,0.000000
1749017946.976271,114.930564,121.000000,102.000000,80.000000,80.000000,80.000000,80.000000,0.000000,0.000000,0.000000,0.000000
1749017947.010173,114.001866,121.000000,103.000000,80.000000,80.000000,80.000000,80.000000,0.000000,0.000000,0.000000,0.000000
1749017947.036910,113.109703,121.000000,105.000000,80.000000,80.000000,80.000000,80.000000,0.000000,0.000000,0.000000,0.000000
1749017947.069225,112.915914,121.000000,106.000000,80.000000,80.000000,80.000000,80.000000,0.000000,0.000000,0.000000,0.000000
1749017947.126584,112.305465,121.000000,107.000000,80.000000,80.000000,80.000000,80.000000,0.000000,0.000000,0.000000,0.000000
1749017947.144959,111.706740,121.000000,108.000000,80.000000,80.000000,80.000000,80.000000,0.000000,0.000000,0.000000,0.000000
1749017947.168434,111.426155,121.000000,109.000000,80.000000,80.000000,80.000000,80.000000,0.000000,0.000000,0.000000,0.000000
1749017947.204731,110.420503,121.000000,111.000000,80.000000,80.000000,80.000000,80.000000,0.000000,0.000000,0.000000,0.000000
1749017947.236886,110.169908,121.000000,111.000000,80.000000,80.000000,80.000000,80.000000,0.000000,0.000000,0.000000,0.000000
1749017947.267833,110.335781,121.000000,111.000000,80.000000,80.000000,80.000000,80.000000,0.000000,0.000000,0.000000,0.000000
1749017947.305091,109.767875,121.000000,112.000000,80.000000,80.000000,80.000000,80.000000,0.000000,0.000000,0.000000,0.000000
1749017947.337835,109.722378,121.000000,112.000000,80.000000,80.000000,80.000000,80.000000,0.000000,0.000000,0.000000,0.000000
1749017947.372433,109.200248,121.000000,113.000000,80.000000,80.000000,80.000000,80.000000,0.000000,0.000000,0.000000,0.000000
1749017947.409954,108.368726,121.000000,115.000000,80.000000,80.000000,80.000000,80.000000,0.000000,0.000000,0.000000,0.000000
1749017947.441184,107.972275,121.000000,116.000000,80.000000,80.000000,80.000000,80.000000,0.000000,0.000000,0.000000,0.000000
1749017947.473456,107.087258,121.000000,117.000000,80.000000,80.000000,80.000000,80.000000,0.000000,0.000000,0.000000,0.000000
1749017947.508033,106.403793,121.000000,119.000000,80.000000,80.000000,80.000000,80.000000,0.000000,0.000000,0.000000,0.000000
1749017947.541287,105.939052,121.000000,120.000000,80.000000,80.000000,80.000000,80.000000,0.000000,0.000000,0.000000,0.000000
1749017947.572854,105.026025,121.000000,121.000000,80.000000,80.000000,80.000000,80.000000,0.000000,0.000000,0.000000,0.000000
1749017947.610094,104.772408,121.000000,122.000000,80.000000,80.000000,80.000000,80.000000,0.000000,0.000000,0.000000,0.000000
1749017947.642531,104.176495,121.000000,123.000000,80.000000,80.000000,80.000000,80.000000,0.000000,0.000000,0.000000,0.000000
1749017947.673898,103.129173,121.000000,125.000000,80.000000,80.000000,80.000000,80.000000,0.000000,0.000000,0.000000,0.000000
1749017947.709802,103.169665,121.000000,125.000000,80.000000,80.000000,80.000000,80.000000,0.000000,0.000000,0.000000,0.000000
1749017947.744052,101.975818,121.000000,128.000000,80.000000,80.000000,80.000000,80.000000,0.000000,0.000000,0.000000,0.000000
1749017947.774717,100.999444,121.000000,130.000000,80.000000,80.000000,80.000000,80.000000,0.000000,0.000000,0.000000,0.000000
1749017947.812791,100.616143,121.000000,130.000000,80.000000,80.000000,80.000000,80.000000,0.000000,0.000000,0.000000,0.000000
1749017947.843923,99.716810,121.000000,132.000000,80.000000,80.000000,80.000000,80.000000,0.000000,0.000000,0.000000,0.000000
1749017947.876728,99.050782,121.000000,133.000000,80.000000,80.000000,80.000000,80.000000,0.000000,0.000000,0.000000,0.000000
1749017947.910034,98.815737,121.000000,134.000000,80.000000,80.000000,80.000000,80.000000,0.000000,0.000000,0.000000,0.000000
1749017947.938482,98.682429,121.000000,134.000000,80.000000,80.000000,80.000000,80.000000,0.000000,0.000000,0.000000,0.000000
1749017947.970879,97.551246,121.000000,136.000000,80.000000,80.000000,80.000000,80.000000,0.000000,0.000000,0.000000,0.000000
1749017948.007482,96.938038,121.000000,138.000000,80.000000,80.000000,80.000000,80.000000,0.000000,0.000000,0.000000,0.000000
1749017948.055832,96.729595,121.000000,138.000000,80.000000,80.000000,80.000000,80.000000,0.000000,0.000000,0.000000,0.000000
1749017948.076097,96.767530,121.000000,138.000000,80.000000,80.000000,80.000000,80.000000,0.000000,0.000000,0.000000,0.000000
1749017948.104151,96.477408,121.000000,139.000000,80.000000,80.000000,80.000000,80.000000,0.000000,0.000000,0.000000,0.000000
1749017948.136101,96.529143,121.000000,138.000000,80.000000,80.000000,80.000000,80.000000,0.000000,0.000000,0.000000,0.000000
1749017948.168529,96.433641,121.000000,139.000000,80.000000,80.000000,80.000000,80.000000,0.000000,0.000000,0.000000,0.000000
1749017948.206829,95.301972,121.000000,141.000000,80.000000,80.000000,80.000000,80.000000,0.000000,0.000000,0.000000,0.000000
1749017948.240479,94.703888,121.000000,142.000000,80.000000,80.000000,80.000000,80.000000,0.000000,0.000000,0.000000,0.000000
1749017948.272375,94.274273,121.000000,143.000000,80.000000,80.000000,80.000000,80.000000,0.000000,0.000000,0.000000,0.000000
1749017948.306568,93.599296,121.000000,144.000000,82.000000,82.000000,82.000000,82.000000,0.000000,0.000000,0.000000,0.000000
1749017948.338252,93.478401,121.000000,145.000000,82.000000,82.000000,82.000000,82.000000,0.000000,0.000000,0.000000,0.000000
1749017948.370800,93.311024,121.000000,145.000000,83.000000,83.000000,83.000000,83.000000,0.000000,0.000000,0.000000,0.000000
1749017948.406965,93.176546,121.000000,145.000000,83.000000,83.000000,83.000000,83.000000,0.000000,0.000000,0.000000,0.000000
1749017948.438974,93.106305,121.000000,145.000000,83.000000,83.000000,83.000000,83.000000,0.000000,0.000000,0.000000,0.000000
1749017948.473669,93.249980,121.000000,145.000000,83.000000,83.000000,83.000000,83.000000,0.000000,0.000000,0.000000,0.000000
1749017948.526554,93.176185,121.000000,145.000000,83.000000,83.000000,83.000000,83.000000,0.000000,0.000000,0.000000,0.000000
1749017948.545853,93.242968,121.000000,145.000000,83.000000,83.000000,83.000000,83.000000,0.000000,0.000000,0.000000,0.000000
1749017948.568449,93.301966,121.000000,145.000000,83.000000,83.000000,83.000000,83.000000,0.000000,0.000000,0.000000,0.000000
1749017948.605464,94.082364,121.000000,143.000000,80.000000,80.000000,80.000000,80.000000,0.000000,0.000000,0.000000,0.000000
1749017948.636997,94.549896,121.000000,142.000000,80.000000,80.000000,80.000000,80.000000,0.000000,0.000000,0.000000,0.000000
1749017948.668445,95.064677,121.000000,141.000000,80.000000,80.000000,80.000000,80.000000,0.000000,0.000000,0.000000,0.000000
1749017948.708314,95.722582,121.000000,140.000000,80.000000,80.000000,80.000000,80.000000,0.000000,0.000000,0.000000,0.000000
1749017948.738901,96.892766,121.000000,138.000000,80.000000,80.000000,80.000000,80.000000,0.000000,0.000000,0.000000,0.000000
1749017948.771446,97.440504,121.000000,137.000000,80.000000,80.000000,80.000000,80.000000,0.000000,0.000000,0.000000,0.000000
1749017948.809830,97.571531,121.000000,136.000000,80.000000,80.000000,80.000000,80.000000,0.000000,0.000000,0.000000,0.000000
1749017948.841050,97.907879,121.000000,136.000000,80.000000,80.000000,80.000000,80.000000,0.000000,0.000000,0.000000,0.000000
1749017948.873125,99.487968,121.000000,133.000000,80.000000,80.000000,80.000000,80.000000,0.000000,0.000000,0.000000,0.000000
1749017948.908716,101.222284,121.000000,129.000000,80.000000,80.000000,80.000000,80.000000,0.000000,0.000000,0.000000,0.000000
1749017948.942439,101.419736,121.000000,129.000000,80.000000,80.000000,80.000000,80.000000,0.000000,0.000000,0.000000,0.000000
1749017948.971563,101.723850,121.000000,128.000000,80.000000,80.000000,80.000000,80.000000,0.000000,0.000000,0.000000,0.000000
1749017949.006004,102.346179,121.000000,127.000000,80.000000,80.000000,80.000000,80.000000,0.000000,0.000000,0.000000,0.000000
1749017949.037922,103.174641,121.000000,125.000000,80.000000,80.000000,80.000000,80.000000,0.000000,0.000000,0.000000,0.000000
1749017949.071833,103.799849,121.000000,124.000000,80.000000,80.000000,80.000000,80.000000,0.000000,0.000000,0.000000,0.000000
1749017949.111470,103.880550,121.000000,124.000000,80.000000,80.000000,80.000000,80.000000,0.000000,0.000000,0.000000,0.000000
1749017949.143815,104.152834,121.000000,123.000000,80.000000,80.000000,80.000000,80.000000,0.000000,0.000000,0.000000,0.000000
1749017949.175467,105.351126,121.000000,121.000000,80.000000,80.000000,80.000000,80.000000,0.000000,0.000000,0.000000,0.000000
1749017949.206541,106.645772,121.000000,118.000000,80.000000,80.000000,80.000000,80.000000,0.000000,0.000000,0.000000,0.000000
1749017949.238940,107.280178,121.000000,117.000000,80.000000,80.000000,80.000000,80.000000,0.000000,0.000000,0.000000,0.000000
1749017949.299786,107.361919,121.000000,117.000000,80.000000,80.000000,80.000000,80.000000,0.000000,0.000000,0.000000,0.000000
1749017949.344866,107.362586,121.000000,117.000000,80.000000,80.000000,80.000000,80.000000,0.000000,0.000000,0.000000,0.000000
1749017949.370721,108.792637,121.000000,114.000000,80.000000,80.000000,80.000000,80.000000,0.000000,0.000000,0.000000,0.000000
1749017949.391647,109.916318,121.000000,112.000000,80.000000,80.000000,80.000000,80.000000,0.000000,0.000000,0.000000,0.000000
1749017949.414936,110.148915,121.000000,111.000000,80.000000,80.000000,80.000000,80.000000,0.000000,0.000000,0.000000,0.000000
1749017949.440720,110.354734,121.000000,111.000000,80.000000,80.000000,80.000000,80.000000,0.000000,0.000000,0.000000,0.000000
1749017949.470628,110.872634,121.000000,110.000000,80.000000,80.000000,80.000000,80.000000,0.000000,0.000000,0.000000,0.000000
1749017949.531529,111.973389,121.000000,108.000000,80.000000,80.000000,80.000000,80.000000,0.000000,0.000000,0.000000,0.000000
1749017949.575634,112.254233,121.000000,107.000000,80.000000,80.000000,80.000000,80.000000,0.000000,0.000000,0.000000,0.000000
1749017949.618640,112.732001,121.000000,106.000000,80.000000,80.000000,80.000000,80.000000,0.000000,0.000000,0.000000,0.000000
1749017949.656781,114.018233,121.000000,103.000000,80.000000,80.000000,80.000000,80.000000,0.000000,0.000000,0.000000,0.000000
1749017949.680348,115.343504,121.000000,101.000000,80.000000,80.000000,80.000000,80.000000,0.000000,0.000000,0.000000,0.000000
1749017949.701017,116.360525,121.000000,99.000000,80.000000,80.000000,80.000000,80.000000,0.000000,0.000000,0.000000,0.000000
1749017949.726113,116.976444,121.000000,98.000000,80.000000,80.000000,80.000000,80.000000,0.000000,0.000000,0.000000,0.000000
1749017949.750691,117.337530,121.000000,97.000000,80.000000,80.000000,80.000000,80.000000,0.000000,0.000000,0.000000,0.000000
1749017949.777553,116.714567,121.000000,98.000000,80.000000,80.000000,80.000000,80.000000,0.000000,0.000000,0.000000,0.000000
1749017949.805634,117.391432,121.000000,97.000000,80.000000,80.000000,80.000000,80.000000,0.000000,0.000000,0.000000,0.000000
1749017949.837807,118.220904,121.000000,95.000000,80.000000,80.000000,80.000000,80.000000,0.000000,0.000000,0.000000,0.000000
1749017949.871744,118.098364,121.000000,95.000000,80.000000,80.000000,80.000000,80.000000,0.000000,0.000000,0.000000,0.000000
1749017949.911474,117.638224,121.000000,96.000000,80.000000,80.000000,80.000000,80.000000,0.000000,0.000000,0.000000,0.000000
1749017949.944929,117.260136,121.000000,97.000000,80.000000,80.000000,80.000000,80.000000,0.000000,0.000000,0.000000,0.000000
1749017949.975977,117.848730,121.000000,96.000000,80.000000,80.000000,80.000000,80.000000,0.000000,0.000000,0.000000,0.000000
1749017950.012427,118.183899,121.000000,95.000000,80.000000,80.000000,80.000000,80.000000,0.000000,0.000000,0.000000,0.000000
1749017950.044817,119.486997,121.000000,93.000000,0.000000,0.000000,0.000000,0.000000,0.000000,0.000000,0.000000,0.000000
1749017950.076620,120.268882,121.000000,91.000000,0.000000,0.000000,0.000000,0.000000,0.000000,0.000000,0.000000,0.000000
1749017950.112191,120.044568,121.000000,91.000000,0.000000,0.000000,0.000000,0.000000,0.000000,0.000000,0.000000,0.000000
1749017950.143746,120.526462,121.000000,90.000000,0.000000,0.000000,0.000000,0.000000,0.000000,0.000000,0.000000,0.000000
1749017950.173718,120.626955,121.000000,90.000000,0.000000,0.000000,0.000000,0.000000,0.000000,0.000000,0.000000,0.000000
1749017950.235823,121.215003,121.000000,89.000000,0.000000,0.000000,0.000000,0.000000,0.000000,0.000000,0.000000,0.000000
1749017950.275311,121.206735,121.000000,89.000000,0.000000,0.000000,0.000000,0.000000,0.000000,0.000000,0.000000,0.000000
1749017950.301661,121.568436,121.000000,88.000000,0.000000,0.000000,0.000000,0.000000,0.000000,0.000000,0.000000,0.000000
1749017950.328018,121.843284,121.000000,88.000000,0.000000,0.000000,0.000000,0.000000,0.000000,0.000000,0.000000,0.000000
1749017950.351378,122.005521,121.000000,87.000000,0.000000,0.000000,0.000000,0.000000,0.000000,0.000000,0.000000,0.000000
1749017950.375477,121.957607,121.000000,88.000000,0.000000,0.000000,0.000000,0.000000,0.000000,0.000000,0.000000,0.000000
1749017950.410945,122.028949,121.000000,87.000000,0.000000,0.000000,0.000000,0.000000,0.000000,0.000000,0.000000,0.000000
1749017950.442812,122.986613,121.000000,86.000000,0.000000,0.000000,0.000000,0.000000,0.000000,0.000000,0.000000,0.000000
1749017950.474653,123.761663,121.000000,84.000000,0.000000,0.000000,0.000000,0.000000,120.000000,120.000000,120.000000,120.000000
1749017950.515300,124.711679,121.000000,82.000000,0.000000,0.000000,0.000000,0.000000,120.000000,120.000000,120.000000,120.000000
1749017950.547929,124.112964,121.000000,83.000000,0.000000,0.000000,0.000000,0.000000,120.000000,120.000000,120.000000,120.000000
1749017950.579232,123.937679,121.000000,84.000000,0.000000,0.000000,0.000000,0.000000,120.000000,120.000000,120.000000,120.000000
1749017950.615591,124.265227,121.000000,83.000000,0.000000,0.000000,0.000000,0.000000,120.000000,120.000000,120.000000,120.000000
1749017950.648569,124.146685,121.000000,83.000000,0.000000,0.000000,0.000000,0.000000,120.000000,120.000000,120.000000,120.000000
1749017950.681643,123.890518,121.000000,84.000000,0.000000,0.000000,0.000000,0.000000,120.000000,120.000000,120.000000,120.000000
1749017950.715937,123.715512,121.000000,84.000000,0.000000,0.000000,0.000000,0.000000,120.000000,120.000000,120.000000,120.000000
1749017950.747047,124.408980,121.000000,83.000000,0.000000,0.000000,0.000000,0.000000,120.000000,120.000000,120.000000,120.000000
1749017950.778099,124.139924,121.000000,83.000000,0.000000,0.000000,0.000000,0.000000,120.000000,120.000000,120.000000,120.000000
1749017950.813830,124.267342,121.000000,83.000000,0.000000,0.000000,0.000000,0.000000,120.000000,120.000000,120.000000,120.000000
1749017950.846950,124.329227,121.000000,83.000000,0.000000,0.000000,0.000000,0.000000,120.000000,120.000000,120.000000,120.000000
1749017950.879197,124.354454,121.000000,83.000000,0.000000,0.000000,0.000000,0.000000,120.000000,120.000000,120.000000,120.000000
1749017950.915751,124.480017,121.000000,83.000000,0.000000,0.000000,0.000000,0.000000,120.000000,120.000000,120.000000,120.000000
1749017950.948506,124.557925,121.000000,82.000000,0.000000,0.000000,0.000000,0.000000,120.000000,120.000000,120.000000,120.000000
1749017950.981511,123.690352,121.000000,84.000000,0.000000,0.000000,0.000000,0.000000,120.000000,120.000000,120.000000,120.000000
1749017951.015706,122.369316,121.000000,87.000000,0.000000,0.000000,0.000000,0.000000,0.000000,0.000000,0.000000,0.000000
1749017951.050105,121.611764,121.000000,88.000000,0.000000,0.000000,0.000000,0.000000,0.000000,0.000000,0.000000,0.000000
1749017951.081839,121.458853,121.000000,89.000000,0.000000,0.000000,0.000000,0.000000,0.000000,0.000000,0.000000,0.000000
1749017951.118432,121.413336,121.000000,89.000000,0.000000,0.000000,0.000000,0.000000,0.000000,0.000000,0.000000,0.000000
1749017951.146883,121.145259,121.000000,89.000000,0.000000,0.000000,0.000000,0.000000,0.000000,0.000000,0.000000,0.000000
1749017951.179896,121.374078,121.000000,89.000000,0.000000,0.000000,0.000000,0.000000,0.000000,0.000000,0.000000,0.000000
1749017951.215717,121.438883,121.000000,89.000000,0.000000,0.000000,0.000000,0.000000,0.000000,0.000000,0.000000,0.000000
1749017951.246071,120.645425,121.000000,90.000000,0.000000,0.000000,0.000000,0.000000,0.000000,0.000000,0.000000,0.000000
1749017951.279972,120.629806,105.000000,90.000000,0.000000,0.000000,0.000000,0.000000,0.000000,0.000000,0.000000,0.000000
1749017951.314787,120.867770,105.000000,90.000000,0.000000,0.000000,0.000000,0.000000,0.000000,0.000000,0.000000,0.000000
1749017951.347738,121.125006,105.000000,90.000000,0.000000,0.000000,0.000000,0.000000,0.000000,0.000000,0.000000,0.000000
1749017951.379345,120.534006,105.000000,120.000000,0.000000,0.000000,0.000000,0.000000,0.000000,0.000000,0.000000,0.000000
1749017951.415902,120.204512,105.000000,90.000000,0.000000,0.000000,0.000000,0.000000,0.000000,0.000000,0.000000,0.000000
1749017951.448610,119.468944,105.000000,90.000000,0.000000,0.000000,0.000000,0.000000,0.000000,0.000000,0.000000,0.000000
1749017951.481930,119.341180,105.000000,90.000000,0.000000,0.000000,0.000000,0.000000,0.000000,0.000000,0.000000,0.000000
1749017951.515875,118.496359,105.000000,120.000000,0.000000,0.000000,0.000000,0.000000,0.000000,0.000000,0.000000,0.000000
1749017951.547853,118.441302,105.000000,63.000000,0.000000,0.000000,0.000000,0.000000,120.000000,120.000000,120.000000,120.000000
1749017951.580097,118.499673,105.000000,63.000000,0.000000,0.000000,0.000000,0.000000,120.000000,120.000000,120.000000,120.000000
1749017951.615701,119.009793,105.000000,61.000000,0.000000,0.000000,0.000000,0.000000,120.000000,120.000000,120.000000,120.000000
1749017951.647025,119.081354,105.000000,61.000000,0.000000,0.000000,0.000000,0.000000,120.000000,120.000000,120.000000,120.000000
1749017951.679896,118.960858,105.000000,62.000000,0.000000,0.000000,0.000000,0.000000,120.000000,120.000000,120.000000,120.000000
1749017951.714864,118.133413,105.000000,63.000000,0.000000,0.000000,0.000000,0.000000,120.000000,120.000000,120.000000,120.000000
1749017951.747600,118.340848,105.000000,63.000000,0.000000,0.000000,0.000000,0.000000,120.000000,120.000000,120.000000,120.000000
1749017951.779023,118.074980,105.000000,63.000000,0.000000,0.000000,0.000000,0.000000,120.000000,120.000000,120.000000,120.000000
1749017951.814329,117.907384,105.000000,64.000000,0.000000,0.000000,0.000000,0.000000,120.000000,120.000000,120.000000,120.000000
1749017951.849663,117.625345,105.000000,64.000000,0.000000,0.000000,0.000000,0.000000,120.000000,120.000000,120.000000,120.000000
1749017951.882456,117.999304,105.000000,64.000000,0.000000,0.000000,0.000000,0.000000,120.000000,120.000000,120.000000,120.000000
1749017951.908816,117.856461,105.000000,64.000000,0.000000,0.000000,0.000000,0.000000,120.000000,120.000000,120.000000,120.000000
1749017951.940057,117.594946,105.000000,64.000000,0.000000,0.000000,0.000000,0.000000,120.000000,120.000000,120.000000,120.000000
1749017951.973503,117.617993,105.000000,64.000000,0.000000,0.000000,0.000000,0.000000,120.000000,120.000000,120.000000,120.000000
1749017952.015843,117.842287,105.000000,64.000000,0.000000,0.000000,0.000000,0.000000,120.000000,120.000000,120.000000,120.000000
1749017952.047844,117.733818,105.000000,64.000000,0.000000,0.000000,0.000000,0.000000,120.000000,120.000000,120.000000,120.000000
1749017952.081724,118.213641,105.000000,63.000000,0.000000,0.000000,0.000000,0.000000,120.000000,120.000000,120.000000,120.000000
1749017952.116772,118.631440,105.000000,62.000000,0.000000,0.000000,0.000000,0.000000,120.000000,120.000000,120.000000,120.000000
1749017952.149096,119.370147,105.000000,61.000000,0.000000,0.000000,0.000000,0.000000,120.000000,120.000000,120.000000,120.000000
1749017952.176033,118.722725,105.000000,62.000000,0.000000,0.000000,0.000000,0.000000,120.000000,120.000000,120.000000,120.000000
1749017952.211839,118.486506,105.000000,63.000000,0.000000,0.000000,0.000000,0.000000,120.000000,120.000000,120.000000,120.000000
1749017952.243001,118.396210,105.000000,63.000000,0.000000,0.000000,0.000000,0.000000,120.000000,120.000000,120.000000,120.000000
1749017952.275809,119.044153,105.000000,61.000000,0.000000,0.000000,0.000000,0.000000,120.000000,120.000000,120.000000,120.000000
1749017952.311732,119.410673,105.000000,61.000000,0.000000,0.000000,0.000000,0.000000,120.000000,120.000000,120.000000,120.000000
1749017952.343881,120.015489,105.000000,59.000000,0.000000,0.000000,0.000000,0.000000,120.000000,120.000000,120.000000,120.000000
1749017952.375599,120.605122,105.000000,58.000000,0.000000,0.000000,0.000000,0.000000,124.000000,124.000000,124.000000,124.000000
1749017952.411772,121.241336,105.000000,57.000000,0.000000,0.000000,0.000000,0.000000,129.000000,129.000000,129.000000,129.000000
1749017952.443871,122.130236,105.000000,55.000000,0.000000,0.000000,0.000000,0.000000,137.000000,137.000000,137.000000,137.000000
1749017952.475776,121.870782,105.000000,56.000000,0.000000,0.000000,0.000000,0.000000,134.000000,134.000000,134.000000,134.000000
1749017952.512625,121.454120,105.000000,57.000000,0.000000,0.000000,0.000000,0.000000,131.000000,131.000000,131.000000,131.000000
1749017952.544003,120.935279,105.000000,58.000000,0.000000,0.000000,0.000000,0.000000,127.000000,127.000000,127.000000,127.000000
1749017952.574769,120.116924,105.000000,59.000000,0.000000,0.000000,0.000000,0.000000,120.000000,120.000000,120.000000,120.000000
1749017952.608575,119.803692,105.000000,60.000000,0.000000,0.000000,0.000000,0.000000,120.000000,120.000000,120.000000,120.000000
1749017952.639874,119.462501,105.000000,61.000000,0.000000,0.000000,0.000000,0.000000,120.000000,120.000000,120.000000,120.000000
1749017952.673495,118.825926,105.000000,62.000000,0.000000,0.000000,0.000000,0.000000,120.000000,120.000000,120.000000,120.000000
1749017952.709982,118.035998,105.000000,63.000000,0.000000,0.000000,0.000000,0.000000,120.000000,120.000000,120.000000,120.000000
1749017952.742091,117.767100,105.000000,64.000000,0.000000,0.000000,0.000000,0.000000,120.000000,120.000000,120.000000,120.000000
1749017952.773480,117.490706,105.000000,65.000000,0.000000,0.000000,0.000000,0.000000,120.000000,120.000000,120.000000,120.000000
1749017952.805476,116.657688,105.000000,66.000000,0.000000,0.000000,0.000000,0.000000,120.000000,120.000000,120.000000,120.000000
1749017952.837316,116.160315,105.000000,67.000000,0.000000,0.000000,0.000000,0.000000,120.000000,120.000000,120.000000,120.000000
1749017952.868865,115.548404,105.000000,68.000000,0.000000,0.000000,0.000000,0.000000,120.000000,120.000000,120.000000,120.000000
1749017952.904698,115.041142,105.000000,69.000000,0.000000,0.000000,0.000000,0.000000,120.000000,120.000000,120.000000,120.000000
1749017952.935816,114.528269,105.000000,70.000000,0.000000,0.000000,0.000000,0.000000,120.000000,120.000000,120.000000,120.000000
1749017952.987831,113.799580,105.000000,72.000000,0.000000,0.000000,0.000000,0.000000,120.000000,120.000000,120.000000,120.000000
1749017953.007251,112.986873,105.000000,74.000000,0.000000,0.000000,0.000000,0.000000,120.000000,120.000000,120.000000,120.000000
1749017953.036234,112.154214,105.000000,75.000000,0.000000,0.000000,0.000000,0.000000,120.000000,120.000000,120.000000,120.000000
1749017953.068568,111.246171,105.000000,77.000000,0.000000,0.000000,0.000000,0.000000,120.000000,120.000000,120.000000,120.000000
1749017953.110381,110.033449,105.000000,79.000000,0.000000,0.000000,0.000000,0.000000,120.000000,120.000000,120.000000,120.000000
1749017953.141985,109.128272,105.000000,81.000000,0.000000,0.000000,0.000000,0.000000,120.000000,120.000000,120.000000,120.000000
1749017953.171752,108.459280,105.000000,83.000000,0.000000,0.000000,0.000000,0.000000,120.000000,120.000000,120.000000,120.000000
1749017953.208249,107.976726,105.000000,84.000000,0.000000,0.000000,0.000000,0.000000,120.000000,120.000000,120.000000,120.000000
1749017953.239464,107.194531,105.000000,85.000000,0.000000,0.000000,0.000000,0.000000,0.000000,0.000000,0.000000,0.000000
1749017953.271564,106.644425,105.000000,86.000000,0.000000,0.000000,0.000000,0.000000,0.000000,0.000000,0.000000,0.000000
1749017953.307339,106.161084,105.000000,87.000000,0.000000,0.000000,0.000000,0.000000,0.000000,0.000000,0.000000,0.000000
1749017953.343584,104.860200,105.000000,90.000000,0.000000,0.000000,0.000000,0.000000,0.000000,0.000000,0.000000,0.000000
1749017953.374905,103.781873,105.000000,92.000000,0.000000,0.000000,0.000000,0.000000,0.000000,0.000000,0.000000,0.000000
1749017953.409584,102.729396,105.000000,94.000000,0.000000,0.000000,0.000000,0.000000,0.000000,0.000000,0.000000,0.000000
1749017953.440365,101.996388,105.000000,96.000000,80.000000,80.000000,80.000000,80.000000,0.000000,0.000000,0.000000,0.000000
1749017953.474235,101.847974,105.000000,96.000000,80.000000,80.000000,80.000000,80.000000,0.000000,0.000000,0.000000,0.000000
1749017953.507965,100.594314,105.000000,98.000000,80.000000,80.000000,80.000000,80.000000,0.000000,0.000000,0.000000,0.000000
1749017953.538570,98.942748,105.000000,102.000000,80.000000,80.000000,80.000000,80.000000,0.000000,0.000000,0.000000,0.000000
1749017953.569229,97.996752,105.000000,104.000000,80.000000,80.000000,80.000000,80.000000,0.000000,0.000000,0.000000,0.000000
1749017953.609284,98.069249,105.000000,103.000000,80.000000,80.000000,80.000000,80.000000,0.000000,0.000000,0.000000,0.000000
1749017953.640616,97.864986,105.000000,104.000000,80.000000,80.000000,80.000000,80.000000,0.000000,0.000000,0.000000,0.000000
1749017953.673237,97.342124,105.000000,105.000000,80.000000,80.000000,80.000000,80.000000,0.000000,0.000000,0.000000,0.000000
1749017953.709213,96.938958,105.000000,106.000000,80.000000,80.000000,80.000000,80.000000,0.000000,0.000000,0.000000,0.000000
1749017953.741874,96.656560,105.000000,106.000000,80.000000,80.000000,80.000000,80.000000,0.000000,0.000000,0.000000,0.000000
1749017953.772644,96.103853,105.000000,107.000000,80.000000,80.000000,80.000000,80.000000,0.000000,0.000000,0.000000,0.000000
1749017953.833838,95.326162,105.000000,109.000000,80.000000,80.000000,80.000000,80.000000,0.000000,0.000000,0.000000,0.000000
1749017953.882048,94.549405,105.000000,110.000000,80.000000,80.000000,80.000000,80.000000,0.000000,0.000000,0.000000,0.000000
1749017953.923983,94.445981,105.000000,111.000000,80.000000,80.000000,80.000000,80.000000,0.000000,0.000000,0.000000,0.000000
1749017953.956322,94.505797,105.000000,110.000000,80.000000,80.000000,80.000000,80.000000,0.000000,0.000000,0.000000,0.000000
1749017953.988881,94.260938,105.000000,111.000000,80.000000,80.000000,80.000000,80.000000,0.000000,0.000000,0.000000,0.000000
1749017954.019306,93.743672,105.000000,112.000000,80.000000,80.000000,80.000000,80.000000,0.000000,0.000000,0.000000,0.000000
1749017954.051094,93.598371,105.000000,112.000000,80.000000,80.000000,80.000000,80.000000,0.000000,0.000000,0.000000,0.000000
1749017954.083506,94.311380,105.000000,111.000000,80.000000,80.000000,80.000000,80.000000,0.000000,0.000000,0.000000,0.000000
1749017954.115741,94.862785,105.000000,110.000000,80.000000,80.000000,80.000000,80.000000,0.000000,0.000000,0.000000,0.000000
1749017954.146178,94.539486,105.000000,110.000000,80.000000,80.000000,80.000000,80.000000,0.000000,0.000000,0.000000,0.000000
1749017954.178103,95.451347,105.000000,109.000000,80.000000,80.000000,80.000000,80.000000,0.000000,0.000000,0.000000,0.000000
1749017954.208547,96.830046,105.000000,106.000000,80.000000,80.000000,80.000000,80.000000,0.000000,0.000000,0.000000,0.000000
1749017954.240129,97.849185,105.000000,104.000000,80.000000,80.000000,80.000000,80.000000,0.000000,0.000000,0.000000,0.000000
1749017954.273937,98.557861,105.000000,102.000000,80.000000,80.000000,80.000000,80.000000,0.000000,0.000000,0.000000,0.000000
1749017954.308217,98.194149,105.000000,103.000000,80.000000,80.000000,80.000000,80.000000,0.000000,0.000000,0.000000,0.000000
1749017954.343555,98.502219,105.000000,102.000000,80.000000,80.000000,80.000000,80.000000,0.000000,0.000000,0.000000,0.000000
1749017954.376277,99.845044,105.000000,100.000000,80.000000,80.000000,80.000000,80.000000,0.000000,0.000000,0.000000,0.000000
1749017954.406112,100.865714,105.000000,98.000000,80.000000,80.000000,80.000000,80.000000,0.000000,0.000000,0.000000,0.000000
1749017954.438162,100.501520,105.000000,98.000000,80.000000,80.000000,80.000000,80.000000,0.000000,0.000000,0.000000,0.000000
1749017954.468184,100.218990,105.000000,99.000000,80.000000,80.000000,80.000000,80.000000,0.000000,0.000000,0.000000,0.000000
1749017954.497933,100.683229,105.000000,98.000000,80.000000,80.000000,80.000000,80.000000,0.000000,0.000000,0.000000,0.000000
1749017954.527925,101.586046,105.000000,96.000000,80.000000,80.000000,80.000000,80.000000,0.000000,0.000000,0.000000,0.000000
1749017954.558477,102.416498,105.000000,95.000000,80.000000,80.000000,80.000000,80.000000,0.000000,0.000000,0.000000,0.000000
1749017954.589733,102.900663,105.000000,94.000000,0.000000,0.000000,0.000000,0.000000,0.000000,0.000000,0.000000,0.000000
1749017954.620523,103.559205,105.000000,92.000000,0.000000,0.000000,0.000000,0.000000,0.000000,0.000000,0.000000,0.000000
1749017954.649752,103.953638,105.000000,92.000000,0.000000,0.000000,0.000000,0.000000,0.000000,0.000000,0.000000,0.000000
1749017954.684090,104.353477,105.000000,91.000000,0.000000,0.000000,0.000000,0.000000,0.000000,0.000000,0.000000,0.000000
1749017954.717774,104.956598,105.000000,90.000000,0.000000,0.000000,0.000000,0.000000,0.000000,0.000000,0.000000,0.000000
1749017954.751940,105.319354,105.000000,89.000000,0.000000,0.000000,0.000000,0.000000,0.000000,0.000000,0.000000,0.000000
1749017954.782717,105.849360,105.000000,88.000000,0.000000,0.000000,0.000000,0.000000,0.000000,0.000000,0.000000,0.000000
1749017954.818680,106.240860,105.000000,87.000000,0.000000,0.000000,0.000000,0.000000,0.000000,0.000000,0.000000,0.000000
1749017954.850914,106.577686,105.000000,86.000000,0.000000,0.000000,0.000000,0.000000,0.000000,0.000000,0.000000,0.000000
1749017954.884456,106.725375,105.000000,86.000000,0.000000,0.000000,0.000000,0.000000,0.000000,0.000000,0.000000,0.000000
1749017954.917983,107.552991,105.000000,84.000000,0.000000,0.000000,0.000000,0.000000,120.000000,120.000000,120.000000,120.000000
1749017954.950876,108.293569,105.000000,83.000000,0.000000,0.000000,0.000000,0.000000,120.000000,120.000000,120.000000,120.000000
1749017954.981594,108.582143,105.000000,82.000000,0.000000,0.000000,0.000000,0.000000,120.000000,120.000000,120.000000,120.000000
1749017955.020125,108.621610,105.000000,82.000000,0.000000,0.000000,0.000000,0.000000,120.000000,120.000000,120.000000,120.000000
1749017955.051296,108.523140,105.000000,82.000000,0.000000,0.000000,0.000000,0.000000,120.000000,120.000000,120.000000,120.000000
1749017955.083102,108.267523,105.000000,83.000000,0.000000,0.000000,0.000000,0.000000,120.000000,120.000000,120.000000,120.000000
1749017955.118984,108.182043,105.000000,83.000000,0.000000,0.000000,0.000000,0.000000,120.000000,120.000000,120.000000,120.000000
1749017955.151346,108.201640,105.000000,83.000000,0.000000,0.000000,0.000000,0.000000,120.000000,120.000000,120.000000,120.000000
1749017955.183180,108.361544,105.000000,83.000000,0.000000,0.000000,0.000000,0.000000,120.000000,120.000000,120.000000,120.000000
1749017955.222111,108.333482,105.000000,83.000000,0.000000,0.000000,0.000000,0.000000,120.000000,120.000000,120.000000,120.000000
1749017955.254749,108.310324,105.000000,83.000000,0.000000,0.000000,0.000000,0.000000,120.000000,120.000000,120.000000,120.000000
1749017955.281561,108.417080,105.000000,83.000000,0.000000,0.000000,0.000000,0.000000,120.000000,120.000000,120.000000,120.000000
1749017955.313184,108.242646,105.000000,83.000000,0.000000,0.000000,0.000000,0.000000,120.000000,120.000000,120.000000,120.000000
1749017955.343748,108.849149,105.000000,82.000000,0.000000,0.000000,0.000000,0.000000,120.000000,120.000000,120.000000,120.000000
1749017955.375466,109.332265,105.000000,81.000000,0.000000,0.000000,0.000000,0.000000,120.000000,120.000000,120.000000,120.000000
1749017955.413003,109.581463,105.000000,80.000000,0.000000,0.000000,0.000000,0.000000,120.000000,120.000000,120.000000,120.000000
1749017955.445552,109.417972,105.000000,81.000000,0.000000,0.000000,0.000000,0.000000,120.000000,120.000000,120.000000,120.000000
1749017955.476097,109.024564,105.000000,81.000000,0.000000,0.000000,0.000000,0.000000,120.000000,120.000000,120.000000,120.000000
1749017955.512960,108.986342,105.000000,82.000000,0.000000,0.000000,0.000000,0.000000,120.000000,120.000000,120.000000,120.000000
1749017955.545021,108.945722,105.000000,82.000000,0.000000,0.000000,0.000000,0.000000,120.000000,120.000000,120.000000,120.000000
1749017955.576718,108.899704,105.000000,82.000000,0.000000,0.000000,0.000000,0.000000,120.000000,120.000000,120.000000,120.000000
1749017955.613554,108.443135,105.000000,83.000000,0.000000,0.000000,0.000000,0.000000,120.000000,120.000000,120.000000,120.000000
1749017955.646167,107.959820,105.000000,84.000000,0.000000,0.000000,0.000000,0.000000,120.000000,120.000000,120.000000,120.000000
1749017955.678890,107.098944,105.000000,85.000000,0.000000,0.000000,0.000000,0.000000,0.000000,0.000000,0.000000,0.000000
1749017955.711990,106.567955,105.000000,86.000000,0.000000,0.000000,0.000000,0.000000,0.000000,0.000000,0.000000,0.000000
1749017955.744176,106.604229,105.000000,86.000000,0.000000,0.000000,0.000000,0.000000,0.000000,0.000000,0.000000,0.000000
1749017955.776177,106.268731,105.000000,87.000000,0.000000,0.000000,0.000000,0.000000,0.000000,0.000000,0.000000,0.000000
1749017955.812652,106.400869,105.000000,87.000000,0.000000,0.000000,0.000000,0.000000,0.000000,0.000000,0.000000,0.000000
1749017955.845317,106.364344,105.000000,87.000000,0.000000,0.000000,0.000000,0.000000,0.000000,0.000000,0.000000,0.000000
1749017955.877116,106.111638,105.000000,87.000000,0.000000,0.000000,0.000000,0.000000,0.000000,0.000000,0.000000,0.000000
1749017955.912658,105.774449,105.000000,88.000000,0.000000,0.000000,0.000000,0.000000,0.000000,0.000000,0.000000,0.000000
1749017955.945888,105.225585,105.000000,89.000000,0.000000,0.000000,0.000000,0.000000,0.000000,0.000000,0.000000,0.000000
1749017955.977025,105.177378,105.000000,89.000000,0.000000,0.000000,0.000000,0.000000,0.000000,0.000000,0.000000,0.000000
1749017956.014984,104.811879,105.000000,90.000000,0.000000,0.000000,0.000000,0.000000,0.000000,0.000000,0.000000,0.000000
1749017956.046817,104.880665,105.000000,90.000000,0.000000,0.000000,0.000000,0.000000,0.000000,0.000000,0.000000,0.000000
1749017956.078145,105.108459,105.000000,89.000000,0.000000,0.000000,0.000000,0.000000,0.000000,0.000000,0.000000,0.000000
1749017956.112681,104.798828,105.000000,90.000000,0.000000,0.000000,0.000000,0.000000,0.000000,0.000000,0.000000,0.000000
1749017956.143713,104.497629,105.000000,91.000000,0.000000,0.000000,0.000000,0.000000,0.000000,0.000000,0.000000,0.000000
1749017956.175652,104.484201,105.000000,91.000000,0.000000,0.000000,0.000000,0.000000,0.000000,0.000000,0.000000,0.000000
1749017956.214116,104.545664,105.000000,90.000000,0.000000,0.000000,0.000000,0.000000,0.000000,0.000000,0.000000,0.000000
1749017956.245682,104.368152,105.000000,91.000000,0.000000,0.000000,0.000000,0.000000,0.000000,0.000000,0.000000,0.000000
1749017956.277913,104.667083,105.000000,90.000000,0.000000,0.000000,0.000000,0.000000,0.000000,0.000000,0.000000,0.000000
1749017956.313653,103.532427,105.000000,92.000000,0.000000,0.000000,0.000000,0.000000,0.000000,0.000000,0.000000,0.000000
1749017956.345062,103.144207,105.000000,93.000000,0.000000,0.000000,0.000000,0.000000,0.000000,0.000000,0.000000,0.000000
1749017956.378466,104.077527,105.000000,91.000000,0.000000,0.000000,0.000000,0.000000,0.000000,0.000000,0.000000,0.000000
1749017956.414963,103.776691,105.000000,92.000000,0.000000,0.000000,0.000000,0.000000,0.000000,0.000000,0.000000,0.000000
1749017956.448026,103.306803,105.000000,93.000000,0.000000,0.000000,0.000000,0.000000,0.000000,0.000000,0.000000,0.000000
1749017956.477561,103.736092,105.000000,92.000000,0.000000,0.000000,0.000000,0.000000,0.000000,0.000000,0.000000,0.000000
1749017956.512731,104.316400,99.000000,90.000000,0.000000,0.000000,0.000000,0.000000,0.000000,0.000000,0.000000,0.000000
1749017956.546314,104.049310,99.000000,90.000000,0.000000,0.000000,0.000000,0.000000,0.000000,0.000000,0.000000,0.000000
1749017956.575828,103.146483,99.000000,90.000000,0.000000,0.000000,0.000000,0.000000,0.000000,0.000000,0.000000,0.000000
1749017956.613415,103.394022,99.000000,120.000000,0.000000,0.000000,0.000000,0.000000,0.000000,0.000000,0.000000,0.000000
1749017956.644118,103.743506,99.000000,90.000000,0.000000,0.000000,0.000000,0.000000,0.000000,0.000000,0.000000,0.000000
1749017956.676234,103.950750,99.000000,90.000000,0.000000,0.000000,0.000000,0.000000,0.000000,0.000000,0.000000,0.000000
1749017956.712368,103.997868,99.000000,90.000000,0.000000,0.000000,0.000000,0.000000,0.000000,0.000000,0.000000,0.000000
1749017956.746749,104.104224,99.000000,120.000000,0.000000,0.000000,0.000000,0.000000,0.000000,0.000000,0.000000,0.000000
1749017956.777888,103.832752,99.000000,80.000000,0.000000,0.000000,0.000000,0.000000,120.000000,120.000000,120.000000,120.000000
1749017956.815854,104.198863,99.000000,79.000000,0.000000,0.000000,0.000000,0.000000,120.000000,120.000000,120.000000,120.000000
1749017956.846668,103.861962,99.000000,80.000000,0.000000,0.000000,0.000000,0.000000,120.000000,120.000000,120.000000,120.000000
1749017956.878100,103.367510,99.000000,81.000000,0.000000,0.000000,0.000000,0.000000,120.000000,120.000000,120.000000,120.000000
1749017956.913872,103.562499,99.000000,80.000000,0.000000,0.000000,0.000000,0.000000,120.000000,120.000000,120.000000,120.000000
1749017956.946140,103.947431,99.000000,80.000000,0.000000,0.000000,0.000000,0.000000,120.000000,120.000000,120.000000,120.000000
1749017956.976619,103.969337,99.000000,80.000000,0.000000,0.000000,0.000000,0.000000,120.000000,120.000000,120.000000,120.000000
1749017957.008133,103.915967,99.000000,80.000000,0.000000,0.000000,0.000000,0.000000,120.000000,120.000000,120.000000,120.000000
1749017957.040542,103.604320,99.000000,80.000000,0.000000,0.000000,0.000000,0.000000,120.000000,120.000000,120.000000,120.000000
1749017957.097442,103.837634,99.000000,80.000000,0.000000,0.000000,0.000000,0.000000,120.000000,120.000000,120.000000,120.000000
1749017957.123969,103.500850,99.000000,80.000000,0.000000,0.000000,0.000000,0.000000,120.000000,120.000000,120.000000,120.000000
1749017957.141993,103.812459,99.000000,80.000000,0.000000,0.000000,0.000000,0.000000,120.000000,120.000000,120.000000,120.000000
1749017957.167716,103.981361,99.000000,80.000000,0.000000,0.000000,0.000000,0.000000,120.000000,120.000000,120.000000,120.000000
1749017957.205409,104.206755,99.000000,79.000000,0.000000,0.000000,0.000000,0.000000,120.000000,120.000000,120.000000,120.000000
1749017957.241065,104.275830,99.000000,79.000000,0.000000,0.000000,0.000000,0.000000,120.000000,120.000000,120.000000,120.000000
1749017957.272977,103.828851,99.000000,80.000000,0.000000,0.000000,0.000000,0.000000,120.000000,120.000000,120.000000,120.000000
1749017957.313144,103.441630,99.000000,81.000000,0.000000,0.000000,0.000000,0.000000,120.000000,120.000000,120.000000,120.000000
1749017957.347135,103.480984,99.000000,81.000000,0.000000,0.000000,0.000000,0.000000,120.000000,120.000000,120.000000,120.000000
1749017957.377762,103.605789,99.000000,80.000000,0.000000,0.000000,0.000000,0.000000,120.000000,120.000000,120.000000,120.000000
1749017957.414181,102.845407,99.000000,82.000000,0.000000,0.000000,0.000000,0.000000,120.000000,120.000000,120.000000,120.000000
1749017957.445656,102.295317,99.000000,83.000000,0.000000,0.000000,0.000000,0.000000,120.000000,120.000000,120.000000,120.000000
1749017957.478578,102.226534,99.000000,83.000000,0.000000,0.000000,0.000000,0.000000,120.000000,120.000000,120.000000,120.000000
1749017957.512686,101.996061,99.000000,84.000000,0.000000,0.000000,0.000000,0.000000,120.000000,120.000000,120.000000,120.000000
1749017957.539304,101.078239,99.000000,85.000000,0.000000,0.000000,0.000000,0.000000,0.000000,0.000000,0.000000,0.000000
1749017957.568486,100.939045,99.000000,86.000000,0.000000,0.000000,0.000000,0.000000,0.000000,0.000000,0.000000,0.000000
1749017957.605316,101.007207,99.000000,85.000000,0.000000,0.000000,0.000000,0.000000,0.000000,0.000000,0.000000,0.000000
1749017957.640380,100.765819,99.000000,86.000000,0.000000,0.000000,0.000000,0.000000,0.000000,0.000000,0.000000,0.000000
1749017957.673889,100.288672,99.000000,87.000000,0.000000,0.000000,0.000000,0.000000,0.000000,0.000000,0.000000,0.000000
1749017957.706035,99.603830,99.000000,88.000000,0.000000,0.000000,0.000000,0.000000,0.000000,0.000000,0.000000,0.000000
1749017957.737567,98.772433,99.000000,90.000000,0.000000,0.000000,0.000000,0.000000,0.000000,0.000000,0.000000,0.000000
1749017957.768448,97.932659,99.000000,92.000000,0.000000,0.000000,0.000000,0.000000,0.000000,0.000000,0.000000,0.000000
1749017957.808967,97.464792,99.000000,93.000000,0.000000,0.000000,0.000000,0.000000,0.000000,0.000000,0.000000,0.000000
1749017957.840968,97.454189,99.000000,93.000000,0.000000,0.000000,0.000000,0.000000,0.000000,0.000000,0.000000,0.000000
1749017957.872858,96.208039,99.000000,95.000000,80.000000,80.000000,80.000000,80.000000,0.000000,0.000000,0.000000,0.000000
1749017957.908446,95.517163,99.000000,96.000000,80.000000,80.000000,80.000000,80.000000,0.000000,0.000000,0.000000,0.000000
1749017957.940084,95.060373,99.000000,97.000000,80.000000,80.000000,80.000000,80.000000,0.000000,0.000000,0.000000,0.000000
1749017957.971469,94.657949,99.000000,98.000000,80.000000,80.000000,80.000000,80.000000,0.000000,0.000000,0.000000,0.000000
1749017958.008149,93.684571,99.000000,100.000000,80.000000,80.000000,80.000000,80.000000,0.000000,0.000000,0.000000,0.000000
1749017958.042212,94.008329,99.000000,99.000000,80.000000,80.000000,80.000000,80.000000,0.000000,0.000000,0.000000,0.000000
1749017958.067648,94.569879,99.000000,98.000000,80.000000,80.000000,80.000000,80.000000,0.000000,0.000000,0.000000,0.000000
1749017958.105428,94.565818,99.000000,98.000000,80.000000,80.000000,80.000000,80.000000,0.000000,0.000000,0.000000,0.000000
1749017958.137992,94.013696,99.000000,99.000000,80.000000,80.000000,80.000000,80.000000,0.000000,0.000000,0.000000,0.000000
1749017958.168489,93.843371,99.000000,100.000000,80.000000,80.000000,80.000000,80.000000,0.000000,0.000000,0.000000,0.000000
1749017958.207967,93.224314,99.000000,101.000000,80.000000,80.000000,80.000000,80.000000,0.000000,0.000000,0.000000,0.000000
1749017958.243140,92.777147,99.000000,102.000000,80.000000,80.000000,80.000000,80.000000,0.000000,0.000000,0.000000,0.000000
1749017958.287604,92.994931,99.000000,102.000000,80.000000,80.000000,80.000000,80.000000,0.000000,0.000000,0.000000,0.000000
1749017958.305751,93.149000,99.000000,101.000000,80.000000,80.000000,80.000000,80.000000,0.000000,0.000000,0.000000,0.000000
1749017958.336393,92.783000,99.000000,102.000000,80.000000,80.000000,80.000000,80.000000,0.000000,0.000000,0.000000,0.000000
1749017958.369369,92.574821,99.000000,102.000000,80.000000,80.000000,80.000000,80.000000,0.000000,0.000000,0.000000,0.000000
1749017958.404558,92.519971,99.000000,102.000000,80.000000,80.000000,80.000000,80.000000,0.000000,0.000000,0.000000,0.000000
1749017958.436641,92.967176,99.000000,102.000000,80.000000,80.000000,80.000000,80.000000,0.000000,0.000000,0.000000,0.000000
1749017958.469402,92.780800,99.000000,102.000000,80.000000,80.000000,80.000000,80.000000,0.000000,0.000000,0.000000,0.000000
1749017958.505873,93.860995,99.000000,100.000000,80.000000,80.000000,80.000000,80.000000,0.000000,0.000000,0.000000,0.000000
1749017958.539660,94.526979,99.000000,98.000000,80.000000,80.000000,80.000000,80.000000,0.000000,0.000000,0.000000,0.000000
1749017958.570845,94.523906,99.000000,98.000000,80.000000,80.000000,80.000000,80.000000,0.000000,0.000000,0.000000,0.000000
1749017958.607441,94.609801,99.000000,98.000000,80.000000,80.000000,80.000000,80.000000,0.000000,0.000000,0.000000,0.000000
1749017958.639787,95.850931,99.000000,96.000000,80.000000,80.000000,80.000000,80.000000,0.000000,0.000000,0.000000,0.000000
1749017958.672160,96.041524,99.000000,95.000000,80.000000,80.000000,80.000000,80.000000,0.000000,0.000000,0.000000,0.000000
1749017958.709340,96.394326,99.000000,95.000000,80.000000,80.000000,80.000000,80.000000,0.000000,0.000000,0.000000,0.000000
1749017958.739368,96.706147,99.000000,94.000000,0.000000,0.000000,0.000000,0.000000,0.000000,0.000000,0.000000,0.000000
1749017958.768227,97.006451,99.000000,93.000000,0.000000,0.000000,0.000000,0.000000,0.000000,0.000000,0.000000,0.000000
1749017958.805361,97.552909,99.000000,92.000000,0.000000,0.000000,0.000000,0.000000,0.000000,0.000000,0.000000,0.000000
1749017958.839344,97.752200,99.000000,92.000000,0.000000,0.000000,0.000000,0.000000,0.000000,0.000000,0.000000,0.000000
1749017958.873452,97.937564,99.000000,92.000000,0.000000,0.000000,0.000000,0.000000,0.000000,0.000000,0.000000,0.000000
1749017958.908536,98.047421,99.000000,91.000000,0.000000,0.000000,0.000000,0.000000,0.000000,0.000000,0.000000,0.000000
1749017958.941620,98.035138,99.000000,91.000000,0.000000,0.000000,0.000000,0.000000,0.000000,0.000000,0.000000,0.000000
1749017958.973710,98.531187,99.000000,90.000000,0.000000,0.000000,0.000000,0.000000,0.000000,0.000000,0.000000,0.000000
1749017959.011627,98.662737,99.000000,90.000000,0.000000,0.000000,0.000000,0.000000,0.000000,0.000000,0.000000,0.000000
1749017959.043807,98.844105,99.000000,90.000000,0.000000,0.000000,0.000000,0.000000,0.000000,0.000000,0.000000,0.000000
1749017959.073421,99.165450,99.000000,89.000000,0.000000,0.000000,0.000000,0.000000,0.000000,0.000000,0.000000,0.000000
1749017959.104794,99.946434,99.000000,88.000000,0.000000,0.000000,0.000000,0.000000,0.000000,0.000000,0.000000,0.000000
1749017959.137124,99.432236,99.000000,89.000000,0.000000,0.000000,0.000000,0.000000,0.000000,0.000000,0.000000,0.000000
1749017959.167944,99.593585,99.000000,88.000000,0.000000,0.000000,0.000000,0.000000,0.000000,0.000000,0.000000,0.000000
1749017959.209448,99.621135,99.000000,88.000000,0.000000,0.000000,0.000000,0.000000,0.000000,0.000000,0.000000,0.000000
1749017959.241104,99.892569,99.000000,88.000000,0.000000,0.000000,0.000000,0.000000,0.000000,0.000000,0.000000,0.000000
1749017959.274034,99.997982,99.000000,88.000000,0.000000,0.000000,0.000000,0.000000,0.000000,0.000000,0.000000,0.000000
1749017959.323850,100.110145,99.000000,87.000000,0.000000,0.000000,0.000000,0.000000,0.000000,0.000000,0.000000,0.000000
1749017959.342513,100.091173,99.000000,87.000000,0.000000,0.000000,0.000000,0.000000,0.000000,0.000000,0.000000,0.000000
1749017959.367990,100.447471,99.000000,87.000000,0.000000,0.000000,0.000000,0.000000,0.000000,0.000000,0.000000,0.000000
1749017959.407463,100.270617,99.000000,87.000000,0.000000,0.000000,0.000000,0.000000,0.000000,0.000000,0.000000,0.000000
1749017959.439153,100.024965,99.000000,87.000000,0.000000,0.000000,0.000000,0.000000,0.000000,0.000000,0.000000,0.000000
1749017959.472481,100.097802,99.000000,87.000000,0.000000,0.000000,0.000000,0.000000,0.000000,0.000000,0.000000,0.000000
1749017959.509987,99.896896,99.000000,88.000000,0.000000,0.000000,0.000000,0.000000,0.000000,0.000000,0.000000,0.000000
1749017959.541665,100.198159,99.000000,87.000000,0.000000,0.000000,0.000000,0.000000,0.000000,0.000000,0.000000,0.000000
1749017959.588690,100.351182,99.000000,87.000000,0.000000,0.000000,0.000000,0.000000,0.000000,0.000000,0.000000,0.000000
1749017959.607186,100.341483,99.000000,87.000000,0.000000,0.000000,0.000000,0.000000,0.000000,0.000000,0.000000,0.000000
1749017959.636725,100.531088,99.000000,86.000000,0.000000,0.000000,0.000000,0.000000,0.000000,0.000000,0.000000,0.000000
1749017959.667968,100.415915,99.000000,87.000000,0.000000,0.000000,0.000000,0.000000,0.000000,0.000000,0.000000,0.000000
1749017959.707028,100.387577,99.000000,87.000000,0.000000,0.000000,0.000000,0.000000,0.000000,0.000000,0.000000,0.000000
1749017959.739213,100.145241,99.000000,87.000000,0.000000,0.000000,0.000000,0.000000,0.000000,0.000000,0.000000,0.000000
1749017959.773102,100.140313,90.000000,90.000000,0.000000,0.000000,0.000000,0.000000,0.000000,0.000000,0.000000,0.000000
1749017959.813972,100.387819,90.000000,90.000000,0.000000,0.000000,0.000000,0.000000,0.000000,0.000000,0.000000,0.000000
1749017959.846588,100.453925,90.000000,90.000000,0.000000,0.000000,0.000000,0.000000,0.000000,0.000000,0.000000,0.000000
1749017959.882744,99.910415,90.000000,120.000000,0.000000,0.000000,0.000000,0.000000,0.000000,0.000000,0.000000,0.000000
1749017959.906990,100.042376,90.000000,90.000000,0.000000,0.000000,0.000000,0.000000,0.000000,0.000000,0.000000,0.000000
1749017959.938005,100.380635,90.000000,90.000000,0.000000,0.000000,0.000000,0.000000,0.000000,0.000000,0.000000,0.000000
1749017959.968472,100.080809,90.000000,90.000000,0.000000,0.000000,0.000000,0.000000,0.000000,0.000000,0.000000,0.000000
1749017960.005857,100.100233,90.000000,120.000000,0.000000,0.000000,0.000000,0.000000,0.000000,0.000000,0.000000,0.000000
1749017960.037960,100.109255,90.000000,69.000000,0.000000,0.000000,0.000000,0.000000,120.000000,120.000000,120.000000,120.000000
1749017960.070930,100.467275,90.000000,69.000000,0.000000,0.000000,0.000000,0.000000,120.000000,120.000000,120.000000,120.000000
1749017960.109619,100.618210,90.000000,68.000000,0.000000,0.000000,0.000000,0.000000,120.000000,120.000000,120.000000,120.000000
1749017960.141666,100.526167,90.000000,68.000000,0.000000,0.000000,0.000000,0.000000,120.000000,120.000000,120.000000,120.000000
1749017960.172835,100.065180,90.000000,69.000000,0.000000,0.000000,0.000000,0.000000,120.000000,120.000000,120.000000,120.000000
1749017960.209414,100.023300,90.000000,69.000000,0.000000,0.000000,0.000000,0.000000,120.000000,120.000000,120.000000,120.000000
1749017960.239476,99.984396,90.000000,70.000000,0.000000,0.000000,0.000000,0.000000,120.000000,120.000000,120.000000,120.000000
1749017960.274756,100.223890,90.000000,69.000000,0.000000,0.000000,0.000000,0.000000,120.000000,120.000000,120.000000,120.000000
1749017960.311893,100.226868,90.000000,69.000000,0.000000,0.000000,0.000000,0.000000,120.000000,120.000000,120.000000,120.000000
1749017960.349931,99.889544,90.000000,70.000000,0.000000,0.000000,0.000000,0.000000,120.000000,120.000000,120.000000,120.000000
1749017960.370330,100.429443,90.000000,69.000000,0.000000,0.000000,0.000000,0.000000,120.000000,120.000000,120.000000,120.000000
1749017960.405438,100.918612,90.000000,68.000000,0.000000,0.000000,0.000000,0.000000,120.000000,120.000000,120.000000,120.000000
1749017960.437402,100.647112,90.000000,68.000000,0.000000,0.000000,0.000000,0.000000,120.000000,120.000000,120.000000,120.000000
1749017960.469315,100.039418,90.000000,69.000000,0.000000,0.000000,0.000000,0.000000,120.000000,120.000000,120.000000,120.000000
1749017960.531789,100.212467,90.000000,69.000000,0.000000,0.000000,0.000000,0.000000,120.000000,120.000000,120.000000,120.000000
1749017960.555664,100.617226,90.000000,68.000000,0.000000,0.000000,0.000000,0.000000,120.000000,120.000000,120.000000,120.000000
1749017960.582845,100.590839,90.000000,68.000000,0.000000,0.000000,0.000000,0.000000,120.000000,120.000000,120.000000,120.000000
1749017960.610873,100.214058,90.000000,69.000000,0.000000,0.000000,0.000000,0.000000,120.000000,120.000000,120.000000,120.000000
1749017960.640618,99.972261,90.000000,70.000000,0.000000,0.000000,0.000000,0.000000,120.000000,120.000000,120.000000,120.000000
1749017960.670922,100.093056,90.000000,69.000000,0.000000,0.000000,0.000000,0.000000,120.000000,120.000000,120.000000,120.000000
1749017960.704013,99.332522,90.000000,71.000000,0.000000,0.000000,0.000000,0.000000,120.000000,120.000000,120.000000,120.000000
1749017960.736744,99.586318,90.000000,70.000000,0.000000,0.000000,0.000000,0.000000,120.000000,120.000000,120.000000,120.000000
1749017960.771574,100.125948,90.000000,69.000000,0.000000,0.000000,0.000000,0.000000,120.000000,120.000000,120.000000,120.000000
1749017960.814364,100.126647,90.000000,69.000000,0.000000,0.000000,0.000000,0.000000,120.000000,120.000000,120.000000,120.000000
1749017960.846431,101.268448,90.000000,67.000000,0.000000,0.000000,0.000000,0.000000,120.000000,120.000000,120.000000,120.000000
1749017960.879660,102.311203,90.000000,65.000000,0.000000,0.000000,0.000000,0.000000,120.000000,120.000000,120.000000,120.000000
1749017960.913830,102.677853,90.000000,64.000000,0.000000,0.000000,0.000000,0.000000,120.000000,120.000000,120.000000,120.000000
1749017960.946618,103.119964,90.000000,63.000000,0.000000,0.000000,0.000000,0.000000,120.000000,120.000000,120.000000,120.000000
1749017960.980454,103.207702,90.000000,63.000000,0.000000,0.000000,0.000000,0.000000,120.000000,120.000000,120.000000,120.000000
1749017961.011303,103.679217,90.000000,62.000000,0.000000,0.000000,0.000000,0.000000,120.000000,120.000000,120.000000,120.000000
1749017961.039568,104.560755,90.000000,60.000000,0.000000,0.000000,0.000000,0.000000,120.000000,120.000000,120.000000,120.000000
1749017961.071986,105.572205,90.000000,58.000000,0.000000,0.000000,0.000000,0.000000,124.000000,124.000000,124.000000,124.000000
1749017961.107425,106.210538,90.000000,57.000000,0.000000,0.000000,0.000000,0.000000,129.000000,129.000000,129.000000,129.000000
1749017961.138744,106.183837,90.000000,57.000000,0.000000,0.000000,0.000000,0.000000,129.000000,129.000000,129.000000,129.000000
1749017961.170397,105.827975,90.000000,58.000000,0.000000,0.000000,0.000000,0.000000,126.000000,126.000000,126.000000,126.000000
1749017961.209449,106.012533,90.000000,57.000000,0.000000,0.000000,0.000000,0.000000,128.000000,128.000000,128.000000,128.000000
1749017961.242381,106.241998,90.000000,57.000000,0.000000,0.000000,0.000000,0.000000,129.000000,129.000000,129.000000,129.000000
1749017961.273488,106.609328,90.000000,56.000000,0.000000,0.000000,0.000000,0.000000,132.000000,132.000000,132.000000,132.000000
1749017961.309716,106.893178,90.000000,56.000000,0.000000,0.000000,0.000000,0.000000,135.000000,135.000000,135.000000,135.000000
1749017961.344203,107.204433,90.000000,55.000000,0.000000,0.000000,0.000000,0.000000,137.000000,137.000000,137.000000,137.000000
1749017961.370062,107.510522,90.000000,54.000000,0.000000,0.000000,0.000000,0.000000,140.000000,140.000000,140.000000,140.000000
1749017961.404187,108.258914,90.000000,53.000000,0.000000,0.000000,0.000000,0.000000,146.000000,146.000000,146.000000,146.000000
1749017961.436967,108.018214,90.000000,53.000000,0.000000,0.000000,0.000000,0.000000,144.000000,144.000000,144.000000,144.000000
1749017961.471405,109.078279,90.000000,51.000000,0.000000,0.000000,0.000000,0.000000,152.000000,152.000000,152.000000,152.000000
1749017961.513309,110.013472,90.000000,49.000000,0.000000,0.000000,0.000000,0.000000,160.000000,160.000000,160.000000,160.000000
1749017961.544759,110.545816,90.000000,48.000000,0.000000,0.000000,0.000000,0.000000,164.000000,164.000000,164.000000,164.000000
1749017961.572548,111.541239,90.000000,46.000000,0.000000,0.000000,0.000000,0.000000,172.000000,172.000000,172.000000,172.000000
1749017961.605992,112.990117,90.000000,44.000000,0.000000,0.000000,0.000000,0.000000,183.000000,183.000000,183.000000,183.000000
1749017961.638084,113.779794,90.000000,42.000000,0.000000,0.000000,0.000000,0.000000,190.000000,190.000000,190.000000,190.000000
1749017961.671423,113.586240,90.000000,42.000000,0.000000,0.000000,0.000000,0.000000,188.000000,188.000000,188.000000,188.000000
1749017961.706936,114.161413,90.000000,41.000000,0.000000,0.000000,0.000000,0.000000,193.000000,193.000000,193.000000,193.000000
1749017961.738946,114.593451,90.000000,40.000000,0.000000,0.000000,0.000000,0.000000,196.000000,196.000000,196.000000,196.000000
1749017961.773051,113.711145,90.000000,42.000000,0.000000,0.000000,0.000000,0.000000,189.000000,189.000000,189.000000,189.000000
1749017961.807960,113.687068,90.000000,42.000000,0.000000,0.000000,0.000000,0.000000,189.000000,189.000000,189.000000,189.000000
1749017961.840470,114.182688,90.000000,41.000000,0.000000,0.000000,0.000000,0.000000,193.000000,193.000000,193.000000,193.000000
1749017961.871454,114.525976,90.000000,40.000000,0.000000,0.000000,0.000000,0.000000,196.000000,196.000000,196.000000,196.000000
1749017961.907990,114.094952,90.000000,41.000000,0.000000,0.000000,0.000000,0.000000,192.000000,192.000000,192.000000,192.000000
1749017961.940426,114.839894,90.000000,40.000000,0.000000,0.000000,0.000000,0.000000,198.000000,198.000000,198.000000,198.000000
1749017961.972008,115.064267,90.000000,39.000000,0.000000,0.000000,0.000000,0.000000,200.000000,200.000000,200.000000,200.000000
1749017962.008782,115.410955,90.000000,39.000000,0.000000,0.000000,0.000000,0.000000,203.000000,203.000000,203.000000,203.000000
1749017962.040947,115.761543,90.000000,38.000000,0.000000,0.000000,0.000000,0.000000,206.000000,206.000000,206.000000,206.000000
1749017962.073046,116.368165,90.000000,37.000000,0.000000,0.000000,0.000000,0.000000,210.000000,210.000000,210.000000,210.000000
1749017962.109080,116.653939,90.000000,36.000000,0.000000,0.000000,0.000000,0.000000,213.000000,213.000000,213.000000,213.000000
1749017962.141653,116.635953,90.000000,36.000000,0.000000,0.000000,0.000000,0.000000,213.000000,213.000000,213.000000,213.000000
1749017962.174268,117.912319,90.000000,34.000000,0.000000,0.000000,0.000000,0.000000,223.000000,223.000000,223.000000,223.000000
1749017962.210590,118.370593,90.000000,33.000000,0.000000,0.000000,0.000000,0.000000,226.000000,226.000000,226.000000,226.000000
1749017962.240036,119.235148,90.000000,31.000000,0.000000,0.000000,0.000000,0.000000,233.000000,233.000000,233.000000,233.000000
1749017962.267613,119.329213,90.000000,31.000000,0.000000,0.000000,0.000000,0.000000,234.000000,234.000000,234.000000,234.000000
1749017962.304776,119.259536,90.000000,31.000000,0.000000,0.000000,0.000000,0.000000,234.000000,234.000000,234.000000,234.000000
1749017962.338554,119.667517,90.000000,30.000000,0.000000,0.000000,0.000000,0.000000,237.000000,237.000000,237.000000,237.000000
1749017962.372010,119.730478,90.000000,30.000000,0.000000,0.000000,0.000000,0.000000,237.000000,237.000000,237.000000,237.000000
1749017962.411437,120.361392,90.000000,29.000000,0.000000,0.000000,0.000000,0.000000,242.000000,242.000000,242.000000,242.000000
1749017962.442086,120.621360,90.000000,28.000000,0.000000,0.000000,0.000000,0.000000,244.000000,244.000000,244.000000,244.000000
1749017962.475473,121.086165,90.000000,27.000000,0.000000,0.000000,0.000000,0.000000,248.000000,248.000000,248.000000,248.000000
1749017962.508741,120.454997,90.000000,29.000000,0.000000,0.000000,0.000000,0.000000,243.000000,243.000000,243.000000,243.000000
1749017962.541222,119.891422,90.000000,30.000000,0.000000,0.000000,0.000000,0.000000,239.000000,239.000000,239.000000,239.000000
1749017962.574045,120.020112,90.000000,29.000000,0.000000,0.000000,0.000000,0.000000,240.000000,240.000000,240.000000,240.000000
1749017962.606909,120.202787,90.000000,29.000000,0.000000,0.000000,0.000000,0.000000,241.000000,241.000000,241.000000,241.000000
1749017962.637055,119.814859,90.000000,30.000000,0.000000,0.000000,0.000000,0.000000,238.000000,238.000000,238.000000,238.000000
1749017962.668817,118.085686,90.000000,33.000000,0.000000,0.000000,0.000000,0.000000,224.000000,224.000000,224.000000,224.000000
1749017962.708413,116.760710,90.000000,36.000000,0.000000,0.000000,0.000000,0.000000,214.000000,214.000000,214.000000,214.000000
1749017962.742459,115.655711,90.000000,38.000000,0.000000,0.000000,0.000000,0.000000,205.000000,205.000000,205.000000,205.000000
1749017962.773135,114.457420,90.000000,41.000000,0.000000,0.000000,0.000000,0.000000,195.000000,195.000000,195.000000,195.000000
1749017962.809858,113.489348,90.000000,43.000000,0.000000,0.000000,0.000000,0.000000,187.000000,187.000000,187.000000,187.000000
1749017962.840987,113.125208,90.000000,43.000000,0.000000,0.000000,0.000000,0.000000,185.000000,185.000000,185.000000,185.000000
1749017962.872769,112.377324,90.000000,45.000000,0.000000,0.000000,0.000000,0.000000,179.000000,179.000000,179.000000,179.000000
1749017962.910002,111.738176,90.000000,46.000000,0.000000,0.000000,0.000000,0.000000,173.000000,173.000000,173.000000,173.000000
1749017962.943117,111.185937,90.000000,47.000000,0.000000,0.000000,0.000000,0.000000,169.000000,169.000000,169.000000,169.000000
1749017962.968161,110.041583,90.000000,49.000000,0.000000,0.000000,0.000000,0.000000,160.000000,160.000000,160.000000,160.000000
1749017963.006079,109.080154,90.000000,51.000000,0.000000,0.000000,0.000000,0.000000,152.000000,152.000000,152.000000,152.000000
1749017963.036308,108.748810,90.000000,52.000000,0.000000,0.000000,0.000000,0.000000,149.000000,149.000000,149.000000,149.000000
1749017963.072894,108.008777,90.000000,53.000000,0.000000,0.000000,0.000000,0.000000,144.000000,144.000000,144.000000,144.000000
1749017963.110764,106.888010,90.000000,56.000000,0.000000,0.000000,0.000000,0.000000,135.000000,135.000000,135.000000,135.000000
1749017963.145251,106.265923,90.000000,57.000000,0.000000,0.000000,0.000000,0.000000,130.000000,130.000000,130.000000,130.000000
1749017963.172906,104.708426,90.000000,60.000000,0.000000,0.000000,0.000000,0.000000,120.000000,120.000000,120.000000,120.000000
1749017963.207205,104.247259,90.000000,61.000000,0.000000,0.000000,0.000000,0.000000,120.000000,120.000000,120.000000,120.000000
1749017963.238603,103.231469,90.000000,63.000000,0.000000,0.000000,0.000000,0.000000,120.000000,120.000000,120.000000,120.000000
1749017963.273613,102.913167,90.000000,64.000000,0.000000,0.000000,0.000000,0.000000,120.000000,120.000000,120.000000,120.000000
1749017963.310967,102.523817,90.000000,64.000000,0.000000,0.000000,0.000000,0.000000,120.000000,120.000000,120.000000,120.000000
1749017963.340496,101.802268,90.000000,66.000000,0.000000,0.000000,0.000000,0.000000,120.000000,120.000000,120.000000,120.000000
1749017963.372544,101.392738,90.000000,67.000000,0.000000,0.000000,0.000000,0.000000,120.000000,120.000000,120.000000,120.000000
1749017963.410561,100.959707,90.000000,68.000000,0.000000,0.000000,0.000000,0.000000,120.000000,120.000000,120.000000,120.000000
1749017963.441632,100.307120,90.000000,69.000000,0.000000,0.000000,0.000000,0.000000,120.000000,120.000000,120.000000,120.000000
1749017963.473577,99.910502,90.000000,70.000000,0.000000,0.000000,0.000000,0.000000,120.000000,120.000000,120.000000,120.000000
1749017963.509387,99.431649,90.000000,71.000000,0.000000,0.000000,0.000000,0.000000,120.000000,120.000000,120.000000,120.000000
1749017963.555702,99.334767,90.000000,71.000000,0.000000,0.000000,0.000000,0.000000,120.000000,120.000000,120.000000,120.000000
1749017963.573719,98.576933,90.000000,72.000000,0.000000,0.000000,0.000000,0.000000,120.000000,120.000000,120.000000,120.000000
1749017963.604927,98.993782,90.000000,72.000000,0.000000,0.000000,0.000000,0.000000,120.000000,120.000000,120.000000,120.000000
1749017963.638129,98.499611,90.000000,73.000000,0.000000,0.000000,0.000000,0.000000,120.000000,120.000000,120.000000,120.000000
1749017963.667983,98.478301,90.000000,73.000000,0.000000,0.000000,0.000000,0.000000,120.000000,120.000000,120.000000,120.000000
1749017963.706208,98.513849,90.000000,72.000000,0.000000,0.000000,0.000000,0.000000,120.000000,120.000000,120.000000,120.000000
1749017963.739611,98.781636,90.000000,72.000000,0.000000,0.000000,0.000000,0.000000,120.000000,120.000000,120.000000,120.000000
1749017963.771474,98.542193,90.000000,72.000000,0.000000,0.000000,0.000000,0.000000,120.000000,120.000000,120.000000,120.000000
1749017963.807912,99.184558,90.000000,71.000000,0.000000,0.000000,0.000000,0.000000,120.000000,120.000000,120.000000,120.000000
1749017963.839605,99.281241,90.000000,71.000000,0.000000,0.000000,0.000000,0.000000,120.000000,120.000000,120.000000,120.000000
1749017963.871384,99.521202,90.000000,70.000000,0.000000,0.000000,0.000000,0.000000,120.000000,120.000000,120.000000,120.000000
1749017963.907846,99.892782,90.000000,70.000000,0.000000,0.000000,0.000000,0.000000,120.000000,120.000000,120.000000,120.000000
1749017963.939457,100.255493,90.000000,69.000000,0.000000,0.000000,0.000000,0.000000,120.000000,120.000000,120.000000,120.000000
1749017963.970937,99.863973,90.000000,70.000000,0.000000,0.000000,0.000000,0.000000,120.000000,120.000000,120.000000,120.000000
1749017964.008982,100.261513,90.000000,69.000000,0.000000,0.000000,0.000000,0.000000,120.000000,120.000000,120.000000,120.000000
1749017964.040935,100.630520,90.000000,68.000000,0.000000,0.000000,0.000000,0.000000,120.000000,120.000000,120.000000,120.000000
1749017964.072845,101.491739,90.000000,67.000000,0.000000,0.000000,0.000000,0.000000,120.000000,120.000000,120.000000,120.000000
1749017964.108963,101.061248,90.000000,67.000000,0.000000,0.000000,0.000000,0.000000,120.000000,120.000000,120.000000,120.000000
1749017964.141538,101.550366,90.000000,66.000000,0.000000,0.000000,0.000000,0.000000,120.000000,120.000000,120.000000,120.000000
1749017964.173506,101.752989,90.000000,66.000000,0.000000,0.000000,0.000000,0.000000,120.000000,120.000000,120.000000,120.000000
1749017964.210304,101.901721,90.000000,66.000000,0.000000,0.000000,0.000000,0.000000,120.000000,120.000000,120.000000,120.000000
1749017964.240985,101.740991,90.000000,66.000000,0.000000,0.000000,0.000000,0.000000,120.000000,120.000000,120.000000,120.000000
1749017964.273390,102.163087,90.000000,65.000000,0.000000,0.000000,0.000000,0.000000,120.000000,120.000000,120.000000,120.000000
1749017964.308882,102.279289,90.000000,65.000000,0.000000,0.000000,0.000000,0.000000,120.000000,120.000000,120.000000,120.000000
1749017964.341548,102.447161,90.000000,65.000000,0.000000,0.000000,0.000000,0.000000,120.000000,120.000000,120.000000,120.000000
1749017964.372445,102.971761,90.000000,64.000000,0.000000,0.000000,0.000000,0.000000,120.000000,120.000000,120.000000,120.000000
1749017964.408925,103.543781,90.000000,62.000000,0.000000,0.000000,0.000000,0.000000,120.000000,120.000000,120.000000,120.000000
1749017964.441489,103.511468,90.000000,62.000000,0.000000,0.000000,0.000000,0.000000,120.000000,120.000000,120.000000,120.000000
1749017964.473063,103.939782,90.000000,62.000000,0.000000,0.000000,0.000000,0.000000,120.000000,120.000000,120.000000,120.000000
1749017964.509838,104.388462,90.000000,61.000000,0.000000,0.000000,0.000000,0.000000,120.000000,120.000000,120.000000,120.000000
1749017964.537739,104.810276,90.000000,60.000000,0.000000,0.000000,0.000000,0.000000,120.000000,120.000000,120.000000,120.000000
1749017964.567826,104.580412,90.000000,60.000000,0.000000,0.000000,0.000000,0.000000,120.000000,120.000000,120.000000,120.000000
1749017964.607033,105.372956,90.000000,59.000000,0.000000,0.000000,0.000000,0.000000,122.000000,122.000000,122.000000,122.000000
1749017964.637622,105.374270,90.000000,59.000000,0.000000,0.000000,0.000000,0.000000,122.000000,122.000000,122.000000,122.000000
1749017964.672638,105.134507,90.000000,59.000000,0.000000,0.000000,0.000000,0.000000,121.000000,121.000000,121.000000,121.000000
1749017964.711541,104.815325,90.000000,60.000000,0.000000,0.000000,0.000000,0.000000,120.000000,120.000000,120.000000,120.000000
1749017964.743496,105.179887,90.000000,59.000000,0.000000,0.000000,0.000000,0.000000,121.000000,121.000000,121.000000,121.000000
1749017964.771825,105.825143,90.000000,58.000000,0.000000,0.000000,0.000000,0.000000,126.000000,126.000000,126.000000,126.000000
1749017964.808410,106.093089,90.000000,57.000000,0.000000,0.000000,0.000000,0.000000,128.000000,128.000000,128.000000,128.000000
1749017964.843724,105.551713,90.000000,58.000000,0.000000,0.000000,0.000000,0.000000,124.000000,124.000000,124.000000,124.000000
1749017964.873021,105.321555,90.000000,59.000000,0.000000,0.000000,0.000000,0.000000,122.000000,122.000000,122.000000,122.000000
1749017964.906350,105.894681,90.000000,58.000000,0.000000,0.000000,0.000000,0.000000,127.000000,127.000000,127.000000,127.000000
1749017964.937189,106.536121,90.000000,56.000000,0.000000,0.000000,0.000000,0.000000,132.000000,132.000000,132.000000,132.000000
1749017964.969572,106.178560,90.000000,57.000000,0.000000,0.000000,0.000000,0.000000,129.000000,129.000000,129.000000,129.000000
1749017965.008103,106.140846,90.000000,57.000000,0.000000,0.000000,0.000000,0.000000,129.000000,129.000000,129.000000,129.000000
1749017965.040051,106.174744,90.000000,57.000000,0.000000,0.000000,0.000000,0.000000,129.000000,129.000000,129.000000,129.000000
1749017965.072076,106.784701,90.000000,56.000000,0.000000,0.000000,0.000000,0.000000,134.000000,134.000000,134.000000,134.000000
1749017965.108985,106.869546,90.000000,56.000000,0.000000,0.000000,0.000000,0.000000,134.000000,134.000000,134.000000,134.000000
1749017965.141644,106.019004,90.000000,57.000000,0.000000,0.000000,0.000000,0.000000,128.000000,128.000000,128.000000,128.000000
1749017965.172874,105.254715,90.000000,59.000000,0.000000,0.000000,0.000000,0.000000,122.000000,122.000000,122.000000,122.000000
1749017965.210689,104.619881,90.000000,60.000000,0.000000,0.000000,0.000000,0.000000,120.000000,120.000000,120.000000,120.000000
1749017965.237749,104.502794,90.000000,60.000000,0.000000,0.000000,0.000000,0.000000,120.000000,120.000000,120.000000,120.000000
1749017965.267753,103.844791,90.000000,62.000000,0.000000,0.000000,0.000000,0.000000,120.000000,120.000000,120.000000,120.000000
1749017965.306314,102.563584,90.000000,64.000000,0.000000,0.000000,0.000000,0.000000,120.000000,120.000000,120.000000,120.000000
1749017965.338891,102.267946,90.000000,65.000000,0.000000,0.000000,0.000000,0.000000,120.000000,120.000000,120.000000,120.000000
1749017965.369775,102.340238,90.000000,65.000000,0.000000,0.000000,0.000000,0.000000,120.000000,120.000000,120.000000,120.000000
1749017965.412516,102.037953,90.000000,65.000000,0.000000,0.000000,0.000000,0.000000,120.000000,120.000000,120.000000,120.000000
1749017965.443603,101.412657,90.000000,67.000000,0.000000,0.000000,0.000000,0.000000,120.000000,120.000000,120.000000,120.000000
1749017965.475334,100.674424,90.000000,68.000000,0.000000,0.000000,0.000000,0.000000,120.000000,120.000000,120.000000,120.000000
1749017965.510382,100.487449,90.000000,69.000000,0.000000,0.000000,0.000000,0.000000,120.000000,120.000000,120.000000,120.000000
1749017965.543088,100.472966,90.000000,69.000000,0.000000,0.000000,0.000000,0.000000,120.000000,120.000000,120.000000,120.000000
1749017965.574197,100.699514,90.000000,68.000000,0.000000,0.000000,0.000000,0.000000,120.000000,120.000000,120.000000,120.000000
1749017965.604366,100.213047,90.000000,69.000000,0.000000,0.000000,0.000000,0.000000,120.000000,120.000000,120.000000,120.000000
1749017965.636451,99.816982,90.000000,70.000000,0.000000,0.000000,0.000000,0.000000,120.000000,120.000000,120.000000,120.000000
1749017965.670268,99.517049,90.000000,70.000000,0.000000,0.000000,0.000000,0.000000,120.000000,120.000000,120.000000,120.000000
1749017965.705975,99.407375,90.000000,71.000000,0.000000,0.000000,0.000000,0.000000,120.000000,120.000000,120.000000,120.000000
1749017965.737357,99.055603,90.000000,71.000000,0.000000,0.000000,0.000000,0.000000,120.000000,120.000000,120.000000,120.000000
1749017965.772379,98.662964,90.000000,72.000000,0.000000,0.000000,0.000000,0.000000,120.000000,120.000000,120.000000,120.000000
1749017965.811862,98.650111,90.000000,72.000000,0.000000,0.000000,0.000000,0.000000,120.000000,120.000000,120.000000,120.000000
1749017965.842483,98.817669,90.000000,72.000000,0.000000,0.000000,0.000000,0.000000,120.000000,120.000000,120.000000,120.000000
1749017965.872591,98.785235,90.000000,72.000000,0.000000,0.000000,0.000000,0.000000,120.000000,120.000000,120.000000,120.000000
1749017965.910750,98.570215,90.000000,72.000000,0.000000,0.000000,0.000000,0.000000,120.000000,120.000000,120.000000,120.000000
1749017965.940452,98.317470,90.000000,73.000000,0.000000,0.000000,0.000000,0.000000,120.000000,120.000000,120.000000,120.000000
1749017965.969852,98.033431,90.000000,73.000000,0.000000,0.000000,0.000000,0.000000,120.000000,120.000000,120.000000,120.000000
1749017966.006720,97.704576,90.000000,74.000000,0.000000,0.000000,0.000000,0.000000,120.000000,120.000000,120.000000,120.000000
1749017966.038374,97.916598,90.000000,74.000000,0.000000,0.000000,0.000000,0.000000,120.000000,120.000000,120.000000,120.000000
1749017966.071998,98.345108,90.000000,73.000000,0.000000,0.000000,0.000000,0.000000,120.000000,120.000000,120.000000,120.000000
1749017966.107121,98.905429,90.000000,72.000000,0.000000,0.000000,0.000000,0.000000,120.000000,120.000000,120.000000,120.000000
1749017966.139778,99.056949,90.000000,71.000000,0.000000,0.000000,0.000000,0.000000,120.000000,120.000000,120.000000,120.000000
1749017966.171980,98.980437,90.000000,72.000000,0.000000,0.000000,0.000000,0.000000,120.000000,120.000000,120.000000,120.000000
1749017966.208409,98.893553,90.000000,72.000000,0.000000,0.000000,0.000000,0.000000,120.000000,120.000000,120.000000,120.000000
1749017966.239768,98.303958,90.000000,73.000000,0.000000,0.000000,0.000000,0.000000,120.000000,120.000000,120.000000,120.000000
1749017966.272971,97.659801,90.000000,74.000000,0.000000,0.000000,0.000000,0.000000,120.000000,120.000000,120.000000,120.000000
1749017966.306992,97.399386,90.000000,75.000000,0.000000,0.000000,0.000000,0.000000,120.000000,120.000000,120.000000,120.000000
1749017966.339738,96.833227,90.000000,76.000000,0.000000,0.000000,0.000000,0.000000,120.000000,120.000000,120.000000,120.000000
1749017966.372957,96.651475,90.000000,76.000000,0.000000,0.000000,0.000000,0.000000,120.000000,120.000000,120.000000,120.000000
1749017966.409306,96.497785,90.000000,77.000000,0.000000,0.000000,0.000000,0.000000,120.000000,120.000000,120.000000,120.000000
1749017966.440980,96.090621,90.000000,77.000000,0.000000,0.000000,0.000000,0.000000,120.000000,120.000000,120.000000,120.000000
1749017966.472641,95.542090,90.000000,78.000000,0.000000,0.000000,0.000000,0.000000,120.000000,120.000000,120.000000,120.000000
1749017966.508979,94.669550,90.000000,80.000000,0.000000,0.000000,0.000000,0.000000,120.000000,120.000000,120.000000,120.000000
1749017966.542074,94.786832,90.000000,80.000000,0.000000,0.000000,0.000000,0.000000,120.000000,120.000000,120.000000,120.000000
1749017966.573052,94.979911,90.000000,80.000000,0.000000,0.000000,0.000000,0.000000,120.000000,120.000000,120.000000,120.000000
1749017966.609334,94.443426,90.000000,81.000000,0.000000,0.000000,0.000000,0.000000,120.000000,120.000000,120.000000,120.000000
1749017966.658330,94.135104,90.000000,81.000000,0.000000,0.000000,0.000000,0.000000,120.000000,120.000000,120.000000,120.000000
1749017966.678954,93.494231,90.000000,83.000000,0.000000,0.000000,0.000000,0.000000,120.000000,120.000000,120.000000,120.000000
1749017966.710151,92.961397,90.000000,84.000000,0.000000,0.000000,0.000000,0.000000,120.000000,120.000000,120.000000,120.000000
1749017966.741406,92.649865,90.000000,84.000000,0.000000,0.000000,0.000000,0.000000,120.000000,120.000000,120.000000,120.000000
1749017966.774369,92.766046,90.000000,84.000000,0.000000,0.000000,0.000000,0.000000,120.000000,120.000000,120.000000,120.000000
1749017966.807022,92.647247,90.000000,84.000000,0.000000,0.000000,0.000000,0.000000,120.000000,120.000000,120.000000,120.000000
1749017966.836565,92.797741,90.000000,84.000000,0.000000,0.000000,0.000000,0.000000,120.000000,120.000000,120.000000,120.000000
1749017966.868967,93.029406,90.000000,83.000000,0.000000,0.000000,0.000000,0.000000,120.000000,120.000000,120.000000,120.000000
1749017966.907559,93.493902,90.000000,83.000000,0.000000,0.000000,0.000000,0.000000,120.000000,120.000000,120.000000,120.000000
1749017966.938970,93.693400,90.000000,82.000000,0.000000,0.000000,0.000000,0.000000,120.000000,120.000000,120.000000,120.000000
1749017966.972616,94.057369,90.000000,81.000000,0.000000,0.000000,0.000000,0.000000,120.000000,120.000000,120.000000,120.000000
1749017967.009658,95.596952,90.000000,78.000000,0.000000,0.000000,0.000000,0.000000,120.000000,120.000000,120.000000,120.000000
1749017967.041358,96.173827,90.000000,77.000000,0.000000,0.000000,0.000000,0.000000,120.000000,120.000000,120.000000,120.000000
1749017967.073595,95.516429,90.000000,78.000000,0.000000,0.000000,0.000000,0.000000,120.000000,120.000000,120.000000,120.000000
1749017967.110232,95.597468,90.000000,78.000000,0.000000,0.000000,0.000000,0.000000,120.000000,120.000000,120.000000,120.000000
1749017967.145759,96.618218,90.000000,76.000000,0.000000,0.000000,0.000000,0.000000,120.000000,120.000000,120.000000,120.000000
1749017967.170391,97.571187,90.000000,74.000000,0.000000,0.000000,0.000000,0.000000,120.000000,120.000000,120.000000,120.000000
1749017967.205381,97.973415,90.000000,74.000000,0.000000,0.000000,0.000000,0.000000,120.000000,120.000000,120.000000,120.000000
1749017967.236854,98.338675,90.000000,73.000000,0.000000,0.000000,0.000000,0.000000,120.000000,120.000000,120.000000,120.000000
1749017967.270409,98.177512,90.000000,73.000000,0.000000,0.000000,0.000000,0.000000,120.000000,120.000000,120.000000,120.000000
1749017967.308993,98.179866,90.000000,73.000000,0.000000,0.000000,0.000000,0.000000,120.000000,120.000000,120.000000,120.000000
1749017967.341167,98.366673,90.000000,73.000000,0.000000,0.000000,0.000000,0.000000,120.000000,120.000000,120.000000,120.000000
1749017967.372585,98.919617,90.000000,72.000000,0.000000,0.000000,0.000000,0.000000,120.000000,120.000000,120.000000,120.000000
1749017967.408788,99.635373,90.000000,70.000000,0.000000,0.000000,0.000000,0.000000,120.000000,120.000000,120.000000,120.000000
1749017967.440415,100.044871,90.000000,69.000000,0.000000,0.000000,0.000000,0.000000,120.000000,120.000000,120.000000,120.000000
1749017967.473418,100.550924,90.000000,68.000000,0.000000,0.000000,0.000000,0.000000,120.000000,120.000000,120.000000,120.000000
1749017967.507852,100.618328,90.000000,68.000000,0.000000,0.000000,0.000000,0.000000,120.000000,120.000000,120.000000,120.000000
1749017967.536435,101.339581,90.000000,67.000000,0.000000,0.000000,0.000000,0.000000,120.000000,120.000000,120.000000,120.000000
1749017967.569510,101.836169,90.000000,66.000000,0.000000,0.000000,0.000000,0.000000,120.000000,120.000000,120.000000,120.000000
1749017967.604855,102.275443,90.000000,65.000000,0.000000,0.000000,0.000000,0.000000,120.000000,120.000000,120.000000,120.000000
1749017967.636350,102.054017,90.000000,65.000000,0.000000,0.000000,0.000000,0.000000,120.000000,120.000000,120.000000,120.000000
1749017967.667891,102.433467,90.000000,65.000000,0.000000,0.000000,0.000000,0.000000,120.000000,120.000000,120.000000,120.000000
1749017967.709150,102.841530,90.000000,64.000000,0.000000,0.000000,0.000000,0.000000,120.000000,120.000000,120.000000,120.000000
1749017967.740565,103.205786,90.000000,63.000000,0.000000,0.000000,0.000000,0.000000,120.000000,120.000000,120.000000,120.000000
1749017967.773771,102.928305,90.000000,64.000000,0.000000,0.000000,0.000000,0.000000,120.000000,120.000000,120.000000,120.000000
1749017967.809801,102.630122,90.000000,64.000000,0.000000,0.000000,0.000000,0.000000,120.000000,120.000000,120.000000,120.000000
1749017967.841485,103.198816,90.000000,63.000000,0.000000,0.000000,0.000000,0.000000,120.000000,120.000000,120.000000,120.000000
1749017967.870771,103.293763,90.000000,63.000000,0.000000,0.000000,0.000000,0.000000,120.000000,120.000000,120.000000,120.000000
1749017967.905868,103.316845,90.000000,63.000000,0.000000,0.000000,0.000000,0.000000,120.000000,120.000000,120.000000,120.000000
1749017967.937875,103.405778,90.000000,63.000000,0.000000,0.000000,0.000000,0.000000,120.000000,120.000000,120.000000,120.000000
1749017967.970931,103.159976,90.000000,63.000000,0.000000,0.000000,0.000000,0.000000,120.000000,120.000000,120.000000,120.000000
1749017968.030861,103.436441,90.000000,63.000000,0.000000,0.000000,0.000000,0.000000,120.000000,120.000000,120.000000,120.000000
1749017968.056422,103.485363,90.000000,63.000000,0.000000,0.000000,0.000000,0.000000,120.000000,120.000000,120.000000,120.000000
1749017968.081389,104.137393,90.000000,61.000000,0.000000,0.000000,0.000000,0.000000,120.000000,120.000000,120.000000,120.000000
1749017968.113437,104.196860,90.000000,61.000000,0.000000,0.000000,0.000000,0.000000,120.000000,120.000000,120.000000,120.000000
1749017968.144390,104.209011,90.000000,61.000000,0.000000,0.000000,0.000000,0.000000,120.000000,120.000000,120.000000,120.000000
1749017968.176954,104.553210,90.000000,60.000000,0.000000,0.000000,0.000000,0.000000,120.000000,120.000000,120.000000,120.000000
1749017968.206742,104.898475,90.000000,60.000000,0.000000,0.000000,0.000000,0.000000,120.000000,120.000000,120.000000,120.000000
1749017968.235781,104.030108,90.000000,61.000000,0.000000,0.000000,0.000000,0.000000,120.000000,120.000000,120.000000,120.000000
1749017968.267890,104.028331,90.000000,61.000000,0.000000,0.000000,0.000000,0.000000,120.000000,120.000000,120.000000,120.000000
1749017968.305914,104.471014,90.000000,61.000000,0.000000,0.000000,0.000000,0.000000,120.000000,120.000000,120.000000,120.000000
1749017968.338710,104.291687,90.000000,61.000000,0.000000,0.000000,0.000000,0.000000,120.000000,120.000000,120.000000,120.000000
1749017968.370114,104.363145,90.000000,61.000000,0.000000,0.000000,0.000000,0.000000,120.000000,120.000000,120.000000,120.000000
1749017968.411441,104.307262,90.000000,61.000000,0.000000,0.000000,0.000000,0.000000,120.000000,120.000000,120.000000,120.000000
1749017968.441797,104.561999,90.000000,60.000000,0.000000,0.000000,0.000000,0.000000,120.000000,120.000000,120.000000,120.000000
1749017968.474799,104.733416,90.000000,60.000000,0.000000,0.000000,0.000000,0.000000,120.000000,120.000000,120.000000,120.000000
1749017968.510794,105.383437,90.000000,59.000000,0.000000,0.000000,0.000000,0.000000,123.000000,123.000000,123.000000,123.000000
1749017968.543261,105.963223,90.000000,58.000000,0.000000,0.000000,0.000000,0.000000,127.000000,127.000000,127.000000,127.000000
1749017968.573721,105.855679,90.000000,58.000000,0.000000,0.000000,0.000000,0.000000,126.000000,126.000000,126.000000,126.000000
1749017968.612097,105.731432,90.000000,58.000000,0.000000,0.000000,0.000000,0.000000,125.000000,125.000000,125.000000,125.000000
1749017968.643443,105.872461,90.000000,58.000000,0.000000,0.000000,0.000000,0.000000,126.000000,126.000000,126.000000,126.000000
1749017968.675551,106.292643,90.000000,57.000000,0.000000,0.000000,0.000000,0.000000,130.000000,130.000000,130.000000,130.000000
1749017968.711944,105.593305,90.000000,58.000000,0.000000,0.000000,0.000000,0.000000,124.000000,124.000000,124.000000,124.000000
1749017968.755128,105.604709,90.000000,58.000000,0.000000,0.000000,0.000000,0.000000,124.000000,124.000000,124.000000,124.000000
1749017968.773463,105.815829,90.000000,58.000000,0.000000,0.000000,0.000000,0.000000,126.000000,126.000000,126.000000,126.000000
1749017968.805717,106.185059,90.000000,57.000000,0.000000,0.000000,0.000000,0.000000,129.000000,129.000000,129.000000,129.000000
1749017968.835624,106.040288,90.000000,57.000000,0.000000,0.000000,0.000000,0.000000,128.000000,128.000000,128.000000,128.000000
1749017968.868916,106.086561,90.000000,57.000000,0.000000,0.000000,0.000000,0.000000,128.000000,128.000000,128.000000,128.000000
1749017968.908664,106.166400,90.000000,57.000000,0.000000,0.000000,0.000000,0.000000,129.000000,129.000000,129.000000,129.000000
1749017968.941914,106.293735,90.000000,57.000000,0.000000,0.000000,0.000000,0.000000,130.000000,130.000000,130.000000,130.000000
1749017968.973513,107.174286,90.000000,55.000000,0.000000,0.000000,0.000000,0.000000,137.000000,137.000000,137.000000,137.000000
1749017969.020891,107.397891,90.000000,55.000000,0.000000,0.000000,0.000000,0.000000,139.000000,139.000000,139.000000,139.000000
1749017969.040625,107.494172,90.000000,55.000000,0.000000,0.000000,0.000000,0.000000,139.000000,139.000000,139.000000,139.000000
1749017969.071128,107.568001,90.000000,54.000000,0.000000,0.000000,0.000000,0.000000,140.000000,140.000000,140.000000,140.000000
1749017969.105371,107.780239,90.000000,54.000000,0.000000,0.000000,0.000000,0.000000,142.000000,142.000000,142.000000,142.000000
1749017969.136971,108.162690,90.000000,53.000000,0.000000,0.000000,0.000000,0.000000,145.000000,145.000000,145.000000,145.000000
1749017969.169039,107.999051,90.000000,54.000000,0.000000,0.000000,0.000000,0.000000,143.000000,143.000000,143.000000,143.000000
1749017969.207458,108.201579,90.000000,53.000000,0.000000,0.000000,0.000000,0.000000,145.000000,145.000000,145.000000,145.000000
1749017969.238434,108.666794,90.000000,52.000000,0.000000,0.000000,0.000000,0.000000,149.000000,149.000000,149.000000,149.000000
1749017969.271665,108.966577,90.000000,52.000000,0.000000,0.000000,0.000000,0.000000,151.000000,151.000000,151.000000,151.000000
1749017969.309555,108.787733,90.000000,52.000000,0.000000,0.000000,0.000000,0.000000,150.000000,150.000000,150.000000,150.000000
1749017969.343324,108.990896,90.000000,52.000000,0.000000,0.000000,0.000000,0.000000,151.000000,151.000000,151.000000,151.000000
1749017969.374923,108.807798,90.000000,52.000000,0.000000,0.000000,0.000000,0.000000,150.000000,150.000000,150.000000,150.000000
1749017969.409585,108.981054,90.000000,52.000000,0.000000,0.000000,0.000000,0.000000,151.000000,151.000000,151.000000,151.000000
1749017969.441337,109.483220,90.000000,51.000000,0.000000,0.000000,0.000000,0.000000,155.000000,155.000000,155.000000,155.000000
1749017969.467939,109.512643,90.000000,50.000000,0.000000,0.000000,0.000000,0.000000,156.000000,156.000000,156.000000,156.000000
1749017969.505029,109.252213,90.000000,51.000000,0.000000,0.000000,0.000000,0.000000,154.000000,154.000000,154.000000,154.000000
1749017969.539982,109.441600,90.000000,51.000000,0.000000,0.000000,0.000000,0.000000,155.000000,155.000000,155.000000,155.000000
1749017969.575017,109.425742,90.000000,51.000000,0.000000,0.000000,0.000000,0.000000,155.000000,155.000000,155.000000,155.000000
1749017969.610930,109.620323,90.000000,50.000000,0.000000,0.000000,0.000000,0.000000,156.000000,156.000000,156.000000,156.000000
1749017969.643405,109.557604,90.000000,50.000000,0.000000,0.000000,0.000000,0.000000,156.000000,156.000000,156.000000,156.000000
1749017969.675613,109.466908,90.000000,51.000000,0.000000,0.000000,0.000000,0.000000,155.000000,155.000000,155.000000,155.000000
1749017969.711261,109.773934,90.000000,50.000000,0.000000,0.000000,0.000000,0.000000,158.000000,158.000000,158.000000,158.000000
1749017969.739757,110.055013,90.000000,49.000000,0.000000,0.000000,0.000000,0.000000,160.000000,160.000000,160.000000,160.000000
1749017969.769329,110.084348,90.000000,49.000000,0.000000,0.000000,0.000000,0.000000,160.000000,160.000000,160.000000,160.000000
1749017969.805017,110.682866,90.000000,48.000000,0.000000,0.000000,0.000000,0.000000,165.000000,165.000000,165.000000,165.000000
1749017969.835985,110.634778,90.000000,48.000000,0.000000,0.000000,0.000000,0.000000,165.000000,165.000000,165.000000,165.000000
1749017969.868903,110.739977,90.000000,48.000000,0.000000,0.000000,0.000000,0.000000,165.000000,165.000000,165.000000,165.000000
1749017969.906716,110.797646,90.000000,48.000000,0.000000,0.000000,0.000000,0.000000,166.000000,166.000000,166.000000,166.000000
1749017969.939396,110.978917,90.000000,48.000000,0.000000,0.000000,0.000000,0.000000,167.000000,167.000000,167.000000,167.000000
1749017969.972319,110.996338,90.000000,48.000000,0.000000,0.000000,0.000000,0.000000,167.000000,167.000000,167.000000,167.000000
1749017970.008455,111.077091,90.000000,47.000000,0.000000,0.000000,0.000000,0.000000,168.000000,168.000000,168.000000,168.000000
1749017970.040100,111.251442,90.000000,47.000000,0.000000,0.000000,0.000000,0.000000,170.000000,170.000000,170.000000,170.000000
1749017970.072779,111.502960,90.000000,46.000000,0.000000,0.000000,0.000000,0.000000,172.000000,172.000000,172.000000,172.000000
1749017970.113217,111.407034,90.000000,47.000000,0.000000,0.000000,0.000000,0.000000,171.000000,171.000000,171.000000,171.000000
1749017970.138616,112.050679,90.000000,45.000000,0.000000,0.000000,0.000000,0.000000,176.000000,176.000000,176.000000,176.000000
1749017970.167146,112.786938,90.000000,44.000000,0.000000,0.000000,0.000000,0.000000,182.000000,182.000000,182.000000,182.000000
1749017970.205724,112.956472,90.000000,44.000000,0.000000,0.000000,0.000000,0.000000,183.000000,183.000000,183.000000,183.000000
1749017970.238120,113.116645,90.000000,43.000000,0.000000,0.000000,0.000000,0.000000,184.000000,184.000000,184.000000,184.000000
1749017970.270931,113.236992,90.000000,43.000000,0.000000,0.000000,0.000000,0.000000,185.000000,185.000000,185.000000,185.000000
1749017970.313973,112.616181,90.000000,44.000000,0.000000,0.000000,0.000000,0.000000,180.000000,180.000000,180.000000,180.000000
1749017970.346099,112.631699,90.000000,44.000000,0.000000,0.000000,0.000000,0.000000,181.000000,181.000000,181.000000,181.000000
1749017970.376551,113.351879,90.000000,43.000000,0.000000,0.000000,0.000000,0.000000,186.000000,186.000000,186.000000,186.000000
1749017970.419439,114.289310,90.000000,41.000000,0.000000,0.000000,0.000000,0.000000,194.000000,194.000000,194.000000,194.000000
1749017970.438082,114.405728,90.000000,41.000000,0.000000,0.000000,0.000000,0.000000,195.000000,195.000000,195.000000,195.000000
1749017970.471972,114.295632,90.000000,41.000000,0.000000,0.000000,0.000000,0.000000,194.000000,194.000000,194.000000,194.000000
1749017970.518468,114.428420,90.000000,41.000000,0.000000,0.000000,0.000000,0.000000,195.000000,195.000000,195.000000,195.000000
1749017970.544949,114.441607,90.000000,41.000000,0.000000,0.000000,0.000000,0.000000,195.000000,195.000000,195.000000,195.000000
1749017970.571638,114.497220,90.000000,41.000000,0.000000,0.000000,0.000000,0.000000,195.000000,195.000000,195.000000,195.000000
1749017970.607711,114.812901,90.000000,40.000000,0.000000,0.000000,0.000000,0.000000,198.000000,198.000000,198.000000,198.000000
1749017970.639503,115.023071,90.000000,39.000000,0.000000,0.000000,0.000000,0.000000,200.000000,200.000000,200.000000,200.000000
1749017970.674801,115.023857,90.000000,39.000000,0.000000,0.000000,0.000000,0.000000,200.000000,200.000000,200.000000,200.000000
1749017970.710823,115.174798,90.000000,39.000000,0.000000,0.000000,0.000000,0.000000,201.000000,201.000000,201.000000,201.000000
1749017970.743596,115.024053,90.000000,39.000000,0.000000,0.000000,0.000000,0.000000,200.000000,200.000000,200.000000,200.000000
1749017970.772350,115.280298,90.000000,39.000000,0.000000,0.000000,0.000000,0.000000,202.000000,202.000000,202.000000,202.000000
1749017970.808916,115.150580,90.000000,39.000000,0.000000,0.000000,0.000000,0.000000,201.000000,201.000000,201.000000,201.000000
1749017970.841571,115.318500,90.000000,39.000000,0.000000,0.000000,0.000000,0.000000,202.000000,202.000000,202.000000,202.000000
1749017970.872072,115.878465,90.000000,38.000000,0.000000,0.000000,0.000000,0.000000,207.000000,207.000000,207.000000,207.000000
1749017970.908110,116.357116,90.000000,37.000000,0.000000,0.000000,0.000000,0.000000,210.000000,210.000000,210.000000,210.000000
1749017970.957434,117.076346,90.000000,35.000000,0.000000,0.000000,0.000000,0.000000,216.000000,216.000000,216.000000,216.000000
1749017970.975848,117.100389,90.000000,35.000000,0.000000,0.000000,0.000000,0.000000,216.000000,216.000000,216.000000,216.000000
1749017971.004244,117.639506,90.000000,34.000000,0.000000,0.000000,0.000000,0.000000,221.000000,221.000000,221.000000,221.000000
1749017971.037606,118.179366,90.000000,33.000000,0.000000,0.000000,0.000000,0.000000,225.000000,225.000000,225.000000,225.000000
1749017971.068966,118.462449,90.000000,33.000000,0.000000,0.000000,0.000000,0.000000,227.000000,227.000000,227.000000,227.000000
1749017971.111530,118.920063,90.000000,32.000000,0.000000,0.000000,0.000000,0.000000,231.000000,231.000000,231.000000,231.000000
1749017971.142952,119.265606,90.000000,31.000000,0.000000,0.000000,0.000000,0.000000,234.000000,234.000000,234.000000,234.000000
1749017971.173980,119.556249,90.000000,30.000000,0.000000,0.000000,0.000000,0.000000,236.000000,236.000000,236.000000,236.000000
1749017971.206519,119.332396,90.000000,31.000000,0.000000,0.000000,0.000000,0.000000,234.000000,234.000000,234.000000,234.000000
1749017971.238699,119.221675,90.000000,31.000000,0.000000,0.000000,0.000000,0.000000,233.000000,233.000000,233.000000,233.000000
1749017971.271701,119.039499,90.000000,31.000000,0.000000,0.000000,0.000000,0.000000,232.000000,232.000000,232.000000,232.000000
1749017971.310779,119.819689,90.000000,30.000000,0.000000,0.000000,0.000000,0.000000,238.000000,238.000000,238.000000,238.000000
1749017971.343139,120.601507,90.000000,28.000000,0.000000,0.000000,0.000000,0.000000,244.000000,244.000000,244.000000,244.000000
1749017971.371600,121.307315,90.000000,27.000000,0.000000,0.000000,0.000000,0.000000,250.000000,250.000000,250.000000,250.000000
1749017971.404752,122.255189,90.000000,25.000000,0.000000,0.000000,0.000000,0.000000,250.000000,250.000000,250.000000,250.000000
1749017971.435626,123.172024,90.000000,23.000000,0.000000,0.000000,0.000000,0.000000,250.000000,250.000000,250.000000,250.000000
1749017971.469949,124.697211,90.000000,20.000000,0.000000,0.000000,0.000000,0.000000,250.000000,250.000000,250.000000,250.000000
1749017971.506895,125.738277,90.000000,18.000000,0.000000,0.000000,0.000000,0.000000,250.000000,250.000000,250.000000,250.000000
1749017971.539443,126.624986,90.000000,16.000000,0.000000,0.000000,0.000000,0.000000,250.000000,250.000000,250.000000,250.000000
1749017971.570455,127.684277,90.000000,14.000000,0.000000,0.000000,0.000000,0.000000,250.000000,250.000000,250.000000,250.000000
1749017971.607826,128.415235,90.000000,13.000000,0.000000,0.000000,0.000000,0.000000,250.000000,250.000000,250.000000,250.000000
1749017971.639932,129.085087,90.000000,11.000000,0.000000,0.000000,0.000000,0.000000,250.000000,250.000000,250.000000,250.000000
1749017971.671991,129.504629,90.000000,10.000000,0.000000,0.000000,0.000000,0.000000,250.000000,250.000000,250.000000,250.000000
1749017971.707636,129.518879,90.000000,10.000000,0.000000,0.000000,0.000000,0.000000,250.000000,250.000000,250.000000,250.000000
1749017971.737705,130.336007,90.000000,9.000000,0.000000,0.000000,0.000000,0.000000,250.000000,250.000000,250.000000,250.000000
1749017971.767900,130.141852,90.000000,9.000000,0.000000,0.000000,0.000000,0.000000,250.000000,250.000000,250.000000,250.000000
1749017971.805558,129.092769,90.000000,11.000000,0.000000,0.000000,0.000000,0.000000,250.000000,250.000000,250.000000,250.000000
1749017971.838543,129.176870,90.000000,11.000000,0.000000,0.000000,0.000000,0.000000,250.000000,250.000000,250.000000,250.000000
1749017971.872841,129.635554,90.000000,10.000000,0.000000,0.000000,0.000000,0.000000,250.000000,250.000000,250.000000,250.000000
1749017971.910667,129.877080,90.000000,10.000000,0.000000,0.000000,0.000000,0.000000,250.000000,250.000000,250.000000,250.000000
1749017971.942184,129.974237,90.000000,10.000000,0.000000,0.000000,0.000000,0.000000,250.000000,250.000000,250.000000,250.000000
1749017971.974707,129.820107,90.000000,10.000000,0.000000,0.000000,0.000000,0.000000,250.000000,250.000000,250.000000,250.000000
1749017972.009715,129.745828,90.000000,10.000000,0.000000,0.000000,0.000000,0.000000,250.000000,250.000000,250.000000,250.000000
1749017972.042433,129.389183,90.000000,11.000000,0.000000,0.000000,0.000000,0.000000,250.000000,250.000000,250.000000,250.000000
1749017972.074597,127.582238,90.000000,14.000000,0.000000,0.000000,0.000000,0.000000,250.000000,250.000000,250.000000,250.000000
1749017972.122633,126.204239,90.000000,17.000000,0.000000,0.000000,0.000000,0.000000,250.000000,250.000000,250.000000,250.000000
1749017972.142110,125.200431,90.000000,19.000000,0.000000,0.000000,0.000000,0.000000,250.000000,250.000000,250.000000,250.000000
1749017972.171428,123.525116,90.000000,22.000000,0.000000,0.000000,0.000000,0.000000,250.000000,250.000000,250.000000,250.000000
1749017972.207065,122.346114,90.000000,25.000000,0.000000,0.000000,0.000000,0.000000,250.000000,250.000000,250.000000,250.000000
1749017972.239635,120.926853,90.000000,28.000000,0.000000,0.000000,0.000000,0.000000,247.000000,247.000000,247.000000,247.000000
1749017972.270977,119.751820,90.000000,30.000000,0.000000,0.000000,0.000000,0.000000,238.000000,238.000000,238.000000,238.000000
1749017972.310013,118.730315,90.000000,32.000000,0.000000,0.000000,0.000000,0.000000,229.000000,229.000000,229.000000,229.000000
1749017972.341651,118.148024,90.000000,33.000000,0.000000,0.000000,0.000000,0.000000,225.000000,225.000000,225.000000,225.000000
1749017972.372900,117.592375,90.000000,34.000000,0.000000,0.000000,0.000000,0.000000,220.000000,220.000000,220.000000,220.000000
1749017972.409843,116.178491,90.000000,37.000000,0.000000,0.000000,0.000000,0.000000,209.000000,209.000000,209.000000,209.000000
1749017972.437335,114.880808,90.000000,40.000000,0.000000,0.000000,0.000000,0.000000,199.000000,199.000000,199.000000,199.000000
1749017972.470376,114.130112,90.000000,41.000000,0.000000,0.000000,0.000000,0.000000,193.000000,193.000000,193.000000,193.000000
1749017972.509502,112.888240,90.000000,44.000000,0.000000,0.000000,0.000000,0.000000,183.000000,183.000000,183.000000,183.000000
1749017972.541045,111.106400,90.000000,47.000000,0.000000,0.000000,0.000000,0.000000,168.000000,168.000000,168.000000,168.000000
1749017972.572298,109.836885,90.000000,50.000000,0.000000,0.000000,0.000000,0.000000,158.000000,158.000000,158.000000,158.000000
1749017972.610905,108.508896,90.000000,52.000000,0.000000,0.000000,0.000000,0.000000,148.000000,148.000000,148.000000,148.000000
1749017972.641128,106.949054,90.000000,56.000000,0.000000,0.000000,0.000000,0.000000,135.000000,135.000000,135.000000,135.000000
1749017972.673639,105.832541,90.000000,58.000000,0.000000,0.000000,0.000000,0.000000,126.000000,126.000000,126.000000,126.000000
1749017972.708982,105.513341,90.000000,58.000000,0.000000,0.000000,0.000000,0.000000,124.000000,124.000000,124.000000,124.000000
1749017972.741957,104.847754,90.000000,60.000000,0.000000,0.000000,0.000000,0.000000,120.000000,120.000000,120.000000,120.000000
1749017972.769476,104.262000,90.000000,61.000000,0.000000,0.000000,0.000000,0.000000,120.000000,120.000000,120.000000,120.000000
1749017972.805351,103.666107,90.000000,62.000000,0.000000,0.000000,0.000000,0.000000,120.000000,120.000000,120.000000,120.000000
1749017972.836222,103.597407,90.000000,62.000000,0.000000,0.000000,0.000000,0.000000,120.000000,120.000000,120.000000,120.000000
1749017972.869404,102.633007,90.000000,64.000000,0.000000,0.000000,0.000000,0.000000,120.000000,120.000000,120.000000,120.000000
1749017972.907629,102.373567,90.000000,65.000000,0.000000,0.000000,0.000000,0.000000,120.000000,120.000000,120.000000,120.000000
1749017972.939660,102.282958,90.000000,65.000000,0.000000,0.000000,0.000000,0.000000,120.000000,120.000000,120.000000,120.000000
1749017972.972142,101.529087,90.000000,66.000000,0.000000,0.000000,0.000000,0.000000,120.000000,120.000000,120.000000,120.000000
1749017973.011384,101.285635,90.000000,67.000000,0.000000,0.000000,0.000000,0.000000,120.000000,120.000000,120.000000,120.000000
1749017973.042859,101.145864,90.000000,67.000000,0.000000,0.000000,0.000000,0.000000,120.000000,120.000000,120.000000,120.000000
1749017973.074915,101.195490,90.000000,67.000000,0.000000,0.000000,0.000000,0.000000,120.000000,120.000000,120.000000,120.000000
1749017973.108769,101.020975,90.000000,67.000000,0.000000,0.000000,0.000000,0.000000,120.000000,120.000000,120.000000,120.000000
1749017973.137733,100.770661,90.000000,68.000000,0.000000,0.000000,0.000000,0.000000,120.000000,120.000000,120.000000,120.000000
1749017973.170373,101.030048,90.000000,67.000000,0.000000,0.000000,0.000000,0.000000,120.000000,120.000000,120.000000,120.000000
1749017973.207505,101.571880,90.000000,66.000000,0.000000,0.000000,0.000000,0.000000,120.000000,120.000000,120.000000,120.000000
1749017973.239323,101.854160,90.000000,66.000000,0.000000,0.000000,0.000000,0.000000,120.000000,120.000000,120.000000,120.000000
1749017973.271371,101.915037,90.000000,66.000000,0.000000,0.000000,0.000000,0.000000,120.000000,120.000000,120.000000,120.000000
1749017973.309800,102.185341,90.000000,65.000000,0.000000,0.000000,0.000000,0.000000,120.000000,120.000000,120.000000,120.000000
1749017973.342472,101.939552,90.000000,66.000000,0.000000,0.000000,0.000000,0.000000,120.000000,120.000000,120.000000,120.000000
1749017973.374713,102.676418,90.000000,64.000000,0.000000,0.000000,0.000000,0.000000,120.000000,120.000000,120.000000,120.000000
1749017973.409425,103.123940,90.000000,63.000000,0.000000,0.000000,0.000000,0.000000,120.000000,120.000000,120.000000,120.000000
1749017973.440079,103.116238,90.000000,63.000000,0.000000,0.000000,0.000000,0.000000,120.000000,120.000000,120.000000,120.000000
1749017973.471875,103.367383,90.000000,63.000000,0.000000,0.000000,0.000000,0.000000,120.000000,120.000000,120.000000,120.000000
1749017973.505975,103.839412,90.000000,62.000000,0.000000,0.000000,0.000000,0.000000,120.000000,120.000000,120.000000,120.000000
1749017973.537743,103.927714,90.000000,62.000000,0.000000,0.000000,0.000000,0.000000,120.000000,120.000000,120.000000,120.000000
1749017973.573710,105.549622,90.000000,58.000000,0.000000,0.000000,0.000000,0.000000,124.000000,124.000000,124.000000,124.000000
1749017973.611773,105.523090,90.000000,58.000000,0.000000,0.000000,0.000000,0.000000,124.000000,124.000000,124.000000,124.000000
1749017973.643494,105.319864,90.000000,59.000000,0.000000,0.000000,0.000000,0.000000,122.000000,122.000000,122.000000,122.000000
1749017973.670183,105.959970,90.000000,58.000000,0.000000,0.000000,0.000000,0.000000,127.000000,127.000000,127.000000,127.000000
1749017973.727518,105.920847,90.000000,58.000000,0.000000,0.000000,0.000000,0.000000,127.000000,127.000000,127.000000,127.000000
1749017973.751525,106.664168,90.000000,56.000000,0.000000,0.000000,0.000000,0.000000,133.000000,133.000000,133.000000,133.000000
1749017973.779248,106.731446,90.000000,56.000000,0.000000,0.000000,0.000000,0.000000,133.000000,133.000000,133.000000,133.000000
1749017973.812853,106.820252,90.000000,56.000000,0.000000,0.000000,0.000000,0.000000,134.000000,134.000000,134.000000,134.000000
1749017973.845476,107.188268,90.000000,55.000000,0.000000,0.000000,0.000000,0.000000,137.000000,137.000000,137.000000,137.000000
1749017973.876496,107.177650,90.000000,55.000000,0.000000,0.000000,0.000000,0.000000,137.000000,137.000000,137.000000,137.000000
1749017973.912015,107.475136,90.000000,55.000000,0.000000,0.000000,0.000000,0.000000,139.000000,139.000000,139.000000,139.000000
1749017973.945245,107.805993,90.000000,54.000000,0.000000,0.000000,0.000000,0.000000,142.000000,142.000000,142.000000,142.000000
1749017973.976502,108.438589,90.000000,53.000000,0.000000,0.000000,0.000000,0.000000,147.000000,147.000000,147.000000,147.000000
1749017974.015369,108.544317,90.000000,52.000000,0.000000,0.000000,0.000000,0.000000,148.000000,148.000000,148.000000,148.000000
1749017974.045520,109.195860,90.000000,51.000000,0.000000,0.000000,0.000000,0.000000,153.000000,153.000000,153.000000,153.000000
1749017974.078893,108.483345,90.000000,53.000000,0.000000,0.000000,0.000000,0.000000,147.000000,147.000000,147.000000,147.000000
1749017974.112825,108.866867,90.000000,52.000000,0.000000,0.000000,0.000000,0.000000,150.000000,150.000000,150.000000,150.000000
1749017974.145013,108.958843,90.000000,52.000000,0.000000,0.000000,0.000000,0.000000,151.000000,151.000000,151.000000,151.000000
1749017974.178024,109.230502,90.000000,51.000000,0.000000,0.000000,0.000000,0.000000,153.000000,153.000000,153.000000,153.000000
1749017974.213833,109.094992,90.000000,51.000000,0.000000,0.000000,0.000000,0.000000,152.000000,152.000000,152.000000,152.000000
1749017974.246339,109.031721,90.000000,51.000000,0.000000,0.000000,0.000000,0.000000,152.000000,152.000000,152.000000,152.000000
1749017974.277022,109.706372,90.000000,50.000000,0.000000,0.000000,0.000000,0.000000,157.000000,157.000000,157.000000,157.000000
1749017974.313587,109.410063,90.000000,51.000000,0.000000,0.000000,0.000000,0.000000,155.000000,155.000000,155.000000,155.000000
1749017974.344551,109.911275,90.000000,50.000000,0.000000,0.000000,0.000000,0.000000,159.000000,159.000000,159.000000,159.000000
1749017974.377896,110.125127,90.000000,49.000000,0.000000,0.000000,0.000000,0.000000,161.000000,161.000000,161.000000,161.000000
1749017974.411908,110.169944,90.000000,49.000000,0.000000,0.000000,0.000000,0.000000,161.000000,161.000000,161.000000,161.000000
1749017974.437078,109.833164,90.000000,50.000000,0.000000,0.000000,0.000000,0.000000,158.000000,158.000000,158.000000,158.000000
1749017974.468074,109.632234,90.000000,50.000000,0.000000,0.000000,0.000000,0.000000,157.000000,157.000000,157.000000,157.000000
1749017974.504131,109.092624,90.000000,51.000000,0.000000,0.000000,0.000000,0.000000,152.000000,152.000000,152.000000,152.000000
1749017974.537043,107.833324,90.000000,54.000000,0.000000,0.000000,0.000000,0.000000,142.000000,142.000000,142.000000,142.000000
1749017974.570556,107.215947,90.000000,55.000000,0.000000,0.000000,0.000000,0.000000,137.000000,137.000000,137.000000,137.000000
1749017974.611985,106.078737,90.000000,57.000000,0.000000,0.000000,0.000000,0.000000,128.000000,128.000000,128.000000,128.000000
1749017974.643437,104.520756,90.000000,60.000000,0.000000,0.000000,0.000000,0.000000,120.000000,120.000000,120.000000,120.000000
1749017974.674912,103.563973,90.000000,62.000000,0.000000,0.000000,0.000000,0.000000,120.000000,120.000000,120.000000,120.000000
1749017974.712436,102.686953,90.000000,64.000000,0.000000,0.000000,0.000000,0.000000,120.000000,120.000000,120.000000,120.000000
1749017974.743466,102.280828,90.000000,65.000000,0.000000,0.000000,0.000000,0.000000,120.000000,120.000000,120.000000,120.000000
1749017974.772462,101.572288,90.000000,66.000000,0.000000,0.000000,0.000000,0.000000,120.000000,120.000000,120.000000,120.000000
1749017974.805451,101.492368,90.000000,67.000000,0.000000,0.000000,0.000000,0.000000,120.000000,120.000000,120.000000,120.000000
1749017974.838539,100.619166,90.000000,68.000000,0.000000,0.000000,0.000000,0.000000,120.000000,120.000000,120.000000,120.000000
1749017974.870364,99.667851,90.000000,70.000000,0.000000,0.000000,0.000000,0.000000,120.000000,120.000000,120.000000,120.000000
1749017974.906713,99.131919,90.000000,71.000000,0.000000,0.000000,0.000000,0.000000,120.000000,120.000000,120.000000,120.000000
1749017974.939268,98.660659,90.000000,72.000000,0.000000,0.000000,0.000000,0.000000,120.000000,120.000000,120.000000,120.000000
1749017974.971635,97.505226,90.000000,74.000000,0.000000,0.000000,0.000000,0.000000,120.000000,120.000000,120.000000,120.000000
1749017975.009964,96.812538,90.000000,76.000000,0.000000,0.000000,0.000000,0.000000,120.000000,120.000000,120.000000,120.000000
1749017975.042068,96.424197,90.000000,77.000000,0.000000,0.000000,0.000000,0.000000,120.000000,120.000000,120.000000,120.000000
1749017975.073016,95.478353,90.000000,79.000000,0.000000,0.000000,0.000000,0.000000,120.000000,120.000000,120.000000,120.000000
1749017975.111028,94.243339,90.000000,81.000000,0.000000,0.000000,0.000000,0.000000,120.000000,120.000000,120.000000,120.000000
1749017975.136963,94.329121,90.000000,81.000000,0.000000,0.000000,0.000000,0.000000,120.000000,120.000000,120.000000,120.000000
1749017975.167893,93.494502,90.000000,83.000000,0.000000,0.000000,0.000000,0.000000,120.000000,120.000000,120.000000,120.000000
1749017975.205623,92.430589,90.000000,85.000000,0.000000,0.000000,0.000000,0.000000,0.000000,0.000000,0.000000,0.000000
1749017975.236966,91.996817,90.000000,86.000000,0.000000,0.000000,0.000000,0.000000,0.000000,0.000000,0.000000,0.000000
1749017975.271446,92.100155,90.000000,85.000000,0.000000,0.000000,0.000000,0.000000,0.000000,0.000000,0.000000,0.000000
1749017975.310050,91.571490,90.000000,86.000000,0.000000,0.000000,0.000000,0.000000,0.000000,0.000000,0.000000,0.000000
1749017975.343431,90.662135,90.000000,88.000000,0.000000,0.000000,0.000000,0.000000,0.000000,0.000000,0.000000,0.000000
1749017975.374127,90.197798,90.000000,89.000000,0.000000,0.000000,0.000000,0.000000,0.000000,0.000000,0.000000,0.000000
1749017975.411631,89.135768,90.000000,91.000000,0.000000,0.000000,0.000000,0.000000,0.000000,0.000000,0.000000,0.000000
1749017975.443350,88.307019,90.000000,93.000000,0.000000,0.000000,0.000000,0.000000,0.000000,0.000000,0.000000,0.000000
1749017975.475796,87.970949,90.000000,94.000000,0.000000,0.000000,0.000000,0.000000,0.000000,0.000000,0.000000,0.000000
1749017975.510688,87.399505,90.000000,95.000000,80.000000,80.000000,80.000000,80.000000,0.000000,0.000000,0.000000,0.000000
1749017975.538704,87.138688,90.000000,95.000000,80.000000,80.000000,80.000000,80.000000,0.000000,0.000000,0.000000,0.000000
1749017975.569633,86.704211,90.000000,96.000000,80.000000,80.000000,80.000000,80.000000,0.000000,0.000000,0.000000,0.000000
1749017975.607231,85.178671,90.000000,99.000000,80.000000,80.000000,80.000000,80.000000,0.000000,0.000000,0.000000,0.000000
1749017975.640420,84.754898,90.000000,100.000000,80.000000,80.000000,80.000000,80.000000,0.000000,0.000000,0.000000,0.000000
1749017975.673071,84.799819,90.000000,100.000000,80.000000,80.000000,80.000000,80.000000,0.000000,0.000000,0.000000,0.000000
1749017975.708093,85.479101,90.000000,99.000000,80.000000,80.000000,80.000000,80.000000,0.000000,0.000000,0.000000,0.000000
1749017975.740652,85.184627,90.000000,99.000000,80.000000,80.000000,80.000000,80.000000,0.000000,0.000000,0.000000,0.000000
1749017975.773765,84.705135,90.000000,100.000000,80.000000,80.000000,80.000000,80.000000,0.000000,0.000000,0.000000,0.000000
1749017975.811074,84.790732,90.000000,100.000000,80.000000,80.000000,80.000000,80.000000,0.000000,0.000000,0.000000,0.000000
1749017975.840976,85.049480,90.000000,99.000000,80.000000,80.000000,80.000000,80.000000,0.000000,0.000000,0.000000,0.000000
1749017975.873878,84.497200,90.000000,101.000000,80.000000,80.000000,80.000000,80.000000,0.000000,0.000000,0.000000,0.000000
1749017975.909383,84.507204,90.000000,100.000000,80.000000,80.000000,80.000000,80.000000,0.000000,0.000000,0.000000,0.000000
1749017975.940839,84.197587,90.000000,101.000000,80.000000,80.000000,80.000000,80.000000,0.000000,0.000000,0.000000,0.000000
1749017975.973799,83.804316,90.000000,102.000000,80.000000,80.000000,80.000000,80.000000,0.000000,0.000000,0.000000,0.000000
1749017976.005450,84.142732,90.000000,101.000000,80.000000,80.000000,80.000000,80.000000,0.000000,0.000000,0.000000,0.000000
1749017976.035970,83.909736,90.000000,102.000000,80.000000,80.000000,80.000000,80.000000,0.000000,0.000000,0.000000,0.000000
1749017976.069958,82.309243,90.000000,105.000000,80.000000,80.000000,80.000000,80.000000,0.000000,0.000000,0.000000,0.000000
1749017976.105876,82.115083,90.000000,105.000000,80.000000,80.000000,80.000000,80.000000,0.000000,0.000000,0.000000,0.000000
1749017976.156740,81.908773,90.000000,106.000000,80.000000,80.000000,80.000000,80.000000,0.000000,0.000000,0.000000,0.000000
1749017976.174874,82.427309,90.000000,105.000000,80.000000,80.000000,80.000000,80.000000,0.000000,0.000000,0.000000,0.000000
1749017976.204915,82.720488,90.000000,104.000000,80.000000,80.000000,80.000000,80.000000,0.000000,0.000000,0.000000,0.000000
1749017976.236901,82.376140,90.000000,105.000000,80.000000,80.000000,80.000000,80.000000,0.000000,0.000000,0.000000,0.000000
1749017976.271702,81.978105,90.000000,106.000000,80.000000,80.000000,80.000000,80.000000,0.000000,0.000000,0.000000,0.000000
1749017976.327284,82.432666,90.000000,105.000000,80.000000,80.000000,80.000000,80.000000,0.000000,0.000000,0.000000,0.000000
1749017976.347313,82.484765,90.000000,105.000000,80.000000,80.000000,80.000000,80.000000,0.000000,0.000000,0.000000,0.000000
1749017976.371440,82.580838,90.000000,104.000000,80.000000,80.000000,80.000000,80.000000,0.000000,0.000000,0.000000,0.000000
1749017976.405329,82.385473,90.000000,105.000000,80.000000,80.000000,80.000000,80.000000,0.000000,0.000000,0.000000,0.000000
1749017976.436481,82.378296,90.000000,105.000000,80.000000,80.000000,80.000000,80.000000,0.000000,0.000000,0.000000,0.000000
1749017976.471230,82.549955,90.000000,104.000000,80.000000,80.000000,80.000000,80.000000,0.000000,0.000000,0.000000,0.000000
1749017976.511514,82.755648,90.000000,104.000000,80.000000,80.000000,80.000000,80.000000,0.000000,0.000000,0.000000,0.000000
1749017976.542561,82.894668,90.000000,104.000000,80.000000,80.000000,80.000000,80.000000,0.000000,0.000000,0.000000,0.000000
1749017976.572723,83.256182,90.000000,103.000000,80.000000,80.000000,80.000000,80.000000,0.000000,0.000000,0.000000,0.000000
1749017976.608604,82.807449,90.000000,104.000000,80.000000,80.000000,80.000000,80.000000,0.000000,0.000000,0.000000,0.000000
1749017976.640060,83.054009,90.000000,103.000000,80.000000,80.000000,80.000000,80.000000,0.000000,0.000000,0.000000,0.000000
1749017976.673693,83.676075,90.000000,102.000000,80.000000,80.000000,80.000000,80.000000,0.000000,0.000000,0.000000,0.000000
1749017976.709869,83.395666,90.000000,103.000000,80.000000,80.000000,80.000000,80.000000,0.000000,0.000000,0.000000,0.000000
1749017976.740448,82.773181,90.000000,104.000000,80.000000,80.000000,80.000000,80.000000,0.000000,0.000000,0.000000,0.000000
1749017976.771021,83.159578,90.000000,103.000000,80.000000,80.000000,80.000000,80.000000,0.000000,0.000000,0.000000,0.000000
1749017976.808446,83.308162,90.000000,103.000000,80.000000,80.000000,80.000000,80.000000,0.000000,0.000000,0.000000,0.000000
1749017976.840146,83.277159,90.000000,103.000000,80.000000,80.000000,80.000000,80.000000,0.000000,0.000000,0.000000,0.000000
1749017976.872743,83.280769,90.000000,103.000000,80.000000,80.000000,80.000000,80.000000,0.000000,0.000000,0.000000,0.000000
1749017976.909986,83.482829,90.000000,103.000000,80.000000,80.000000,80.000000,80.000000,0.000000,0.000000,0.000000,0.000000
1749017976.941128,83.344782,90.000000,103.000000,80.000000,80.000000,80.000000,80.000000,0.000000,0.000000,0.000000,0.000000
1749017976.973520,83.928999,90.000000,102.000000,80.000000,80.000000,80.000000,80.000000,0.000000,0.000000,0.000000,0.000000
1749017977.009719,84.174378,90.000000,101.000000,80.000000,80.000000,80.000000,80.000000,0.000000,0.000000,0.000000,0.000000
1749017977.044273,85.103166,90.000000,99.000000,80.000000,80.000000,80.000000,80.000000,0.000000,0.000000,0.000000,0.000000
1749017977.071137,84.731867,90.000000,100.000000,80.000000,80.000000,80.000000,80.000000,0.000000,0.000000,0.000000,0.000000
1749017977.104490,85.102032,90.000000,99.000000,80.000000,80.000000,80.000000,80.000000,0.000000,0.000000,0.000000,0.000000
1749017977.135663,85.830160,90.000000,98.000000,80.000000,80.000000,80.000000,80.000000,0.000000,0.000000,0.000000,0.000000
1749017977.168728,86.183703,90.000000,97.000000,80.000000,80.000000,80.000000,80.000000,0.000000,0.000000,0.000000,0.000000
1749017977.205377,86.612778,90.000000,96.000000,80.000000,80.000000,80.000000,80.000000,0.000000,0.000000,0.000000,0.000000
1749017977.237770,87.362324,90.000000,95.000000,80.000000,80.000000,80.000000,80.000000,0.000000,0.000000,0.000000,0.000000
1749017977.270367,88.181025,90.000000,93.000000,0.000000,0.000000,0.000000,0.000000,0.000000,0.000000,0.000000,0.000000
1749017977.305762,88.304581,90.000000,93.000000,0.000000,0.000000,0.000000,0.000000,0.000000,0.000000,0.000000,0.000000
1749017977.339320,89.026942,90.000000,91.000000,0.000000,0.000000,0.000000,0.000000,0.000000,0.000000,0.000000,0.000000
1749017977.370254,89.587504,90.000000,90.000000,0.000000,0.000000,0.000000,0.000000,0.000000,0.000000,0.000000,0.000000
1749017977.406987,89.405371,90.000000,91.000000,0.000000,0.000000,0.000000,0.000000,0.000000,0.000000,0.000000,0.000000
1749017977.435390,90.254709,90.000000,89.000000,0.000000,0.000000,0.000000,0.000000,0.000000,0.000000,0.000000,0.000000
1749017977.467882,91.034475,90.000000,87.000000,0.000000,0.000000,0.000000,0.000000,0.000000,0.000000,0.000000,0.000000
1749017977.508731,91.720923,90.000000,86.000000,0.000000,0.000000,0.000000,0.000000,0.000000,0.000000,0.000000,0.000000
1749017977.539007,91.311176,90.000000,87.000000,0.000000,0.000000,0.000000,0.000000,0.000000,0.000000,0.000000,0.000000
1749017977.571980,92.880730,90.000000,84.000000,0.000000,0.000000,0.000000,0.000000,120.000000,120.000000,120.000000,120.000000
1749017977.614227,93.826417,90.000000,82.000000,0.000000,0.000000,0.000000,0.000000,120.000000,120.000000,120.000000,120.000000
1749017977.644976,93.645182,90.000000,82.000000,0.000000,0.000000,0.000000,0.000000,120.000000,120.000000,120.000000,120.000000
1749017977.672859,93.664654,90.000000,82.000000,0.000000,0.000000,0.000000,0.000000,120.000000,120.000000,120.000000,120.000000
1749017977.709712,93.958485,90.000000,82.000000,0.000000,0.000000,0.000000,0.000000,120.000000,120.000000,120.000000,120.000000
1749017977.740330,94.370561,90.000000,81.000000,0.000000,0.000000,0.000000,0.000000,120.000000,120.000000,120.000000,120.000000
1749017977.771599,94.324622,90.000000,81.000000,0.000000,0.000000,0.000000,0.000000,120.000000,120.000000,120.000000,120.000000
1749017977.807557,94.820197,90.000000,80.000000,0.000000,0.000000,0.000000,0.000000,120.000000,120.000000,120.000000,120.000000
1749017977.855789,94.876644,90.000000,80.000000,0.000000,0.000000,0.000000,0.000000,120.000000,120.000000,120.000000,120.000000
1749017977.873756,94.834476,90.000000,80.000000,0.000000,0.000000,0.000000,0.000000,120.000000,120.000000,120.000000,120.000000
1749017977.904330,95.152954,90.000000,79.000000,0.000000,0.000000,0.000000,0.000000,120.000000,120.000000,120.000000,120.000000
1749017977.935443,95.169545,90.000000,79.000000,0.000000,0.000000,0.000000,0.000000,120.000000,120.000000,120.000000,120.000000
1749017977.969731,95.406591,90.000000,79.000000,0.000000,0.000000,0.000000,0.000000,120.000000,120.000000,120.000000,120.000000
1749017978.006679,95.236956,90.000000,79.000000,0.000000,0.000000,0.000000,0.000000,120.000000,120.000000,120.000000,120.000000
1749017978.039482,95.039847,90.000000,79.000000,0.000000,0.000000,0.000000,0.000000,120.000000,120.000000,120.000000,120.000000
1749017978.073170,94.595310,90.000000,80.000000,0.000000,0.000000,0.000000,0.000000,120.000000,120.000000,120.000000,120.000000
1749017978.108179,94.406494,90.000000,81.000000,0.000000,0.000000,0.000000,0.000000,120.000000,120.000000,120.000000,120.000000
1749017978.140992,94.215767,90.000000,81.000000,0.000000,0.000000,0.000000,0.000000,120.000000,120.000000,120.000000,120.000000
1749017978.173414,93.719011,90.000000,82.000000,0.000000,0.000000,0.000000,0.000000,120.000000,120.000000,120.000000,120.000000
1749017978.209122,93.198734,90.000000,83.000000,0.000000,0.000000,0.000000,0.000000,120.000000,120.000000,120.000000,120.000000
1749017978.240331,92.603621,90.000000,84.000000,0.000000,0.000000,0.000000,0.000000,120.000000,120.000000,120.000000,120.000000
1749017978.273556,92.148836,90.000000,85.000000,0.000000,0.000000,0.000000,0.000000,0.000000,0.000000,0.000000,0.000000
1749017978.304199,91.768828,90.000000,86.000000,0.000000,0.000000,0.000000,0.000000,0.000000,0.000000,0.000000,0.000000
1749017978.355933,91.700232,90.000000,86.000000,0.000000,0.000000,0.000000,0.000000,0.000000,0.000000,0.000000,0.000000
1749017978.374660,91.763765,90.000000,86.000000,0.000000,0.000000,0.000000,0.000000,0.000000,0.000000,0.000000,0.000000
1749017978.403955,91.300689,90.000000,87.000000,0.000000,0.000000,0.000000,0.000000,0.000000,0.000000,0.000000,0.000000
1749017978.436893,91.305976,90.000000,87.000000,0.000000,0.000000,0.000000,0.000000,0.000000,0.000000,0.000000,0.000000
1749017978.468455,91.192545,90.000000,87.000000,0.000000,0.000000,0.000000,0.000000,0.000000,0.000000,0.000000,0.000000
1749017978.509800,91.208583,90.000000,87.000000,0.000000,0.000000,0.000000,0.000000,0.000000,0.000000,0.000000,0.000000
1749017978.542300,90.852533,90.000000,88.000000,0.000000,0.000000,0.000000,0.000000,0.000000,0.000000,0.000000,0.000000
1749017978.575694,90.609260,90.000000,88.000000,0.000000,0.000000,0.000000,0.000000,0.000000,0.000000,0.000000,0.000000
1749017978.609910,90.847784,90.000000,88.000000,0.000000,0.000000,0.000000,0.000000,0.000000,0.000000,0.000000,0.000000
1749017978.640254,90.806112,90.000000,88.000000,0.000000,0.000000,0.000000,0.000000,0.000000,0.000000,0.000000,0.000000
1749017978.668182,90.315156,90.000000,89.000000,0.000000,0.000000,0.000000,0.000000,0.000000,0.000000,0.000000,0.000000
1749017978.704861,90.169412,90.000000,89.000000,0.000000,0.000000,0.000000,0.000000,0.000000,0.000000,0.000000,0.000000
1749017978.736636,90.154207,90.000000,89.000000,0.000000,0.000000,0.000000,0.000000,0.000000,0.000000,0.000000,0.000000
1749017978.772430,89.406867,90.000000,91.000000,0.000000,0.000000,0.000000,0.000000,0.000000,0.000000,0.000000,0.000000
1749017978.819523,89.698249,90.000000,90.000000,0.000000,0.000000,0.000000,0.000000,0.000000,0.000000,0.000000,0.000000
1749017978.847626,90.035861,90.000000,89.000000,0.000000,0.000000,0.000000,0.000000,0.000000,0.000000,0.000000,0.000000
1749017978.868945,89.519231,90.000000,90.000000,0.000000,0.000000,0.000000,0.000000,0.000000,0.000000,0.000000,0.000000
1749017978.905536,89.965316,90.000000,90.000000,0.000000,0.000000,0.000000,0.000000,0.000000,0.000000,0.000000,0.000000
1749017978.939231,90.536491,90.000000,88.000000,0.000000,0.000000,0.000000,0.000000,0.000000,0.000000,0.000000,0.000000
1749017978.973519,90.168126,90.000000,89.000000,0.000000,0.000000,0.000000,0.000000,0.000000,0.000000,0.000000,0.000000
1749017979.004852,89.881685,90.000000,90.000000,0.000000,0.000000,0.000000,0.000000,0.000000,0.000000,0.000000,0.000000
1749017979.036871,90.060351,124.000000,90.000000,0.000000,0.000000,0.000000,0.000000,0.000000,0.000000,0.000000,0.000000
1749017979.068873,89.687521,124.000000,90.000000,0.000000,0.000000,0.000000,0.000000,0.000000,0.000000,0.000000,0.000000
1749017979.105727,89.425026,124.000000,90.000000,0.000000,0.000000,0.000000,0.000000,0.000000,0.000000,0.000000,0.000000
1749017979.137599,89.396221,124.000000,120.000000,0.000000,0.000000,0.000000,0.000000,0.000000,0.000000,0.000000,0.000000
1749017979.170389,89.912624,124.000000,90.000000,0.000000,0.000000,0.000000,0.000000,0.000000,0.000000,0.000000,0.000000
1749017979.206887,90.026093,124.000000,90.000000,0.000000,0.000000,0.000000,0.000000,0.000000,0.000000,0.000000,0.000000
1749017979.238508,89.673109,124.000000,90.000000,0.000000,0.000000,0.000000,0.000000,0.000000,0.000000,0.000000,0.000000
1749017979.271391,89.596856,124.000000,120.000000,0.000000,0.000000,0.000000,0.000000,0.000000,0.000000,0.000000,0.000000
1749017979.311687,89.726807,124.000000,158.000000,102.000000,102.000000,102.000000,102.000000,0.000000,0.000000,0.000000,0.000000
1749017979.340861,90.152282,124.000000,157.000000,101.000000,101.000000,101.000000,101.000000,0.000000,0.000000,0.000000,0.000000
1749017979.368568,89.953478,124.000000,158.000000,102.000000,102.000000,102.000000,102.000000,0.000000,0.000000,0.000000,0.000000
1749017979.406102,90.036169,124.000000,157.000000,101.000000,101.000000,101.000000,101.000000,0.000000,0.000000,0.000000,0.000000
1749017979.439768,90.231112,124.000000,157.000000,101.000000,101.000000,101.000000,101.000000,0.000000,0.000000,0.000000,0.000000
1749017979.471153,90.187000,124.000000,157.000000,101.000000,101.000000,101.000000,101.000000,0.000000,0.000000,0.000000,0.000000
1749017979.508754,90.007705,124.000000,157.000000,101.000000,101.000000,101.000000,101.000000,0.000000,0.000000,0.000000,0.000000
1749017979.540320,89.673107,124.000000,158.000000,102.000000,102.000000,102.000000,102.000000,0.000000,0.000000,0.000000,0.000000
1749017979.573251,89.761415,124.000000,158.000000,102.000000,102.000000,102.000000,102.000000,0.000000,0.000000,0.000000,0.000000
1749017979.624446,90.026879,124.000000,157.000000,101.000000,101.000000,101.000000,101.000000,0.000000,0.000000,0.000000,0.000000
1749017979.642870,90.290537,124.000000,157.000000,101.000000,101.000000,101.000000,101.000000,0.000000,0.000000,0.000000,0.000000
1749017979.669973,89.994580,124.000000,158.000000,102.000000,102.000000,102.000000,102.000000,0.000000,0.000000,0.000000,0.000000
1749017979.705062,89.790222,124.000000,158.000000,102.000000,102.000000,102.000000,102.000000,0.000000,0.000000,0.000000,0.000000
1749017979.736930,89.740742,124.000000,158.000000,102.000000,102.000000,102.000000,102.000000,0.000000,0.000000,0.000000,0.000000
1749017979.769344,89.933160,124.000000,158.000000,102.000000,102.000000,102.000000,102.000000,0.000000,0.000000,0.000000,0.000000
1749017979.824616,90.050102,124.000000,157.000000,101.000000,101.000000,101.000000,101.000000,0.000000,0.000000,0.000000,0.000000
1749017979.843991,89.972247,124.000000,158.000000,102.000000,102.000000,102.000000,102.000000,0.000000,0.000000,0.000000,0.000000
1749017979.872051,90.050941,124.000000,157.000000,101.000000,101.000000,101.000000,101.000000,0.000000,0.000000,0.000000,0.000000
1749017979.909682,90.717904,124.000000,156.000000,99.000000,99.000000,99.000000,99.000000,0.000000,0.000000,0.000000,0.000000
1749017979.940727,91.209136,124.000000,155.000000,98.000000,98.000000,98.000000,98.000000,0.000000,0.000000,0.000000,0.000000
1749017979.972950,90.591299,124.000000,156.000000,100.000000,100.000000,100.000000,100.000000,0.000000,0.000000,0.000000,0.000000
1749017980.008999,90.724147,124.000000,156.000000,99.000000,99.000000,99.000000,99.000000,0.000000,0.000000,0.000000,0.000000
1749017980.040632,90.890208,124.000000,156.000000,99.000000,99.000000,99.000000,99.000000,0.000000,0.000000,0.000000,0.000000
1749017980.072758,91.203262,124.000000,155.000000,98.000000,98.000000,98.000000,98.000000,0.000000,0.000000,0.000000,0.000000
1749017980.108620,91.525903,124.000000,154.000000,97.000000,97.000000,97.000000,97.000000,0.000000,0.000000,0.000000,0.000000
1749017980.140733,92.487983,124.000000,153.000000,94.000000,94.000000,94.000000,94.000000,0.000000,0.000000,0.000000,0.000000
1749017980.173599,92.670856,124.000000,152.000000,93.000000,93.000000,93.000000,93.000000,0.000000,0.000000,0.000000,0.000000
1749017980.210636,92.929924,124.000000,152.000000,93.000000,93.000000,93.000000,93.000000,0.000000,0.000000,0.000000,0.000000
1749017980.241504,93.390932,124.000000,151.000000,91.000000,91.000000,91.000000,91.000000,0.000000,0.000000,0.000000,0.000000
1749017980.273874,93.870919,124.000000,150.000000,90.000000,90.000000,90.000000,90.000000,0.000000,0.000000,0.000000,0.000000
1749017980.309499,94.431223,124.000000,149.000000,88.000000,88.000000,88.000000,88.000000,0.000000,0.000000,0.000000,0.000000
1749017980.341704,94.190382,124.000000,149.000000,89.000000,89.000000,89.000000,89.000000,0.000000,0.000000,0.000000,0.000000
1749017980.373718,94.386711,124.000000,149.000000,88.000000,88.000000,88.000000,88.000000,0.000000,0.000000,0.000000,0.000000
1749017980.411657,94.726271,124.000000,148.000000,87.000000,87.000000,87.000000,87.000000,0.000000,0.000000,0.000000,0.000000
1749017980.439422,94.494761,124.000000,149.000000,88.000000,88.000000,88.000000,88.000000,0.000000,0.000000,0.000000,0.000000
1749017980.470817,95.138186,124.000000,147.000000,86.000000,86.000000,86.000000,86.000000,0.000000,0.000000,0.000000,0.000000
1749017980.510658,95.475141,124.000000,147.000000,85.000000,85.000000,85.000000,85.000000,0.000000,0.000000,0.000000,0.000000
1749017980.540180,95.929629,124.000000,146.000000,84.000000,84.000000,84.000000,84.000000,0.000000,0.000000,0.000000,0.000000
1749017980.568044,96.119009,124.000000,145.000000,83.000000,83.000000,83.000000,83.000000,0.000000,0.000000,0.000000,0.000000
1749017980.604119,96.631456,124.000000,144.000000,82.000000,82.000000,82.000000,82.000000,0.000000,0.000000,0.000000,0.000000
1749017980.637030,96.546382,124.000000,144.000000,82.000000,82.000000,82.000000,82.000000,0.000000,0.000000,0.000000,0.000000
1749017980.668977,96.790175,124.000000,144.000000,81.000000,81.000000,81.000000,81.000000,0.000000,0.000000,0.000000,0.000000
1749017980.707630,97.554692,124.000000,142.000000,80.000000,80.000000,80.000000,80.000000,0.000000,0.000000,0.000000,0.000000
1749017980.740129,98.252484,124.000000,141.000000,80.000000,80.000000,80.000000,80.000000,0.000000,0.000000,0.000000,0.000000
1749017980.772648,98.777522,124.000000,140.000000,80.000000,80.000000,80.000000,80.000000,0.000000,0.000000,0.000000,0.000000
1749017980.807596,99.118691,124.000000,139.000000,80.000000,80.000000,80.000000,80.000000,0.000000,0.000000,0.000000,0.000000
1749017980.841831,99.171218,124.000000,139.000000,80.000000,80.000000,80.000000,80.000000,0.000000,0.000000,0.000000,0.000000
1749017980.875724,99.780822,124.000000,138.000000,80.000000,80.000000,80.000000,80.000000,0.000000,0.000000,0.000000,0.000000
1749017980.906401,100.394124,124.000000,137.000000,80.000000,80.000000,80.000000,80.000000,0.000000,0.000000,0.000000,0.000000
1749017980.937058,100.410591,124.000000,137.000000,80.000000,80.000000,80.000000,80.000000,0.000000,0.000000,0.000000,0.000000
1749017980.968158,100.386986,124.000000,137.000000,80.000000,80.000000,80.000000,80.000000,0.000000,0.000000,0.000000,0.000000
1749017981.008010,100.769216,124.000000,136.000000,80.000000,80.000000,80.000000,80.000000,0.000000,0.000000,0.000000,0.000000
1749017981.044019,101.249491,124.000000,135.000000,80.000000,80.000000,80.000000,80.000000,0.000000,0.000000,0.000000,0.000000
1749017981.074646,101.343606,124.000000,135.000000,80.000000,80.000000,80.000000,80.000000,0.000000,0.000000,0.000000,0.000000
1749017981.107969,101.034674,124.000000,135.000000,80.000000,80.000000,80.000000,80.000000,0.000000,0.000000,0.000000,0.000000
1749017981.142569,101.162996,124.000000,135.000000,80.000000,80.000000,80.000000,80.000000,0.000000,0.000000,0.000000,0.000000
1749017981.172955,101.932375,124.000000,134.000000,80.000000,80.000000,80.000000,80.000000,0.000000,0.000000,0.000000,0.000000
1749017981.208871,102.165847,124.000000,133.000000,80.000000,80.000000,80.000000,80.000000,0.000000,0.000000,0.000000,0.000000
1749017981.244924,102.333259,124.000000,133.000000,80.000000,80.000000,80.000000,80.000000,0.000000,0.000000,0.000000,0.000000
1749017981.269094,102.609704,124.000000,132.000000,80.000000,80.000000,80.000000,80.000000,0.000000,0.000000,0.000000,0.000000
1749017981.305140,102.572898,124.000000,132.000000,80.000000,80.000000,80.000000,80.000000,0.000000,0.000000,0.000000,0.000000
1749017981.337287,103.701376,124.000000,130.000000,80.000000,80.000000,80.000000,80.000000,0.000000,0.000000,0.000000,0.000000
1749017981.369559,104.631570,124.000000,128.000000,80.000000,80.000000,80.000000,80.000000,0.000000,0.000000,0.000000,0.000000
1749017981.406046,104.534872,124.000000,128.000000,80.000000,80.000000,80.000000,80.000000,0.000000,0.000000,0.000000,0.000000
1749017981.436470,104.194216,124.000000,129.000000,80.000000,80.000000,80.000000,80.000000,0.000000,0.000000,0.000000,0.000000
1749017981.468208,105.050406,124.000000,127.000000,80.000000,80.000000,80.000000,80.000000,0.000000,0.000000,0.000000,0.000000
1749017981.507514,105.711090,124.000000,126.000000,80.000000,80.000000,80.000000,80.000000,0.000000,0.000000,0.000000,0.000000
1749017981.539829,106.028115,124.000000,125.000000,80.000000,80.000000,80.000000,80.000000,0.000000,0.000000,0.000000,0.000000
1749017981.573240,106.287265,124.000000,125.000000,80.000000,80.000000,80.000000,80.000000,0.000000,0.000000,0.000000,0.000000
1749017981.606440,106.490793,124.000000,125.000000,80.000000,80.000000,80.000000,80.000000,0.000000,0.000000,0.000000,0.000000
1749017981.636632,106.568011,124.000000,124.000000,80.000000,80.000000,80.000000,80.000000,0.000000,0.000000,0.000000,0.000000
1749017981.668214,106.568858,124.000000,124.000000,80.000000,80.000000,80.000000,80.000000,0.000000,0.000000,0.000000,0.000000
1749017981.706947,106.910616,124.000000,124.000000,80.000000,80.000000,80.000000,80.000000,0.000000,0.000000,0.000000,0.000000
1749017981.738416,107.803935,124.000000,122.000000,80.000000,80.000000,80.000000,80.000000,0.000000,0.000000,0.000000,0.000000
1749017981.769546,108.023605,124.000000,121.000000,80.000000,80.000000,80.000000,80.000000,0.000000,0.000000,0.000000,0.000000
1749017981.809738,108.321753,124.000000,121.000000,80.000000,80.000000,80.000000,80.000000,0.000000,0.000000,0.000000,0.000000
1749017981.843594,108.788492,124.000000,120.000000,80.000000,80.000000,80.000000,80.000000,0.000000,0.000000,0.000000,0.000000
1749017981.875496,109.523293,124.000000,118.000000,80.000000,80.000000,80.000000,80.000000,0.000000,0.000000,0.000000,0.000000
1749017981.907791,109.742443,124.000000,118.000000,80.000000,80.000000,80.000000,80.000000,0.000000,0.000000,0.000000,0.000000
1749017981.942764,109.345325,124.000000,119.000000,80.000000,80.000000,80.000000,80.000000,0.000000,0.000000,0.000000,0.000000
1749017981.968245,110.318275,124.000000,117.000000,80.000000,80.000000,80.000000,80.000000,0.000000,0.000000,0.000000,0.000000
1749017982.004453,110.651674,124.000000,116.000000,80.000000,80.000000,80.000000,80.000000,0.000000,0.000000,0.000000,0.000000
1749017982.036337,110.510598,124.000000,116.000000,80.000000,80.000000,80.000000,80.000000,0.000000,0.000000,0.000000,0.000000
1749017982.071536,110.953701,124.000000,116.000000,80.000000,80.000000,80.000000,80.000000,0.000000,0.000000,0.000000,0.000000
1749017982.108260,111.263861,124.000000,115.000000,80.000000,80.000000,80.000000,80.000000,0.000000,0.000000,0.000000,0.000000
1749017982.139228,111.631192,124.000000,114.000000,80.000000,80.000000,80.000000,80.000000,0.000000,0.000000,0.000000,0.000000
1749017982.170225,111.877574,124.000000,114.000000,80.000000,80.000000,80.000000,80.000000,0.000000,0.000000,0.000000,0.000000
1749017982.206490,112.809496,124.000000,112.000000,80.000000,80.000000,80.000000,80.000000,0.000000,0.000000,0.000000,0.000000
1749017982.238300,113.392368,124.000000,111.000000,80.000000,80.000000,80.000000,80.000000,0.000000,0.000000,0.000000,0.000000
1749017982.270929,113.750588,124.000000,110.000000,80.000000,80.000000,80.000000,80.000000,0.000000,0.000000,0.000000,0.000000
1749017982.308426,114.406007,124.000000,109.000000,80.000000,80.000000,80.000000,80.000000,0.000000,0.000000,0.000000,0.000000
1749017982.339938,116.023070,124.000000,105.000000,80.000000,80.000000,80.000000,80.000000,0.000000,0.000000,0.000000,0.000000
1749017982.372170,117.273219,124.000000,103.000000,80.000000,80.000000,80.000000,80.000000,0.000000,0.000000,0.000000,0.000000
1749017982.412553,117.498720,124.000000,103.000000,80.000000,80.000000,80.000000,80.000000,0.000000,0.000000,0.000000,0.000000
1749017982.441911,118.152422,124.000000,101.000000,80.000000,80.000000,80.000000,80.000000,0.000000,0.000000,0.000000,0.000000
1749017982.474926,117.401133,124.000000,103.000000,80.000000,80.000000,80.000000,80.000000,0.000000,0.000000,0.000000,0.000000
1749017982.511286,117.641404,124.000000,102.000000,80.000000,80.000000,80.000000,80.000000,0.000000,0.000000,0.000000,0.000000
1749017982.542931,118.102252,124.000000,101.000000,80.000000,80.000000,80.000000,80.000000,0.000000,0.000000,0.000000,0.000000
1749017982.570048,118.559589,124.000000,100.000000,80.000000,80.000000,80.000000,80.000000,0.000000,0.000000,0.000000,0.000000
1749017982.606793,119.166898,124.000000,99.000000,80.000000,80.000000,80.000000,80.000000,0.000000,0.000000,0.000000,0.000000
1749017982.638679,119.213602,124.000000,99.000000,80.000000,80.000000,80.000000,80.000000,0.000000,0.000000,0.000000,0.000000
1749017982.669959,119.462583,124.000000,99.000000,80.000000,80.000000,80.000000,80.000000,0.000000,0.000000,0.000000,0.000000
1749017982.709714,119.912605,124.000000,98.000000,80.000000,80.000000,80.000000,80.000000,0.000000,0.000000,0.000000,0.000000
1749017982.741657,120.860150,124.000000,96.000000,80.000000,80.000000,80.000000,80.000000,0.000000,0.000000,0.000000,0.000000
1749017982.773563,122.250651,124.000000,93.000000,0.000000,0.000000,0.000000,0.000000,0.000000,0.000000,0.000000,0.000000
1749017982.810446,123.781490,124.000000,90.000000,0.000000,0.000000,0.000000,0.000000,0.000000,0.000000,0.000000,0.000000
1749017982.838907,124.938333,124.000000,88.000000,0.000000,0.000000,0.000000,0.000000,0.000000,0.000000,0.000000,0.000000
1749017982.882990,126.249564,124.000000,85.000000,0.000000,0.000000,0.000000,0.000000,0.000000,0.000000,0.000000,0.000000
1749017982.907395,126.271154,124.000000,85.000000,0.000000,0.000000,0.000000,0.000000,0.000000,0.000000,0.000000,0.000000
1749017982.936964,125.811396,124.000000,86.000000,0.000000,0.000000,0.000000,0.000000,0.000000,0.000000,0.000000,0.000000
1749017982.968421,126.204079,124.000000,85.000000,0.000000,0.000000,0.000000,0.000000,0.000000,0.000000,0.000000,0.000000
1749017983.007827,126.371891,124.000000,85.000000,0.000000,0.000000,0.000000,0.000000,0.000000,0.000000,0.000000,0.000000
1749017983.040261,126.332267,124.000000,85.000000,0.000000,0.000000,0.000000,0.000000,0.000000,0.000000,0.000000,0.000000
1749017983.073411,126.327466,124.000000,85.000000,0.000000,0.000000,0.000000,0.000000,0.000000,0.000000,0.000000,0.000000
1749017983.111725,126.366427,124.000000,85.000000,0.000000,0.000000,0.000000,0.000000,0.000000,0.000000,0.000000,0.000000
1749017983.144336,126.397307,124.000000,85.000000,0.000000,0.000000,0.000000,0.000000,0.000000,0.000000,0.000000,0.000000
1749017983.177310,126.767522,124.000000,84.000000,0.000000,0.000000,0.000000,0.000000,120.000000,120.000000,120.000000,120.000000
1749017983.205149,126.964443,124.000000,84.000000,0.000000,0.000000,0.000000,0.000000,120.000000,120.000000,120.000000,120.000000
1749017983.235768,127.280941,124.000000,83.000000,0.000000,0.000000,0.000000,0.000000,120.000000,120.000000,120.000000,120.000000
1749017983.268416,127.884228,124.000000,82.000000,0.000000,0.000000,0.000000,0.000000,120.000000,120.000000,120.000000,120.000000
1749017983.308998,128.115558,124.000000,81.000000,0.000000,0.000000,0.000000,0.000000,120.000000,120.000000,120.000000,120.000000
1749017983.356806,128.700475,124.000000,80.000000,0.000000,0.000000,0.000000,0.000000,120.000000,120.000000,120.000000,120.000000
1749017983.376955,128.888979,124.000000,80.000000,0.000000,0.000000,0.000000,0.000000,120.000000,120.000000,120.000000,120.000000
1749017983.403953,128.938618,124.000000,80.000000,0.000000,0.000000,0.000000,0.000000,120.000000,120.000000,120.000000,120.000000
1749017983.436299,128.758134,124.000000,80.000000,0.000000,0.000000,0.000000,0.000000,120.000000,120.000000,120.000000,120.000000
1749017983.471527,128.903987,124.000000,80.000000,0.000000,0.000000,0.000000,0.000000,120.000000,120.000000,120.000000,120.000000
1749017983.514313,128.943030,124.000000,80.000000,0.000000,0.000000,0.000000,0.000000,120.000000,120.000000,120.000000,120.000000
1749017983.545435,128.690370,124.000000,80.000000,0.000000,0.000000,0.000000,0.000000,120.000000,120.000000,120.000000,120.000000
1749017983.570664,129.053105,124.000000,79.000000,0.000000,0.000000,0.000000,0.000000,120.000000,120.000000,120.000000,120.000000
1749017983.605958,129.075038,124.000000,79.000000,0.000000,0.000000,0.000000,0.000000,120.000000,120.000000,120.000000,120.000000
1749017983.638005,128.953788,124.000000,80.000000,0.000000,0.000000,0.000000,0.000000,120.000000,120.000000,120.000000,120.000000
1749017983.673336,129.059593,124.000000,79.000000,0.000000,0.000000,0.000000,0.000000,120.000000,120.000000,120.000000,120.000000
1749017983.710029,128.743362,124.000000,80.000000,0.000000,0.000000,0.000000,0.000000,120.000000,120.000000,120.000000,120.000000
1749017983.741644,128.434472,124.000000,81.000000,0.000000,0.000000,0.000000,0.000000,120.000000,120.000000,120.000000,120.000000
1749017983.772909,128.002601,124.000000,81.000000,0.000000,0.000000,0.000000,0.000000,120.000000,120.000000,120.000000,120.000000
1749017983.809238,127.481757,124.000000,83.000000,0.000000,0.000000,0.000000,0.000000,120.000000,120.000000,120.000000,120.000000
1749017983.841408,127.109815,124.000000,83.000000,0.000000,0.000000,0.000000,0.000000,120.000000,120.000000,120.000000,120.000000
1749017983.898350,126.380793,124.000000,85.000000,0.000000,0.000000,0.000000,0.000000,0.000000,0.000000,0.000000,0.000000
1749017983.948260,126.048445,124.000000,85.000000,0.000000,0.000000,0.000000,0.000000,0.000000,0.000000,0.000000,0.000000
1749017983.997599,125.673141,124.000000,86.000000,0.000000,0.000000,0.000000,0.000000,0.000000,0.000000,0.000000,0.000000
1749017984.035152,125.178807,124.000000,87.000000,0.000000,0.000000,0.000000,0.000000,0.000000,0.000000,0.000000,0.000000
1749017984.059716,124.598838,124.000000,88.000000,0.000000,0.000000,0.000000,0.000000,0.000000,0.000000,0.000000,0.000000
1749017984.087075,124.730333,124.000000,88.000000,0.000000,0.000000,0.000000,0.000000,0.000000,0.000000,0.000000,0.000000
1749017984.114506,124.714036,124.000000,88.000000,0.000000,0.000000,0.000000,0.000000,0.000000,0.000000,0.000000,0.000000
1749017984.139766,124.862603,124.000000,88.000000,0.000000,0.000000,0.000000,0.000000,0.000000,0.000000,0.000000,0.000000
1749017984.165165,125.145545,124.000000,87.000000,0.000000,0.000000,0.000000,0.000000,0.000000,0.000000,0.000000,0.000000
1749017984.190394,124.656881,124.000000,88.000000,0.000000,0.000000,0.000000,0.000000,0.000000,0.000000,0.000000,0.000000
1749017984.214831,124.412134,124.000000,89.000000,0.000000,0.000000,0.000000,0.000000,0.000000,0.000000,0.000000,0.000000
1749017984.244513,124.318527,124.000000,89.000000,0.000000,0.000000,0.000000,0.000000,0.000000,0.000000,0.000000,0.000000
1749017984.277558,124.043045,124.000000,89.000000,0.000000,0.000000,0.000000,0.000000,0.000000,0.000000,0.000000,0.000000
1749017984.312777,123.902225,124.000000,90.000000,0.000000,0.000000,0.000000,0.000000,0.000000,0.000000,0.000000,0.000000
1749017984.346069,123.527500,124.000000,90.000000,0.000000,0.000000,0.000000,0.000000,0.000000,0.000000,0.000000,0.000000
1749017984.379947,123.529454,124.000000,90.000000,0.000000,0.000000,0.000000,0.000000,0.000000,0.000000,0.000000,0.000000
1749017984.413056,123.226220,124.000000,91.000000,0.000000,0.000000,0.000000,0.000000,0.000000,0.000000,0.000000,0.000000
1749017984.444061,123.092792,124.000000,91.000000,0.000000,0.000000,0.000000,0.000000,0.000000,0.000000,0.000000,0.000000
1749017984.477544,122.882848,124.000000,92.000000,0.000000,0.000000,0.000000,0.000000,0.000000,0.000000,0.000000,0.000000
1749017984.512682,122.638219,124.000000,92.000000,0.000000,0.000000,0.000000,0.000000,0.000000,0.000000,0.000000,0.000000
1749017984.545722,123.041042,124.000000,91.000000,0.000000,0.000000,0.000000,0.000000,0.000000,0.000000,0.000000,0.000000
1749017984.576905,123.120137,124.000000,91.000000,0.000000,0.000000,0.000000,0.000000,0.000000,0.000000,0.000000,0.000000
1749017984.613356,122.976088,124.000000,92.000000,0.000000,0.000000,0.000000,0.000000,0.000000,0.000000,0.000000,0.000000
1749017984.645597,122.828147,124.000000,92.000000,0.000000,0.000000,0.000000,0.000000,0.000000,0.000000,0.000000,0.000000
1749017984.678127,122.861869,124.000000,92.000000,0.000000,0.000000,0.000000,0.000000,0.000000,0.000000,0.000000,0.000000
1749017984.713577,122.870384,124.000000,92.000000,0.000000,0.000000,0.000000,0.000000,0.000000,0.000000,0.000000,0.000000
1749017984.745776,122.864024,124.000000,92.000000,0.000000,0.000000,0.000000,0.000000,0.000000,0.000000,0.000000,0.000000
1749017984.775862,122.863137,124.000000,92.000000,0.000000,0.000000,0.000000,0.000000,0.000000,0.000000,0.000000,0.000000
1749017984.812834,122.695000,124.000000,92.000000,0.000000,0.000000,0.000000,0.000000,0.000000,0.000000,0.000000,0.000000
1749017984.844231,122.792321,119.000000,90.000000,0.000000,0.000000,0.000000,0.000000,0.000000,0.000000,0.000000,0.000000
1749017984.876510,122.892654,119.000000,90.000000,0.000000,0.000000,0.000000,0.000000,0.000000,0.000000,0.000000,0.000000
1749017984.912072,122.869350,119.000000,90.000000,0.000000,0.000000,0.000000,0.000000,0.000000,0.000000,0.000000,0.000000
1749017984.944241,122.856818,119.000000,120.000000,0.000000,0.000000,0.000000,0.000000,0.000000,0.000000,0.000000,0.000000
1749017984.970977,122.744182,119.000000,90.000000,0.000000,0.000000,0.000000,0.000000,0.000000,0.000000,0.000000,0.000000
1749017985.007007,123.000424,119.000000,90.000000,0.000000,0.000000,0.000000,0.000000,0.000000,0.000000,0.000000,0.000000
1749017985.042203,122.871665,119.000000,90.000000,0.000000,0.000000,0.000000,0.000000,0.000000,0.000000,0.000000,0.000000
1749017985.073973,122.860430,119.000000,120.000000,0.000000,0.000000,0.000000,0.000000,0.000000,0.000000,0.000000,0.000000
1749017985.108496,122.857439,119.000000,82.000000,0.000000,0.000000,0.000000,0.000000,120.000000,120.000000,120.000000,120.000000
1749017985.142164,122.860920,119.000000,82.000000,0.000000,0.000000,0.000000,0.000000,120.000000,120.000000,120.000000,120.000000
1749017985.172623,122.854261,119.000000,82.000000,0.000000,0.000000,0.000000,0.000000,120.000000,120.000000,120.000000,120.000000
1749017985.208083,122.851494,119.000000,82.000000,0.000000,0.000000,0.000000,0.000000,120.000000,120.000000,120.000000,120.000000
1749017985.241874,122.852636,119.000000,82.000000,0.000000,0.000000,0.000000,0.000000,120.000000,120.000000,120.000000,120.000000
1749017985.274109,122.770171,119.000000,82.000000,0.000000,0.000000,0.000000,0.000000,120.000000,120.000000,120.000000,120.000000
1749017985.305412,122.852915,119.000000,82.000000,0.000000,0.000000,0.000000,0.000000,120.000000,120.000000,120.000000,120.000000
1749017985.336575,122.859440,119.000000,82.000000,0.000000,0.000000,0.000000,0.000000,120.000000,120.000000,120.000000,120.000000
1749017985.368362,122.858907,119.000000,82.000000,0.000000,0.000000,0.000000,0.000000,120.000000,120.000000,120.000000,120.000000
1749017985.408108,122.851181,119.000000,82.000000,0.000000,0.000000,0.000000,0.000000,120.000000,120.000000,120.000000,120.000000
1749017985.443710,122.851272,119.000000,82.000000,0.000000,0.000000,0.000000,0.000000,120.000000,120.000000,120.000000,120.000000
1749017985.475852,122.859204,119.000000,82.000000,0.000000,0.000000,0.000000,0.000000,120.000000,120.000000,120.000000,120.000000
1749017985.508680,122.862492,119.000000,82.000000,0.000000,0.000000,0.000000,0.000000,120.000000,120.000000,120.000000,120.000000
1749017985.541544,122.861131,119.000000,82.000000,0.000000,0.000000,0.000000,0.000000,120.000000,120.000000,120.000000,120.000000
1749017985.572333,122.853960,119.000000,82.000000,0.000000,0.000000,0.000000,0.000000,120.000000,120.000000,120.000000,120.000000
1749017985.609076,122.851458,119.000000,82.000000,0.000000,0.000000,0.000000,0.000000,120.000000,120.000000,120.000000,120.000000
1749017985.638768,122.842870,119.000000,82.000000,0.000000,0.000000,0.000000,0.000000,120.000000,120.000000,120.000000,120.000000
1749017985.684819,123.534135,119.000000,80.000000,0.000000,0.000000,0.000000,0.000000,120.000000,120.000000,120.000000,120.000000
1749017985.714811,123.579586,119.000000,80.000000,0.000000,0.000000,0.000000,0.000000,120.000000,120.000000,120.000000,120.000000
1749017985.737001,123.603170,119.000000,80.000000,0.000000,0.000000,0.000000,0.000000,120.000000,120.000000,120.000000,120.000000
1749017985.768040,123.454458,119.000000,81.000000,0.000000,0.000000,0.000000,0.000000,120.000000,120.000000,120.000000,120.000000
1749017985.823002,123.150864,119.000000,81.000000,0.000000,0.000000,0.000000,0.000000,120.000000,120.000000,120.000000,120.000000
1749017985.840835,123.092361,119.000000,81.000000,0.000000,0.000000,0.000000,0.000000,120.000000,120.000000,120.000000,120.000000
1749017985.867959,123.302085,119.000000,81.000000,0.000000,0.000000,0.000000,0.000000,120.000000,120.000000,120.000000,120.000000
1749017985.903988,122.949535,119.000000,82.000000,0.000000,0.000000,0.000000,0.000000,120.000000,120.000000,120.000000,120.000000
1749017985.937398,123.007228,119.000000,81.000000,0.000000,0.000000,0.000000,0.000000,120.000000,120.000000,120.000000,120.000000
1749017985.970095,122.970252,119.000000,82.000000,0.000000,0.000000,0.000000,0.000000,120.000000,120.000000,120.000000,120.000000
1749017986.004522,122.814554,119.000000,82.000000,0.000000,0.000000,0.000000,0.000000,120.000000,120.000000,120.000000,120.000000
1749017986.039547,122.628365,119.000000,82.000000,0.000000,0.000000,0.000000,0.000000,120.000000,120.000000,120.000000,120.000000
1749017986.072937,122.612815,119.000000,82.000000,0.000000,0.000000,0.000000,0.000000,120.000000,120.000000,120.000000,120.000000
1749017986.107514,123.067231,119.000000,81.000000,0.000000,0.000000,0.000000,0.000000,120.000000,120.000000,120.000000,120.000000
1749017986.140375,122.985654,119.000000,82.000000,0.000000,0.000000,0.000000,0.000000,120.000000,120.000000,120.000000,120.000000
1749017986.170406,122.570635,119.000000,82.000000,0.000000,0.000000,0.000000,0.000000,120.000000,120.000000,120.000000,120.000000
1749017986.207278,122.972796,119.000000,82.000000,0.000000,0.000000,0.000000,0.000000,120.000000,120.000000,120.000000,120.000000
1749017986.240664,122.042664,119.000000,83.000000,0.000000,0.000000,0.000000,0.000000,120.000000,120.000000,120.000000,120.000000
1749017986.273150,121.947666,119.000000,84.000000,0.000000,0.000000,0.000000,0.000000,120.000000,120.000000,120.000000,120.000000
1749017986.312601,122.737094,119.000000,82.000000,0.000000,0.000000,0.000000,0.000000,120.000000,120.000000,120.000000,120.000000
1749017986.339782,122.614396,119.000000,82.000000,0.000000,0.000000,0.000000,0.000000,120.000000,120.000000,120.000000,120.000000
1749017986.367517,121.897817,119.000000,84.000000,0.000000,0.000000,0.000000,0.000000,120.000000,120.000000,120.000000,120.000000
1749017986.405951,121.299866,119.000000,85.000000,0.000000,0.000000,0.000000,0.000000,0.000000,0.000000,0.000000,0.000000
1749017986.436689,121.360886,119.000000,85.000000,0.000000,0.000000,0.000000,0.000000,0.000000,0.000000,0.000000,0.000000
1749017986.472575,121.431984,119.000000,85.000000,0.000000,0.000000,0.000000,0.000000,0.000000,0.000000,0.000000,0.000000
1749017986.513375,121.151701,119.000000,85.000000,0.000000,0.000000,0.000000,0.000000,0.000000,0.000000,0.000000,0.000000
1749017986.546628,121.106949,119.000000,85.000000,0.000000,0.000000,0.000000,0.000000,0.000000,0.000000,0.000000,0.000000
1749017986.571918,120.407890,119.000000,87.000000,0.000000,0.000000,0.000000,0.000000,0.000000,0.000000,0.000000,0.000000
1749017986.607998,119.726495,119.000000,88.000000,0.000000,0.000000,0.000000,0.000000,0.000000,0.000000,0.000000,0.000000
1749017986.640118,119.324498,119.000000,89.000000,0.000000,0.000000,0.000000,0.000000,0.000000,0.000000,0.000000,0.000000
1749017986.673918,118.956789,119.000000,90.000000,0.000000,0.000000,0.000000,0.000000,0.000000,0.000000,0.000000,0.000000
1749017986.705311,118.006310,119.000000,91.000000,0.000000,0.000000,0.000000,0.000000,0.000000,0.000000,0.000000,0.000000
1749017986.736626,117.459672,119.000000,93.000000,0.000000,0.000000,0.000000,0.000000,0.000000,0.000000,0.000000,0.000000
1749017986.770393,117.134833,119.000000,93.000000,0.000000,0.000000,0.000000,0.000000,0.000000,0.000000,0.000000,0.000000
1749017986.811312,116.706956,119.000000,94.000000,0.000000,0.000000,0.000000,0.000000,0.000000,0.000000,0.000000,0.000000
1749017986.842227,115.914886,119.000000,96.000000,80.000000,80.000000,80.000000,80.000000,0.000000,0.000000,0.000000,0.000000
1749017986.875054,114.796905,119.000000,98.000000,80.000000,80.000000,80.000000,80.000000,0.000000,0.000000,0.000000,0.000000
1749017986.906381,114.784814,119.000000,98.000000,80.000000,80.000000,80.000000,80.000000,0.000000,0.000000,0.000000,0.000000
1749017986.939697,113.909292,119.000000,100.000000,80.000000,80.000000,80.000000,80.000000,0.000000,0.000000,0.000000,0.000000
1749017986.971226,113.313012,119.000000,101.000000,80.000000,80.000000,80.000000,80.000000,0.000000,0.000000,0.000000,0.000000
1749017987.007517,113.254573,119.000000,101.000000,80.000000,80.000000,80.000000,80.000000,0.000000,0.000000,0.000000,0.000000
1749017987.039908,112.312075,119.000000,103.000000,80.000000,80.000000,80.000000,80.000000,0.000000,0.000000,0.000000,0.000000
1749017987.072740,112.115503,119.000000,103.000000,80.000000,80.000000,80.000000,80.000000,0.000000,0.000000,0.000000,0.000000
1749017987.107957,111.810656,119.000000,104.000000,80.000000,80.000000,80.000000,80.000000,0.000000,0.000000,0.000000,0.000000
1749017987.137300,111.006616,119.000000,105.000000,80.000000,80.000000,80.000000,80.000000,0.000000,0.000000,0.000000,0.000000
1749017987.168608,110.638111,119.000000,106.000000,80.000000,80.000000,80.000000,80.000000,0.000000,0.000000,0.000000,0.000000
1749017987.224534,110.043567,119.000000,107.000000,80.000000,80.000000,80.000000,80.000000,0.000000,0.000000,0.000000,0.000000
1749017987.242053,109.286561,119.000000,109.000000,80.000000,80.000000,80.000000,80.000000,0.000000,0.000000,0.000000,0.000000
1749017987.268233,108.911495,119.000000,110.000000,80.000000,80.000000,80.000000,80.000000,0.000000,0.000000,0.000000,0.000000
1749017987.306931,109.406430,119.000000,109.000000,80.000000,80.000000,80.000000,80.000000,0.000000,0.000000,0.000000,0.000000
1749017987.339138,109.270530,119.000000,109.000000,80.000000,80.000000,80.000000,80.000000,0.000000,0.000000,0.000000,0.000000
1749017987.369373,108.753446,119.000000,110.000000,80.000000,80.000000,80.000000,80.000000,0.000000,0.000000,0.000000,0.000000
1749017987.427867,108.436489,119.000000,111.000000,80.000000,80.000000,80.000000,80.000000,0.000000,0.000000,0.000000,0.000000
1749017987.449073,108.494886,119.000000,111.000000,80.000000,80.000000,80.000000,80.000000,0.000000,0.000000,0.000000,0.000000
1749017987.474983,108.510520,119.000000,110.000000,80.000000,80.000000,80.000000,80.000000,0.000000,0.000000,0.000000,0.000000
1749017987.504500,108.358714,119.000000,111.000000,80.000000,80.000000,80.000000,80.000000,0.000000,0.000000,0.000000,0.000000
1749017987.540839,108.842954,119.000000,110.000000,80.000000,80.000000,80.000000,80.000000,0.000000,0.000000,0.000000,0.000000
1749017987.568458,109.043727,119.000000,109.000000,80.000000,80.000000,80.000000,80.000000,0.000000,0.000000,0.000000,0.000000
1749017987.629731,108.985256,119.000000,110.000000,80.000000,80.000000,80.000000,80.000000,0.000000,0.000000,0.000000,0.000000
1749017987.655438,109.128750,119.000000,109.000000,80.000000,80.000000,80.000000,80.000000,0.000000,0.000000,0.000000,0.000000
1749017987.678073,108.317954,119.000000,111.000000,80.000000,80.000000,80.000000,80.000000,0.000000,0.000000,0.000000,0.000000
1749017987.709444,108.960752,119.000000,110.000000,80.000000,80.000000,80.000000,80.000000,0.000000,0.000000,0.000000,0.000000
1749017987.741536,109.455060,119.000000,109.000000,80.000000,80.000000,80.000000,80.000000,0.000000,0.000000,0.000000,0.000000
1749017987.772306,109.231182,119.000000,109.000000,80.000000,80.000000,80.000000,80.000000,0.000000,0.000000,0.000000,0.000000
1749017987.810012,108.810505,119.000000,110.000000,80.000000,80.000000,80.000000,80.000000,0.000000,0.000000,0.000000,0.000000
1749017987.841413,109.286449,119.000000,109.000000,80.000000,80.000000,80.000000,80.000000,0.000000,0.000000,0.000000,0.000000
1749017987.877975,109.175228,119.000000,109.000000,80.000000,80.000000,80.000000,80.000000,0.000000,0.000000,0.000000,0.000000
1749017987.909584,108.869323,119.000000,110.000000,80.000000,80.000000,80.000000,80.000000,0.000000,0.000000,0.000000,0.000000
1749017987.938839,109.862280,119.000000,108.000000,80.000000,80.000000,80.000000,80.000000,0.000000,0.000000,0.000000,0.000000
1749017987.970509,109.855421,119.000000,108.000000,80.000000,80.000000,80.000000,80.000000,0.000000,0.000000,0.000000,0.000000
1749017988.007946,109.604632,119.000000,108.000000,80.000000,80.000000,80.000000,80.000000,0.000000,0.000000,0.000000,0.000000
1749017988.038976,109.544803,119.000000,108.000000,80.000000,80.000000,80.000000,80.000000,0.000000,0.000000,0.000000,0.000000
1749017988.070365,109.751246,119.000000,108.000000,80.000000,80.000000,80.000000,80.000000,0.000000,0.000000,0.000000,0.000000
1749017988.105549,109.526845,119.000000,108.000000,80.000000,80.000000,80.000000,80.000000,0.000000,0.000000,0.000000,0.000000
1749017988.138985,109.141470,119.000000,109.000000,80.000000,80.000000,80.000000,80.000000,0.000000,0.000000,0.000000,0.000000
1749017988.170594,109.963731,119.000000,108.000000,80.000000,80.000000,80.000000,80.000000,0.000000,0.000000,0.000000,0.000000
1749017988.212374,109.847400,119.000000,108.000000,80.000000,80.000000,80.000000,80.000000,0.000000,0.000000,0.000000,0.000000
1749017988.247398,110.013899,119.000000,107.000000,80.000000,80.000000,80.000000,80.000000,0.000000,0.000000,0.000000,0.000000
1749017988.279414,110.562598,119.000000,106.000000,80.000000,80.000000,80.000000,80.000000,0.000000,0.000000,0.000000,0.000000
1749017988.307330,110.240078,119.000000,107.000000,80.000000,80.000000,80.000000,80.000000,0.000000,0.000000,0.000000,0.000000
1749017988.338659,109.958587,119.000000,108.000000,80.000000,80.000000,80.000000,80.000000,0.000000,0.000000,0.000000,0.000000
1749017988.369581,110.185874,119.000000,107.000000,80.000000,80.000000,80.000000,80.000000,0.000000,0.000000,0.000000,0.000000
1749017988.408531,110.337794,119.000000,107.000000,80.000000,80.000000,80.000000,80.000000,0.000000,0.000000,0.000000,0.000000
1749017988.440645,109.694398,119.000000,108.000000,80.000000,80.000000,80.000000,80.000000,0.000000,0.000000,0.000000,0.000000
1749017988.472558,109.703115,119.000000,108.000000,80.000000,80.000000,80.000000,80.000000,0.000000,0.000000,0.000000,0.000000
1749017988.507971,109.906172,119.000000,108.000000,80.000000,80.000000,80.000000,80.000000,0.000000,0.000000,0.000000,0.000000
1749017988.540972,109.821771,119.000000,108.000000,80.000000,80.000000,80.000000,80.000000,0.000000,0.000000,0.000000,0.000000
1749017988.571391,109.839958,119.000000,108.000000,80.000000,80.000000,80.000000,80.000000,0.000000,0.000000,0.000000,0.000000
1749017988.609307,109.951709,119.000000,108.000000,80.000000,80.000000,80.000000,80.000000,0.000000,0.000000,0.000000,0.000000
1749017988.638999,109.944807,119.000000,108.000000,80.000000,80.000000,80.000000,80.000000,0.000000,0.000000,0.000000,0.000000
1749017988.668588,109.525780,119.000000,108.000000,80.000000,80.000000,80.000000,80.000000,0.000000,0.000000,0.000000,0.000000
1749017988.705760,109.832674,119.000000,108.000000,80.000000,80.000000,80.000000,80.000000,0.000000,0.000000,0.000000,0.000000
1749017988.740764,109.969973,119.000000,108.000000,80.000000,80.000000,80.000000,80.000000,0.000000,0.000000,0.000000,0.000000
1749017988.775399,109.851311,119.000000,108.000000,80.000000,80.000000,80.000000,80.000000,0.000000,0.000000,0.000000,0.000000
1749017988.809009,109.866135,119.000000,108.000000,80.000000,80.000000,80.000000,80.000000,0.000000,0.000000,0.000000,0.000000
1749017988.839764,109.966618,119.000000,108.000000,80.000000,80.000000,80.000000,80.000000,0.000000,0.000000,0.000000,0.000000
1749017988.871384,110.241187,119.000000,107.000000,80.000000,80.000000,80.000000,80.000000,0.000000,0.000000,0.000000,0.000000
1749017988.909084,109.935487,119.000000,108.000000,80.000000,80.000000,80.000000,80.000000,0.000000,0.000000,0.000000,0.000000
1749017988.939745,110.216408,119.000000,107.000000,80.000000,80.000000,80.000000,80.000000,0.000000,0.000000,0.000000,0.000000
1749017988.975092,110.064565,119.000000,107.000000,80.000000,80.000000,80.000000,80.000000,0.000000,0.000000,0.000000,0.000000
1749017989.006742,109.786609,119.000000,108.000000,80.000000,80.000000,80.000000,80.000000,0.000000,0.000000,0.000000,0.000000
1749017989.037255,109.695243,119.000000,108.000000,80.000000,80.000000,80.000000,80.000000,0.000000,0.000000,0.000000,0.000000
1749017989.066851,109.876334,119.000000,108.000000,80.000000,80.000000,80.000000,80.000000,0.000000,0.000000,0.000000,0.000000
1749017989.110818,109.961082,119.000000,108.000000,80.000000,80.000000,80.000000,80.000000,0.000000,0.000000,0.000000,0.000000
1749017989.142865,109.568095,119.000000,108.000000,80.000000,80.000000,80.000000,80.000000,0.000000,0.000000,0.000000,0.000000
1749017989.173806,110.051478,119.000000,107.000000,80.000000,80.000000,80.000000,80.000000,0.000000,0.000000,0.000000,0.000000
1749017989.207690,109.961305,119.000000,108.000000,80.000000,80.000000,80.000000,80.000000,0.000000,0.000000,0.000000,0.000000
1749017989.241930,109.880375,119.000000,108.000000,80.000000,80.000000,80.000000,80.000000,0.000000,0.000000,0.000000,0.000000
1749017989.273092,109.524133,119.000000,108.000000,80.000000,80.000000,80.000000,80.000000,0.000000,0.000000,0.000000,0.000000
1749017989.308768,109.884077,119.000000,108.000000,80.000000,80.000000,80.000000,80.000000,0.000000,0.000000,0.000000,0.000000
1749017989.333678,110.020378,119.000000,107.000000,80.000000,80.000000,80.000000,80.000000,0.000000,0.000000,0.000000,0.000000
1749017989.367953,109.751131,119.000000,108.000000,80.000000,80.000000,80.000000,80.000000,0.000000,0.000000,0.000000,0.000000
1749017989.409175,110.504496,119.000000,106.000000,80.000000,80.000000,80.000000,80.000000,0.000000,0.000000,0.000000,0.000000
1749017989.441348,110.544727,119.000000,106.000000,80.000000,80.000000,80.000000,80.000000,0.000000,0.000000,0.000000,0.000000
1749017989.473548,109.909994,119.000000,108.000000,80.000000,80.000000,80.000000,80.000000,0.000000,0.000000,0.000000,0.000000
1749017989.506241,109.829943,119.000000,108.000000,80.000000,80.000000,80.000000,80.000000,0.000000,0.000000,0.000000,0.000000
1749017989.539869,110.605393,119.000000,106.000000,80.000000,80.000000,80.000000,80.000000,0.000000,0.000000,0.000000,0.000000
1749017989.573816,110.654996,119.000000,106.000000,80.000000,80.000000,80.000000,80.000000,0.000000,0.000000,0.000000,0.000000
1749017989.609005,110.141948,119.000000,107.000000,80.000000,80.000000,80.000000,80.000000,0.000000,0.000000,0.000000,0.000000
1749017989.637751,110.431129,119.000000,107.000000,80.000000,80.000000,80.000000,80.000000,0.000000,0.000000,0.000000,0.000000
1749017989.672951,110.162634,119.000000,107.000000,80.000000,80.000000,80.000000,80.000000,0.000000,0.000000,0.000000,0.000000
1749017989.708852,110.871239,119.000000,106.000000,80.000000,80.000000,80.000000,80.000000,0.000000,0.000000,0.000000,0.000000
1749017989.753915,89.788198,119.000000,148.000000,87.000000,87.000000,87.000000,87.000000,0.000000,0.000000,0.000000,0.000000
1749017989.772487,80.852091,119.000000,166.000000,114.000000,114.000000,114.000000,114.000000,0.000000,0.000000,0.000000,0.000000
1749017989.820593,84.437122,119.000000,159.000000,103.000000,103.000000,103.000000,103.000000,0.000000,0.000000,0.000000,0.000000
1749017989.840368,86.024686,119.000000,155.000000,98.000000,98.000000,98.000000,98.000000,0.000000,0.000000,0.000000,0.000000
1749017989.871667,85.650323,119.000000,156.000000,100.000000,100.000000,100.000000,100.000000,0.000000,0.000000,0.000000,0.000000
1749017989.903794,85.381178,119.000000,157.000000,100.000000,100.000000,100.000000,100.000000,0.000000,0.000000,0.000000,0.000000
1749017989.935950,85.360767,119.000000,157.000000,100.000000,100.000000,100.000000,100.000000,0.000000,0.000000,0.000000,0.000000
1749017989.969287,85.919857,119.000000,156.000000,99.000000,99.000000,99.000000,99.000000,0.000000,0.000000,0.000000,0.000000
1749017990.011138,86.022075,119.000000,155.000000,98.000000,98.000000,98.000000,98.000000,0.000000,0.000000,0.000000,0.000000
1749017990.041687,85.815685,119.000000,156.000000,99.000000,99.000000,99.000000,99.000000,0.000000,0.000000,0.000000,0.000000
1749017990.074573,85.496643,119.000000,157.000000,100.000000,100.000000,100.000000,100.000000,0.000000,0.000000,0.000000,0.000000
1749017990.119858,85.599041,119.000000,156.000000,100.000000,100.000000,100.000000,100.000000,0.000000,0.000000,0.000000,0.000000
1749017990.138845,85.564489,119.000000,156.000000,100.000000,100.000000,100.000000,100.000000,0.000000,0.000000,0.000000,0.000000
1749017990.168687,85.960131,119.000000,156.000000,99.000000,99.000000,99.000000,99.000000,0.000000,0.000000,0.000000,0.000000
1749017990.205475,75.589134,119.000000,176.000000,130.000000,130.000000,130.000000,130.000000,0.000000,0.000000,0.000000,0.000000
1749017990.235793,75.344154,119.000000,177.000000,130.000000,130.000000,130.000000,130.000000,0.000000,0.000000,0.000000,0.000000
1749017990.282788,75.240394,119.000000,177.000000,131.000000,131.000000,131.000000,131.000000,0.000000,0.000000,0.000000,0.000000
1749017990.310026,75.396195,119.000000,177.000000,130.000000,130.000000,130.000000,130.000000,0.000000,0.000000,0.000000,0.000000
1749017990.340777,96.044530,119.000000,135.000000,80.000000,80.000000,80.000000,80.000000,0.000000,0.000000,0.000000,0.000000
1749017990.372959,105.180840,119.000000,117.000000,80.000000,80.000000,80.000000,80.000000,0.000000,0.000000,0.000000,0.000000
1749017990.407446,102.401928,119.000000,123.000000,80.000000,80.000000,80.000000,80.000000,0.000000,0.000000,0.000000,0.000000
1749017990.441417,101.283725,119.000000,125.000000,80.000000,80.000000,80.000000,80.000000,0.000000,0.000000,0.000000,0.000000
1749017990.473610,101.720762,119.000000,124.000000,80.000000,80.000000,80.000000,80.000000,0.000000,0.000000,0.000000,0.000000
1749017990.526590,102.043426,119.000000,123.000000,80.000000,80.000000,80.000000,80.000000,0.000000,0.000000,0.000000,0.000000
1749017990.546838,102.548438,119.000000,122.000000,80.000000,80.000000,80.000000,80.000000,0.000000,0.000000,0.000000,0.000000
1749017990.574987,102.655116,119.000000,122.000000,80.000000,80.000000,80.000000,80.000000,0.000000,0.000000,0.000000,0.000000
1749017990.633431,102.970122,119.000000,122.000000,80.000000,80.000000,80.000000,80.000000,0.000000,0.000000,0.000000,0.000000
1749017990.679590,102.507822,119.000000,122.000000,80.000000,80.000000,80.000000,80.000000,0.000000,0.000000,0.000000,0.000000
1749017990.715565,102.453833,119.000000,123.000000,80.000000,80.000000,80.000000,80.000000,0.000000,0.000000,0.000000,0.000000
1749017990.740991,102.311571,119.000000,123.000000,80.000000,80.000000,80.000000,80.000000,0.000000,0.000000,0.000000,0.000000
1749017990.767913,102.426101,119.000000,123.000000,80.000000,80.000000,80.000000,80.000000,0.000000,0.000000,0.000000,0.000000
1749017990.795227,102.547224,119.000000,122.000000,80.000000,80.000000,80.000000,80.000000,0.000000,0.000000,0.000000,0.000000
1749017990.820604,112.067998,119.000000,103.000000,80.000000,80.000000,80.000000,80.000000,0.000000,0.000000,0.000000,0.000000
1749017990.846915,112.625061,119.000000,102.000000,80.000000,80.000000,80.000000,80.000000,0.000000,0.000000,0.000000,0.000000
1749017990.876414,112.952966,119.000000,102.000000,80.000000,80.000000,80.000000,80.000000,0.000000,0.000000,0.000000,0.000000
1749017990.914965,112.869647,119.000000,102.000000,80.000000,80.000000,80.000000,80.000000,0.000000,0.000000,0.000000,0.000000
1749017990.947131,112.546263,119.000000,102.000000,80.000000,80.000000,80.000000,80.000000,0.000000,0.000000,0.000000,0.000000
1749017990.978450,112.137752,119.000000,103.000000,80.000000,80.000000,80.000000,80.000000,0.000000,0.000000,0.000000,0.000000
1749017991.010437,112.372665,119.000000,103.000000,80.000000,80.000000,80.000000,80.000000,0.000000,0.000000,0.000000,0.000000
1749017991.044045,112.666275,119.000000,102.000000,80.000000,80.000000,80.000000,80.000000,0.000000,0.000000,0.000000,0.000000
1749017991.076926,113.359116,119.000000,101.000000,80.000000,80.000000,80.000000,80.000000,0.000000,0.000000,0.000000,0.000000
1749017991.112726,112.772277,119.000000,102.000000,80.000000,80.000000,80.000000,80.000000,0.000000,0.000000,0.000000,0.000000
1749017991.142847,112.395094,119.000000,103.000000,80.000000,80.000000,80.000000,80.000000,0.000000,0.000000,0.000000,0.000000
1749017991.178587,112.717530,119.000000,102.000000,80.000000,80.000000,80.000000,80.000000,0.000000,0.000000,0.000000,0.000000
1749017991.213910,113.037032,119.000000,101.000000,80.000000,80.000000,80.000000,80.000000,0.000000,0.000000,0.000000,0.000000
1749017991.245398,112.765120,119.000000,102.000000,80.000000,80.000000,80.000000,80.000000,0.000000,0.000000,0.000000,0.000000
1749017991.276613,112.340221,119.000000,103.000000,80.000000,80.000000,80.000000,80.000000,0.000000,0.000000,0.000000,0.000000
1749017991.315087,112.270782,119.000000,103.000000,80.000000,80.000000,80.000000,80.000000,0.000000,0.000000,0.000000,0.000000
1749017991.346310,112.448556,119.000000,103.000000,80.000000,80.000000,80.000000,80.000000,0.000000,0.000000,0.000000,0.000000
1749017991.376837,112.881883,119.000000,102.000000,80.000000,80.000000,80.000000,80.000000,0.000000,0.000000,0.000000,0.000000
1749017991.410426,112.535522,119.000000,102.000000,80.000000,80.000000,80.000000,80.000000,0.000000,0.000000,0.000000,0.000000
1749017991.444660,111.686472,119.000000,104.000000,80.000000,80.000000,80.000000,80.000000,0.000000,0.000000,0.000000,0.000000
1749017991.477834,112.051032,119.000000,103.000000,80.000000,80.000000,80.000000,80.000000,0.000000,0.000000,0.000000,0.000000
1749017991.530911,112.537028,119.000000,102.000000,80.000000,80.000000,80.000000,80.000000,0.000000,0.000000,0.000000,0.000000
1749017991.573746,112.201878,119.000000,103.000000,80.000000,80.000000,80.000000,80.000000,0.000000,0.000000,0.000000,0.000000
1749017991.603559,111.770270,119.000000,104.000000,80.000000,80.000000,80.000000,80.000000,0.000000,0.000000,0.000000,0.000000
1749017991.644604,112.086677,119.000000,103.000000,80.000000,80.000000,80.000000,80.000000,0.000000,0.000000,0.000000,0.000000
1749017991.675596,112.058371,119.000000,103.000000,80.000000,80.000000,80.000000,80.000000,0.000000,0.000000,0.000000,0.000000
1749017991.706834,111.816356,119.000000,104.000000,80.000000,80.000000,80.000000,80.000000,0.000000,0.000000,0.000000,0.000000
1749017991.738151,112.059923,119.000000,103.000000,80.000000,80.000000,80.000000,80.000000,0.000000,0.000000,0.000000,0.000000
1749017991.766871,112.385144,119.000000,103.000000,80.000000,80.000000,80.000000,80.000000,0.000000,0.000000,0.000000,0.000000
1749017991.791472,112.248317,119.000000,103.000000,80.000000,80.000000,80.000000,80.000000,0.000000,0.000000,0.000000,0.000000
1749017991.817905,112.026012,119.000000,103.000000,80.000000,80.000000,80.000000,80.000000,0.000000,0.000000,0.000000,0.000000
1749017991.845248,111.924663,119.000000,104.000000,80.000000,80.000000,80.000000,80.000000,0.000000,0.000000,0.000000,0.000000
1749017991.877336,111.890926,119.000000,104.000000,80.000000,80.000000,80.000000,80.000000,0.000000,0.000000,0.000000,0.000000
1749017991.912115,111.439682,119.000000,105.000000,80.000000,80.000000,80.000000,80.000000,0.000000,0.000000,0.000000,0.000000
1749017991.945977,111.901575,119.000000,104.000000,80.000000,80.000000,80.000000,80.000000,0.000000,0.000000,0.000000,0.000000
1749017991.975639,111.992955,119.000000,104.000000,80.000000,80.000000,80.000000,80.000000,0.000000,0.000000,0.000000,0.000000
1749017992.013374,112.071387,119.000000,103.000000,80.000000,80.000000,80.000000,80.000000,0.000000,0.000000,0.000000,0.000000
1749017992.044657,112.140943,119.000000,103.000000,80.000000,80.000000,80.000000,80.000000,0.000000,0.000000,0.000000,0.000000
1749017992.076203,111.943389,119.000000,104.000000,80.000000,80.000000,80.000000,80.000000,0.000000,0.000000,0.000000,0.000000
1749017992.112592,111.939022,119.000000,104.000000,80.000000,80.000000,80.000000,80.000000,0.000000,0.000000,0.000000,0.000000
1749017992.145061,111.684082,119.000000,104.000000,80.000000,80.000000,80.000000,80.000000,0.000000,0.000000,0.000000,0.000000
1749017992.175824,112.153142,119.000000,103.000000,80.000000,80.000000,80.000000,80.000000,0.000000,0.000000,0.000000,0.000000
1749017992.209757,112.489485,119.000000,103.000000,80.000000,80.000000,80.000000,80.000000,0.000000,0.000000,0.000000,0.000000
1749017992.241909,112.037314,119.000000,103.000000,80.000000,80.000000,80.000000,80.000000,0.000000,0.000000,0.000000,0.000000
1749017992.273647,111.900233,119.000000,104.000000,80.000000,80.000000,80.000000,80.000000,0.000000,0.000000,0.000000,0.000000
1749017992.307537,112.036026,119.000000,103.000000,80.000000,80.000000,80.000000,80.000000,0.000000,0.000000,0.000000,0.000000
1749017992.339774,112.116687,119.000000,103.000000,80.000000,80.000000,80.000000,80.000000,0.000000,0.000000,0.000000,0.000000
1749017992.372041,111.161099,119.000000,105.000000,80.000000,80.000000,80.000000,80.000000,0.000000,0.000000,0.000000,0.000000
1749017992.408359,111.682107,119.000000,104.000000,80.000000,80.000000,80.000000,80.000000,0.000000,0.000000,0.000000,0.000000
1749017992.438980,111.864219,119.000000,104.000000,80.000000,80.000000,80.000000,80.000000,0.000000,0.000000,0.000000,0.000000
1749017992.471957,112.430535,119.000000,103.000000,80.000000,80.000000,80.000000,80.000000,0.000000,0.000000,0.000000,0.000000
1749017992.506755,111.971574,119.000000,104.000000,80.000000,80.000000,80.000000,80.000000,0.000000,0.000000,0.000000,0.000000
1749017992.539049,111.994007,119.000000,104.000000,80.000000,80.000000,80.000000,80.000000,0.000000,0.000000,0.000000,0.000000
1749017992.572823,112.144892,119.000000,103.000000,80.000000,80.000000,80.000000,80.000000,0.000000,0.000000,0.000000,0.000000
1749017992.607619,111.746629,119.000000,104.000000,80.000000,80.000000,80.000000,80.000000,0.000000,0.000000,0.000000,0.000000
1749017992.636515,111.792402,119.000000,104.000000,80.000000,80.000000,80.000000,80.000000,0.000000,0.000000,0.000000,0.000000
1749017992.671895,111.956688,119.000000,104.000000,80.000000,80.000000,80.000000,80.000000,0.000000,0.000000,0.000000,0.000000
1749017992.708147,111.874621,119.000000,104.000000,80.000000,80.000000,80.000000,80.000000,0.000000,0.000000,0.000000,0.000000
1749017992.740623,111.766941,119.000000,104.000000,80.000000,80.000000,80.000000,80.000000,0.000000,0.000000,0.000000,0.000000
1749017992.773053,111.730380,119.000000,104.000000,80.000000,80.000000,80.000000,80.000000,0.000000,0.000000,0.000000,0.000000
1749017992.808505,111.889734,119.000000,104.000000,80.000000,80.000000,80.000000,80.000000,0.000000,0.000000,0.000000,0.000000
1749017992.840451,111.332829,119.000000,105.000000,80.000000,80.000000,80.000000,80.000000,0.000000,0.000000,0.000000,0.000000
1749017992.870198,111.396916,119.000000,105.000000,80.000000,80.000000,80.000000,80.000000,0.000000,0.000000,0.000000,0.000000
1749017992.907571,111.634640,119.000000,104.000000,80.000000,80.000000,80.000000,80.000000,0.000000,0.000000,0.000000,0.000000
1749017992.941906,112.381590,119.000000,103.000000,80.000000,80.000000,80.000000,80.000000,0.000000,0.000000,0.000000,0.000000
1749017992.968812,111.672641,119.000000,104.000000,80.000000,80.000000,80.000000,80.000000,0.000000,0.000000,0.000000,0.000000
1749017993.025343,111.664571,119.000000,104.000000,80.000000,80.000000,80.000000,80.000000,0.000000,0.000000,0.000000,0.000000
1749017993.044445,112.008993,119.000000,103.000000,80.000000,80.000000,80.000000,80.000000,0.000000,0.000000,0.000000,0.000000
1749017993.067488,112.360665,119.000000,103.000000,80.000000,80.000000,80.000000,80.000000,0.000000,0.000000,0.000000,0.000000
1749017993.103186,112.081820,119.000000,103.000000,80.000000,80.000000,80.000000,80.000000,0.000000,0.000000,0.000000,0.000000
1749017993.135907,111.775585,119.000000,104.000000,80.000000,80.000000,80.000000,80.000000,0.000000,0.000000,0.000000,0.000000
1749017993.170326,111.551752,119.000000,104.000000,80.000000,80.000000,80.000000,80.000000,0.000000,0.000000,0.000000,0.000000
1749017993.205309,112.016981,119.000000,103.000000,80.000000,80.000000,80.000000,80.000000,0.000000,0.000000,0.000000,0.000000
1749017993.239038,112.221538,119.000000,103.000000,80.000000,80.000000,80.000000,80.000000,0.000000,0.000000,0.000000,0.000000
1749017993.276144,111.635515,119.000000,104.000000,80.000000,80.000000,80.000000,80.000000,0.000000,0.000000,0.000000,0.000000
1749017993.311917,111.803330,119.000000,104.000000,80.000000,80.000000,80.000000,80.000000,0.000000,0.000000,0.000000,0.000000
1749017993.335833,111.963462,119.000000,104.000000,80.000000,80.000000,80.000000,80.000000,0.000000,0.000000,0.000000,0.000000
1749017993.366338,112.140755,119.000000,103.000000,80.000000,80.000000,80.000000,80.000000,0.000000,0.000000,0.000000,0.000000
1749017993.409091,111.779343,119.000000,104.000000,80.000000,80.000000,80.000000,80.000000,0.000000,0.000000,0.000000,0.000000
1749017993.441107,111.823255,119.000000,104.000000,80.000000,80.000000,80.000000,80.000000,0.000000,0.000000,0.000000,0.000000
1749017993.472636,112.085283,119.000000,103.000000,80.000000,80.000000,80.000000,80.000000,0.000000,0.000000,0.000000,0.000000
1749017993.505936,112.017472,119.000000,103.000000,80.000000,80.000000,80.000000,80.000000,0.000000,0.000000,0.000000,0.000000
1749017993.540852,112.304257,119.000000,103.000000,80.000000,80.000000,80.000000,80.000000,0.000000,0.000000,0.000000,0.000000
1749017993.572406,112.313877,119.000000,103.000000,80.000000,80.000000,80.000000,80.000000,0.000000,0.000000,0.000000,0.000000
1749017993.612018,111.634334,119.000000,104.000000,80.000000,80.000000,80.000000,80.000000,0.000000,0.000000,0.000000,0.000000
1749017993.643591,111.503697,119.000000,104.000000,80.000000,80.000000,80.000000,80.000000,0.000000,0.000000,0.000000,0.000000
1749017993.668887,111.685191,119.000000,104.000000,80.000000,80.000000,80.000000,80.000000,0.000000,0.000000,0.000000,0.000000
1749017993.705570,111.692476,119.000000,104.000000,80.000000,80.000000,80.000000,80.000000,0.000000,0.000000,0.000000,0.000000
1749017993.737953,111.566730,119.000000,104.000000,80.000000,80.000000,80.000000,80.000000,0.000000,0.000000,0.000000,0.000000
1749017993.769977,111.847574,119.000000,104.000000,80.000000,80.000000,80.000000,80.000000,0.000000,0.000000,0.000000,0.000000
1749017993.811600,111.784198,119.000000,104.000000,80.000000,80.000000,80.000000,80.000000,0.000000,0.000000,0.000000,0.000000
1749017993.842644,111.739233,119.000000,104.000000,80.000000,80.000000,80.000000,80.000000,0.000000,0.000000,0.000000,0.000000
1749017993.873989,111.179367,119.000000,105.000000,80.000000,80.000000,80.000000,80.000000,0.000000,0.000000,0.000000,0.000000
1749017993.906243,111.815514,119.000000,104.000000,80.000000,80.000000,80.000000,80.000000,0.000000,0.000000,0.000000,0.000000
1749017993.938922,112.290925,119.000000,103.000000,80.000000,80.000000,80.000000,80.000000,0.000000,0.000000,0.000000,0.000000
1749017993.970717,112.483924,119.000000,103.000000,80.000000,80.000000,80.000000,80.000000,0.000000,0.000000,0.000000,0.000000
1749017994.006639,112.280307,119.000000,103.000000,80.000000,80.000000,80.000000,80.000000,0.000000,0.000000,0.000000,0.000000
1749017994.039480,111.741922,119.000000,104.000000,80.000000,80.000000,80.000000,80.000000,0.000000,0.000000,0.000000,0.000000
1749017994.070487,111.858394,119.000000,104.000000,80.000000,80.000000,80.000000,80.000000,0.000000,0.000000,0.000000,0.000000
1749017994.111926,111.541515,119.000000,104.000000,80.000000,80.000000,80.000000,80.000000,0.000000,0.000000,0.000000,0.000000
1749017994.145088,111.673435,119.000000,104.000000,80.000000,80.000000,80.000000,80.000000,0.000000,0.000000,0.000000,0.000000
1749017994.172575,112.099806,119.000000,103.000000,80.000000,80.000000,80.000000,80.000000,0.000000,0.000000,0.000000,0.000000
1749017994.210295,111.848100,119.000000,104.000000,80.000000,80.000000,80.000000,80.000000,0.000000,0.000000,0.000000,0.000000
1749017994.255110,111.731687,119.000000,104.000000,80.000000,80.000000,80.000000,80.000000,0.000000,0.000000,0.000000,0.000000
1749017994.274663,111.672286,119.000000,104.000000,80.000000,80.000000,80.000000,80.000000,0.000000,0.000000,0.000000,0.000000
1749017994.305898,111.794671,119.000000,104.000000,80.000000,80.000000,80.000000,80.000000,0.000000,0.000000,0.000000,0.000000
1749017994.336967,111.785035,119.000000,104.000000,80.000000,80.000000,80.000000,80.000000,0.000000,0.000000,0.000000,0.000000
1749017994.368565,111.980699,119.000000,104.000000,80.000000,80.000000,80.000000,80.000000,0.000000,0.000000,0.000000,0.000000
1749017994.404014,111.872089,119.000000,104.000000,80.000000,80.000000,80.000000,80.000000,0.000000,0.000000,0.000000,0.000000
1749017994.438133,112.134593,119.000000,103.000000,80.000000,80.000000,80.000000,80.000000,0.000000,0.000000,0.000000,0.000000
1749017994.469730,112.182976,119.000000,103.000000,80.000000,80.000000,80.000000,80.000000,0.000000,0.000000,0.000000,0.000000
1749017994.510492,111.793566,119.000000,104.000000,80.000000,80.000000,80.000000,80.000000,0.000000,0.000000,0.000000,0.000000
1749017994.541408,111.804908,119.000000,104.000000,80.000000,80.000000,80.000000,80.000000,0.000000,0.000000,0.000000,0.000000
1749017994.568255,111.502760,119.000000,104.000000,80.000000,80.000000,80.000000,80.000000,0.000000,0.000000,0.000000,0.000000
1749017994.605207,111.787970,119.000000,104.000000,80.000000,80.000000,80.000000,80.000000,0.000000,0.000000,0.000000,0.000000
1749017994.636701,111.815990,119.000000,104.000000,80.000000,80.000000,80.000000,80.000000,0.000000,0.000000,0.000000,0.000000
1749017994.669528,112.190547,119.000000,103.000000,80.000000,80.000000,80.000000,80.000000,0.000000,0.000000,0.000000,0.000000
1749017994.706187,112.394109,119.000000,103.000000,80.000000,80.000000,80.000000,80.000000,0.000000,0.000000,0.000000,0.000000
1749017994.736776,112.511639,119.000000,102.000000,80.000000,80.000000,80.000000,80.000000,0.000000,0.000000,0.000000,0.000000
1749017994.770219,112.795165,119.000000,102.000000,80.000000,80.000000,80.000000,80.000000,0.000000,0.000000,0.000000,0.000000
1749017994.811007,112.426616,119.000000,103.000000,80.000000,80.000000,80.000000,80.000000,0.000000,0.000000,0.000000,0.000000
1749017994.842602,112.675818,119.000000,102.000000,80.000000,80.000000,80.000000,80.000000,0.000000,0.000000,0.000000,0.000000
1749017994.876017,111.724804,119.000000,104.000000,80.000000,80.000000,80.000000,80.000000,0.000000,0.000000,0.000000,0.000000
1749017994.903237,92.422938,119.000000,143.000000,80.000000,80.000000,80.000000,80.000000,0.000000,0.000000,0.000000,0.000000
1749017994.936143,103.977774,119.000000,120.000000,80.000000,80.000000,80.000000,80.000000,0.000000,0.000000,0.000000,0.000000
1749017994.968452,115.494547,119.000000,97.000000,80.000000,80.000000,80.000000,80.000000,0.000000,0.000000,0.000000,0.000000
1749017995.003431,113.709156,119.000000,100.000000,80.000000,80.000000,80.000000,80.000000,0.000000,0.000000,0.000000,0.000000
1749017995.035181,111.249930,119.000000,105.000000,80.000000,80.000000,80.000000,80.000000,0.000000,0.000000,0.000000,0.000000
1749017995.068405,111.677383,119.000000,104.000000,80.000000,80.000000,80.000000,80.000000,0.000000,0.000000,0.000000,0.000000
1749017995.108984,111.921090,119.000000,104.000000,80.000000,80.000000,80.000000,80.000000,0.000000,0.000000,0.000000,0.000000
1749017995.140875,112.269426,119.000000,103.000000,80.000000,80.000000,80.000000,80.000000,0.000000,0.000000,0.000000,0.000000
1749017995.169138,112.050430,119.000000,103.000000,80.000000,80.000000,80.000000,80.000000,0.000000,0.000000,0.000000,0.000000
1749017995.205375,112.457489,119.000000,103.000000,80.000000,80.000000,80.000000,80.000000,0.000000,0.000000,0.000000,0.000000
1749017995.237339,112.624189,119.000000,102.000000,80.000000,80.000000,80.000000,80.000000,0.000000,0.000000,0.000000,0.000000
1749017995.268567,112.278587,119.000000,103.000000,80.000000,80.000000,80.000000,80.000000,0.000000,0.000000,0.000000,0.000000
1749017995.327776,112.656411,119.000000,102.000000,80.000000,80.000000,80.000000,80.000000,0.000000,0.000000,0.000000,0.000000
1749017995.356066,112.148733,119.000000,103.000000,80.000000,80.000000,80.000000,80.000000,0.000000,0.000000,0.000000,0.000000
1749017995.383415,102.397847,119.000000,123.000000,80.000000,80.000000,80.000000,80.000000,0.000000,0.000000,0.000000,0.000000
1749017995.416852,112.116853,119.000000,103.000000,80.000000,80.000000,80.000000,80.000000,0.000000,0.000000,0.000000,0.000000
1749017995.450162,112.527377,119.000000,102.000000,80.000000,80.000000,80.000000,80.000000,0.000000,0.000000,0.000000,0.000000
1749017995.481697,112.504124,119.000000,102.000000,80.000000,80.000000,80.000000,80.000000,0.000000,0.000000,0.000000,0.000000
1749017995.521717,112.244301,119.000000,103.000000,80.000000,80.000000,80.000000,80.000000,0.000000,0.000000,0.000000,0.000000
1749017995.550375,112.279236,119.000000,103.000000,80.000000,80.000000,80.000000,80.000000,0.000000,0.000000,0.000000,0.000000
1749017995.581707,112.076801,119.000000,103.000000,80.000000,80.000000,80.000000,80.000000,0.000000,0.000000,0.000000,0.000000
1749017995.619148,112.254303,119.000000,103.000000,80.000000,80.000000,80.000000,80.000000,0.000000,0.000000,0.000000,0.000000
1749017995.653009,112.121615,119.000000,103.000000,80.000000,80.000000,80.000000,80.000000,0.000000,0.000000,0.000000,0.000000
1749017995.684786,112.459958,119.000000,103.000000,80.000000,80.000000,80.000000,80.000000,0.000000,0.000000,0.000000,0.000000
1749017995.717972,112.442946,119.000000,103.000000,80.000000,80.000000,80.000000,80.000000,0.000000,0.000000,0.000000,0.000000
1749017995.749179,112.055964,119.000000,103.000000,80.000000,80.000000,80.000000,80.000000,0.000000,0.000000,0.000000,0.000000
1749017995.781686,112.324246,119.000000,103.000000,80.000000,80.000000,80.000000,80.000000,0.000000,0.000000,0.000000,0.000000
1749017995.815862,112.544311,119.000000,102.000000,80.000000,80.000000,80.000000,80.000000,0.000000,0.000000,0.000000,0.000000
1749017995.849850,112.583011,119.000000,102.000000,80.000000,80.000000,80.000000,80.000000,0.000000,0.000000,0.000000,0.000000
1749017995.883411,112.565627,119.000000,102.000000,80.000000,80.000000,80.000000,80.000000,0.000000,0.000000,0.000000,0.000000
1749017995.916821,112.206811,119.000000,103.000000,80.000000,80.000000,80.000000,80.000000,0.000000,0.000000,0.000000,0.000000
1749017995.950805,112.601703,119.000000,102.000000,80.000000,80.000000,80.000000,80.000000,0.000000,0.000000,0.000000,0.000000
1749017995.986141,112.388031,119.000000,103.000000,80.000000,80.000000,80.000000,80.000000,0.000000,0.000000,0.000000,0.000000
1749017996.022295,112.158678,119.000000,103.000000,80.000000,80.000000,80.000000,80.000000,0.000000,0.000000,0.000000,0.000000
1749017996.058814,112.216145,119.000000,103.000000,80.000000,80.000000,80.000000,80.000000,0.000000,0.000000,0.000000,0.000000
1749017996.091751,112.624108,119.000000,102.000000,80.000000,80.000000,80.000000,80.000000,0.000000,0.000000,0.000000,0.000000
1749017996.121013,112.651435,119.000000,102.000000,80.000000,80.000000,80.000000,80.000000,0.000000,0.000000,0.000000,0.000000
1749017996.153135,112.138657,119.000000,103.000000,80.000000,80.000000,80.000000,80.000000,0.000000,0.000000,0.000000,0.000000
1749017996.182665,112.630914,119.000000,102.000000,80.000000,80.000000,80.000000,80.000000,0.000000,0.000000,0.000000,0.000000
1749017996.219594,112.832562,119.000000,102.000000,80.000000,80.000000,80.000000,80.000000,0.000000,0.000000,0.000000,0.000000
1749017996.251027,92.774591,119.000000,142.000000,80.000000,80.000000,80.000000,80.000000,0.000000,0.000000,0.000000,0.000000
