epoch_time,ankle_angle,goal_angle,servo_command,vibe_command_0,vibe_command_1,vibe_command_2,vibe_command_3,vibe_command_4,vibe_command_5,vibe_command_6,vibe_command_7
1749018095.076665,108.691936,110.000000,90.000000,0.000000,0.000000,0.000000,0.000000,0.000000,0.000000,0.000000,0.000000
1749018095.108742,108.811342,110.000000,90.000000,0.000000,0.000000,0.000000,0.000000,0.000000,0.000000,0.000000,0.000000
1749018095.135491,109.179059,110.000000,90.000000,0.000000,0.000000,0.000000,0.000000,0.000000,0.000000,0.000000,0.000000
1749018095.170084,108.603987,110.000000,90.000000,0.000000,0.000000,0.000000,0.000000,0.000000,0.000000,0.000000,0.000000
1749018095.203048,108.611598,110.000000,90.000000,0.000000,0.000000,0.000000,0.000000,0.000000,0.000000,0.000000,0.000000
1749018095.238444,108.625819,110.000000,90.000000,0.000000,0.000000,0.000000,0.000000,0.000000,0.000000,0.000000,0.000000
1749018095.275948,108.490345,110.000000,90.000000,0.000000,0.000000,0.000000,0.000000,0.000000,0.000000,0.000000,0.000000
1749018095.308654,109.300509,110.000000,90.000000,0.000000,0.000000,0.000000,0.000000,0.000000,0.000000,0.000000,0.000000
1749018095.340319,108.955352,110.000000,90.000000,0.000000,0.000000,0.000000,0.000000,0.000000,0.000000,0.000000,0.000000
1749018095.378453,108.595354,110.000000,90.000000,0.000000,0.000000,0.000000,0.000000,0.000000,0.000000,0.000000,0.000000
1749018095.410866,109.155082,110.000000,90.000000,0.000000,0.000000,0.000000,0.000000,0.000000,0.000000,0.000000,0.000000
1749018095.441773,109.175856,110.000000,90.000000,0.000000,0.000000,0.000000,0.000000,0.000000,0.000000,0.000000,0.000000
1749018095.473397,109.417241,110.000000,90.000000,0.000000,0.000000,0.000000,0.000000,0.000000,0.000000,0.000000,0.000000
1749018095.502754,109.180068,110.000000,90.000000,0.000000,0.000000,0.000000,0.000000,0.000000,0.000000,0.000000,0.000000
1749018095.534900,109.492139,110.000000,90.000000,0.000000,0.000000,0.000000,0.000000,0.000000,0.000000,0.000000,0.000000
1749018095.571011,109.384615,110.000000,90.000000,0.000000,0.000000,0.000000,0.000000,0.000000,0.000000,0.000000,0.000000
1749018095.602373,110.317255,110.000000,90.000000,0.000000,0.000000,0.000000,0.000000,0.000000,0.000000,0.000000,0.000000
1749018095.634453,110.717365,110.000000,90.000000,0.000000,0.000000,0.000000,0.000000,0.000000,0.000000,0.000000,0.000000
1749018095.675034,111.653837,110.000000,90.000000,0.000000,0.000000,0.000000,0.000000,0.000000,0.000000,0.000000,0.000000
1749018095.705548,113.795021,110.000000,90.000000,0.000000,0.000000,0.000000,0.000000,120.000000,120.000000,120.000000,120.000000
1749018095.738446,116.937861,110.000000,90.000000,0.000000,0.000000,0.000000,0.000000,120.000000,120.000000,120.000000,120.000000
1749018095.776575,119.117703,110.000000,90.000000,0.000000,0.000000,0.000000,0.000000,120.000000,120.000000,120.000000,120.000000
1749018095.808314,120.420300,110.000000,90.000000,0.000000,0.000000,0.000000,0.000000,120.000000,120.000000,120.000000,120.000000
1749018095.837009,120.652020,110.000000,90.000000,0.000000,0.000000,0.000000,0.000000,120.000000,120.000000,120.000000,120.000000
1749018095.895002,120.189329,110.000000,90.000000,0.000000,0.000000,0.000000,0.000000,120.000000,120.000000,120.000000,120.000000
1749018095.913716,119.793299,110.000000,90.000000,0.000000,0.000000,0.000000,0.000000,120.000000,120.000000,120.000000,120.000000
1749018095.939859,120.075656,110.000000,90.000000,0.000000,0.000000,0.000000,0.000000,120.000000,120.000000,120.000000,120.000000
1749018095.974736,120.177146,110.000000,90.000000,0.000000,0.000000,0.000000,0.000000,120.000000,120.000000,120.000000,120.000000
1749018096.005385,120.812676,110.000000,90.000000,0.000000,0.000000,0.000000,0.000000,120.000000,120.000000,120.000000,120.000000
1749018096.037695,120.710062,110.000000,90.000000,0.000000,0.000000,0.000000,0.000000,120.000000,120.000000,120.000000,120.000000
1749018096.076544,121.675224,110.000000,90.000000,0.000000,0.000000,0.000000,0.000000,120.000000,120.000000,120.000000,120.000000
1749018096.111014,122.290754,110.000000,90.000000,0.000000,0.000000,0.000000,0.000000,120.000000,120.000000,120.000000,120.000000
1749018096.138231,122.433235,110.000000,90.000000,0.000000,0.000000,0.000000,0.000000,120.000000,120.000000,120.000000,120.000000
1749018096.172037,123.014190,110.000000,90.000000,0.000000,0.000000,0.000000,0.000000,120.000000,120.000000,120.000000,120.000000
1749018096.204837,124.451267,110.000000,90.000000,0.000000,0.000000,0.000000,0.000000,120.000000,120.000000,120.000000,120.000000
1749018096.235076,124.466587,110.000000,90.000000,0.000000,0.000000,0.000000,0.000000,120.000000,120.000000,120.000000,120.000000
1749018096.274068,124.652156,110.000000,90.000000,0.000000,0.000000,0.000000,0.000000,120.000000,120.000000,120.000000,120.000000
1749018096.306627,124.360159,110.000000,90.000000,0.000000,0.000000,0.000000,0.000000,120.000000,120.000000,120.000000,120.000000
1749018096.345611,122.930277,110.000000,90.000000,0.000000,0.000000,0.000000,0.000000,120.000000,120.000000,120.000000,120.000000
1749018096.373252,122.443875,110.000000,90.000000,0.000000,0.000000,0.000000,0.000000,120.000000,120.000000,120.000000,120.000000
1749018096.405046,120.476665,110.000000,90.000000,0.000000,0.000000,0.000000,0.000000,120.000000,120.000000,120.000000,120.000000
1749018096.435354,120.198237,110.000000,90.000000,0.000000,0.000000,0.000000,0.000000,120.000000,120.000000,120.000000,120.000000
1749018096.473137,120.410060,110.000000,90.000000,0.000000,0.000000,0.000000,0.000000,120.000000,120.000000,120.000000,120.000000
1749018096.503714,119.896581,110.000000,90.000000,0.000000,0.000000,0.000000,0.000000,120.000000,120.000000,120.000000,120.000000
1749018096.537462,119.307793,110.000000,90.000000,0.000000,0.000000,0.000000,0.000000,120.000000,120.000000,120.000000,120.000000
1749018096.573222,118.641925,110.000000,90.000000,0.000000,0.000000,0.000000,0.000000,120.000000,120.000000,120.000000,120.000000
1749018096.603465,118.259825,110.000000,90.000000,0.000000,0.000000,0.000000,0.000000,120.000000,120.000000,120.000000,120.000000
1749018096.637896,118.252936,110.000000,90.000000,0.000000,0.000000,0.000000,0.000000,120.000000,120.000000,120.000000,120.000000
1749018096.674956,118.264425,110.000000,90.000000,0.000000,0.000000,0.000000,0.000000,120.000000,120.000000,120.000000,120.000000
1749018096.707654,117.799833,110.000000,90.000000,0.000000,0.000000,0.000000,0.000000,120.000000,120.000000,120.000000,120.000000
1749018096.735717,117.880553,110.000000,90.000000,0.000000,0.000000,0.000000,0.000000,120.000000,120.000000,120.000000,120.000000
1749018096.771842,117.991262,110.000000,90.000000,0.000000,0.000000,0.000000,0.000000,120.000000,120.000000,120.000000,120.000000
1749018096.801876,117.227941,110.000000,90.000000,0.000000,0.000000,0.000000,0.000000,120.000000,120.000000,120.000000,120.000000
1749018096.834580,116.944731,110.000000,90.000000,0.000000,0.000000,0.000000,0.000000,120.000000,120.000000,120.000000,120.000000
1749018096.872118,116.002841,110.000000,90.000000,0.000000,0.000000,0.000000,0.000000,120.000000,120.000000,120.000000,120.000000
1749018096.903800,116.178665,110.000000,90.000000,0.000000,0.000000,0.000000,0.000000,120.000000,120.000000,120.000000,120.000000
1749018096.937134,115.492379,110.000000,90.000000,0.000000,0.000000,0.000000,0.000000,120.000000,120.000000,120.000000,120.000000
1749018096.972245,115.050918,110.000000,90.000000,0.000000,0.000000,0.000000,0.000000,120.000000,120.000000,120.000000,120.000000
1749018097.004945,114.899931,110.000000,90.000000,0.000000,0.000000,0.000000,0.000000,120.000000,120.000000,120.000000,120.000000
1749018097.039971,113.820921,110.000000,90.000000,0.000000,0.000000,0.000000,0.000000,120.000000,120.000000,120.000000,120.000000
1749018097.073867,112.970334,110.000000,90.000000,0.000000,0.000000,0.000000,0.000000,120.000000,120.000000,120.000000,120.000000
1749018097.103106,112.858850,110.000000,90.000000,0.000000,0.000000,0.000000,0.000000,120.000000,120.000000,120.000000,120.000000
1749018097.136443,112.349246,110.000000,90.000000,0.000000,0.000000,0.000000,0.000000,0.000000,0.000000,0.000000,0.000000
1749018097.171894,112.312435,110.000000,90.000000,0.000000,0.000000,0.000000,0.000000,0.000000,0.000000,0.000000,0.000000
1749018097.203564,111.802474,110.000000,90.000000,0.000000,0.000000,0.000000,0.000000,0.000000,0.000000,0.000000,0.000000
1749018097.235089,111.686617,110.000000,90.000000,0.000000,0.000000,0.000000,0.000000,0.000000,0.000000,0.000000,0.000000
1749018097.271286,111.495725,110.000000,90.000000,0.000000,0.000000,0.000000,0.000000,0.000000,0.000000,0.000000,0.000000
1749018097.303304,111.368457,110.000000,90.000000,0.000000,0.000000,0.000000,0.000000,0.000000,0.000000,0.000000,0.000000
1749018097.335911,110.504736,110.000000,90.000000,0.000000,0.000000,0.000000,0.000000,0.000000,0.000000,0.000000,0.000000
1749018097.371684,110.260658,110.000000,90.000000,0.000000,0.000000,0.000000,0.000000,0.000000,0.000000,0.000000,0.000000
1749018097.406477,109.981746,110.000000,90.000000,0.000000,0.000000,0.000000,0.000000,0.000000,0.000000,0.000000,0.000000
1749018097.439821,110.057497,110.000000,90.000000,0.000000,0.000000,0.000000,0.000000,0.000000,0.000000,0.000000,0.000000
1749018097.473747,109.517932,110.000000,90.000000,0.000000,0.000000,0.000000,0.000000,0.000000,0.000000,0.000000,0.000000
1749018097.503053,108.736087,110.000000,90.000000,0.000000,0.000000,0.000000,0.000000,0.000000,0.000000,0.000000,0.000000
1749018097.534998,108.905991,110.000000,90.000000,0.000000,0.000000,0.000000,0.000000,0.000000,0.000000,0.000000,0.000000
1749018097.573796,109.246736,110.000000,90.000000,0.000000,0.000000,0.000000,0.000000,0.000000,0.000000,0.000000,0.000000
1749018097.605430,108.795012,110.000000,90.000000,0.000000,0.000000,0.000000,0.000000,0.000000,0.000000,0.000000,0.000000
1749018097.637956,108.322233,110.000000,90.000000,0.000000,0.000000,0.000000,0.000000,0.000000,0.000000,0.000000,0.000000
1749018097.674795,108.087153,110.000000,90.000000,0.000000,0.000000,0.000000,0.000000,0.000000,0.000000,0.000000,0.000000
1749018097.704779,108.694533,110.000000,90.000000,0.000000,0.000000,0.000000,0.000000,0.000000,0.000000,0.000000,0.000000
1749018097.742534,108.714758,110.000000,90.000000,0.000000,0.000000,0.000000,0.000000,0.000000,0.000000,0.000000,0.000000
1749018097.771630,108.619495,110.000000,90.000000,0.000000,0.000000,0.000000,0.000000,0.000000,0.000000,0.000000,0.000000
1749018097.802802,108.619918,110.000000,90.000000,0.000000,0.000000,0.000000,0.000000,0.000000,0.000000,0.000000,0.000000
1749018097.835663,108.823654,110.000000,90.000000,0.000000,0.000000,0.000000,0.000000,0.000000,0.000000,0.000000,0.000000
1749018097.873037,108.276853,126.000000,90.000000,0.000000,0.000000,0.000000,0.000000,0.000000,0.000000,0.000000,0.000000
1749018097.905602,108.519253,126.000000,90.000000,0.000000,0.000000,0.000000,0.000000,0.000000,0.000000,0.000000,0.000000
1749018097.938987,108.314833,126.000000,90.000000,0.000000,0.000000,0.000000,0.000000,0.000000,0.000000,0.000000,0.000000
1749018097.973512,107.828083,126.000000,120.000000,0.000000,0.000000,0.000000,0.000000,0.000000,0.000000,0.000000,0.000000
1749018098.004894,107.833641,126.000000,90.000000,0.000000,0.000000,0.000000,0.000000,0.000000,0.000000,0.000000,0.000000
1749018098.036460,108.083545,126.000000,90.000000,0.000000,0.000000,0.000000,0.000000,0.000000,0.000000,0.000000,0.000000
1749018098.071636,107.970290,126.000000,90.000000,0.000000,0.000000,0.000000,0.000000,0.000000,0.000000,0.000000,0.000000
1749018098.125596,107.753033,126.000000,120.000000,0.000000,0.000000,0.000000,0.000000,0.000000,0.000000,0.000000,0.000000
1749018098.146196,108.385188,126.000000,90.000000,80.000000,80.000000,80.000000,80.000000,0.000000,0.000000,0.000000,0.000000
1749018098.170755,108.643522,126.000000,90.000000,80.000000,80.000000,80.000000,80.000000,0.000000,0.000000,0.000000,0.000000
1749018098.203966,108.509656,126.000000,90.000000,80.000000,80.000000,80.000000,80.000000,0.000000,0.000000,0.000000,0.000000
1749018098.234797,108.489715,126.000000,90.000000,80.000000,80.000000,80.000000,80.000000,0.000000,0.000000,0.000000,0.000000
1749018098.273659,108.761451,126.000000,90.000000,80.000000,80.000000,80.000000,80.000000,0.000000,0.000000,0.000000,0.000000
1749018098.305748,108.707467,126.000000,90.000000,80.000000,80.000000,80.000000,80.000000,0.000000,0.000000,0.000000,0.000000
1749018098.340055,108.218836,126.000000,90.000000,80.000000,80.000000,80.000000,80.000000,0.000000,0.000000,0.000000,0.000000
1749018098.376562,108.185251,126.000000,90.000000,80.000000,80.000000,80.000000,80.000000,0.000000,0.000000,0.000000,0.000000
1749018098.408572,108.259372,126.000000,90.000000,80.000000,80.000000,80.000000,80.000000,0.000000,0.000000,0.000000,0.000000
1749018098.440742,108.399902,126.000000,90.000000,80.000000,80.000000,80.000000,80.000000,0.000000,0.000000,0.000000,0.000000
1749018098.476268,108.601601,126.000000,90.000000,80.000000,80.000000,80.000000,80.000000,0.000000,0.000000,0.000000,0.000000
1749018098.508059,108.302020,126.000000,90.000000,80.000000,80.000000,80.000000,80.000000,0.000000,0.000000,0.000000,0.000000
1749018098.536053,108.173345,126.000000,90.000000,80.000000,80.000000,80.000000,80.000000,0.000000,0.000000,0.000000,0.000000
1749018098.572305,108.450784,126.000000,90.000000,80.000000,80.000000,80.000000,80.000000,0.000000,0.000000,0.000000,0.000000
1749018098.608011,108.820926,126.000000,90.000000,80.000000,80.000000,80.000000,80.000000,0.000000,0.000000,0.000000,0.000000
1749018098.637805,108.701888,126.000000,90.000000,80.000000,80.000000,80.000000,80.000000,0.000000,0.000000,0.000000,0.000000
1749018098.667976,108.688321,126.000000,90.000000,80.000000,80.000000,80.000000,80.000000,0.000000,0.000000,0.000000,0.000000
1749018098.703414,108.702664,126.000000,90.000000,80.000000,80.000000,80.000000,80.000000,0.000000,0.000000,0.000000,0.000000
1749018098.739961,108.698863,126.000000,90.000000,80.000000,80.000000,80.000000,80.000000,0.000000,0.000000,0.000000,0.000000
1749018098.771762,108.696402,126.000000,90.000000,80.000000,80.000000,80.000000,80.000000,0.000000,0.000000,0.000000,0.000000
1749018098.825741,108.269690,126.000000,90.000000,80.000000,80.000000,80.000000,80.000000,0.000000,0.000000,0.000000,0.000000
1749018098.847028,108.417084,126.000000,90.000000,80.000000,80.000000,80.000000,80.000000,0.000000,0.000000,0.000000,0.000000
1749018098.872603,108.559890,126.000000,90.000000,80.000000,80.000000,80.000000,80.000000,0.000000,0.000000,0.000000,0.000000
1749018098.903946,108.355772,126.000000,90.000000,80.000000,80.000000,80.000000,80.000000,0.000000,0.000000,0.000000,0.000000
1749018098.939201,108.337443,126.000000,90.000000,80.000000,80.000000,80.000000,80.000000,0.000000,0.000000,0.000000,0.000000
1749018098.969475,108.333151,126.000000,90.000000,80.000000,80.000000,80.000000,80.000000,0.000000,0.000000,0.000000,0.000000
1749018099.002614,108.312712,126.000000,90.000000,80.000000,80.000000,80.000000,80.000000,0.000000,0.000000,0.000000,0.000000
1749018099.034718,109.286963,126.000000,90.000000,80.000000,80.000000,80.000000,80.000000,0.000000,0.000000,0.000000,0.000000
1749018099.071968,110.381864,126.000000,90.000000,80.000000,80.000000,80.000000,80.000000,0.000000,0.000000,0.000000,0.000000
1749018099.105981,110.651345,126.000000,90.000000,80.000000,80.000000,80.000000,80.000000,0.000000,0.000000,0.000000,0.000000
1749018099.140012,111.023749,126.000000,90.000000,80.000000,80.000000,80.000000,80.000000,0.000000,0.000000,0.000000,0.000000
1749018099.175612,111.636857,126.000000,90.000000,80.000000,80.000000,80.000000,80.000000,0.000000,0.000000,0.000000,0.000000
1749018099.206915,111.737409,126.000000,90.000000,80.000000,80.000000,80.000000,80.000000,0.000000,0.000000,0.000000,0.000000
1749018099.240202,112.140481,126.000000,90.000000,80.000000,80.000000,80.000000,80.000000,0.000000,0.000000,0.000000,0.000000
1749018099.273134,112.440201,126.000000,90.000000,80.000000,80.000000,80.000000,80.000000,0.000000,0.000000,0.000000,0.000000
1749018099.308282,112.111072,126.000000,90.000000,80.000000,80.000000,80.000000,80.000000,0.000000,0.000000,0.000000,0.000000
1749018099.345568,112.089281,126.000000,90.000000,80.000000,80.000000,80.000000,80.000000,0.000000,0.000000,0.000000,0.000000
1749018099.371073,112.737954,126.000000,90.000000,80.000000,80.000000,80.000000,80.000000,0.000000,0.000000,0.000000,0.000000
1749018099.402904,112.555298,126.000000,90.000000,80.000000,80.000000,80.000000,80.000000,0.000000,0.000000,0.000000,0.000000
1749018099.436919,112.765515,126.000000,90.000000,80.000000,80.000000,80.000000,80.000000,0.000000,0.000000,0.000000,0.000000
1749018099.473992,112.993776,126.000000,90.000000,80.000000,80.000000,80.000000,80.000000,0.000000,0.000000,0.000000,0.000000
1749018099.505509,113.592805,126.000000,90.000000,80.000000,80.000000,80.000000,80.000000,0.000000,0.000000,0.000000,0.000000
1749018099.538283,113.999112,126.000000,90.000000,80.000000,80.000000,80.000000,80.000000,0.000000,0.000000,0.000000,0.000000
1749018099.574497,114.488809,126.000000,90.000000,80.000000,80.000000,80.000000,80.000000,0.000000,0.000000,0.000000,0.000000
1749018099.605925,114.557010,126.000000,90.000000,80.000000,80.000000,80.000000,80.000000,0.000000,0.000000,0.000000,0.000000
1749018099.638462,114.982842,126.000000,90.000000,80.000000,80.000000,80.000000,80.000000,0.000000,0.000000,0.000000,0.000000
1749018099.676504,115.825553,126.000000,90.000000,80.000000,80.000000,80.000000,80.000000,0.000000,0.000000,0.000000,0.000000
1749018099.706933,116.310681,126.000000,90.000000,80.000000,80.000000,80.000000,80.000000,0.000000,0.000000,0.000000,0.000000
1749018099.739604,116.099700,126.000000,90.000000,80.000000,80.000000,80.000000,80.000000,0.000000,0.000000,0.000000,0.000000
1749018099.772532,116.273296,126.000000,90.000000,80.000000,80.000000,80.000000,80.000000,0.000000,0.000000,0.000000,0.000000
1749018099.804144,116.861071,126.000000,90.000000,80.000000,80.000000,80.000000,80.000000,0.000000,0.000000,0.000000,0.000000
1749018099.835622,116.474051,126.000000,90.000000,80.000000,80.000000,80.000000,80.000000,0.000000,0.000000,0.000000,0.000000
1749018099.874011,116.543019,126.000000,90.000000,80.000000,80.000000,80.000000,80.000000,0.000000,0.000000,0.000000,0.000000
1749018099.910121,117.293253,126.000000,90.000000,80.000000,80.000000,80.000000,80.000000,0.000000,0.000000,0.000000,0.000000
1749018099.943593,118.096208,126.000000,90.000000,80.000000,80.000000,80.000000,80.000000,0.000000,0.000000,0.000000,0.000000
1749018099.973542,119.148578,126.000000,90.000000,80.000000,80.000000,80.000000,80.000000,0.000000,0.000000,0.000000,0.000000
1749018100.010050,118.933410,126.000000,90.000000,80.000000,80.000000,80.000000,80.000000,0.000000,0.000000,0.000000,0.000000
1749018100.039637,118.830551,126.000000,90.000000,80.000000,80.000000,80.000000,80.000000,0.000000,0.000000,0.000000,0.000000
1749018100.070781,118.673353,126.000000,90.000000,80.000000,80.000000,80.000000,80.000000,0.000000,0.000000,0.000000,0.000000
1749018100.103096,119.195950,126.000000,90.000000,80.000000,80.000000,80.000000,80.000000,0.000000,0.000000,0.000000,0.000000
1749018100.135902,119.164445,126.000000,90.000000,80.000000,80.000000,80.000000,80.000000,0.000000,0.000000,0.000000,0.000000
1749018100.174487,119.894217,126.000000,90.000000,80.000000,80.000000,80.000000,80.000000,0.000000,0.000000,0.000000,0.000000
1749018100.207794,120.359008,126.000000,90.000000,80.000000,80.000000,80.000000,80.000000,0.000000,0.000000,0.000000,0.000000
1749018100.239922,120.533541,126.000000,90.000000,80.000000,80.000000,80.000000,80.000000,0.000000,0.000000,0.000000,0.000000
1749018100.275100,120.746620,126.000000,90.000000,80.000000,80.000000,80.000000,80.000000,0.000000,0.000000,0.000000,0.000000
1749018100.306569,121.157063,126.000000,90.000000,80.000000,80.000000,80.000000,80.000000,0.000000,0.000000,0.000000,0.000000
1749018100.338979,122.086447,126.000000,90.000000,80.000000,80.000000,80.000000,80.000000,0.000000,0.000000,0.000000,0.000000
1749018100.377148,122.641269,126.000000,90.000000,80.000000,80.000000,80.000000,80.000000,0.000000,0.000000,0.000000,0.000000
1749018100.407855,123.187099,126.000000,90.000000,80.000000,80.000000,80.000000,80.000000,0.000000,0.000000,0.000000,0.000000
1749018100.443991,123.871183,126.000000,90.000000,0.000000,0.000000,0.000000,0.000000,0.000000,0.000000,0.000000,0.000000
1749018100.491138,124.246030,126.000000,90.000000,0.000000,0.000000,0.000000,0.000000,0.000000,0.000000,0.000000,0.000000
1749018100.513272,124.027850,126.000000,90.000000,0.000000,0.000000,0.000000,0.000000,0.000000,0.000000,0.000000,0.000000
1749018100.540730,124.577405,126.000000,90.000000,0.000000,0.000000,0.000000,0.000000,0.000000,0.000000,0.000000,0.000000
1749018100.575095,124.522442,126.000000,90.000000,0.000000,0.000000,0.000000,0.000000,0.000000,0.000000,0.000000,0.000000
1749018100.608042,124.283936,126.000000,90.000000,0.000000,0.000000,0.000000,0.000000,0.000000,0.000000,0.000000,0.000000
1749018100.641039,123.534700,126.000000,90.000000,0.000000,0.000000,0.000000,0.000000,0.000000,0.000000,0.000000,0.000000
1749018100.676945,121.825399,126.000000,90.000000,80.000000,80.000000,80.000000,80.000000,0.000000,0.000000,0.000000,0.000000
1749018100.707333,122.209310,126.000000,90.000000,80.000000,80.000000,80.000000,80.000000,0.000000,0.000000,0.000000,0.000000
1749018100.739471,122.021782,126.000000,90.000000,80.000000,80.000000,80.000000,80.000000,0.000000,0.000000,0.000000,0.000000
1749018100.777594,120.731011,126.000000,90.000000,80.000000,80.000000,80.000000,80.000000,0.000000,0.000000,0.000000,0.000000
1749018100.809572,120.254953,126.000000,90.000000,80.000000,80.000000,80.000000,80.000000,0.000000,0.000000,0.000000,0.000000
1749018100.838380,119.156804,126.000000,90.000000,80.000000,80.000000,80.000000,80.000000,0.000000,0.000000,0.000000,0.000000
1749018100.874257,118.164532,126.000000,90.000000,80.000000,80.000000,80.000000,80.000000,0.000000,0.000000,0.000000,0.000000
1749018100.905783,117.866411,126.000000,90.000000,80.000000,80.000000,80.000000,80.000000,0.000000,0.000000,0.000000,0.000000
1749018100.935017,117.860357,126.000000,90.000000,80.000000,80.000000,80.000000,80.000000,0.000000,0.000000,0.000000,0.000000
1749018100.972551,118.150887,126.000000,90.000000,80.000000,80.000000,80.000000,80.000000,0.000000,0.000000,0.000000,0.000000
1749018101.004400,117.659893,126.000000,90.000000,80.000000,80.000000,80.000000,80.000000,0.000000,0.000000,0.000000,0.000000
1749018101.037047,117.027397,126.000000,90.000000,80.000000,80.000000,80.000000,80.000000,0.000000,0.000000,0.000000,0.000000
1749018101.075079,117.397520,126.000000,90.000000,80.000000,80.000000,80.000000,80.000000,0.000000,0.000000,0.000000,0.000000
1749018101.107471,116.763679,126.000000,90.000000,80.000000,80.000000,80.000000,80.000000,0.000000,0.000000,0.000000,0.000000
1749018101.140004,115.909934,126.000000,90.000000,80.000000,80.000000,80.000000,80.000000,0.000000,0.000000,0.000000,0.000000
1749018101.176709,116.887797,126.000000,90.000000,80.000000,80.000000,80.000000,80.000000,0.000000,0.000000,0.000000,0.000000
1749018101.209932,115.680029,126.000000,90.000000,80.000000,80.000000,80.000000,80.000000,0.000000,0.000000,0.000000,0.000000
1749018101.243136,115.216907,126.000000,90.000000,80.000000,80.000000,80.000000,80.000000,0.000000,0.000000,0.000000,0.000000
1749018101.271883,115.903440,126.000000,90.000000,80.000000,80.000000,80.000000,80.000000,0.000000,0.000000,0.000000,0.000000
1749018101.302557,115.770278,126.000000,90.000000,80.000000,80.000000,80.000000,80.000000,0.000000,0.000000,0.000000,0.000000
1749018101.357115,116.448518,126.000000,90.000000,80.000000,80.000000,80.000000,80.000000,0.000000,0.000000,0.000000,0.000000
1749018101.379558,117.594413,126.000000,90.000000,80.000000,80.000000,80.000000,80.000000,0.000000,0.000000,0.000000,0.000000
1749018101.407898,118.941775,126.000000,90.000000,80.000000,80.000000,80.000000,80.000000,0.000000,0.000000,0.000000,0.000000
1749018101.440829,119.554985,126.000000,90.000000,80.000000,80.000000,80.000000,80.000000,0.000000,0.000000,0.000000,0.000000
1749018101.495689,119.411185,126.000000,90.000000,80.000000,80.000000,80.000000,80.000000,0.000000,0.000000,0.000000,0.000000
1749018101.517752,119.424077,126.000000,90.000000,80.000000,80.000000,80.000000,80.000000,0.000000,0.000000,0.000000,0.000000
1749018101.539047,119.805070,126.000000,90.000000,80.000000,80.000000,80.000000,80.000000,0.000000,0.000000,0.000000,0.000000
1749018101.570952,119.929579,126.000000,90.000000,80.000000,80.000000,80.000000,80.000000,0.000000,0.000000,0.000000,0.000000
1749018101.604866,119.807387,126.000000,90.000000,80.000000,80.000000,80.000000,80.000000,0.000000,0.000000,0.000000,0.000000
1749018101.635800,120.206825,126.000000,90.000000,80.000000,80.000000,80.000000,80.000000,0.000000,0.000000,0.000000,0.000000
1749018101.671799,119.751867,126.000000,90.000000,80.000000,80.000000,80.000000,80.000000,0.000000,0.000000,0.000000,0.000000
1749018101.705972,120.680469,126.000000,90.000000,80.000000,80.000000,80.000000,80.000000,0.000000,0.000000,0.000000,0.000000
1749018101.742938,121.057487,126.000000,90.000000,80.000000,80.000000,80.000000,80.000000,0.000000,0.000000,0.000000,0.000000
1749018101.774702,121.541737,126.000000,90.000000,80.000000,80.000000,80.000000,80.000000,0.000000,0.000000,0.000000,0.000000
1749018101.807348,122.485975,126.000000,90.000000,80.000000,80.000000,80.000000,80.000000,0.000000,0.000000,0.000000,0.000000
1749018101.840705,122.910195,126.000000,90.000000,80.000000,80.000000,80.000000,80.000000,0.000000,0.000000,0.000000,0.000000
1749018101.874963,123.541072,126.000000,90.000000,0.000000,0.000000,0.000000,0.000000,0.000000,0.000000,0.000000,0.000000
1749018101.906574,123.809021,126.000000,90.000000,0.000000,0.000000,0.000000,0.000000,0.000000,0.000000,0.000000,0.000000
1749018101.941303,124.606727,126.000000,90.000000,0.000000,0.000000,0.000000,0.000000,0.000000,0.000000,0.000000,0.000000
1749018101.970814,124.462146,126.000000,90.000000,0.000000,0.000000,0.000000,0.000000,0.000000,0.000000,0.000000,0.000000
1749018102.002257,124.233192,126.000000,90.000000,0.000000,0.000000,0.000000,0.000000,0.000000,0.000000,0.000000,0.000000
1749018102.034274,124.675904,126.000000,90.000000,0.000000,0.000000,0.000000,0.000000,0.000000,0.000000,0.000000,0.000000
1749018102.072367,125.302373,126.000000,90.000000,0.000000,0.000000,0.000000,0.000000,0.000000,0.000000,0.000000,0.000000
1749018102.104501,125.311081,126.000000,90.000000,0.000000,0.000000,0.000000,0.000000,0.000000,0.000000,0.000000,0.000000
1749018102.139858,125.590073,126.000000,90.000000,0.000000,0.000000,0.000000,0.000000,0.000000,0.000000,0.000000,0.000000
1749018102.175554,125.444344,126.000000,90.000000,0.000000,0.000000,0.000000,0.000000,0.000000,0.000000,0.000000,0.000000
1749018102.207871,126.250291,126.000000,90.000000,0.000000,0.000000,0.000000,0.000000,0.000000,0.000000,0.000000,0.000000
1749018102.237566,126.865645,126.000000,90.000000,0.000000,0.000000,0.000000,0.000000,0.000000,0.000000,0.000000,0.000000
1749018102.274426,127.147430,126.000000,90.000000,0.000000,0.000000,0.000000,0.000000,0.000000,0.000000,0.000000,0.000000
1749018102.304527,126.772271,126.000000,90.000000,0.000000,0.000000,0.000000,0.000000,0.000000,0.000000,0.000000,0.000000
1749018102.334506,126.831039,126.000000,90.000000,0.000000,0.000000,0.000000,0.000000,0.000000,0.000000,0.000000,0.000000
1749018102.371758,127.091796,126.000000,90.000000,0.000000,0.000000,0.000000,0.000000,0.000000,0.000000,0.000000,0.000000
1749018102.403628,126.767375,126.000000,90.000000,0.000000,0.000000,0.000000,0.000000,0.000000,0.000000,0.000000,0.000000
1749018102.435810,126.551637,126.000000,90.000000,0.000000,0.000000,0.000000,0.000000,0.000000,0.000000,0.000000,0.000000
1749018102.473856,126.349285,126.000000,90.000000,0.000000,0.000000,0.000000,0.000000,0.000000,0.000000,0.000000,0.000000
1749018102.511296,126.815768,126.000000,90.000000,0.000000,0.000000,0.000000,0.000000,0.000000,0.000000,0.000000,0.000000
1749018102.541393,127.043251,126.000000,90.000000,0.000000,0.000000,0.000000,0.000000,0.000000,0.000000,0.000000,0.000000
1749018102.588857,126.810979,126.000000,90.000000,0.000000,0.000000,0.000000,0.000000,0.000000,0.000000,0.000000,0.000000
1749018102.607730,127.112930,126.000000,90.000000,0.000000,0.000000,0.000000,0.000000,0.000000,0.000000,0.000000,0.000000
1749018102.634407,126.499207,126.000000,90.000000,0.000000,0.000000,0.000000,0.000000,0.000000,0.000000,0.000000,0.000000
1749018102.670597,126.811694,126.000000,90.000000,0.000000,0.000000,0.000000,0.000000,0.000000,0.000000,0.000000,0.000000
1749018102.705395,127.051129,126.000000,90.000000,0.000000,0.000000,0.000000,0.000000,0.000000,0.000000,0.000000,0.000000
1749018102.737297,127.522426,126.000000,90.000000,0.000000,0.000000,0.000000,0.000000,0.000000,0.000000,0.000000,0.000000
1749018102.772054,127.224664,126.000000,90.000000,0.000000,0.000000,0.000000,0.000000,0.000000,0.000000,0.000000,0.000000
1749018102.804892,127.540060,126.000000,90.000000,0.000000,0.000000,0.000000,0.000000,0.000000,0.000000,0.000000,0.000000
1749018102.837797,127.401622,126.000000,90.000000,0.000000,0.000000,0.000000,0.000000,0.000000,0.000000,0.000000,0.000000
1749018102.873065,126.799368,126.000000,90.000000,0.000000,0.000000,0.000000,0.000000,0.000000,0.000000,0.000000,0.000000
1749018102.905008,126.963616,126.000000,90.000000,0.000000,0.000000,0.000000,0.000000,0.000000,0.000000,0.000000,0.000000
1749018102.937479,126.877672,126.000000,90.000000,0.000000,0.000000,0.000000,0.000000,0.000000,0.000000,0.000000,0.000000
1749018102.976856,126.994168,126.000000,90.000000,0.000000,0.000000,0.000000,0.000000,0.000000,0.000000,0.000000,0.000000
1749018103.009837,126.989670,115.000000,90.000000,0.000000,0.000000,0.000000,0.000000,0.000000,0.000000,0.000000,0.000000
1749018103.041542,126.880797,115.000000,90.000000,0.000000,0.000000,0.000000,0.000000,0.000000,0.000000,0.000000,0.000000
1749018103.079023,127.244259,115.000000,90.000000,0.000000,0.000000,0.000000,0.000000,0.000000,0.000000,0.000000,0.000000
1749018103.109892,126.862611,115.000000,120.000000,0.000000,0.000000,0.000000,0.000000,0.000000,0.000000,0.000000,0.000000
1749018103.138980,127.205945,115.000000,90.000000,0.000000,0.000000,0.000000,0.000000,0.000000,0.000000,0.000000,0.000000
1749018103.173950,127.293708,115.000000,90.000000,0.000000,0.000000,0.000000,0.000000,0.000000,0.000000,0.000000,0.000000
1749018103.202699,127.493654,115.000000,90.000000,0.000000,0.000000,0.000000,0.000000,0.000000,0.000000,0.000000,0.000000
1749018103.234700,127.237754,115.000000,120.000000,0.000000,0.000000,0.000000,0.000000,0.000000,0.000000,0.000000,0.000000
1749018103.271004,127.350277,115.000000,90.000000,0.000000,0.000000,0.000000,0.000000,120.000000,120.000000,120.000000,120.000000
1749018103.303707,127.613431,115.000000,90.000000,0.000000,0.000000,0.000000,0.000000,120.000000,120.000000,120.000000,120.000000
1749018103.335839,127.361330,115.000000,90.000000,0.000000,0.000000,0.000000,0.000000,120.000000,120.000000,120.000000,120.000000
1749018103.371779,127.152805,115.000000,90.000000,0.000000,0.000000,0.000000,0.000000,120.000000,120.000000,120.000000,120.000000
1749018103.405707,127.392431,115.000000,90.000000,0.000000,0.000000,0.000000,0.000000,120.000000,120.000000,120.000000,120.000000
1749018103.443586,127.810644,115.000000,90.000000,0.000000,0.000000,0.000000,0.000000,120.000000,120.000000,120.000000,120.000000
1749018103.491604,127.645007,115.000000,90.000000,0.000000,0.000000,0.000000,0.000000,120.000000,120.000000,120.000000,120.000000
1749018103.512448,127.482628,115.000000,90.000000,0.000000,0.000000,0.000000,0.000000,120.000000,120.000000,120.000000,120.000000
1749018103.535356,127.328241,115.000000,90.000000,0.000000,0.000000,0.000000,0.000000,120.000000,120.000000,120.000000,120.000000
1749018103.570422,127.105971,115.000000,90.000000,0.000000,0.000000,0.000000,0.000000,120.000000,120.000000,120.000000,120.000000
1749018103.604486,127.455823,115.000000,90.000000,0.000000,0.000000,0.000000,0.000000,120.000000,120.000000,120.000000,120.000000
1749018103.637559,127.316834,115.000000,90.000000,0.000000,0.000000,0.000000,0.000000,120.000000,120.000000,120.000000,120.000000
1749018103.673699,127.394989,115.000000,90.000000,0.000000,0.000000,0.000000,0.000000,120.000000,120.000000,120.000000,120.000000
1749018103.705242,127.038529,115.000000,90.000000,0.000000,0.000000,0.000000,0.000000,120.000000,120.000000,120.000000,120.000000
1749018103.738001,127.423827,115.000000,90.000000,0.000000,0.000000,0.000000,0.000000,120.000000,120.000000,120.000000,120.000000
1749018103.775234,127.344272,115.000000,90.000000,0.000000,0.000000,0.000000,0.000000,120.000000,120.000000,120.000000,120.000000
1749018103.806559,125.968562,115.000000,90.000000,0.000000,0.000000,0.000000,0.000000,120.000000,120.000000,120.000000,120.000000
1749018103.841042,126.321657,115.000000,90.000000,0.000000,0.000000,0.000000,0.000000,120.000000,120.000000,120.000000,120.000000
1749018103.875912,126.860895,115.000000,90.000000,0.000000,0.000000,0.000000,0.000000,120.000000,120.000000,120.000000,120.000000
1749018103.903039,126.193495,115.000000,90.000000,0.000000,0.000000,0.000000,0.000000,120.000000,120.000000,120.000000,120.000000
1749018103.935044,126.441453,115.000000,90.000000,0.000000,0.000000,0.000000,0.000000,120.000000,120.000000,120.000000,120.000000
1749018103.974503,126.364663,115.000000,90.000000,0.000000,0.000000,0.000000,0.000000,120.000000,120.000000,120.000000,120.000000
1749018104.007822,125.063230,115.000000,90.000000,0.000000,0.000000,0.000000,0.000000,120.000000,120.000000,120.000000,120.000000
1749018104.040018,124.179400,115.000000,90.000000,0.000000,0.000000,0.000000,0.000000,120.000000,120.000000,120.000000,120.000000
1749018104.075163,124.513279,115.000000,90.000000,0.000000,0.000000,0.000000,0.000000,120.000000,120.000000,120.000000,120.000000
1749018104.107348,123.922304,115.000000,90.000000,0.000000,0.000000,0.000000,0.000000,120.000000,120.000000,120.000000,120.000000
1749018104.138961,123.521101,115.000000,90.000000,0.000000,0.000000,0.000000,0.000000,120.000000,120.000000,120.000000,120.000000
1749018104.175607,123.389337,115.000000,90.000000,0.000000,0.000000,0.000000,0.000000,120.000000,120.000000,120.000000,120.000000
1749018104.208334,122.147845,115.000000,90.000000,0.000000,0.000000,0.000000,0.000000,120.000000,120.000000,120.000000,120.000000
1749018104.234520,120.695492,115.000000,90.000000,0.000000,0.000000,0.000000,0.000000,120.000000,120.000000,120.000000,120.000000
1749018104.270011,119.461132,115.000000,90.000000,0.000000,0.000000,0.000000,0.000000,120.000000,120.000000,120.000000,120.000000
1749018104.304622,119.518393,115.000000,90.000000,0.000000,0.000000,0.000000,0.000000,120.000000,120.000000,120.000000,120.000000
1749018104.340574,119.618260,115.000000,90.000000,0.000000,0.000000,0.000000,0.000000,120.000000,120.000000,120.000000,120.000000
1749018104.376944,118.255575,115.000000,90.000000,0.000000,0.000000,0.000000,0.000000,120.000000,120.000000,120.000000,120.000000
1749018104.409476,118.124591,115.000000,90.000000,0.000000,0.000000,0.000000,0.000000,120.000000,120.000000,120.000000,120.000000
1749018104.442022,117.875458,115.000000,90.000000,0.000000,0.000000,0.000000,0.000000,120.000000,120.000000,120.000000,120.000000
1749018104.477516,116.931257,115.000000,90.000000,0.000000,0.000000,0.000000,0.000000,0.000000,0.000000,0.000000,0.000000
1749018104.503687,116.078781,115.000000,90.000000,0.000000,0.000000,0.000000,0.000000,0.000000,0.000000,0.000000,0.000000
1749018104.536865,116.027473,115.000000,90.000000,0.000000,0.000000,0.000000,0.000000,0.000000,0.000000,0.000000,0.000000
1749018104.572500,115.256943,115.000000,90.000000,0.000000,0.000000,0.000000,0.000000,0.000000,0.000000,0.000000,0.000000
1749018104.601843,114.422355,115.000000,90.000000,0.000000,0.000000,0.000000,0.000000,0.000000,0.000000,0.000000,0.000000
1749018104.634374,113.827392,115.000000,90.000000,0.000000,0.000000,0.000000,0.000000,0.000000,0.000000,0.000000,0.000000
1749018104.693694,112.885724,115.000000,90.000000,0.000000,0.000000,0.000000,0.000000,0.000000,0.000000,0.000000,0.000000
1749018104.714390,112.698597,115.000000,90.000000,0.000000,0.000000,0.000000,0.000000,0.000000,0.000000,0.000000,0.000000
1749018104.740031,112.345091,115.000000,90.000000,80.000000,80.000000,80.000000,80.000000,0.000000,0.000000,0.000000,0.000000
1749018104.771696,111.800915,115.000000,90.000000,80.000000,80.000000,80.000000,80.000000,0.000000,0.000000,0.000000,0.000000
1749018104.803874,111.714446,115.000000,90.000000,80.000000,80.000000,80.000000,80.000000,0.000000,0.000000,0.000000,0.000000
1749018104.835969,111.344044,115.000000,90.000000,80.000000,80.000000,80.000000,80.000000,0.000000,0.000000,0.000000,0.000000
1749018104.891402,110.366314,115.000000,90.000000,80.000000,80.000000,80.000000,80.000000,0.000000,0.000000,0.000000,0.000000
1749018104.910702,110.989922,115.000000,90.000000,80.000000,80.000000,80.000000,80.000000,0.000000,0.000000,0.000000,0.000000
1749018104.938266,110.956783,115.000000,90.000000,80.000000,80.000000,80.000000,80.000000,0.000000,0.000000,0.000000,0.000000
1749018104.973399,110.377386,115.000000,90.000000,80.000000,80.000000,80.000000,80.000000,0.000000,0.000000,0.000000,0.000000
1749018105.006433,110.339448,115.000000,90.000000,80.000000,80.000000,80.000000,80.000000,0.000000,0.000000,0.000000,0.000000
1749018105.037748,109.896797,115.000000,90.000000,80.000000,80.000000,80.000000,80.000000,0.000000,0.000000,0.000000,0.000000
1749018105.095031,110.121003,115.000000,90.000000,80.000000,80.000000,80.000000,80.000000,0.000000,0.000000,0.000000,0.000000
1749018105.119410,110.538801,115.000000,90.000000,80.000000,80.000000,80.000000,80.000000,0.000000,0.000000,0.000000,0.000000
1749018105.146871,110.794958,115.000000,90.000000,80.000000,80.000000,80.000000,80.000000,0.000000,0.000000,0.000000,0.000000
1749018105.172833,110.299177,115.000000,90.000000,80.000000,80.000000,80.000000,80.000000,0.000000,0.000000,0.000000,0.000000
1749018105.202570,110.717217,115.000000,90.000000,80.000000,80.000000,80.000000,80.000000,0.000000,0.000000,0.000000,0.000000
1749018105.235128,110.145388,115.000000,90.000000,80.000000,80.000000,80.000000,80.000000,0.000000,0.000000,0.000000,0.000000
1749018105.273134,110.185471,115.000000,90.000000,80.000000,80.000000,80.000000,80.000000,0.000000,0.000000,0.000000,0.000000
1749018105.304038,110.045537,115.000000,90.000000,80.000000,80.000000,80.000000,80.000000,0.000000,0.000000,0.000000,0.000000
1749018105.340947,109.421899,115.000000,90.000000,80.000000,80.000000,80.000000,80.000000,0.000000,0.000000,0.000000,0.000000
1749018105.375015,110.345216,115.000000,90.000000,80.000000,80.000000,80.000000,80.000000,0.000000,0.000000,0.000000,0.000000
1749018105.406959,110.493665,115.000000,90.000000,80.000000,80.000000,80.000000,80.000000,0.000000,0.000000,0.000000,0.000000
1749018105.442201,110.781490,115.000000,90.000000,80.000000,80.000000,80.000000,80.000000,0.000000,0.000000,0.000000,0.000000
1749018105.470571,110.576829,115.000000,90.000000,80.000000,80.000000,80.000000,80.000000,0.000000,0.000000,0.000000,0.000000
1749018105.501693,110.525467,115.000000,90.000000,80.000000,80.000000,80.000000,80.000000,0.000000,0.000000,0.000000,0.000000
1749018105.541205,111.008758,115.000000,90.000000,80.000000,80.000000,80.000000,80.000000,0.000000,0.000000,0.000000,0.000000
1749018105.573063,111.669042,115.000000,90.000000,80.000000,80.000000,80.000000,80.000000,0.000000,0.000000,0.000000,0.000000
1749018105.604609,112.436141,115.000000,90.000000,80.000000,80.000000,80.000000,80.000000,0.000000,0.000000,0.000000,0.000000
1749018105.635906,112.011806,115.000000,90.000000,80.000000,80.000000,80.000000,80.000000,0.000000,0.000000,0.000000,0.000000
1749018105.677347,112.225739,115.000000,90.000000,80.000000,80.000000,80.000000,80.000000,0.000000,0.000000,0.000000,0.000000
1749018105.708960,112.047871,115.000000,90.000000,80.000000,80.000000,80.000000,80.000000,0.000000,0.000000,0.000000,0.000000
1749018105.740943,112.668091,115.000000,90.000000,0.000000,0.000000,0.000000,0.000000,0.000000,0.000000,0.000000,0.000000
1749018105.777975,112.255459,115.000000,90.000000,80.000000,80.000000,80.000000,80.000000,0.000000,0.000000,0.000000,0.000000
1749018105.813023,112.603826,115.000000,90.000000,0.000000,0.000000,0.000000,0.000000,0.000000,0.000000,0.000000,0.000000
1749018105.834691,113.180290,115.000000,90.000000,0.000000,0.000000,0.000000,0.000000,0.000000,0.000000,0.000000,0.000000
1749018105.870165,113.595967,115.000000,90.000000,0.000000,0.000000,0.000000,0.000000,0.000000,0.000000,0.000000,0.000000
1749018105.903610,113.476678,115.000000,90.000000,0.000000,0.000000,0.000000,0.000000,0.000000,0.000000,0.000000,0.000000
1749018105.948913,113.660116,115.000000,90.000000,0.000000,0.000000,0.000000,0.000000,0.000000,0.000000,0.000000,0.000000
1749018105.980378,113.574297,115.000000,90.000000,0.000000,0.000000,0.000000,0.000000,0.000000,0.000000,0.000000,0.000000
1749018106.006959,113.591620,115.000000,90.000000,0.000000,0.000000,0.000000,0.000000,0.000000,0.000000,0.000000,0.000000
1749018106.036330,113.904981,115.000000,90.000000,0.000000,0.000000,0.000000,0.000000,0.000000,0.000000,0.000000,0.000000
1749018106.073413,114.345369,115.000000,90.000000,0.000000,0.000000,0.000000,0.000000,0.000000,0.000000,0.000000,0.000000
1749018106.106590,115.082638,115.000000,90.000000,0.000000,0.000000,0.000000,0.000000,0.000000,0.000000,0.000000,0.000000
1749018106.145391,114.643987,115.000000,90.000000,0.000000,0.000000,0.000000,0.000000,0.000000,0.000000,0.000000,0.000000
1749018106.174471,114.299893,115.000000,90.000000,0.000000,0.000000,0.000000,0.000000,0.000000,0.000000,0.000000,0.000000
1749018106.202283,114.557800,115.000000,90.000000,0.000000,0.000000,0.000000,0.000000,0.000000,0.000000,0.000000,0.000000
1749018106.233947,114.451875,115.000000,90.000000,0.000000,0.000000,0.000000,0.000000,0.000000,0.000000,0.000000,0.000000
1749018106.272744,115.382684,115.000000,90.000000,0.000000,0.000000,0.000000,0.000000,0.000000,0.000000,0.000000,0.000000
1749018106.305407,115.540783,115.000000,90.000000,0.000000,0.000000,0.000000,0.000000,0.000000,0.000000,0.000000,0.000000
1749018106.338932,115.189737,115.000000,90.000000,0.000000,0.000000,0.000000,0.000000,0.000000,0.000000,0.000000,0.000000
1749018106.374810,115.420859,115.000000,90.000000,0.000000,0.000000,0.000000,0.000000,0.000000,0.000000,0.000000,0.000000
1749018106.406177,116.010872,115.000000,90.000000,0.000000,0.000000,0.000000,0.000000,0.000000,0.000000,0.000000,0.000000
1749018106.437873,115.648333,115.000000,90.000000,0.000000,0.000000,0.000000,0.000000,0.000000,0.000000,0.000000,0.000000
1749018106.474075,115.411910,115.000000,90.000000,0.000000,0.000000,0.000000,0.000000,0.000000,0.000000,0.000000,0.000000
1749018106.507879,115.364902,115.000000,90.000000,0.000000,0.000000,0.000000,0.000000,0.000000,0.000000,0.000000,0.000000
1749018106.537219,115.864700,115.000000,90.000000,0.000000,0.000000,0.000000,0.000000,0.000000,0.000000,0.000000,0.000000
1749018106.570059,116.092351,115.000000,90.000000,0.000000,0.000000,0.000000,0.000000,0.000000,0.000000,0.000000,0.000000
1749018106.603624,115.624478,115.000000,90.000000,0.000000,0.000000,0.000000,0.000000,0.000000,0.000000,0.000000,0.000000
1749018106.635972,115.811775,115.000000,90.000000,0.000000,0.000000,0.000000,0.000000,0.000000,0.000000,0.000000,0.000000
1749018106.676784,116.073365,115.000000,90.000000,0.000000,0.000000,0.000000,0.000000,0.000000,0.000000,0.000000,0.000000
1749018106.709813,115.777983,115.000000,90.000000,0.000000,0.000000,0.000000,0.000000,0.000000,0.000000,0.000000,0.000000
1749018106.746544,115.746103,115.000000,90.000000,0.000000,0.000000,0.000000,0.000000,0.000000,0.000000,0.000000,0.000000
1749018106.777410,115.293993,115.000000,90.000000,0.000000,0.000000,0.000000,0.000000,0.000000,0.000000,0.000000,0.000000
1749018106.807827,115.726327,115.000000,90.000000,0.000000,0.000000,0.000000,0.000000,0.000000,0.000000,0.000000,0.000000
1749018106.842937,116.362106,115.000000,90.000000,0.000000,0.000000,0.000000,0.000000,0.000000,0.000000,0.000000,0.000000
1749018106.877310,116.424794,107.000000,90.000000,0.000000,0.000000,0.000000,0.000000,0.000000,0.000000,0.000000,0.000000
1749018106.903679,116.430169,107.000000,90.000000,0.000000,0.000000,0.000000,0.000000,0.000000,0.000000,0.000000,0.000000
1749018106.938380,116.242445,107.000000,90.000000,0.000000,0.000000,0.000000,0.000000,0.000000,0.000000,0.000000,0.000000
1749018106.970181,116.325745,107.000000,120.000000,0.000000,0.000000,0.000000,0.000000,0.000000,0.000000,0.000000,0.000000
1749018107.002747,116.241938,107.000000,90.000000,0.000000,0.000000,0.000000,0.000000,0.000000,0.000000,0.000000,0.000000
1749018107.034800,116.254058,107.000000,90.000000,0.000000,0.000000,0.000000,0.000000,0.000000,0.000000,0.000000,0.000000
1749018107.094928,116.185545,107.000000,90.000000,0.000000,0.000000,0.000000,0.000000,0.000000,0.000000,0.000000,0.000000
1749018107.119417,116.350566,107.000000,120.000000,0.000000,0.000000,0.000000,0.000000,0.000000,0.000000,0.000000,0.000000
1749018107.141077,116.347995,107.000000,90.000000,0.000000,0.000000,0.000000,0.000000,120.000000,120.000000,120.000000,120.000000
1749018107.170776,116.049699,107.000000,90.000000,0.000000,0.000000,0.000000,0.000000,120.000000,120.000000,120.000000,120.000000
1749018107.204154,116.002818,107.000000,90.000000,0.000000,0.000000,0.000000,0.000000,120.000000,120.000000,120.000000,120.000000
1749018107.236177,115.701016,107.000000,90.000000,0.000000,0.000000,0.000000,0.000000,120.000000,120.000000,120.000000,120.000000
1749018107.272044,115.604280,107.000000,90.000000,0.000000,0.000000,0.000000,0.000000,120.000000,120.000000,120.000000,120.000000
1749018107.307521,115.662639,107.000000,90.000000,0.000000,0.000000,0.000000,0.000000,120.000000,120.000000,120.000000,120.000000
1749018107.339735,116.081706,107.000000,90.000000,0.000000,0.000000,0.000000,0.000000,120.000000,120.000000,120.000000,120.000000
1749018107.374604,116.147806,107.000000,90.000000,0.000000,0.000000,0.000000,0.000000,120.000000,120.000000,120.000000,120.000000
1749018107.406789,116.253163,107.000000,90.000000,0.000000,0.000000,0.000000,0.000000,120.000000,120.000000,120.000000,120.000000
1749018107.438267,116.303093,107.000000,90.000000,0.000000,0.000000,0.000000,0.000000,120.000000,120.000000,120.000000,120.000000
1749018107.476084,116.384042,107.000000,90.000000,0.000000,0.000000,0.000000,0.000000,120.000000,120.000000,120.000000,120.000000
1749018107.508000,116.532099,107.000000,90.000000,0.000000,0.000000,0.000000,0.000000,120.000000,120.000000,120.000000,120.000000
1749018107.539329,115.902444,107.000000,90.000000,0.000000,0.000000,0.000000,0.000000,120.000000,120.000000,120.000000,120.000000
1749018107.574994,116.278272,107.000000,90.000000,0.000000,0.000000,0.000000,0.000000,120.000000,120.000000,120.000000,120.000000
1749018107.606991,116.703502,107.000000,90.000000,0.000000,0.000000,0.000000,0.000000,120.000000,120.000000,120.000000,120.000000
1749018107.640154,116.854401,107.000000,90.000000,0.000000,0.000000,0.000000,0.000000,120.000000,120.000000,120.000000,120.000000
1749018107.676084,117.196597,107.000000,90.000000,0.000000,0.000000,0.000000,0.000000,120.000000,120.000000,120.000000,120.000000
1749018107.708122,117.725291,107.000000,90.000000,0.000000,0.000000,0.000000,0.000000,120.000000,120.000000,120.000000,120.000000
1749018107.742306,117.905842,107.000000,90.000000,0.000000,0.000000,0.000000,0.000000,120.000000,120.000000,120.000000,120.000000
1749018107.773401,118.310591,107.000000,90.000000,0.000000,0.000000,0.000000,0.000000,120.000000,120.000000,120.000000,120.000000
1749018107.803054,118.332671,107.000000,90.000000,0.000000,0.000000,0.000000,0.000000,120.000000,120.000000,120.000000,120.000000
1749018107.835469,118.759314,107.000000,90.000000,0.000000,0.000000,0.000000,0.000000,120.000000,120.000000,120.000000,120.000000
1749018107.875443,119.188406,107.000000,90.000000,0.000000,0.000000,0.000000,0.000000,120.000000,120.000000,120.000000,120.000000
1749018107.907329,119.665705,107.000000,90.000000,0.000000,0.000000,0.000000,0.000000,120.000000,120.000000,120.000000,120.000000
1749018107.940102,120.899801,107.000000,90.000000,0.000000,0.000000,0.000000,0.000000,120.000000,120.000000,120.000000,120.000000
1749018107.974481,121.657542,107.000000,90.000000,0.000000,0.000000,0.000000,0.000000,120.000000,120.000000,120.000000,120.000000
1749018108.006578,121.698073,107.000000,90.000000,0.000000,0.000000,0.000000,0.000000,120.000000,120.000000,120.000000,120.000000
1749018108.038638,122.304803,107.000000,90.000000,0.000000,0.000000,0.000000,0.000000,122.000000,122.000000,122.000000,122.000000
1749018108.076017,123.131496,107.000000,90.000000,0.000000,0.000000,0.000000,0.000000,129.000000,129.000000,129.000000,129.000000
1749018108.105859,123.246962,107.000000,90.000000,0.000000,0.000000,0.000000,0.000000,129.000000,129.000000,129.000000,129.000000
1749018108.134267,123.463379,107.000000,90.000000,0.000000,0.000000,0.000000,0.000000,131.000000,131.000000,131.000000,131.000000
1749018108.171807,123.798705,107.000000,90.000000,0.000000,0.000000,0.000000,0.000000,134.000000,134.000000,134.000000,134.000000
1749018108.206503,124.436082,107.000000,90.000000,0.000000,0.000000,0.000000,0.000000,139.000000,139.000000,139.000000,139.000000
1749018108.237848,124.808816,107.000000,90.000000,0.000000,0.000000,0.000000,0.000000,142.000000,142.000000,142.000000,142.000000
1749018108.273995,124.901938,107.000000,90.000000,0.000000,0.000000,0.000000,0.000000,143.000000,143.000000,143.000000,143.000000
1749018108.306146,125.760057,107.000000,90.000000,0.000000,0.000000,0.000000,0.000000,150.000000,150.000000,150.000000,150.000000
1749018108.338115,126.290893,107.000000,90.000000,0.000000,0.000000,0.000000,0.000000,154.000000,154.000000,154.000000,154.000000
1749018108.373871,126.292337,107.000000,90.000000,0.000000,0.000000,0.000000,0.000000,154.000000,154.000000,154.000000,154.000000
1749018108.407015,126.598501,107.000000,90.000000,0.000000,0.000000,0.000000,0.000000,156.000000,156.000000,156.000000,156.000000
1749018108.439384,127.366515,107.000000,90.000000,0.000000,0.000000,0.000000,0.000000,162.000000,162.000000,162.000000,162.000000
1749018108.471967,127.301122,107.000000,90.000000,0.000000,0.000000,0.000000,0.000000,162.000000,162.000000,162.000000,162.000000
1749018108.501965,127.655094,107.000000,90.000000,0.000000,0.000000,0.000000,0.000000,165.000000,165.000000,165.000000,165.000000
1749018108.535962,128.200803,107.000000,90.000000,0.000000,0.000000,0.000000,0.000000,169.000000,169.000000,169.000000,169.000000
1749018108.575047,128.093477,107.000000,90.000000,0.000000,0.000000,0.000000,0.000000,168.000000,168.000000,168.000000,168.000000
1749018108.607997,128.168128,107.000000,90.000000,0.000000,0.000000,0.000000,0.000000,169.000000,169.000000,169.000000,169.000000
1749018108.639364,127.956048,107.000000,90.000000,0.000000,0.000000,0.000000,0.000000,167.000000,167.000000,167.000000,167.000000
1749018108.676010,127.902448,107.000000,90.000000,0.000000,0.000000,0.000000,0.000000,167.000000,167.000000,167.000000,167.000000
1749018108.707605,128.065226,107.000000,90.000000,0.000000,0.000000,0.000000,0.000000,168.000000,168.000000,168.000000,168.000000
1749018108.738642,128.097027,107.000000,90.000000,0.000000,0.000000,0.000000,0.000000,168.000000,168.000000,168.000000,168.000000
1749018108.771961,127.932095,107.000000,90.000000,0.000000,0.000000,0.000000,0.000000,167.000000,167.000000,167.000000,167.000000
1749018108.806489,126.846699,107.000000,90.000000,0.000000,0.000000,0.000000,0.000000,158.000000,158.000000,158.000000,158.000000
1749018108.836808,125.317739,107.000000,90.000000,0.000000,0.000000,0.000000,0.000000,146.000000,146.000000,146.000000,146.000000
1749018108.872600,124.252943,107.000000,90.000000,0.000000,0.000000,0.000000,0.000000,138.000000,138.000000,138.000000,138.000000
1749018108.908948,123.217129,107.000000,90.000000,0.000000,0.000000,0.000000,0.000000,129.000000,129.000000,129.000000,129.000000
1749018108.940081,122.351087,107.000000,90.000000,0.000000,0.000000,0.000000,0.000000,122.000000,122.000000,122.000000,122.000000
1749018108.977054,121.938504,107.000000,90.000000,0.000000,0.000000,0.000000,0.000000,120.000000,120.000000,120.000000,120.000000
1749018109.009194,121.212318,107.000000,90.000000,0.000000,0.000000,0.000000,0.000000,120.000000,120.000000,120.000000,120.000000
1749018109.038315,120.735051,107.000000,90.000000,0.000000,0.000000,0.000000,0.000000,120.000000,120.000000,120.000000,120.000000
1749018109.074648,120.080820,107.000000,90.000000,0.000000,0.000000,0.000000,0.000000,120.000000,120.000000,120.000000,120.000000
1749018109.106100,119.157736,107.000000,90.000000,0.000000,0.000000,0.000000,0.000000,120.000000,120.000000,120.000000,120.000000
1749018109.141945,118.662894,107.000000,90.000000,0.000000,0.000000,0.000000,0.000000,120.000000,120.000000,120.000000,120.000000
1749018109.175143,118.308529,107.000000,90.000000,0.000000,0.000000,0.000000,0.000000,120.000000,120.000000,120.000000,120.000000
1749018109.202438,117.021127,107.000000,90.000000,0.000000,0.000000,0.000000,0.000000,120.000000,120.000000,120.000000,120.000000
1749018109.233964,116.331630,107.000000,90.000000,0.000000,0.000000,0.000000,0.000000,120.000000,120.000000,120.000000,120.000000
1749018109.272029,115.742448,107.000000,90.000000,0.000000,0.000000,0.000000,0.000000,120.000000,120.000000,120.000000,120.000000
1749018109.311847,115.579439,107.000000,90.000000,0.000000,0.000000,0.000000,0.000000,120.000000,120.000000,120.000000,120.000000
1749018109.344501,114.767539,107.000000,90.000000,0.000000,0.000000,0.000000,0.000000,120.000000,120.000000,120.000000,120.000000
1749018109.376315,113.772066,107.000000,90.000000,0.000000,0.000000,0.000000,0.000000,120.000000,120.000000,120.000000,120.000000
1749018109.421735,113.758043,107.000000,90.000000,0.000000,0.000000,0.000000,0.000000,120.000000,120.000000,120.000000,120.000000
1749018109.439724,113.022747,107.000000,90.000000,0.000000,0.000000,0.000000,0.000000,120.000000,120.000000,120.000000,120.000000
1749018109.470460,112.890334,107.000000,90.000000,0.000000,0.000000,0.000000,0.000000,120.000000,120.000000,120.000000,120.000000
1749018109.502944,112.989708,107.000000,90.000000,0.000000,0.000000,0.000000,0.000000,120.000000,120.000000,120.000000,120.000000
1749018109.535321,111.873624,107.000000,90.000000,0.000000,0.000000,0.000000,0.000000,120.000000,120.000000,120.000000,120.000000
1749018109.573216,110.965399,107.000000,90.000000,0.000000,0.000000,0.000000,0.000000,120.000000,120.000000,120.000000,120.000000
1749018109.606946,110.768117,107.000000,90.000000,0.000000,0.000000,0.000000,0.000000,120.000000,120.000000,120.000000,120.000000
1749018109.638403,109.694478,107.000000,90.000000,0.000000,0.000000,0.000000,0.000000,120.000000,120.000000,120.000000,120.000000
1749018109.674646,108.724612,107.000000,90.000000,0.000000,0.000000,0.000000,0.000000,0.000000,0.000000,0.000000,0.000000
1749018109.707265,108.801898,107.000000,90.000000,0.000000,0.000000,0.000000,0.000000,0.000000,0.000000,0.000000,0.000000
1749018109.742534,107.898207,107.000000,90.000000,0.000000,0.000000,0.000000,0.000000,0.000000,0.000000,0.000000,0.000000
1749018109.776066,107.733850,107.000000,90.000000,0.000000,0.000000,0.000000,0.000000,0.000000,0.000000,0.000000,0.000000
1749018109.807811,107.557973,107.000000,90.000000,0.000000,0.000000,0.000000,0.000000,0.000000,0.000000,0.000000,0.000000
1749018109.840923,107.614730,107.000000,90.000000,0.000000,0.000000,0.000000,0.000000,0.000000,0.000000,0.000000,0.000000
1749018109.876328,107.723529,107.000000,90.000000,0.000000,0.000000,0.000000,0.000000,0.000000,0.000000,0.000000,0.000000
1749018109.907995,106.974706,107.000000,90.000000,0.000000,0.000000,0.000000,0.000000,0.000000,0.000000,0.000000,0.000000
1749018109.940767,106.952381,107.000000,90.000000,0.000000,0.000000,0.000000,0.000000,0.000000,0.000000,0.000000,0.000000
1749018109.975940,107.081237,107.000000,90.000000,0.000000,0.000000,0.000000,0.000000,0.000000,0.000000,0.000000,0.000000
1749018110.007932,106.347918,107.000000,90.000000,0.000000,0.000000,0.000000,0.000000,0.000000,0.000000,0.000000,0.000000
1749018110.037649,105.705325,107.000000,90.000000,0.000000,0.000000,0.000000,0.000000,0.000000,0.000000,0.000000,0.000000
1749018110.069998,105.069780,107.000000,90.000000,0.000000,0.000000,0.000000,0.000000,0.000000,0.000000,0.000000,0.000000
1749018110.101779,104.634341,107.000000,90.000000,0.000000,0.000000,0.000000,0.000000,0.000000,0.000000,0.000000,0.000000
1749018110.134667,104.711759,107.000000,90.000000,0.000000,0.000000,0.000000,0.000000,0.000000,0.000000,0.000000,0.000000
1749018110.169946,105.129002,107.000000,90.000000,0.000000,0.000000,0.000000,0.000000,0.000000,0.000000,0.000000,0.000000
1749018110.204785,104.038943,107.000000,90.000000,80.000000,80.000000,80.000000,80.000000,0.000000,0.000000,0.000000,0.000000
1749018110.239857,103.340308,107.000000,90.000000,80.000000,80.000000,80.000000,80.000000,0.000000,0.000000,0.000000,0.000000
1749018110.282034,103.869732,107.000000,90.000000,80.000000,80.000000,80.000000,80.000000,0.000000,0.000000,0.000000,0.000000
1749018110.312844,103.486124,107.000000,90.000000,80.000000,80.000000,80.000000,80.000000,0.000000,0.000000,0.000000,0.000000
1749018110.339904,102.756226,107.000000,90.000000,80.000000,80.000000,80.000000,80.000000,0.000000,0.000000,0.000000,0.000000
1749018110.373882,103.082227,107.000000,90.000000,80.000000,80.000000,80.000000,80.000000,0.000000,0.000000,0.000000,0.000000
1749018110.402117,103.460393,107.000000,90.000000,80.000000,80.000000,80.000000,80.000000,0.000000,0.000000,0.000000,0.000000
1749018110.434068,102.306756,107.000000,90.000000,80.000000,80.000000,80.000000,80.000000,0.000000,0.000000,0.000000,0.000000
1749018110.472075,102.139760,107.000000,90.000000,80.000000,80.000000,80.000000,80.000000,0.000000,0.000000,0.000000,0.000000
1749018110.506993,102.701772,107.000000,90.000000,80.000000,80.000000,80.000000,80.000000,0.000000,0.000000,0.000000,0.000000
1749018110.538795,102.281449,107.000000,90.000000,80.000000,80.000000,80.000000,80.000000,0.000000,0.000000,0.000000,0.000000
1749018110.571106,102.551235,107.000000,90.000000,80.000000,80.000000,80.000000,80.000000,0.000000,0.000000,0.000000,0.000000
1749018110.610753,102.398718,107.000000,90.000000,80.000000,80.000000,80.000000,80.000000,0.000000,0.000000,0.000000,0.000000
1749018110.642476,102.382124,107.000000,90.000000,80.000000,80.000000,80.000000,80.000000,0.000000,0.000000,0.000000,0.000000
1749018110.677925,102.479258,107.000000,90.000000,80.000000,80.000000,80.000000,80.000000,0.000000,0.000000,0.000000,0.000000
1749018110.707937,102.510822,107.000000,90.000000,80.000000,80.000000,80.000000,80.000000,0.000000,0.000000,0.000000,0.000000
1749018110.739833,102.358686,107.000000,90.000000,80.000000,80.000000,80.000000,80.000000,0.000000,0.000000,0.000000,0.000000
1749018110.770891,101.821417,107.000000,90.000000,80.000000,80.000000,80.000000,80.000000,0.000000,0.000000,0.000000,0.000000
1749018110.803475,101.483019,107.000000,90.000000,80.000000,80.000000,80.000000,80.000000,0.000000,0.000000,0.000000,0.000000
1749018110.835885,102.420490,107.000000,90.000000,80.000000,80.000000,80.000000,80.000000,0.000000,0.000000,0.000000,0.000000
1749018110.874461,102.935256,107.000000,90.000000,80.000000,80.000000,80.000000,80.000000,0.000000,0.000000,0.000000,0.000000
1749018110.906416,102.569340,107.000000,90.000000,80.000000,80.000000,80.000000,80.000000,0.000000,0.000000,0.000000,0.000000
1749018110.939366,103.669793,107.000000,90.000000,80.000000,80.000000,80.000000,80.000000,0.000000,0.000000,0.000000,0.000000
1749018110.971297,104.157831,107.000000,90.000000,80.000000,80.000000,80.000000,80.000000,0.000000,0.000000,0.000000,0.000000
1749018111.025618,104.221840,107.000000,90.000000,80.000000,80.000000,80.000000,80.000000,0.000000,0.000000,0.000000,0.000000
1749018111.045883,104.187303,107.000000,90.000000,80.000000,80.000000,80.000000,80.000000,0.000000,0.000000,0.000000,0.000000
1749018111.072410,104.175284,107.000000,90.000000,80.000000,80.000000,80.000000,80.000000,0.000000,0.000000,0.000000,0.000000
1749018111.103489,104.024265,107.000000,90.000000,80.000000,80.000000,80.000000,80.000000,0.000000,0.000000,0.000000,0.000000
1749018111.135663,104.897166,107.000000,90.000000,0.000000,0.000000,0.000000,0.000000,0.000000,0.000000,0.000000,0.000000
1749018111.173980,105.150211,107.000000,90.000000,0.000000,0.000000,0.000000,0.000000,0.000000,0.000000,0.000000,0.000000
1749018111.207990,105.156441,107.000000,90.000000,0.000000,0.000000,0.000000,0.000000,0.000000,0.000000,0.000000,0.000000
1749018111.238735,105.440986,107.000000,90.000000,0.000000,0.000000,0.000000,0.000000,0.000000,0.000000,0.000000,0.000000
1749018111.274666,105.316428,107.000000,90.000000,0.000000,0.000000,0.000000,0.000000,0.000000,0.000000,0.000000,0.000000
1749018111.305873,106.353106,107.000000,90.000000,0.000000,0.000000,0.000000,0.000000,0.000000,0.000000,0.000000,0.000000
1749018111.338741,106.958871,107.000000,90.000000,0.000000,0.000000,0.000000,0.000000,0.000000,0.000000,0.000000,0.000000
1749018111.374098,106.466660,107.000000,90.000000,0.000000,0.000000,0.000000,0.000000,0.000000,0.000000,0.000000,0.000000
1749018111.409691,106.562857,107.000000,90.000000,0.000000,0.000000,0.000000,0.000000,0.000000,0.000000,0.000000,0.000000
1749018111.436358,107.026231,107.000000,90.000000,0.000000,0.000000,0.000000,0.000000,0.000000,0.000000,0.000000,0.000000
1749018111.471483,107.319812,107.000000,90.000000,0.000000,0.000000,0.000000,0.000000,0.000000,0.000000,0.000000,0.000000
1749018111.503783,107.110256,107.000000,90.000000,0.000000,0.000000,0.000000,0.000000,0.000000,0.000000,0.000000,0.000000
1749018111.536638,107.094247,107.000000,90.000000,0.000000,0.000000,0.000000,0.000000,0.000000,0.000000,0.000000,0.000000
1749018111.573403,107.049775,107.000000,90.000000,0.000000,0.000000,0.000000,0.000000,0.000000,0.000000,0.000000,0.000000
1749018111.604325,107.573927,107.000000,90.000000,0.000000,0.000000,0.000000,0.000000,0.000000,0.000000,0.000000,0.000000
1749018111.636773,107.718563,107.000000,90.000000,0.000000,0.000000,0.000000,0.000000,0.000000,0.000000,0.000000,0.000000
1749018111.673087,107.520046,107.000000,90.000000,0.000000,0.000000,0.000000,0.000000,0.000000,0.000000,0.000000,0.000000
1749018111.704874,107.374712,107.000000,90.000000,0.000000,0.000000,0.000000,0.000000,0.000000,0.000000,0.000000,0.000000
1749018111.740841,107.450641,107.000000,90.000000,0.000000,0.000000,0.000000,0.000000,0.000000,0.000000,0.000000,0.000000
1749018111.776555,108.069192,107.000000,90.000000,0.000000,0.000000,0.000000,0.000000,0.000000,0.000000,0.000000,0.000000
1749018111.810178,108.264714,107.000000,90.000000,0.000000,0.000000,0.000000,0.000000,0.000000,0.000000,0.000000,0.000000
1749018111.842459,107.701505,107.000000,90.000000,0.000000,0.000000,0.000000,0.000000,0.000000,0.000000,0.000000,0.000000
1749018111.874600,107.950397,107.000000,90.000000,0.000000,0.000000,0.000000,0.000000,0.000000,0.000000,0.000000,0.000000
1749018111.907704,108.186055,107.000000,90.000000,0.000000,0.000000,0.000000,0.000000,0.000000,0.000000,0.000000,0.000000
1749018111.939954,108.050586,107.000000,90.000000,0.000000,0.000000,0.000000,0.000000,0.000000,0.000000,0.000000,0.000000
1749018111.974832,108.081229,90.000000,90.000000,0.000000,0.000000,0.000000,0.000000,0.000000,0.000000,0.000000,0.000000
1749018112.009250,107.973886,90.000000,90.000000,0.000000,0.000000,0.000000,0.000000,0.000000,0.000000,0.000000,0.000000
1749018112.040774,107.853155,90.000000,90.000000,0.000000,0.000000,0.000000,0.000000,0.000000,0.000000,0.000000,0.000000
1749018112.076079,107.980961,90.000000,120.000000,0.000000,0.000000,0.000000,0.000000,0.000000,0.000000,0.000000,0.000000
1749018112.108759,108.235958,90.000000,90.000000,0.000000,0.000000,0.000000,0.000000,0.000000,0.000000,0.000000,0.000000
1749018112.140797,108.001765,90.000000,90.000000,0.000000,0.000000,0.000000,0.000000,0.000000,0.000000,0.000000,0.000000
1749018112.176060,107.625102,90.000000,90.000000,0.000000,0.000000,0.000000,0.000000,0.000000,0.000000,0.000000,0.000000
1749018112.206041,107.603376,90.000000,120.000000,0.000000,0.000000,0.000000,0.000000,0.000000,0.000000,0.000000,0.000000
1749018112.238356,107.694732,90.000000,90.000000,0.000000,0.000000,0.000000,0.000000,141.000000,141.000000,141.000000,141.000000
1749018112.274655,108.003670,90.000000,90.000000,0.000000,0.000000,0.000000,0.000000,144.000000,144.000000,144.000000,144.000000
1749018112.303962,108.182693,90.000000,90.000000,0.000000,0.000000,0.000000,0.000000,145.000000,145.000000,145.000000,145.000000
1749018112.334969,108.096914,90.000000,90.000000,0.000000,0.000000,0.000000,0.000000,144.000000,144.000000,144.000000,144.000000
1749018112.371841,108.006952,90.000000,90.000000,0.000000,0.000000,0.000000,0.000000,144.000000,144.000000,144.000000,144.000000
1749018112.404048,108.459069,90.000000,90.000000,0.000000,0.000000,0.000000,0.000000,147.000000,147.000000,147.000000,147.000000
1749018112.437721,108.619584,90.000000,90.000000,0.000000,0.000000,0.000000,0.000000,148.000000,148.000000,148.000000,148.000000
1749018112.475106,108.527273,90.000000,90.000000,0.000000,0.000000,0.000000,0.000000,148.000000,148.000000,148.000000,148.000000
1749018112.506829,108.387360,90.000000,90.000000,0.000000,0.000000,0.000000,0.000000,147.000000,147.000000,147.000000,147.000000
1749018112.538990,107.803544,90.000000,90.000000,0.000000,0.000000,0.000000,0.000000,142.000000,142.000000,142.000000,142.000000
1749018112.575484,108.005109,90.000000,90.000000,0.000000,0.000000,0.000000,0.000000,144.000000,144.000000,144.000000,144.000000
1749018112.606702,108.919942,90.000000,90.000000,0.000000,0.000000,0.000000,0.000000,151.000000,151.000000,151.000000,151.000000
1749018112.640513,108.720970,90.000000,90.000000,0.000000,0.000000,0.000000,0.000000,149.000000,149.000000,149.000000,149.000000
1749018112.669985,108.175825,90.000000,90.000000,0.000000,0.000000,0.000000,0.000000,145.000000,145.000000,145.000000,145.000000
1749018112.703158,108.193600,90.000000,90.000000,0.000000,0.000000,0.000000,0.000000,145.000000,145.000000,145.000000,145.000000
1749018112.736091,108.342869,90.000000,90.000000,0.000000,0.000000,0.000000,0.000000,146.000000,146.000000,146.000000,146.000000
1749018112.781931,108.179821,90.000000,90.000000,0.000000,0.000000,0.000000,0.000000,145.000000,145.000000,145.000000,145.000000
1749018112.809688,107.292617,90.000000,90.000000,0.000000,0.000000,0.000000,0.000000,138.000000,138.000000,138.000000,138.000000
1749018112.835335,107.451951,90.000000,90.000000,0.000000,0.000000,0.000000,0.000000,139.000000,139.000000,139.000000,139.000000
1749018112.872481,106.791283,90.000000,90.000000,0.000000,0.000000,0.000000,0.000000,134.000000,134.000000,134.000000,134.000000
1749018112.906585,106.088190,90.000000,90.000000,0.000000,0.000000,0.000000,0.000000,128.000000,128.000000,128.000000,128.000000
1749018112.944199,105.869330,90.000000,90.000000,0.000000,0.000000,0.000000,0.000000,126.000000,126.000000,126.000000,126.000000
1749018112.982021,105.525317,90.000000,90.000000,0.000000,0.000000,0.000000,0.000000,124.000000,124.000000,124.000000,124.000000
1749018113.015341,104.468962,90.000000,90.000000,0.000000,0.000000,0.000000,0.000000,120.000000,120.000000,120.000000,120.000000
1749018113.046012,104.338948,90.000000,90.000000,0.000000,0.000000,0.000000,0.000000,120.000000,120.000000,120.000000,120.000000
1749018113.079589,103.649598,90.000000,90.000000,0.000000,0.000000,0.000000,0.000000,120.000000,120.000000,120.000000,120.000000
1749018113.114139,103.015073,90.000000,90.000000,0.000000,0.000000,0.000000,0.000000,120.000000,120.000000,120.000000,120.000000
1749018113.146569,102.868300,90.000000,90.000000,0.000000,0.000000,0.000000,0.000000,120.000000,120.000000,120.000000,120.000000
1749018113.181147,102.745827,90.000000,90.000000,0.000000,0.000000,0.000000,0.000000,120.000000,120.000000,120.000000,120.000000
1749018113.213477,102.425233,90.000000,90.000000,0.000000,0.000000,0.000000,0.000000,120.000000,120.000000,120.000000,120.000000
1749018113.245526,101.230695,90.000000,90.000000,0.000000,0.000000,0.000000,0.000000,120.000000,120.000000,120.000000,120.000000
1749018113.280934,101.039113,90.000000,90.000000,0.000000,0.000000,0.000000,0.000000,120.000000,120.000000,120.000000,120.000000
1749018113.312014,100.627823,90.000000,90.000000,0.000000,0.000000,0.000000,0.000000,120.000000,120.000000,120.000000,120.000000
1749018113.344937,99.300192,90.000000,90.000000,0.000000,0.000000,0.000000,0.000000,120.000000,120.000000,120.000000,120.000000
1749018113.383151,99.502809,90.000000,90.000000,0.000000,0.000000,0.000000,0.000000,120.000000,120.000000,120.000000,120.000000
1749018113.415759,98.869214,90.000000,90.000000,0.000000,0.000000,0.000000,0.000000,120.000000,120.000000,120.000000,120.000000
1749018113.444932,98.296046,90.000000,90.000000,0.000000,0.000000,0.000000,0.000000,120.000000,120.000000,120.000000,120.000000
1749018113.481274,97.701303,90.000000,90.000000,0.000000,0.000000,0.000000,0.000000,120.000000,120.000000,120.000000,120.000000
1749018113.513323,97.158315,90.000000,90.000000,0.000000,0.000000,0.000000,0.000000,120.000000,120.000000,120.000000,120.000000
1749018113.546513,96.299735,90.000000,90.000000,0.000000,0.000000,0.000000,0.000000,120.000000,120.000000,120.000000,120.000000
1749018113.581349,96.997190,90.000000,90.000000,0.000000,0.000000,0.000000,0.000000,120.000000,120.000000,120.000000,120.000000
1749018113.613528,96.935891,90.000000,90.000000,0.000000,0.000000,0.000000,0.000000,120.000000,120.000000,120.000000,120.000000
1749018113.644192,96.585183,90.000000,90.000000,0.000000,0.000000,0.000000,0.000000,120.000000,120.000000,120.000000,120.000000
1749018113.681178,96.749266,90.000000,90.000000,0.000000,0.000000,0.000000,0.000000,120.000000,120.000000,120.000000,120.000000
1749018113.712202,96.226350,90.000000,90.000000,0.000000,0.000000,0.000000,0.000000,120.000000,120.000000,120.000000,120.000000
1749018113.751886,95.538438,90.000000,90.000000,0.000000,0.000000,0.000000,0.000000,120.000000,120.000000,120.000000,120.000000
1749018113.783527,95.573789,90.000000,90.000000,0.000000,0.000000,0.000000,0.000000,120.000000,120.000000,120.000000,120.000000
1749018113.815009,95.756470,90.000000,90.000000,0.000000,0.000000,0.000000,0.000000,120.000000,120.000000,120.000000,120.000000
1749018113.845079,95.958583,90.000000,90.000000,0.000000,0.000000,0.000000,0.000000,120.000000,120.000000,120.000000,120.000000
1749018113.882493,94.591224,90.000000,90.000000,0.000000,0.000000,0.000000,0.000000,120.000000,120.000000,120.000000,120.000000
1749018113.913485,94.970131,90.000000,90.000000,0.000000,0.000000,0.000000,0.000000,120.000000,120.000000,120.000000,120.000000
1749018113.945008,94.707797,90.000000,90.000000,0.000000,0.000000,0.000000,0.000000,120.000000,120.000000,120.000000,120.000000
1749018113.980000,94.234425,90.000000,90.000000,0.000000,0.000000,0.000000,0.000000,120.000000,120.000000,120.000000,120.000000
1749018114.012997,94.539305,90.000000,90.000000,0.000000,0.000000,0.000000,0.000000,120.000000,120.000000,120.000000,120.000000
1749018114.044105,95.887235,90.000000,90.000000,0.000000,0.000000,0.000000,0.000000,120.000000,120.000000,120.000000,120.000000
1749018114.081237,96.339808,90.000000,90.000000,0.000000,0.000000,0.000000,0.000000,120.000000,120.000000,120.000000,120.000000
1749018114.112816,96.679575,90.000000,90.000000,0.000000,0.000000,0.000000,0.000000,120.000000,120.000000,120.000000,120.000000
1749018114.146595,98.532182,90.000000,90.000000,0.000000,0.000000,0.000000,0.000000,120.000000,120.000000,120.000000,120.000000
1749018114.180002,98.666657,90.000000,90.000000,0.000000,0.000000,0.000000,0.000000,120.000000,120.000000,120.000000,120.000000
1749018114.211947,97.978945,90.000000,90.000000,0.000000,0.000000,0.000000,0.000000,120.000000,120.000000,120.000000,120.000000
1749018114.244641,98.914371,90.000000,90.000000,0.000000,0.000000,0.000000,0.000000,120.000000,120.000000,120.000000,120.000000
1749018114.281698,98.934438,90.000000,90.000000,0.000000,0.000000,0.000000,0.000000,120.000000,120.000000,120.000000,120.000000
1749018114.312953,100.446268,90.000000,90.000000,0.000000,0.000000,0.000000,0.000000,120.000000,120.000000,120.000000,120.000000
1749018114.346865,101.353955,90.000000,90.000000,0.000000,0.000000,0.000000,0.000000,120.000000,120.000000,120.000000,120.000000
1749018114.381985,101.771911,90.000000,90.000000,0.000000,0.000000,0.000000,0.000000,120.000000,120.000000,120.000000,120.000000
1749018114.413430,102.057616,90.000000,90.000000,0.000000,0.000000,0.000000,0.000000,120.000000,120.000000,120.000000,120.000000
1749018114.442972,102.765072,90.000000,90.000000,0.000000,0.000000,0.000000,0.000000,120.000000,120.000000,120.000000,120.000000
1749018114.473192,103.029225,90.000000,90.000000,0.000000,0.000000,0.000000,0.000000,120.000000,120.000000,120.000000,120.000000
1749018114.505987,103.608617,90.000000,90.000000,0.000000,0.000000,0.000000,0.000000,120.000000,120.000000,120.000000,120.000000
1749018114.538283,103.619651,90.000000,90.000000,0.000000,0.000000,0.000000,0.000000,120.000000,120.000000,120.000000,120.000000
1749018114.574178,103.424823,90.000000,90.000000,0.000000,0.000000,0.000000,0.000000,120.000000,120.000000,120.000000,120.000000
1749018114.607941,105.619862,90.000000,90.000000,0.000000,0.000000,0.000000,0.000000,124.000000,124.000000,124.000000,124.000000
1749018114.638513,106.545232,90.000000,90.000000,0.000000,0.000000,0.000000,0.000000,132.000000,132.000000,132.000000,132.000000
1749018114.675814,107.442796,90.000000,90.000000,0.000000,0.000000,0.000000,0.000000,139.000000,139.000000,139.000000,139.000000
1749018114.704267,107.992036,90.000000,90.000000,0.000000,0.000000,0.000000,0.000000,143.000000,143.000000,143.000000,143.000000
1749018114.734607,107.810168,90.000000,90.000000,0.000000,0.000000,0.000000,0.000000,142.000000,142.000000,142.000000,142.000000
1749018114.771668,108.937027,90.000000,90.000000,0.000000,0.000000,0.000000,0.000000,151.000000,151.000000,151.000000,151.000000
1749018114.805731,108.977170,90.000000,90.000000,0.000000,0.000000,0.000000,0.000000,151.000000,151.000000,151.000000,151.000000
1749018114.836696,109.218143,90.000000,90.000000,0.000000,0.000000,0.000000,0.000000,153.000000,153.000000,153.000000,153.000000
1749018114.877575,109.945619,90.000000,90.000000,0.000000,0.000000,0.000000,0.000000,159.000000,159.000000,159.000000,159.000000
1749018114.908999,110.316200,90.000000,90.000000,0.000000,0.000000,0.000000,0.000000,162.000000,162.000000,162.000000,162.000000
1749018114.936230,109.988870,90.000000,90.000000,0.000000,0.000000,0.000000,0.000000,159.000000,159.000000,159.000000,159.000000
1749018114.972771,109.978265,90.000000,90.000000,0.000000,0.000000,0.000000,0.000000,159.000000,159.000000,159.000000,159.000000
1749018115.005087,109.284705,90.000000,90.000000,0.000000,0.000000,0.000000,0.000000,154.000000,154.000000,154.000000,154.000000
1749018115.038465,110.302916,90.000000,90.000000,0.000000,0.000000,0.000000,0.000000,162.000000,162.000000,162.000000,162.000000
1749018115.070687,111.239601,90.000000,90.000000,0.000000,0.000000,0.000000,0.000000,169.000000,169.000000,169.000000,169.000000
1749018115.102560,110.960073,90.000000,90.000000,0.000000,0.000000,0.000000,0.000000,167.000000,167.000000,167.000000,167.000000
1749018115.137048,111.446941,90.000000,90.000000,0.000000,0.000000,0.000000,0.000000,171.000000,171.000000,171.000000,171.000000
1749018115.175451,112.512553,90.000000,90.000000,0.000000,0.000000,0.000000,0.000000,180.000000,180.000000,180.000000,180.000000
1749018115.207610,112.885283,90.000000,90.000000,0.000000,0.000000,0.000000,0.000000,183.000000,183.000000,183.000000,183.000000
1749018115.236963,113.701558,90.000000,90.000000,0.000000,0.000000,0.000000,0.000000,189.000000,189.000000,189.000000,189.000000
1749018115.291527,114.023274,90.000000,90.000000,0.000000,0.000000,0.000000,0.000000,192.000000,192.000000,192.000000,192.000000
1749018115.310102,114.948891,90.000000,90.000000,0.000000,0.000000,0.000000,0.000000,199.000000,199.000000,199.000000,199.000000
1749018115.334046,114.846049,90.000000,90.000000,0.000000,0.000000,0.000000,0.000000,198.000000,198.000000,198.000000,198.000000
1749018115.370814,114.416177,90.000000,90.000000,0.000000,0.000000,0.000000,0.000000,195.000000,195.000000,195.000000,195.000000
1749018115.402584,115.016179,90.000000,90.000000,0.000000,0.000000,0.000000,0.000000,200.000000,200.000000,200.000000,200.000000
1749018115.434046,115.098450,90.000000,90.000000,0.000000,0.000000,0.000000,0.000000,200.000000,200.000000,200.000000,200.000000
1749018115.471480,115.419024,90.000000,90.000000,0.000000,0.000000,0.000000,0.000000,203.000000,203.000000,203.000000,203.000000
1749018115.504509,116.388630,90.000000,90.000000,0.000000,0.000000,0.000000,0.000000,211.000000,211.000000,211.000000,211.000000
1749018115.540536,116.846593,90.000000,90.000000,0.000000,0.000000,0.000000,0.000000,214.000000,214.000000,214.000000,214.000000
1749018115.594028,117.210093,90.000000,90.000000,0.000000,0.000000,0.000000,0.000000,217.000000,217.000000,217.000000,217.000000
1749018115.612750,118.295639,90.000000,90.000000,0.000000,0.000000,0.000000,0.000000,226.000000,226.000000,226.000000,226.000000
1749018115.635667,118.555681,90.000000,90.000000,0.000000,0.000000,0.000000,0.000000,228.000000,228.000000,228.000000,228.000000
1749018115.670341,118.719210,90.000000,90.000000,0.000000,0.000000,0.000000,0.000000,229.000000,229.000000,229.000000,229.000000
1749018115.703593,119.574757,90.000000,90.000000,0.000000,0.000000,0.000000,0.000000,236.000000,236.000000,236.000000,236.000000
1749018115.735426,119.899392,90.000000,90.000000,0.000000,0.000000,0.000000,0.000000,239.000000,239.000000,239.000000,239.000000
1749018115.769974,120.408136,90.000000,90.000000,0.000000,0.000000,0.000000,0.000000,243.000000,243.000000,243.000000,243.000000
1749018115.803894,120.614513,90.000000,90.000000,0.000000,0.000000,0.000000,0.000000,244.000000,244.000000,244.000000,244.000000
1749018115.836898,120.475519,90.000000,90.000000,0.000000,0.000000,0.000000,0.000000,243.000000,243.000000,243.000000,243.000000
1749018115.874752,122.268554,90.000000,90.000000,0.000000,0.000000,0.000000,0.000000,250.000000,250.000000,250.000000,250.000000
1749018115.907834,122.419334,90.000000,90.000000,0.000000,0.000000,0.000000,0.000000,250.000000,250.000000,250.000000,250.000000
1749018115.940981,123.402387,90.000000,90.000000,0.000000,0.000000,0.000000,0.000000,250.000000,250.000000,250.000000,250.000000
1749018115.975910,123.898402,90.000000,90.000000,0.000000,0.000000,0.000000,0.000000,250.000000,250.000000,250.000000,250.000000
1749018116.008151,123.744650,90.000000,90.000000,0.000000,0.000000,0.000000,0.000000,250.000000,250.000000,250.000000,250.000000
1749018116.039514,124.411535,90.000000,90.000000,0.000000,0.000000,0.000000,0.000000,250.000000,250.000000,250.000000,250.000000
1749018116.076736,125.033781,90.000000,90.000000,0.000000,0.000000,0.000000,0.000000,250.000000,250.000000,250.000000,250.000000
1749018116.101942,125.353563,90.000000,90.000000,0.000000,0.000000,0.000000,0.000000,250.000000,250.000000,250.000000,250.000000
1749018116.134695,125.921790,90.000000,90.000000,0.000000,0.000000,0.000000,0.000000,250.000000,250.000000,250.000000,250.000000
1749018116.171266,126.025293,90.000000,90.000000,0.000000,0.000000,0.000000,0.000000,250.000000,250.000000,250.000000,250.000000
1749018116.204887,126.204146,90.000000,90.000000,0.000000,0.000000,0.000000,0.000000,250.000000,250.000000,250.000000,250.000000
1749018116.238593,126.763610,90.000000,90.000000,0.000000,0.000000,0.000000,0.000000,250.000000,250.000000,250.000000,250.000000
1749018116.276345,127.197091,90.000000,90.000000,0.000000,0.000000,0.000000,0.000000,250.000000,250.000000,250.000000,250.000000
1749018116.307996,127.469688,90.000000,90.000000,0.000000,0.000000,0.000000,0.000000,250.000000,250.000000,250.000000,250.000000
1749018116.340593,128.216137,90.000000,90.000000,0.000000,0.000000,0.000000,0.000000,250.000000,250.000000,250.000000,250.000000
1749018116.375438,128.111230,90.000000,90.000000,0.000000,0.000000,0.000000,0.000000,250.000000,250.000000,250.000000,250.000000
1749018116.408455,129.082192,90.000000,90.000000,0.000000,0.000000,0.000000,0.000000,250.000000,250.000000,250.000000,250.000000
1749018116.441009,129.430992,90.000000,90.000000,0.000000,0.000000,0.000000,0.000000,250.000000,250.000000,250.000000,250.000000
1749018116.475368,128.823989,90.000000,90.000000,0.000000,0.000000,0.000000,0.000000,250.000000,250.000000,250.000000,250.000000
1749018116.506624,129.878932,90.000000,90.000000,0.000000,0.000000,0.000000,0.000000,250.000000,250.000000,250.000000,250.000000
1749018116.538938,130.357999,90.000000,90.000000,0.000000,0.000000,0.000000,0.000000,250.000000,250.000000,250.000000,250.000000
1749018116.574280,131.281207,90.000000,90.000000,0.000000,0.000000,0.000000,0.000000,250.000000,250.000000,250.000000,250.000000
1749018116.607940,131.432561,90.000000,90.000000,0.000000,0.000000,0.000000,0.000000,250.000000,250.000000,250.000000,250.000000
1749018116.640223,131.884498,90.000000,90.000000,0.000000,0.000000,0.000000,0.000000,250.000000,250.000000,250.000000,250.000000
1749018116.676170,131.946983,90.000000,90.000000,0.000000,0.000000,0.000000,0.000000,250.000000,250.000000,250.000000,250.000000
1749018116.707656,131.891160,90.000000,90.000000,0.000000,0.000000,0.000000,0.000000,250.000000,250.000000,250.000000,250.000000
1749018116.741499,132.294211,90.000000,90.000000,0.000000,0.000000,0.000000,0.000000,250.000000,250.000000,250.000000,250.000000
1749018116.790985,132.574023,90.000000,90.000000,0.000000,0.000000,0.000000,0.000000,250.000000,250.000000,250.000000,250.000000
1749018116.811667,132.312269,90.000000,90.000000,0.000000,0.000000,0.000000,0.000000,250.000000,250.000000,250.000000,250.000000
1749018116.834123,132.497640,90.000000,90.000000,0.000000,0.000000,0.000000,0.000000,250.000000,250.000000,250.000000,250.000000
1749018116.873810,133.148017,90.000000,90.000000,0.000000,0.000000,0.000000,0.000000,250.000000,250.000000,250.000000,250.000000
1749018116.906909,132.468073,90.000000,90.000000,0.000000,0.000000,0.000000,0.000000,250.000000,250.000000,250.000000,250.000000
1749018116.939172,131.617416,90.000000,90.000000,0.000000,0.000000,0.000000,0.000000,250.000000,250.000000,250.000000,250.000000
1749018116.971148,131.491045,90.000000,90.000000,0.000000,0.000000,0.000000,0.000000,250.000000,250.000000,250.000000,250.000000
1749018117.002136,129.628363,90.000000,90.000000,0.000000,0.000000,0.000000,0.000000,250.000000,250.000000,250.000000,250.000000
1749018117.038545,128.844159,90.000000,90.000000,0.000000,0.000000,0.000000,0.000000,250.000000,250.000000,250.000000,250.000000
1749018117.074452,126.974692,90.000000,90.000000,0.000000,0.000000,0.000000,0.000000,250.000000,250.000000,250.000000,250.000000
1749018117.107035,126.565106,90.000000,90.000000,0.000000,0.000000,0.000000,0.000000,250.000000,250.000000,250.000000,250.000000
1749018117.139069,125.587194,90.000000,90.000000,0.000000,0.000000,0.000000,0.000000,250.000000,250.000000,250.000000,250.000000
1749018117.174994,124.361174,90.000000,90.000000,0.000000,0.000000,0.000000,0.000000,250.000000,250.000000,250.000000,250.000000
1749018117.208458,123.332390,90.000000,90.000000,0.000000,0.000000,0.000000,0.000000,250.000000,250.000000,250.000000,250.000000
1749018117.239639,121.704900,90.000000,90.000000,0.000000,0.000000,0.000000,0.000000,250.000000,250.000000,250.000000,250.000000
1749018117.275857,120.154340,90.000000,90.000000,0.000000,0.000000,0.000000,0.000000,241.000000,241.000000,241.000000,241.000000
1749018117.308787,119.349055,90.000000,90.000000,0.000000,0.000000,0.000000,0.000000,234.000000,234.000000,234.000000,234.000000
1749018117.337320,118.319637,90.000000,90.000000,0.000000,0.000000,0.000000,0.000000,226.000000,226.000000,226.000000,226.000000
1749018117.369969,117.088730,90.000000,90.000000,0.000000,0.000000,0.000000,0.000000,216.000000,216.000000,216.000000,216.000000
1749018117.402061,115.368112,90.000000,90.000000,0.000000,0.000000,0.000000,0.000000,202.000000,202.000000,202.000000,202.000000
1749018117.434443,113.590260,90.000000,90.000000,0.000000,0.000000,0.000000,0.000000,188.000000,188.000000,188.000000,188.000000
1749018117.472134,112.203266,90.000000,90.000000,0.000000,0.000000,0.000000,0.000000,177.000000,177.000000,177.000000,177.000000
1749018117.503925,111.082936,90.000000,90.000000,0.000000,0.000000,0.000000,0.000000,168.000000,168.000000,168.000000,168.000000
1749018117.538391,109.306197,90.000000,90.000000,0.000000,0.000000,0.000000,0.000000,154.000000,154.000000,154.000000,154.000000
1749018117.572772,108.797007,90.000000,90.000000,0.000000,0.000000,0.000000,0.000000,150.000000,150.000000,150.000000,150.000000
1749018117.607679,107.238706,90.000000,90.000000,0.000000,0.000000,0.000000,0.000000,137.000000,137.000000,137.000000,137.000000
1749018117.640614,105.908273,90.000000,90.000000,0.000000,0.000000,0.000000,0.000000,127.000000,127.000000,127.000000,127.000000
1749018117.675664,105.041488,90.000000,90.000000,0.000000,0.000000,0.000000,0.000000,120.000000,120.000000,120.000000,120.000000
1749018117.702459,103.103806,90.000000,90.000000,0.000000,0.000000,0.000000,0.000000,120.000000,120.000000,120.000000,120.000000
1749018117.739178,102.028909,90.000000,90.000000,0.000000,0.000000,0.000000,0.000000,120.000000,120.000000,120.000000,120.000000
1749018117.771925,101.913299,90.000000,90.000000,0.000000,0.000000,0.000000,0.000000,120.000000,120.000000,120.000000,120.000000
1749018117.803887,100.713272,90.000000,90.000000,0.000000,0.000000,0.000000,0.000000,120.000000,120.000000,120.000000,120.000000
1749018117.835821,99.932496,90.000000,90.000000,0.000000,0.000000,0.000000,0.000000,120.000000,120.000000,120.000000,120.000000
1749018117.875619,98.860813,90.000000,90.000000,0.000000,0.000000,0.000000,0.000000,120.000000,120.000000,120.000000,120.000000
1749018117.906496,97.888152,90.000000,90.000000,0.000000,0.000000,0.000000,0.000000,120.000000,120.000000,120.000000,120.000000
1749018117.944305,96.829560,90.000000,90.000000,0.000000,0.000000,0.000000,0.000000,120.000000,120.000000,120.000000,120.000000
1749018117.975178,96.071127,90.000000,90.000000,0.000000,0.000000,0.000000,0.000000,120.000000,120.000000,120.000000,120.000000
1749018118.010509,96.074960,90.000000,90.000000,0.000000,0.000000,0.000000,0.000000,120.000000,120.000000,120.000000,120.000000
1749018118.035992,95.815301,90.000000,90.000000,0.000000,0.000000,0.000000,0.000000,120.000000,120.000000,120.000000,120.000000
1749018118.071934,95.708103,90.000000,90.000000,0.000000,0.000000,0.000000,0.000000,120.000000,120.000000,120.000000,120.000000
1749018118.103589,95.414325,90.000000,90.000000,0.000000,0.000000,0.000000,0.000000,120.000000,120.000000,120.000000,120.000000
1749018118.141991,94.532979,90.000000,90.000000,0.000000,0.000000,0.000000,0.000000,120.000000,120.000000,120.000000,120.000000
1749018118.173341,93.870760,90.000000,90.000000,0.000000,0.000000,0.000000,0.000000,120.000000,120.000000,120.000000,120.000000
1749018118.206314,94.043634,90.000000,90.000000,0.000000,0.000000,0.000000,0.000000,120.000000,120.000000,120.000000,120.000000
1749018118.237460,93.478447,90.000000,90.000000,0.000000,0.000000,0.000000,0.000000,120.000000,120.000000,120.000000,120.000000
1749018118.274585,92.412152,90.000000,90.000000,0.000000,0.000000,0.000000,0.000000,0.000000,0.000000,0.000000,0.000000
1749018118.306891,92.288333,90.000000,90.000000,0.000000,0.000000,0.000000,0.000000,0.000000,0.000000,0.000000,0.000000
1749018118.342016,91.686546,90.000000,90.000000,0.000000,0.000000,0.000000,0.000000,0.000000,0.000000,0.000000,0.000000
1749018118.375349,91.655905,90.000000,90.000000,0.000000,0.000000,0.000000,0.000000,0.000000,0.000000,0.000000,0.000000
1749018118.404424,91.699812,90.000000,90.000000,0.000000,0.000000,0.000000,0.000000,0.000000,0.000000,0.000000,0.000000
1749018118.435145,91.419793,90.000000,90.000000,0.000000,0.000000,0.000000,0.000000,0.000000,0.000000,0.000000,0.000000
1749018118.472995,90.374527,90.000000,90.000000,0.000000,0.000000,0.000000,0.000000,0.000000,0.000000,0.000000,0.000000
1749018118.504607,90.669609,90.000000,90.000000,0.000000,0.000000,0.000000,0.000000,0.000000,0.000000,0.000000,0.000000
1749018118.537688,90.524853,90.000000,90.000000,0.000000,0.000000,0.000000,0.000000,0.000000,0.000000,0.000000,0.000000
1749018118.572053,89.840104,90.000000,90.000000,0.000000,0.000000,0.000000,0.000000,0.000000,0.000000,0.000000,0.000000
1749018118.605583,90.345658,90.000000,90.000000,0.000000,0.000000,0.000000,0.000000,0.000000,0.000000,0.000000,0.000000
1749018118.636878,90.288665,90.000000,90.000000,0.000000,0.000000,0.000000,0.000000,0.000000,0.000000,0.000000,0.000000
1749018118.673344,89.888709,90.000000,90.000000,0.000000,0.000000,0.000000,0.000000,0.000000,0.000000,0.000000,0.000000
1749018118.705166,89.599770,90.000000,90.000000,0.000000,0.000000,0.000000,0.000000,0.000000,0.000000,0.000000,0.000000
1749018118.737410,89.488086,90.000000,90.000000,0.000000,0.000000,0.000000,0.000000,0.000000,0.000000,0.000000,0.000000
1749018118.772226,89.085336,90.000000,90.000000,0.000000,0.000000,0.000000,0.000000,0.000000,0.000000,0.000000,0.000000
1749018118.806608,89.048225,90.000000,90.000000,0.000000,0.000000,0.000000,0.000000,0.000000,0.000000,0.000000,0.000000
1749018118.839326,89.449383,90.000000,90.000000,0.000000,0.000000,0.000000,0.000000,0.000000,0.000000,0.000000,0.000000
1749018118.876002,89.150185,90.000000,90.000000,0.000000,0.000000,0.000000,0.000000,0.000000,0.000000,0.000000,0.000000
1749018118.907385,88.911484,90.000000,90.000000,0.000000,0.000000,0.000000,0.000000,0.000000,0.000000,0.000000,0.000000
1749018118.944634,88.500993,90.000000,90.000000,0.000000,0.000000,0.000000,0.000000,0.000000,0.000000,0.000000,0.000000
1749018118.974987,88.888830,90.000000,90.000000,0.000000,0.000000,0.000000,0.000000,0.000000,0.000000,0.000000,0.000000
1749018119.008633,88.798414,90.000000,90.000000,0.000000,0.000000,0.000000,0.000000,0.000000,0.000000,0.000000,0.000000
1749018119.041433,88.375863,90.000000,90.000000,0.000000,0.000000,0.000000,0.000000,0.000000,0.000000,0.000000,0.000000
1749018119.075460,88.981984,90.000000,90.000000,0.000000,0.000000,0.000000,0.000000,0.000000,0.000000,0.000000,0.000000
1749018119.107030,88.489641,90.000000,90.000000,0.000000,0.000000,0.000000,0.000000,0.000000,0.000000,0.000000,0.000000
1749018119.139431,88.294958,90.000000,90.000000,0.000000,0.000000,0.000000,0.000000,0.000000,0.000000,0.000000,0.000000
1749018119.174739,88.334360,90.000000,90.000000,0.000000,0.000000,0.000000,0.000000,0.000000,0.000000,0.000000,0.000000
1749018119.206659,88.362277,90.000000,90.000000,0.000000,0.000000,0.000000,0.000000,0.000000,0.000000,0.000000,0.000000
1749018119.241777,88.163425,90.000000,90.000000,0.000000,0.000000,0.000000,0.000000,0.000000,0.000000,0.000000,0.000000
1749018119.271823,88.374466,90.000000,90.000000,0.000000,0.000000,0.000000,0.000000,0.000000,0.000000,0.000000,0.000000
1749018119.303425,88.385265,90.000000,90.000000,0.000000,0.000000,0.000000,0.000000,0.000000,0.000000,0.000000,0.000000
1749018119.336792,88.171099,90.000000,90.000000,0.000000,0.000000,0.000000,0.000000,0.000000,0.000000,0.000000,0.000000
1749018119.375330,88.234247,90.000000,90.000000,0.000000,0.000000,0.000000,0.000000,0.000000,0.000000,0.000000,0.000000
1749018119.408101,87.933957,90.000000,90.000000,0.000000,0.000000,0.000000,0.000000,0.000000,0.000000,0.000000,0.000000
1749018119.439906,87.372327,90.000000,90.000000,80.000000,80.000000,80.000000,80.000000,0.000000,0.000000,0.000000,0.000000
1749018119.475005,88.085068,90.000000,90.000000,0.000000,0.000000,0.000000,0.000000,0.000000,0.000000,0.000000,0.000000
1749018119.506139,88.344165,90.000000,90.000000,0.000000,0.000000,0.000000,0.000000,0.000000,0.000000,0.000000,0.000000
1749018119.538747,87.675398,90.000000,90.000000,0.000000,0.000000,0.000000,0.000000,0.000000,0.000000,0.000000,0.000000
1749018119.574447,87.439379,90.000000,90.000000,80.000000,80.000000,80.000000,80.000000,0.000000,0.000000,0.000000,0.000000
1749018119.607903,87.720100,90.000000,90.000000,0.000000,0.000000,0.000000,0.000000,0.000000,0.000000,0.000000,0.000000
1749018119.634086,87.743474,90.000000,90.000000,0.000000,0.000000,0.000000,0.000000,0.000000,0.000000,0.000000,0.000000
1749018119.669538,87.707764,90.000000,90.000000,0.000000,0.000000,0.000000,0.000000,0.000000,0.000000,0.000000,0.000000
1749018119.705596,87.306933,116.000000,90.000000,0.000000,0.000000,0.000000,0.000000,0.000000,0.000000,0.000000,0.000000
1749018119.736355,86.961129,116.000000,90.000000,0.000000,0.000000,0.000000,0.000000,0.000000,0.000000,0.000000,0.000000
1749018119.772723,87.182010,116.000000,90.000000,0.000000,0.000000,0.000000,0.000000,0.000000,0.000000,0.000000,0.000000
1749018119.804720,86.944615,116.000000,120.000000,0.000000,0.000000,0.000000,0.000000,0.000000,0.000000,0.000000,0.000000
1749018119.836408,86.501977,116.000000,90.000000,0.000000,0.000000,0.000000,0.000000,0.000000,0.000000,0.000000,0.000000
1749018119.875947,86.321580,116.000000,90.000000,0.000000,0.000000,0.000000,0.000000,0.000000,0.000000,0.000000,0.000000
1749018119.907801,85.751137,116.000000,90.000000,0.000000,0.000000,0.000000,0.000000,0.000000,0.000000,0.000000,0.000000
1749018119.942075,86.397909,116.000000,120.000000,0.000000,0.000000,0.000000,0.000000,0.000000,0.000000,0.000000,0.000000
1749018119.975699,86.192210,116.000000,90.000000,89.000000,89.000000,89.000000,89.000000,0.000000,0.000000,0.000000,0.000000
1749018120.006993,85.826227,116.000000,90.000000,90.000000,90.000000,90.000000,90.000000,0.000000,0.000000,0.000000,0.000000
1749018120.039940,85.929828,116.000000,90.000000,90.000000,90.000000,90.000000,90.000000,0.000000,0.000000,0.000000,0.000000
1749018120.075743,86.418276,116.000000,90.000000,88.000000,88.000000,88.000000,88.000000,0.000000,0.000000,0.000000,0.000000
1749018120.106984,85.913153,116.000000,90.000000,90.000000,90.000000,90.000000,90.000000,0.000000,0.000000,0.000000,0.000000
1749018120.140517,85.920458,116.000000,90.000000,90.000000,90.000000,90.000000,90.000000,0.000000,0.000000,0.000000,0.000000
1749018120.175395,85.953169,116.000000,90.000000,90.000000,90.000000,90.000000,90.000000,0.000000,0.000000,0.000000,0.000000
1749018120.207464,85.650096,116.000000,90.000000,91.000000,91.000000,91.000000,91.000000,0.000000,0.000000,0.000000,0.000000
1749018120.240050,85.858647,116.000000,90.000000,90.000000,90.000000,90.000000,90.000000,0.000000,0.000000,0.000000,0.000000
1749018120.275187,85.773665,116.000000,90.000000,90.000000,90.000000,90.000000,90.000000,0.000000,0.000000,0.000000,0.000000
1749018120.308753,85.804686,116.000000,90.000000,90.000000,90.000000,90.000000,90.000000,0.000000,0.000000,0.000000,0.000000
1749018120.334968,85.883826,116.000000,90.000000,90.000000,90.000000,90.000000,90.000000,0.000000,0.000000,0.000000,0.000000
1749018120.369964,87.426364,116.000000,90.000000,85.000000,85.000000,85.000000,85.000000,0.000000,0.000000,0.000000,0.000000
1749018120.402114,88.083558,116.000000,90.000000,83.000000,83.000000,83.000000,83.000000,0.000000,0.000000,0.000000,0.000000
1749018120.436399,88.476751,116.000000,90.000000,82.000000,82.000000,82.000000,82.000000,0.000000,0.000000,0.000000,0.000000
1749018120.474698,88.924708,116.000000,90.000000,81.000000,81.000000,81.000000,81.000000,0.000000,0.000000,0.000000,0.000000
1749018120.506726,89.668432,116.000000,90.000000,80.000000,80.000000,80.000000,80.000000,0.000000,0.000000,0.000000,0.000000
1749018120.539995,89.911283,116.000000,90.000000,80.000000,80.000000,80.000000,80.000000,0.000000,0.000000,0.000000,0.000000
1749018120.576110,90.552705,116.000000,90.000000,80.000000,80.000000,80.000000,80.000000,0.000000,0.000000,0.000000,0.000000
1749018120.608127,91.135839,116.000000,90.000000,80.000000,80.000000,80.000000,80.000000,0.000000,0.000000,0.000000,0.000000
1749018120.642941,91.216092,116.000000,90.000000,80.000000,80.000000,80.000000,80.000000,0.000000,0.000000,0.000000,0.000000
1749018120.676669,91.425333,116.000000,90.000000,80.000000,80.000000,80.000000,80.000000,0.000000,0.000000,0.000000,0.000000
1749018120.702499,91.811011,116.000000,90.000000,80.000000,80.000000,80.000000,80.000000,0.000000,0.000000,0.000000,0.000000
1749018120.734963,93.125067,116.000000,90.000000,80.000000,80.000000,80.000000,80.000000,0.000000,0.000000,0.000000,0.000000
1749018120.770030,94.415889,116.000000,90.000000,80.000000,80.000000,80.000000,80.000000,0.000000,0.000000,0.000000,0.000000
1749018120.801961,95.798023,116.000000,90.000000,80.000000,80.000000,80.000000,80.000000,0.000000,0.000000,0.000000,0.000000
1749018120.834956,97.239998,116.000000,90.000000,80.000000,80.000000,80.000000,80.000000,0.000000,0.000000,0.000000,0.000000
1749018120.871518,98.074996,116.000000,90.000000,80.000000,80.000000,80.000000,80.000000,0.000000,0.000000,0.000000,0.000000
1749018120.903280,99.069243,116.000000,90.000000,80.000000,80.000000,80.000000,80.000000,0.000000,0.000000,0.000000,0.000000
1749018120.936895,99.422849,116.000000,90.000000,80.000000,80.000000,80.000000,80.000000,0.000000,0.000000,0.000000,0.000000
1749018120.973385,100.844533,116.000000,90.000000,80.000000,80.000000,80.000000,80.000000,0.000000,0.000000,0.000000,0.000000
1749018121.006002,100.366527,116.000000,90.000000,80.000000,80.000000,80.000000,80.000000,0.000000,0.000000,0.000000,0.000000
1749018121.037937,101.331066,116.000000,90.000000,80.000000,80.000000,80.000000,80.000000,0.000000,0.000000,0.000000,0.000000
1749018121.074079,101.680824,116.000000,90.000000,80.000000,80.000000,80.000000,80.000000,0.000000,0.000000,0.000000,0.000000
1749018121.105779,101.506598,116.000000,90.000000,80.000000,80.000000,80.000000,80.000000,0.000000,0.000000,0.000000,0.000000
1749018121.139338,101.643155,116.000000,90.000000,80.000000,80.000000,80.000000,80.000000,0.000000,0.000000,0.000000,0.000000
1749018121.174835,101.767306,116.000000,90.000000,80.000000,80.000000,80.000000,80.000000,0.000000,0.000000,0.000000,0.000000
1749018121.206075,103.067920,116.000000,90.000000,80.000000,80.000000,80.000000,80.000000,0.000000,0.000000,0.000000,0.000000
1749018121.238548,103.858772,116.000000,90.000000,80.000000,80.000000,80.000000,80.000000,0.000000,0.000000,0.000000,0.000000
1749018121.274394,104.335834,116.000000,90.000000,80.000000,80.000000,80.000000,80.000000,0.000000,0.000000,0.000000,0.000000
1749018121.306955,104.701415,116.000000,90.000000,80.000000,80.000000,80.000000,80.000000,0.000000,0.000000,0.000000,0.000000
1749018121.341298,105.067660,116.000000,90.000000,80.000000,80.000000,80.000000,80.000000,0.000000,0.000000,0.000000,0.000000
1749018121.372105,106.043252,116.000000,90.000000,80.000000,80.000000,80.000000,80.000000,0.000000,0.000000,0.000000,0.000000
1749018121.406562,106.750223,116.000000,90.000000,80.000000,80.000000,80.000000,80.000000,0.000000,0.000000,0.000000,0.000000
1749018121.437647,107.732997,116.000000,90.000000,80.000000,80.000000,80.000000,80.000000,0.000000,0.000000,0.000000,0.000000
1749018121.473804,107.350345,116.000000,90.000000,80.000000,80.000000,80.000000,80.000000,0.000000,0.000000,0.000000,0.000000
1749018121.504901,108.044916,116.000000,90.000000,80.000000,80.000000,80.000000,80.000000,0.000000,0.000000,0.000000,0.000000
1749018121.538399,108.928632,116.000000,90.000000,80.000000,80.000000,80.000000,80.000000,0.000000,0.000000,0.000000,0.000000
1749018121.574511,108.960925,116.000000,90.000000,80.000000,80.000000,80.000000,80.000000,0.000000,0.000000,0.000000,0.000000
1749018121.602133,109.040249,116.000000,90.000000,80.000000,80.000000,80.000000,80.000000,0.000000,0.000000,0.000000,0.000000
1749018121.635245,108.643889,116.000000,90.000000,80.000000,80.000000,80.000000,80.000000,0.000000,0.000000,0.000000,0.000000
1749018121.676811,109.221323,116.000000,90.000000,80.000000,80.000000,80.000000,80.000000,0.000000,0.000000,0.000000,0.000000
1749018121.708519,110.847221,116.000000,90.000000,80.000000,80.000000,80.000000,80.000000,0.000000,0.000000,0.000000,0.000000
1749018121.741030,111.520809,116.000000,90.000000,80.000000,80.000000,80.000000,80.000000,0.000000,0.000000,0.000000,0.000000
1749018121.777209,111.876048,116.000000,90.000000,80.000000,80.000000,80.000000,80.000000,0.000000,0.000000,0.000000,0.000000
1749018121.809593,112.053790,116.000000,90.000000,80.000000,80.000000,80.000000,80.000000,0.000000,0.000000,0.000000,0.000000
1749018121.841483,113.394909,116.000000,90.000000,80.000000,80.000000,80.000000,80.000000,0.000000,0.000000,0.000000,0.000000
1749018121.878804,114.051511,116.000000,90.000000,0.000000,0.000000,0.000000,0.000000,0.000000,0.000000,0.000000,0.000000
1749018121.904717,115.328108,116.000000,90.000000,0.000000,0.000000,0.000000,0.000000,0.000000,0.000000,0.000000,0.000000
1749018121.935721,115.036629,116.000000,90.000000,0.000000,0.000000,0.000000,0.000000,0.000000,0.000000,0.000000,0.000000
1749018121.970842,115.280439,116.000000,90.000000,0.000000,0.000000,0.000000,0.000000,0.000000,0.000000,0.000000,0.000000
1749018122.005540,115.696691,116.000000,90.000000,0.000000,0.000000,0.000000,0.000000,0.000000,0.000000,0.000000,0.000000
1749018122.042027,115.486316,116.000000,90.000000,0.000000,0.000000,0.000000,0.000000,0.000000,0.000000,0.000000,0.000000
1749018122.072846,115.198176,116.000000,90.000000,0.000000,0.000000,0.000000,0.000000,0.000000,0.000000,0.000000,0.000000
1749018122.108695,116.050950,116.000000,90.000000,0.000000,0.000000,0.000000,0.000000,0.000000,0.000000,0.000000,0.000000
1749018122.140851,116.871655,116.000000,90.000000,0.000000,0.000000,0.000000,0.000000,0.000000,0.000000,0.000000,0.000000
1749018122.173620,118.140385,116.000000,90.000000,0.000000,0.000000,0.000000,0.000000,0.000000,0.000000,0.000000,0.000000
1749018122.206351,119.509402,116.000000,90.000000,0.000000,0.000000,0.000000,0.000000,120.000000,120.000000,120.000000,120.000000
1749018122.240664,120.559438,116.000000,90.000000,0.000000,0.000000,0.000000,0.000000,120.000000,120.000000,120.000000,120.000000
1749018122.270221,120.952725,116.000000,90.000000,0.000000,0.000000,0.000000,0.000000,120.000000,120.000000,120.000000,120.000000
1749018122.323999,121.308831,116.000000,90.000000,0.000000,0.000000,0.000000,0.000000,120.000000,120.000000,120.000000,120.000000
1749018122.346618,121.125088,116.000000,90.000000,0.000000,0.000000,0.000000,0.000000,120.000000,120.000000,120.000000,120.000000
1749018122.375992,121.175363,116.000000,90.000000,0.000000,0.000000,0.000000,0.000000,120.000000,120.000000,120.000000,120.000000
1749018122.409025,121.053401,116.000000,90.000000,0.000000,0.000000,0.000000,0.000000,120.000000,120.000000,120.000000,120.000000
1749018122.440931,121.499566,116.000000,90.000000,0.000000,0.000000,0.000000,0.000000,120.000000,120.000000,120.000000,120.000000
1749018122.474398,121.270325,116.000000,90.000000,0.000000,0.000000,0.000000,0.000000,120.000000,120.000000,120.000000,120.000000
1749018122.505055,120.766791,116.000000,90.000000,0.000000,0.000000,0.000000,0.000000,120.000000,120.000000,120.000000,120.000000
1749018122.537016,119.740074,116.000000,90.000000,0.000000,0.000000,0.000000,0.000000,120.000000,120.000000,120.000000,120.000000
1749018122.569109,120.534867,116.000000,90.000000,0.000000,0.000000,0.000000,0.000000,120.000000,120.000000,120.000000,120.000000
1749018122.609033,120.021234,116.000000,90.000000,0.000000,0.000000,0.000000,0.000000,120.000000,120.000000,120.000000,120.000000
1749018122.633985,120.479609,116.000000,90.000000,0.000000,0.000000,0.000000,0.000000,120.000000,120.000000,120.000000,120.000000
1749018122.670792,121.095443,116.000000,90.000000,0.000000,0.000000,0.000000,0.000000,120.000000,120.000000,120.000000,120.000000
1749018122.704426,121.153475,116.000000,90.000000,0.000000,0.000000,0.000000,0.000000,120.000000,120.000000,120.000000,120.000000
1749018122.740829,120.686490,116.000000,90.000000,0.000000,0.000000,0.000000,0.000000,120.000000,120.000000,120.000000,120.000000
1749018122.768716,120.407575,116.000000,90.000000,0.000000,0.000000,0.000000,0.000000,120.000000,120.000000,120.000000,120.000000
1749018122.808528,119.722921,116.000000,90.000000,0.000000,0.000000,0.000000,0.000000,120.000000,120.000000,120.000000,120.000000
1749018122.839468,119.687667,116.000000,90.000000,0.000000,0.000000,0.000000,0.000000,120.000000,120.000000,120.000000,120.000000
1749018122.877025,118.933059,116.000000,90.000000,0.000000,0.000000,0.000000,0.000000,120.000000,120.000000,120.000000,120.000000
1749018122.908428,118.401345,116.000000,90.000000,0.000000,0.000000,0.000000,0.000000,0.000000,0.000000,0.000000,0.000000
1749018122.939095,118.289861,116.000000,90.000000,0.000000,0.000000,0.000000,0.000000,0.000000,0.000000,0.000000,0.000000
1749018122.970614,118.293905,116.000000,90.000000,0.000000,0.000000,0.000000,0.000000,0.000000,0.000000,0.000000,0.000000
1749018123.003575,117.502447,116.000000,90.000000,0.000000,0.000000,0.000000,0.000000,0.000000,0.000000,0.000000,0.000000
1749018123.035594,117.217275,116.000000,90.000000,0.000000,0.000000,0.000000,0.000000,0.000000,0.000000,0.000000,0.000000
1749018123.077577,116.628448,116.000000,90.000000,0.000000,0.000000,0.000000,0.000000,0.000000,0.000000,0.000000,0.000000
1749018123.108897,117.360767,116.000000,90.000000,0.000000,0.000000,0.000000,0.000000,0.000000,0.000000,0.000000,0.000000
1749018123.142445,117.378740,116.000000,90.000000,0.000000,0.000000,0.000000,0.000000,0.000000,0.000000,0.000000,0.000000
1749018123.174546,117.480812,116.000000,90.000000,0.000000,0.000000,0.000000,0.000000,0.000000,0.000000,0.000000,0.000000
1749018123.206100,116.776075,116.000000,90.000000,0.000000,0.000000,0.000000,0.000000,0.000000,0.000000,0.000000,0.000000
1749018123.238743,116.127754,116.000000,90.000000,0.000000,0.000000,0.000000,0.000000,0.000000,0.000000,0.000000,0.000000
1749018123.275350,115.400919,116.000000,90.000000,0.000000,0.000000,0.000000,0.000000,0.000000,0.000000,0.000000,0.000000
1749018123.305768,115.108517,116.000000,90.000000,0.000000,0.000000,0.000000,0.000000,0.000000,0.000000,0.000000,0.000000
1749018123.338794,114.558275,116.000000,90.000000,0.000000,0.000000,0.000000,0.000000,0.000000,0.000000,0.000000,0.000000
1749018123.373969,114.535613,116.000000,90.000000,0.000000,0.000000,0.000000,0.000000,0.000000,0.000000,0.000000,0.000000
1749018123.406539,114.882818,116.000000,90.000000,0.000000,0.000000,0.000000,0.000000,0.000000,0.000000,0.000000,0.000000
1749018123.438556,114.660225,116.000000,90.000000,0.000000,0.000000,0.000000,0.000000,0.000000,0.000000,0.000000,0.000000
1749018123.477557,114.627183,116.000000,90.000000,0.000000,0.000000,0.000000,0.000000,0.000000,0.000000,0.000000,0.000000
1749018123.509997,114.773267,116.000000,90.000000,0.000000,0.000000,0.000000,0.000000,0.000000,0.000000,0.000000,0.000000
1749018123.541080,114.984680,116.000000,90.000000,0.000000,0.000000,0.000000,0.000000,0.000000,0.000000,0.000000,0.000000
1749018123.576865,115.232753,116.000000,90.000000,0.000000,0.000000,0.000000,0.000000,0.000000,0.000000,0.000000,0.000000
1749018123.609519,114.978718,116.000000,90.000000,0.000000,0.000000,0.000000,0.000000,0.000000,0.000000,0.000000,0.000000
1749018123.638838,114.993294,116.000000,90.000000,0.000000,0.000000,0.000000,0.000000,0.000000,0.000000,0.000000,0.000000
1749018123.673724,114.433720,116.000000,90.000000,0.000000,0.000000,0.000000,0.000000,0.000000,0.000000,0.000000,0.000000
1749018123.705326,114.714055,116.000000,90.000000,0.000000,0.000000,0.000000,0.000000,0.000000,0.000000,0.000000,0.000000
1749018123.744620,114.223952,116.000000,90.000000,0.000000,0.000000,0.000000,0.000000,0.000000,0.000000,0.000000,0.000000
1749018123.776790,113.369774,116.000000,90.000000,80.000000,80.000000,80.000000,80.000000,0.000000,0.000000,0.000000,0.000000
1749018123.809214,113.412352,116.000000,90.000000,80.000000,80.000000,80.000000,80.000000,0.000000,0.000000,0.000000,0.000000
1749018123.836810,113.591742,116.000000,90.000000,0.000000,0.000000,0.000000,0.000000,0.000000,0.000000,0.000000,0.000000
1749018123.892790,114.099818,116.000000,90.000000,0.000000,0.000000,0.000000,0.000000,0.000000,0.000000,0.000000,0.000000
1749018123.911865,113.360505,116.000000,90.000000,80.000000,80.000000,80.000000,80.000000,0.000000,0.000000,0.000000,0.000000
1749018123.937924,113.546313,116.000000,90.000000,0.000000,0.000000,0.000000,0.000000,0.000000,0.000000,0.000000,0.000000
1749018123.973942,114.049699,116.000000,90.000000,0.000000,0.000000,0.000000,0.000000,0.000000,0.000000,0.000000,0.000000
1749018124.009720,113.610263,116.000000,90.000000,0.000000,0.000000,0.000000,0.000000,0.000000,0.000000,0.000000,0.000000
1749018124.041248,113.570584,112.000000,90.000000,0.000000,0.000000,0.000000,0.000000,0.000000,0.000000,0.000000,0.000000
1749018124.077718,113.743004,112.000000,90.000000,0.000000,0.000000,0.000000,0.000000,0.000000,0.000000,0.000000,0.000000
1749018124.109435,113.869682,112.000000,90.000000,0.000000,0.000000,0.000000,0.000000,0.000000,0.000000,0.000000,0.000000
1749018124.140410,113.491181,112.000000,120.000000,0.000000,0.000000,0.000000,0.000000,0.000000,0.000000,0.000000,0.000000
1749018124.173722,113.966639,112.000000,90.000000,0.000000,0.000000,0.000000,0.000000,0.000000,0.000000,0.000000,0.000000
1749018124.202066,113.568308,112.000000,90.000000,0.000000,0.000000,0.000000,0.000000,0.000000,0.000000,0.000000,0.000000
1749018124.234883,113.222174,112.000000,90.000000,0.000000,0.000000,0.000000,0.000000,0.000000,0.000000,0.000000,0.000000
1749018124.273215,113.533057,112.000000,120.000000,0.000000,0.000000,0.000000,0.000000,0.000000,0.000000,0.000000,0.000000
1749018124.307656,113.791405,112.000000,90.000000,0.000000,0.000000,0.000000,0.000000,0.000000,0.000000,0.000000,0.000000
1749018124.340644,114.204371,112.000000,90.000000,0.000000,0.000000,0.000000,0.000000,0.000000,0.000000,0.000000,0.000000
1749018124.375139,113.560067,112.000000,90.000000,0.000000,0.000000,0.000000,0.000000,0.000000,0.000000,0.000000,0.000000
1749018124.407994,113.331185,112.000000,90.000000,0.000000,0.000000,0.000000,0.000000,0.000000,0.000000,0.000000,0.000000
1749018124.439275,113.379238,112.000000,90.000000,0.000000,0.000000,0.000000,0.000000,0.000000,0.000000,0.000000,0.000000
1749018124.475316,113.152082,112.000000,90.000000,0.000000,0.000000,0.000000,0.000000,0.000000,0.000000,0.000000,0.000000
1749018124.507563,113.727948,112.000000,90.000000,0.000000,0.000000,0.000000,0.000000,0.000000,0.000000,0.000000,0.000000
1749018124.535580,113.496705,112.000000,90.000000,0.000000,0.000000,0.000000,0.000000,0.000000,0.000000,0.000000,0.000000
1749018124.570386,113.141202,112.000000,90.000000,0.000000,0.000000,0.000000,0.000000,0.000000,0.000000,0.000000,0.000000
1749018124.603422,112.420230,112.000000,90.000000,0.000000,0.000000,0.000000,0.000000,0.000000,0.000000,0.000000,0.000000
1749018124.636517,111.434846,112.000000,90.000000,0.000000,0.000000,0.000000,0.000000,0.000000,0.000000,0.000000,0.000000
1749018124.674966,110.158346,112.000000,90.000000,0.000000,0.000000,0.000000,0.000000,0.000000,0.000000,0.000000,0.000000
1749018124.710190,109.495901,112.000000,90.000000,80.000000,80.000000,80.000000,80.000000,0.000000,0.000000,0.000000,0.000000
1749018124.741955,109.352732,112.000000,90.000000,80.000000,80.000000,80.000000,80.000000,0.000000,0.000000,0.000000,0.000000
1749018124.777413,108.244957,112.000000,90.000000,80.000000,80.000000,80.000000,80.000000,0.000000,0.000000,0.000000,0.000000
1749018124.812052,107.049345,112.000000,90.000000,80.000000,80.000000,80.000000,80.000000,0.000000,0.000000,0.000000,0.000000
1749018124.838418,106.940983,112.000000,90.000000,80.000000,80.000000,80.000000,80.000000,0.000000,0.000000,0.000000,0.000000
1749018124.875332,106.070017,112.000000,90.000000,80.000000,80.000000,80.000000,80.000000,0.000000,0.000000,0.000000,0.000000
1749018124.901964,105.099588,112.000000,90.000000,80.000000,80.000000,80.000000,80.000000,0.000000,0.000000,0.000000,0.000000
1749018124.933865,104.708938,112.000000,90.000000,80.000000,80.000000,80.000000,80.000000,0.000000,0.000000,0.000000,0.000000
1749018124.971929,104.217304,112.000000,90.000000,80.000000,80.000000,80.000000,80.000000,0.000000,0.000000,0.000000,0.000000
1749018125.004506,103.442150,112.000000,90.000000,80.000000,80.000000,80.000000,80.000000,0.000000,0.000000,0.000000,0.000000
1749018125.036726,103.298090,112.000000,90.000000,80.000000,80.000000,80.000000,80.000000,0.000000,0.000000,0.000000,0.000000
1749018125.073151,102.513775,112.000000,90.000000,80.000000,80.000000,80.000000,80.000000,0.000000,0.000000,0.000000,0.000000
1749018125.105515,101.677991,112.000000,90.000000,80.000000,80.000000,80.000000,80.000000,0.000000,0.000000,0.000000,0.000000
1749018125.142413,101.216514,112.000000,90.000000,80.000000,80.000000,80.000000,80.000000,0.000000,0.000000,0.000000,0.000000
1749018125.176665,100.255782,112.000000,90.000000,80.000000,80.000000,80.000000,80.000000,0.000000,0.000000,0.000000,0.000000
1749018125.211316,100.467330,112.000000,90.000000,80.000000,80.000000,80.000000,80.000000,0.000000,0.000000,0.000000,0.000000
1749018125.239495,99.609300,112.000000,90.000000,80.000000,80.000000,80.000000,80.000000,0.000000,0.000000,0.000000,0.000000
1749018125.271974,98.415859,112.000000,90.000000,80.000000,80.000000,80.000000,80.000000,0.000000,0.000000,0.000000,0.000000
1749018125.302832,98.225570,112.000000,90.000000,80.000000,80.000000,80.000000,80.000000,0.000000,0.000000,0.000000,0.000000
1749018125.337969,97.320708,112.000000,90.000000,80.000000,80.000000,80.000000,80.000000,0.000000,0.000000,0.000000,0.000000
1749018125.374517,96.781703,112.000000,90.000000,80.000000,80.000000,80.000000,80.000000,0.000000,0.000000,0.000000,0.000000
1749018125.406691,95.611229,112.000000,90.000000,80.000000,80.000000,80.000000,80.000000,0.000000,0.000000,0.000000,0.000000
1749018125.439663,95.531254,112.000000,90.000000,80.000000,80.000000,80.000000,80.000000,0.000000,0.000000,0.000000,0.000000
1749018125.476839,95.574953,112.000000,90.000000,80.000000,80.000000,80.000000,80.000000,0.000000,0.000000,0.000000,0.000000
1749018125.507660,95.762885,112.000000,90.000000,80.000000,80.000000,80.000000,80.000000,0.000000,0.000000,0.000000,0.000000
1749018125.539849,95.659322,112.000000,90.000000,80.000000,80.000000,80.000000,80.000000,0.000000,0.000000,0.000000,0.000000
1749018125.575008,96.546997,112.000000,90.000000,80.000000,80.000000,80.000000,80.000000,0.000000,0.000000,0.000000,0.000000
1749018125.608351,97.619608,112.000000,90.000000,80.000000,80.000000,80.000000,80.000000,0.000000,0.000000,0.000000,0.000000
1749018125.640137,98.331014,112.000000,90.000000,80.000000,80.000000,80.000000,80.000000,0.000000,0.000000,0.000000,0.000000
1749018125.674875,98.707542,112.000000,90.000000,80.000000,80.000000,80.000000,80.000000,0.000000,0.000000,0.000000,0.000000
1749018125.707309,97.683518,112.000000,90.000000,80.000000,80.000000,80.000000,80.000000,0.000000,0.000000,0.000000,0.000000
1749018125.743715,98.850608,112.000000,90.000000,80.000000,80.000000,80.000000,80.000000,0.000000,0.000000,0.000000,0.000000
1749018125.774362,101.610963,112.000000,90.000000,80.000000,80.000000,80.000000,80.000000,0.000000,0.000000,0.000000,0.000000
1749018125.806760,103.199662,112.000000,90.000000,80.000000,80.000000,80.000000,80.000000,0.000000,0.000000,0.000000,0.000000
1749018125.839054,103.278894,112.000000,90.000000,80.000000,80.000000,80.000000,80.000000,0.000000,0.000000,0.000000,0.000000
1749018125.874985,102.526684,112.000000,90.000000,80.000000,80.000000,80.000000,80.000000,0.000000,0.000000,0.000000,0.000000
1749018125.908904,103.771113,112.000000,90.000000,80.000000,80.000000,80.000000,80.000000,0.000000,0.000000,0.000000,0.000000
1749018125.939431,105.055367,112.000000,90.000000,80.000000,80.000000,80.000000,80.000000,0.000000,0.000000,0.000000,0.000000
1749018125.975099,106.004526,112.000000,90.000000,80.000000,80.000000,80.000000,80.000000,0.000000,0.000000,0.000000,0.000000
1749018126.007732,105.489593,112.000000,90.000000,80.000000,80.000000,80.000000,80.000000,0.000000,0.000000,0.000000,0.000000
1749018126.039985,104.832649,112.000000,90.000000,80.000000,80.000000,80.000000,80.000000,0.000000,0.000000,0.000000,0.000000
1749018126.078661,105.893704,112.000000,90.000000,80.000000,80.000000,80.000000,80.000000,0.000000,0.000000,0.000000,0.000000
1749018126.110962,107.702392,112.000000,90.000000,80.000000,80.000000,80.000000,80.000000,0.000000,0.000000,0.000000,0.000000
1749018126.142193,107.792426,112.000000,90.000000,80.000000,80.000000,80.000000,80.000000,0.000000,0.000000,0.000000,0.000000
1749018126.170730,106.615263,112.000000,90.000000,80.000000,80.000000,80.000000,80.000000,0.000000,0.000000,0.000000,0.000000
1749018126.202736,107.660164,112.000000,90.000000,80.000000,80.000000,80.000000,80.000000,0.000000,0.000000,0.000000,0.000000
1749018126.235457,109.556824,112.000000,90.000000,0.000000,0.000000,0.000000,0.000000,0.000000,0.000000,0.000000,0.000000
1749018126.275312,110.685646,112.000000,90.000000,0.000000,0.000000,0.000000,0.000000,0.000000,0.000000,0.000000,0.000000
1749018126.308668,110.395471,112.000000,90.000000,0.000000,0.000000,0.000000,0.000000,0.000000,0.000000,0.000000,0.000000
1749018126.339788,110.315422,112.000000,90.000000,0.000000,0.000000,0.000000,0.000000,0.000000,0.000000,0.000000,0.000000
1749018126.376085,111.286435,112.000000,90.000000,0.000000,0.000000,0.000000,0.000000,0.000000,0.000000,0.000000,0.000000
1749018126.408748,111.712052,112.000000,90.000000,0.000000,0.000000,0.000000,0.000000,0.000000,0.000000,0.000000,0.000000
1749018126.438842,112.020036,112.000000,90.000000,0.000000,0.000000,0.000000,0.000000,0.000000,0.000000,0.000000,0.000000
1749018126.479237,112.741185,112.000000,90.000000,0.000000,0.000000,0.000000,0.000000,0.000000,0.000000,0.000000,0.000000
1749018126.503710,113.166035,112.000000,90.000000,0.000000,0.000000,0.000000,0.000000,0.000000,0.000000,0.000000,0.000000
1749018126.534527,113.886541,112.000000,90.000000,0.000000,0.000000,0.000000,0.000000,0.000000,0.000000,0.000000,0.000000
1749018126.573976,114.829045,112.000000,90.000000,0.000000,0.000000,0.000000,0.000000,120.000000,120.000000,120.000000,120.000000
1749018126.606603,114.420793,112.000000,90.000000,0.000000,0.000000,0.000000,0.000000,0.000000,0.000000,0.000000,0.000000
1749018126.637977,114.607250,112.000000,90.000000,0.000000,0.000000,0.000000,0.000000,120.000000,120.000000,120.000000,120.000000
1749018126.673985,115.059767,112.000000,90.000000,0.000000,0.000000,0.000000,0.000000,120.000000,120.000000,120.000000,120.000000
1749018126.707126,114.556869,112.000000,90.000000,0.000000,0.000000,0.000000,0.000000,120.000000,120.000000,120.000000,120.000000
1749018126.739452,115.444140,112.000000,90.000000,0.000000,0.000000,0.000000,0.000000,120.000000,120.000000,120.000000,120.000000
1749018126.774771,115.212984,112.000000,90.000000,0.000000,0.000000,0.000000,0.000000,120.000000,120.000000,120.000000,120.000000
1749018126.806794,115.319961,112.000000,90.000000,0.000000,0.000000,0.000000,0.000000,120.000000,120.000000,120.000000,120.000000
1749018126.837718,115.340376,112.000000,90.000000,0.000000,0.000000,0.000000,0.000000,120.000000,120.000000,120.000000,120.000000
1749018126.870685,115.123596,112.000000,90.000000,0.000000,0.000000,0.000000,0.000000,120.000000,120.000000,120.000000,120.000000
1749018126.903095,115.284749,112.000000,90.000000,0.000000,0.000000,0.000000,0.000000,120.000000,120.000000,120.000000,120.000000
1749018126.935981,116.015678,112.000000,90.000000,0.000000,0.000000,0.000000,0.000000,120.000000,120.000000,120.000000,120.000000
1749018126.975133,116.139926,112.000000,90.000000,0.000000,0.000000,0.000000,0.000000,120.000000,120.000000,120.000000,120.000000
1749018127.007539,116.101081,112.000000,90.000000,0.000000,0.000000,0.000000,0.000000,120.000000,120.000000,120.000000,120.000000
1749018127.038980,116.158573,112.000000,90.000000,0.000000,0.000000,0.000000,0.000000,120.000000,120.000000,120.000000,120.000000
1749018127.075113,116.097779,112.000000,90.000000,0.000000,0.000000,0.000000,0.000000,120.000000,120.000000,120.000000,120.000000
1749018127.106912,116.179081,112.000000,90.000000,0.000000,0.000000,0.000000,0.000000,120.000000,120.000000,120.000000,120.000000
1749018127.140522,115.638136,112.000000,90.000000,0.000000,0.000000,0.000000,0.000000,120.000000,120.000000,120.000000,120.000000
1749018127.177827,115.399492,112.000000,90.000000,0.000000,0.000000,0.000000,0.000000,120.000000,120.000000,120.000000,120.000000
1749018127.202647,115.933181,112.000000,90.000000,0.000000,0.000000,0.000000,0.000000,120.000000,120.000000,120.000000,120.000000
1749018127.234964,115.061178,112.000000,90.000000,0.000000,0.000000,0.000000,0.000000,120.000000,120.000000,120.000000,120.000000
1749018127.272745,114.355297,112.000000,90.000000,0.000000,0.000000,0.000000,0.000000,0.000000,0.000000,0.000000,0.000000
1749018127.311906,113.675727,112.000000,90.000000,0.000000,0.000000,0.000000,0.000000,0.000000,0.000000,0.000000,0.000000
1749018127.345020,113.702927,112.000000,90.000000,0.000000,0.000000,0.000000,0.000000,0.000000,0.000000,0.000000,0.000000
1749018127.373809,112.574615,112.000000,90.000000,0.000000,0.000000,0.000000,0.000000,0.000000,0.000000,0.000000,0.000000
1749018127.405032,112.272135,112.000000,90.000000,0.000000,0.000000,0.000000,0.000000,0.000000,0.000000,0.000000,0.000000
1749018127.437588,112.024920,112.000000,90.000000,0.000000,0.000000,0.000000,0.000000,0.000000,0.000000,0.000000,0.000000
1749018127.477808,112.451463,112.000000,90.000000,0.000000,0.000000,0.000000,0.000000,0.000000,0.000000,0.000000,0.000000
1749018127.512123,112.180011,112.000000,90.000000,0.000000,0.000000,0.000000,0.000000,0.000000,0.000000,0.000000,0.000000
1749018127.536418,112.145350,112.000000,90.000000,0.000000,0.000000,0.000000,0.000000,0.000000,0.000000,0.000000,0.000000
1749018127.570086,111.879649,112.000000,90.000000,0.000000,0.000000,0.000000,0.000000,0.000000,0.000000,0.000000,0.000000
1749018127.604924,111.120754,101.000000,90.000000,0.000000,0.000000,0.000000,0.000000,0.000000,0.000000,0.000000,0.000000
1749018127.636825,110.985158,101.000000,90.000000,0.000000,0.000000,0.000000,0.000000,0.000000,0.000000,0.000000,0.000000
1749018127.677649,111.510513,101.000000,90.000000,0.000000,0.000000,0.000000,0.000000,0.000000,0.000000,0.000000,0.000000
1749018127.709510,111.535780,101.000000,120.000000,0.000000,0.000000,0.000000,0.000000,0.000000,0.000000,0.000000,0.000000
1749018127.745665,110.327100,101.000000,90.000000,0.000000,0.000000,0.000000,0.000000,0.000000,0.000000,0.000000,0.000000
1749018127.776753,109.808449,101.000000,90.000000,0.000000,0.000000,0.000000,0.000000,0.000000,0.000000,0.000000,0.000000
1749018127.807329,110.128178,101.000000,90.000000,0.000000,0.000000,0.000000,0.000000,0.000000,0.000000,0.000000,0.000000
1749018127.837099,109.498611,101.000000,120.000000,0.000000,0.000000,0.000000,0.000000,0.000000,0.000000,0.000000,0.000000
1749018127.872047,109.784863,101.000000,90.000000,0.000000,0.000000,0.000000,0.000000,120.000000,120.000000,120.000000,120.000000
1749018127.902756,108.924042,101.000000,90.000000,0.000000,0.000000,0.000000,0.000000,120.000000,120.000000,120.000000,120.000000
1749018127.935034,109.619924,101.000000,90.000000,0.000000,0.000000,0.000000,0.000000,120.000000,120.000000,120.000000,120.000000
1749018127.976296,109.306331,101.000000,90.000000,0.000000,0.000000,0.000000,0.000000,120.000000,120.000000,120.000000,120.000000
1749018128.008806,109.584097,101.000000,90.000000,0.000000,0.000000,0.000000,0.000000,120.000000,120.000000,120.000000,120.000000
1749018128.039977,110.075852,101.000000,90.000000,0.000000,0.000000,0.000000,0.000000,120.000000,120.000000,120.000000,120.000000
1749018128.077080,108.964588,101.000000,90.000000,0.000000,0.000000,0.000000,0.000000,120.000000,120.000000,120.000000,120.000000
1749018128.108463,108.987262,101.000000,90.000000,0.000000,0.000000,0.000000,0.000000,120.000000,120.000000,120.000000,120.000000
1749018128.140862,109.076044,101.000000,90.000000,0.000000,0.000000,0.000000,0.000000,120.000000,120.000000,120.000000,120.000000
1749018128.176101,108.995035,101.000000,90.000000,0.000000,0.000000,0.000000,0.000000,120.000000,120.000000,120.000000,120.000000
1749018128.207753,108.587687,101.000000,90.000000,0.000000,0.000000,0.000000,0.000000,120.000000,120.000000,120.000000,120.000000
1749018128.239840,108.543734,101.000000,90.000000,0.000000,0.000000,0.000000,0.000000,120.000000,120.000000,120.000000,120.000000
1749018128.275318,108.085364,101.000000,90.000000,0.000000,0.000000,0.000000,0.000000,120.000000,120.000000,120.000000,120.000000
1749018128.307918,107.427343,101.000000,90.000000,0.000000,0.000000,0.000000,0.000000,120.000000,120.000000,120.000000,120.000000
1749018128.339594,107.153482,101.000000,90.000000,0.000000,0.000000,0.000000,0.000000,120.000000,120.000000,120.000000,120.000000
1749018128.375504,105.727233,101.000000,90.000000,0.000000,0.000000,0.000000,0.000000,120.000000,120.000000,120.000000,120.000000
1749018128.408946,105.424103,101.000000,90.000000,0.000000,0.000000,0.000000,0.000000,120.000000,120.000000,120.000000,120.000000
1749018128.434523,104.429109,101.000000,90.000000,0.000000,0.000000,0.000000,0.000000,120.000000,120.000000,120.000000,120.000000
1749018128.471025,103.820241,101.000000,90.000000,0.000000,0.000000,0.000000,0.000000,120.000000,120.000000,120.000000,120.000000
1749018128.505312,103.294107,101.000000,90.000000,0.000000,0.000000,0.000000,0.000000,0.000000,0.000000,0.000000,0.000000
1749018128.540011,102.860297,101.000000,90.000000,0.000000,0.000000,0.000000,0.000000,0.000000,0.000000,0.000000,0.000000
1749018128.574965,102.474846,101.000000,90.000000,0.000000,0.000000,0.000000,0.000000,0.000000,0.000000,0.000000,0.000000
1749018128.606524,101.963758,101.000000,90.000000,0.000000,0.000000,0.000000,0.000000,0.000000,0.000000,0.000000,0.000000
1749018128.638623,101.194778,101.000000,90.000000,0.000000,0.000000,0.000000,0.000000,0.000000,0.000000,0.000000,0.000000
1749018128.673977,100.535325,101.000000,90.000000,0.000000,0.000000,0.000000,0.000000,0.000000,0.000000,0.000000,0.000000
1749018128.707002,99.696898,101.000000,90.000000,0.000000,0.000000,0.000000,0.000000,0.000000,0.000000,0.000000,0.000000
1749018128.744277,99.090362,101.000000,90.000000,0.000000,0.000000,0.000000,0.000000,0.000000,0.000000,0.000000,0.000000
1749018128.777191,97.761548,101.000000,90.000000,80.000000,80.000000,80.000000,80.000000,0.000000,0.000000,0.000000,0.000000
1749018128.802014,97.352016,101.000000,90.000000,80.000000,80.000000,80.000000,80.000000,0.000000,0.000000,0.000000,0.000000
1749018128.834792,96.564691,101.000000,90.000000,80.000000,80.000000,80.000000,80.000000,0.000000,0.000000,0.000000,0.000000
1749018128.871505,96.155519,101.000000,90.000000,80.000000,80.000000,80.000000,80.000000,0.000000,0.000000,0.000000,0.000000
1749018128.906467,95.474760,101.000000,90.000000,80.000000,80.000000,80.000000,80.000000,0.000000,0.000000,0.000000,0.000000
1749018128.948947,94.822766,101.000000,90.000000,80.000000,80.000000,80.000000,80.000000,0.000000,0.000000,0.000000,0.000000
1749018128.981056,93.993480,101.000000,90.000000,80.000000,80.000000,80.000000,80.000000,0.000000,0.000000,0.000000,0.000000
1749018129.006462,93.784868,101.000000,90.000000,80.000000,80.000000,80.000000,80.000000,0.000000,0.000000,0.000000,0.000000
1749018129.035980,94.144655,101.000000,90.000000,80.000000,80.000000,80.000000,80.000000,0.000000,0.000000,0.000000,0.000000
1749018129.076687,93.794732,101.000000,90.000000,80.000000,80.000000,80.000000,80.000000,0.000000,0.000000,0.000000,0.000000
1749018129.107597,93.591611,101.000000,90.000000,80.000000,80.000000,80.000000,80.000000,0.000000,0.000000,0.000000,0.000000
1749018129.140289,93.697712,101.000000,90.000000,80.000000,80.000000,80.000000,80.000000,0.000000,0.000000,0.000000,0.000000
1749018129.171261,92.719371,101.000000,90.000000,80.000000,80.000000,80.000000,80.000000,0.000000,0.000000,0.000000,0.000000
1749018129.203314,93.292923,101.000000,90.000000,80.000000,80.000000,80.000000,80.000000,0.000000,0.000000,0.000000,0.000000
1749018129.235203,92.225351,101.000000,90.000000,80.000000,80.000000,80.000000,80.000000,0.000000,0.000000,0.000000,0.000000
1749018129.273617,91.819830,101.000000,90.000000,80.000000,80.000000,80.000000,80.000000,0.000000,0.000000,0.000000,0.000000
1749018129.304787,92.598609,101.000000,90.000000,80.000000,80.000000,80.000000,80.000000,0.000000,0.000000,0.000000,0.000000
1749018129.348302,92.507249,101.000000,90.000000,80.000000,80.000000,80.000000,80.000000,0.000000,0.000000,0.000000,0.000000
1749018129.379466,91.877197,101.000000,90.000000,80.000000,80.000000,80.000000,80.000000,0.000000,0.000000,0.000000,0.000000
1749018129.412448,92.193304,101.000000,90.000000,80.000000,80.000000,80.000000,80.000000,0.000000,0.000000,0.000000,0.000000
1749018129.442358,93.068699,101.000000,90.000000,80.000000,80.000000,80.000000,80.000000,0.000000,0.000000,0.000000,0.000000
1749018129.478248,93.963805,101.000000,90.000000,80.000000,80.000000,80.000000,80.000000,0.000000,0.000000,0.000000,0.000000
1749018129.503220,94.559913,101.000000,90.000000,80.000000,80.000000,80.000000,80.000000,0.000000,0.000000,0.000000,0.000000
1749018129.537931,94.164780,101.000000,90.000000,80.000000,80.000000,80.000000,80.000000,0.000000,0.000000,0.000000,0.000000
1749018129.572286,94.772310,101.000000,90.000000,80.000000,80.000000,80.000000,80.000000,0.000000,0.000000,0.000000,0.000000
1749018129.604905,94.952337,101.000000,90.000000,80.000000,80.000000,80.000000,80.000000,0.000000,0.000000,0.000000,0.000000
1749018129.636817,95.369754,101.000000,90.000000,80.000000,80.000000,80.000000,80.000000,0.000000,0.000000,0.000000,0.000000
1749018129.675266,96.406451,101.000000,90.000000,80.000000,80.000000,80.000000,80.000000,0.000000,0.000000,0.000000,0.000000
1749018129.707749,96.241836,101.000000,90.000000,80.000000,80.000000,80.000000,80.000000,0.000000,0.000000,0.000000,0.000000
1749018129.744196,96.269641,101.000000,90.000000,80.000000,80.000000,80.000000,80.000000,0.000000,0.000000,0.000000,0.000000
1749018129.775870,97.852594,101.000000,90.000000,80.000000,80.000000,80.000000,80.000000,0.000000,0.000000,0.000000,0.000000
1749018129.809351,96.899747,101.000000,90.000000,80.000000,80.000000,80.000000,80.000000,0.000000,0.000000,0.000000,0.000000
1749018129.838885,96.841502,101.000000,90.000000,80.000000,80.000000,80.000000,80.000000,0.000000,0.000000,0.000000,0.000000
1749018129.870477,98.065077,101.000000,90.000000,80.000000,80.000000,80.000000,80.000000,0.000000,0.000000,0.000000,0.000000
1749018129.901957,98.976461,101.000000,90.000000,0.000000,0.000000,0.000000,0.000000,0.000000,0.000000,0.000000,0.000000
1749018129.940977,98.766748,101.000000,90.000000,0.000000,0.000000,0.000000,0.000000,0.000000,0.000000,0.000000,0.000000
1749018129.972936,98.667669,101.000000,90.000000,0.000000,0.000000,0.000000,0.000000,0.000000,0.000000,0.000000,0.000000
1749018130.005499,99.039315,101.000000,90.000000,0.000000,0.000000,0.000000,0.000000,0.000000,0.000000,0.000000,0.000000
1749018130.037897,99.310376,101.000000,90.000000,0.000000,0.000000,0.000000,0.000000,0.000000,0.000000,0.000000,0.000000
1749018130.074635,99.151313,101.000000,90.000000,0.000000,0.000000,0.000000,0.000000,0.000000,0.000000,0.000000,0.000000
1749018130.106864,99.854931,101.000000,90.000000,0.000000,0.000000,0.000000,0.000000,0.000000,0.000000,0.000000,0.000000
1749018130.138911,100.468140,101.000000,90.000000,0.000000,0.000000,0.000000,0.000000,0.000000,0.000000,0.000000,0.000000
1749018130.173015,100.031031,101.000000,90.000000,0.000000,0.000000,0.000000,0.000000,0.000000,0.000000,0.000000,0.000000
1749018130.206544,99.962947,101.000000,90.000000,0.000000,0.000000,0.000000,0.000000,0.000000,0.000000,0.000000,0.000000
1749018130.237951,101.213623,101.000000,90.000000,0.000000,0.000000,0.000000,0.000000,0.000000,0.000000,0.000000,0.000000
1749018130.274293,100.471470,101.000000,90.000000,0.000000,0.000000,0.000000,0.000000,0.000000,0.000000,0.000000,0.000000
1749018130.304988,101.088512,101.000000,90.000000,0.000000,0.000000,0.000000,0.000000,0.000000,0.000000,0.000000,0.000000
1749018130.338577,101.326618,101.000000,90.000000,0.000000,0.000000,0.000000,0.000000,0.000000,0.000000,0.000000,0.000000
1749018130.376856,101.355001,101.000000,90.000000,0.000000,0.000000,0.000000,0.000000,0.000000,0.000000,0.000000,0.000000
1749018130.408583,101.249003,101.000000,90.000000,0.000000,0.000000,0.000000,0.000000,0.000000,0.000000,0.000000,0.000000
1749018130.442117,100.858300,101.000000,90.000000,0.000000,0.000000,0.000000,0.000000,0.000000,0.000000,0.000000,0.000000
1749018130.478859,101.146272,101.000000,90.000000,0.000000,0.000000,0.000000,0.000000,0.000000,0.000000,0.000000,0.000000
1749018130.509966,101.152513,101.000000,90.000000,0.000000,0.000000,0.000000,0.000000,0.000000,0.000000,0.000000,0.000000
1749018130.541864,100.900359,101.000000,90.000000,0.000000,0.000000,0.000000,0.000000,0.000000,0.000000,0.000000,0.000000
1749018130.572188,100.555182,101.000000,90.000000,0.000000,0.000000,0.000000,0.000000,0.000000,0.000000,0.000000,0.000000
1749018130.607573,100.933488,101.000000,90.000000,0.000000,0.000000,0.000000,0.000000,0.000000,0.000000,0.000000,0.000000
1749018130.637427,101.135304,101.000000,90.000000,0.000000,0.000000,0.000000,0.000000,0.000000,0.000000,0.000000,0.000000
1749018130.676373,101.006067,101.000000,90.000000,0.000000,0.000000,0.000000,0.000000,0.000000,0.000000,0.000000,0.000000
1749018130.708136,101.371013,101.000000,90.000000,0.000000,0.000000,0.000000,0.000000,0.000000,0.000000,0.000000,0.000000
1749018130.735417,101.005494,101.000000,90.000000,0.000000,0.000000,0.000000,0.000000,0.000000,0.000000,0.000000,0.000000
1749018130.770044,101.498996,101.000000,90.000000,0.000000,0.000000,0.000000,0.000000,0.000000,0.000000,0.000000,0.000000
1749018130.802891,101.479235,101.000000,90.000000,0.000000,0.000000,0.000000,0.000000,0.000000,0.000000,0.000000,0.000000
1749018130.837928,101.537423,101.000000,90.000000,0.000000,0.000000,0.000000,0.000000,0.000000,0.000000,0.000000,0.000000
1749018130.876189,101.065532,101.000000,90.000000,0.000000,0.000000,0.000000,0.000000,0.000000,0.000000,0.000000,0.000000
1749018130.908628,100.756094,101.000000,90.000000,0.000000,0.000000,0.000000,0.000000,0.000000,0.000000,0.000000,0.000000
1749018130.940770,101.030016,101.000000,90.000000,0.000000,0.000000,0.000000,0.000000,0.000000,0.000000,0.000000,0.000000
1749018130.993862,100.893801,101.000000,90.000000,0.000000,0.000000,0.000000,0.000000,0.000000,0.000000,0.000000,0.000000
1749018131.013202,100.616118,110.000000,90.000000,0.000000,0.000000,0.000000,0.000000,0.000000,0.000000,0.000000,0.000000
1749018131.036214,100.336682,110.000000,90.000000,0.000000,0.000000,0.000000,0.000000,0.000000,0.000000,0.000000,0.000000
1749018131.072766,100.482380,110.000000,90.000000,0.000000,0.000000,0.000000,0.000000,0.000000,0.000000,0.000000,0.000000
1749018131.102298,100.907538,110.000000,120.000000,0.000000,0.000000,0.000000,0.000000,0.000000,0.000000,0.000000,0.000000
1749018131.134521,100.562928,110.000000,90.000000,0.000000,0.000000,0.000000,0.000000,0.000000,0.000000,0.000000,0.000000
1749018131.174785,101.179420,110.000000,90.000000,0.000000,0.000000,0.000000,0.000000,0.000000,0.000000,0.000000,0.000000
1749018131.207014,101.345686,110.000000,90.000000,0.000000,0.000000,0.000000,0.000000,0.000000,0.000000,0.000000,0.000000
1749018131.238806,101.500077,110.000000,120.000000,0.000000,0.000000,0.000000,0.000000,0.000000,0.000000,0.000000,0.000000
1749018131.275097,101.429120,110.000000,90.000000,80.000000,80.000000,80.000000,80.000000,0.000000,0.000000,0.000000,0.000000
1749018131.306839,101.442424,110.000000,90.000000,80.000000,80.000000,80.000000,80.000000,0.000000,0.000000,0.000000,0.000000
1749018131.339340,101.003550,110.000000,90.000000,80.000000,80.000000,80.000000,80.000000,0.000000,0.000000,0.000000,0.000000
1749018131.376194,100.946053,110.000000,90.000000,80.000000,80.000000,80.000000,80.000000,0.000000,0.000000,0.000000,0.000000
1749018131.406308,101.209369,110.000000,90.000000,80.000000,80.000000,80.000000,80.000000,0.000000,0.000000,0.000000,0.000000
1749018131.434970,101.339988,110.000000,90.000000,80.000000,80.000000,80.000000,80.000000,0.000000,0.000000,0.000000,0.000000
1749018131.471048,101.099169,110.000000,90.000000,80.000000,80.000000,80.000000,80.000000,0.000000,0.000000,0.000000,0.000000
1749018131.504829,101.385561,110.000000,90.000000,80.000000,80.000000,80.000000,80.000000,0.000000,0.000000,0.000000,0.000000
1749018131.537940,101.520081,110.000000,90.000000,80.000000,80.000000,80.000000,80.000000,0.000000,0.000000,0.000000,0.000000
1749018131.575453,101.341230,110.000000,90.000000,80.000000,80.000000,80.000000,80.000000,0.000000,0.000000,0.000000,0.000000
1749018131.607532,100.580617,110.000000,90.000000,80.000000,80.000000,80.000000,80.000000,0.000000,0.000000,0.000000,0.000000
1749018131.637947,99.169122,110.000000,90.000000,80.000000,80.000000,80.000000,80.000000,0.000000,0.000000,0.000000,0.000000
1749018131.675437,99.094959,110.000000,90.000000,80.000000,80.000000,80.000000,80.000000,0.000000,0.000000,0.000000,0.000000
1749018131.707326,98.338689,110.000000,90.000000,80.000000,80.000000,80.000000,80.000000,0.000000,0.000000,0.000000,0.000000
1749018131.744189,96.920499,110.000000,90.000000,80.000000,80.000000,80.000000,80.000000,0.000000,0.000000,0.000000,0.000000
1749018131.771248,96.101590,110.000000,90.000000,80.000000,80.000000,80.000000,80.000000,0.000000,0.000000,0.000000,0.000000
1749018131.803190,95.795703,110.000000,90.000000,80.000000,80.000000,80.000000,80.000000,0.000000,0.000000,0.000000,0.000000
1749018131.836369,95.670848,110.000000,90.000000,80.000000,80.000000,80.000000,80.000000,0.000000,0.000000,0.000000,0.000000
1749018131.872731,94.978387,110.000000,90.000000,80.000000,80.000000,80.000000,80.000000,0.000000,0.000000,0.000000,0.000000
1749018131.904397,94.710437,110.000000,90.000000,80.000000,80.000000,80.000000,80.000000,0.000000,0.000000,0.000000,0.000000
1749018131.936943,94.375921,110.000000,90.000000,80.000000,80.000000,80.000000,80.000000,0.000000,0.000000,0.000000,0.000000
1749018131.972644,94.849418,110.000000,90.000000,80.000000,80.000000,80.000000,80.000000,0.000000,0.000000,0.000000,0.000000
1749018132.003645,94.696668,110.000000,90.000000,80.000000,80.000000,80.000000,80.000000,0.000000,0.000000,0.000000,0.000000
1749018132.035911,94.355178,110.000000,90.000000,80.000000,80.000000,80.000000,80.000000,0.000000,0.000000,0.000000,0.000000
1749018132.072944,92.976015,110.000000,90.000000,80.000000,80.000000,80.000000,80.000000,0.000000,0.000000,0.000000,0.000000
1749018132.104537,91.752434,110.000000,90.000000,80.000000,80.000000,80.000000,80.000000,0.000000,0.000000,0.000000,0.000000
1749018132.135033,91.785039,110.000000,90.000000,80.000000,80.000000,80.000000,80.000000,0.000000,0.000000,0.000000,0.000000
1749018132.171734,90.862143,110.000000,90.000000,80.000000,80.000000,80.000000,80.000000,0.000000,0.000000,0.000000,0.000000
1749018132.204611,90.168639,110.000000,90.000000,80.000000,80.000000,80.000000,80.000000,0.000000,0.000000,0.000000,0.000000
1749018132.239618,90.084814,110.000000,90.000000,80.000000,80.000000,80.000000,80.000000,0.000000,0.000000,0.000000,0.000000
1749018132.275654,90.270914,110.000000,90.000000,80.000000,80.000000,80.000000,80.000000,0.000000,0.000000,0.000000,0.000000
1749018132.307276,89.824725,110.000000,90.000000,80.000000,80.000000,80.000000,80.000000,0.000000,0.000000,0.000000,0.000000
1749018132.339802,89.414650,110.000000,90.000000,80.000000,80.000000,80.000000,80.000000,0.000000,0.000000,0.000000,0.000000
1749018132.374826,90.309473,110.000000,90.000000,80.000000,80.000000,80.000000,80.000000,0.000000,0.000000,0.000000,0.000000
1749018132.407574,90.043267,110.000000,90.000000,80.000000,80.000000,80.000000,80.000000,0.000000,0.000000,0.000000,0.000000
1749018132.437407,91.284232,110.000000,90.000000,80.000000,80.000000,80.000000,80.000000,0.000000,0.000000,0.000000,0.000000
1749018132.472545,92.827405,110.000000,90.000000,80.000000,80.000000,80.000000,80.000000,0.000000,0.000000,0.000000,0.000000
1749018132.504417,94.077126,110.000000,90.000000,80.000000,80.000000,80.000000,80.000000,0.000000,0.000000,0.000000,0.000000
1749018132.538486,93.818665,110.000000,90.000000,80.000000,80.000000,80.000000,80.000000,0.000000,0.000000,0.000000,0.000000
1749018132.575711,93.748911,110.000000,90.000000,80.000000,80.000000,80.000000,80.000000,0.000000,0.000000,0.000000,0.000000
1749018132.607579,93.835699,110.000000,90.000000,80.000000,80.000000,80.000000,80.000000,0.000000,0.000000,0.000000,0.000000
1749018132.642001,95.006853,110.000000,90.000000,80.000000,80.000000,80.000000,80.000000,0.000000,0.000000,0.000000,0.000000
1749018132.678087,95.337751,110.000000,90.000000,80.000000,80.000000,80.000000,80.000000,0.000000,0.000000,0.000000,0.000000
1749018132.708873,95.535803,110.000000,90.000000,80.000000,80.000000,80.000000,80.000000,0.000000,0.000000,0.000000,0.000000
1749018132.738097,95.972813,110.000000,90.000000,80.000000,80.000000,80.000000,80.000000,0.000000,0.000000,0.000000,0.000000
1749018132.774726,96.343559,110.000000,90.000000,80.000000,80.000000,80.000000,80.000000,0.000000,0.000000,0.000000,0.000000
1749018132.805927,97.897102,110.000000,90.000000,80.000000,80.000000,80.000000,80.000000,0.000000,0.000000,0.000000,0.000000
1749018132.837963,98.643239,110.000000,90.000000,80.000000,80.000000,80.000000,80.000000,0.000000,0.000000,0.000000,0.000000
1749018132.873526,99.470840,110.000000,90.000000,80.000000,80.000000,80.000000,80.000000,0.000000,0.000000,0.000000,0.000000
1749018132.909109,100.386544,110.000000,90.000000,80.000000,80.000000,80.000000,80.000000,0.000000,0.000000,0.000000,0.000000
1749018132.943307,100.589415,110.000000,90.000000,80.000000,80.000000,80.000000,80.000000,0.000000,0.000000,0.000000,0.000000
1749018132.972820,101.548217,110.000000,90.000000,80.000000,80.000000,80.000000,80.000000,0.000000,0.000000,0.000000,0.000000
1749018133.002400,102.133896,110.000000,90.000000,80.000000,80.000000,80.000000,80.000000,0.000000,0.000000,0.000000,0.000000
1749018133.034711,102.141670,110.000000,90.000000,80.000000,80.000000,80.000000,80.000000,0.000000,0.000000,0.000000,0.000000
1749018133.072529,103.269493,110.000000,90.000000,80.000000,80.000000,80.000000,80.000000,0.000000,0.000000,0.000000,0.000000
1749018133.102818,104.420610,110.000000,90.000000,80.000000,80.000000,80.000000,80.000000,0.000000,0.000000,0.000000,0.000000
1749018133.136070,104.334891,110.000000,90.000000,80.000000,80.000000,80.000000,80.000000,0.000000,0.000000,0.000000,0.000000
1749018133.173753,104.882231,110.000000,90.000000,80.000000,80.000000,80.000000,80.000000,0.000000,0.000000,0.000000,0.000000
1749018133.204702,105.962421,110.000000,90.000000,80.000000,80.000000,80.000000,80.000000,0.000000,0.000000,0.000000,0.000000
1749018133.237767,105.797192,110.000000,90.000000,80.000000,80.000000,80.000000,80.000000,0.000000,0.000000,0.000000,0.000000
1749018133.274755,106.664475,110.000000,90.000000,80.000000,80.000000,80.000000,80.000000,0.000000,0.000000,0.000000,0.000000
1749018133.305643,107.439131,110.000000,90.000000,80.000000,80.000000,80.000000,80.000000,0.000000,0.000000,0.000000,0.000000
1749018133.338407,107.671321,110.000000,90.000000,0.000000,0.000000,0.000000,0.000000,0.000000,0.000000,0.000000,0.000000
1749018133.371515,108.319727,110.000000,90.000000,0.000000,0.000000,0.000000,0.000000,0.000000,0.000000,0.000000,0.000000
1749018133.403784,109.089521,110.000000,90.000000,0.000000,0.000000,0.000000,0.000000,0.000000,0.000000,0.000000,0.000000
1749018133.437253,109.087494,110.000000,90.000000,0.000000,0.000000,0.000000,0.000000,0.000000,0.000000,0.000000,0.000000
1749018133.474777,109.268248,110.000000,90.000000,0.000000,0.000000,0.000000,0.000000,0.000000,0.000000,0.000000,0.000000
1749018133.507170,109.530838,110.000000,90.000000,0.000000,0.000000,0.000000,0.000000,0.000000,0.000000,0.000000,0.000000
1749018133.540247,110.444924,110.000000,90.000000,0.000000,0.000000,0.000000,0.000000,0.000000,0.000000,0.000000,0.000000
1749018133.572570,110.446632,110.000000,90.000000,0.000000,0.000000,0.000000,0.000000,0.000000,0.000000,0.000000,0.000000
1749018133.604645,110.339333,110.000000,90.000000,0.000000,0.000000,0.000000,0.000000,0.000000,0.000000,0.000000,0.000000
1749018133.637113,111.428680,110.000000,90.000000,0.000000,0.000000,0.000000,0.000000,0.000000,0.000000,0.000000,0.000000
1749018133.670555,111.832833,110.000000,90.000000,0.000000,0.000000,0.000000,0.000000,0.000000,0.000000,0.000000,0.000000
1749018133.704685,111.567094,110.000000,90.000000,0.000000,0.000000,0.000000,0.000000,0.000000,0.000000,0.000000,0.000000
1749018133.740088,111.679814,110.000000,90.000000,0.000000,0.000000,0.000000,0.000000,0.000000,0.000000,0.000000,0.000000
1749018133.772421,112.132723,110.000000,90.000000,0.000000,0.000000,0.000000,0.000000,0.000000,0.000000,0.000000,0.000000
1749018133.803965,111.856630,110.000000,90.000000,0.000000,0.000000,0.000000,0.000000,0.000000,0.000000,0.000000,0.000000
1749018133.836813,112.538505,110.000000,90.000000,0.000000,0.000000,0.000000,0.000000,120.000000,120.000000,120.000000,120.000000
1749018133.872839,112.707727,110.000000,90.000000,0.000000,0.000000,0.000000,0.000000,120.000000,120.000000,120.000000,120.000000
1749018133.904510,112.353666,110.000000,90.000000,0.000000,0.000000,0.000000,0.000000,0.000000,0.000000,0.000000,0.000000
1749018133.938844,112.463747,110.000000,90.000000,0.000000,0.000000,0.000000,0.000000,0.000000,0.000000,0.000000,0.000000
1749018133.970739,112.708934,110.000000,90.000000,0.000000,0.000000,0.000000,0.000000,120.000000,120.000000,120.000000,120.000000
1749018134.008394,112.806070,110.000000,90.000000,0.000000,0.000000,0.000000,0.000000,120.000000,120.000000,120.000000,120.000000
1749018134.035954,112.908276,110.000000,90.000000,0.000000,0.000000,0.000000,0.000000,120.000000,120.000000,120.000000,120.000000
1749018134.070706,112.428262,110.000000,90.000000,0.000000,0.000000,0.000000,0.000000,0.000000,0.000000,0.000000,0.000000
1749018134.102129,112.871266,110.000000,90.000000,0.000000,0.000000,0.000000,0.000000,120.000000,120.000000,120.000000,120.000000
1749018134.136066,113.316001,110.000000,90.000000,0.000000,0.000000,0.000000,0.000000,120.000000,120.000000,120.000000,120.000000
1749018134.174137,113.405714,110.000000,90.000000,0.000000,0.000000,0.000000,0.000000,120.000000,120.000000,120.000000,120.000000
1749018134.206498,113.054148,110.000000,90.000000,0.000000,0.000000,0.000000,0.000000,120.000000,120.000000,120.000000,120.000000
1749018134.238381,113.303162,110.000000,90.000000,0.000000,0.000000,0.000000,0.000000,120.000000,120.000000,120.000000,120.000000
1749018134.275312,113.075292,110.000000,90.000000,0.000000,0.000000,0.000000,0.000000,120.000000,120.000000,120.000000,120.000000
1749018134.308472,113.286569,110.000000,90.000000,0.000000,0.000000,0.000000,0.000000,120.000000,120.000000,120.000000,120.000000
1749018134.341794,112.450139,110.000000,90.000000,0.000000,0.000000,0.000000,0.000000,0.000000,0.000000,0.000000,0.000000
1749018134.371879,112.536540,110.000000,90.000000,0.000000,0.000000,0.000000,0.000000,120.000000,120.000000,120.000000,120.000000
1749018134.402577,112.925083,110.000000,90.000000,0.000000,0.000000,0.000000,0.000000,120.000000,120.000000,120.000000,120.000000
1749018134.435583,112.422617,110.000000,90.000000,0.000000,0.000000,0.000000,0.000000,0.000000,0.000000,0.000000,0.000000
1749018134.473682,112.365573,110.000000,90.000000,0.000000,0.000000,0.000000,0.000000,0.000000,0.000000,0.000000,0.000000
1749018134.508900,112.774759,110.000000,90.000000,0.000000,0.000000,0.000000,0.000000,120.000000,120.000000,120.000000,120.000000
1749018134.541795,112.947903,110.000000,90.000000,0.000000,0.000000,0.000000,0.000000,120.000000,120.000000,120.000000,120.000000
1749018134.575102,113.254229,110.000000,90.000000,0.000000,0.000000,0.000000,0.000000,120.000000,120.000000,120.000000,120.000000
1749018134.607234,113.247058,110.000000,90.000000,0.000000,0.000000,0.000000,0.000000,120.000000,120.000000,120.000000,120.000000
1749018134.641016,112.826850,110.000000,90.000000,0.000000,0.000000,0.000000,0.000000,120.000000,120.000000,120.000000,120.000000
1749018134.676824,113.192393,110.000000,90.000000,0.000000,0.000000,0.000000,0.000000,120.000000,120.000000,120.000000,120.000000
1749018134.707936,113.452238,110.000000,90.000000,0.000000,0.000000,0.000000,0.000000,120.000000,120.000000,120.000000,120.000000
1749018134.735413,112.594796,110.000000,90.000000,0.000000,0.000000,0.000000,0.000000,120.000000,120.000000,120.000000,120.000000
1749018134.774081,112.016197,110.000000,90.000000,0.000000,0.000000,0.000000,0.000000,0.000000,0.000000,0.000000,0.000000
1749018134.809555,111.335125,110.000000,90.000000,0.000000,0.000000,0.000000,0.000000,0.000000,0.000000,0.000000,0.000000
1749018134.841660,111.273052,110.000000,90.000000,0.000000,0.000000,0.000000,0.000000,0.000000,0.000000,0.000000,0.000000
1749018134.878561,111.250432,110.000000,90.000000,0.000000,0.000000,0.000000,0.000000,0.000000,0.000000,0.000000,0.000000
1749018134.908806,110.832297,110.000000,90.000000,0.000000,0.000000,0.000000,0.000000,0.000000,0.000000,0.000000,0.000000
1749018134.936347,110.799760,110.000000,90.000000,0.000000,0.000000,0.000000,0.000000,0.000000,0.000000,0.000000,0.000000
1749018134.973556,111.000323,110.000000,90.000000,0.000000,0.000000,0.000000,0.000000,0.000000,0.000000,0.000000,0.000000
1749018135.005049,110.785461,110.000000,90.000000,0.000000,0.000000,0.000000,0.000000,0.000000,0.000000,0.000000,0.000000
1749018135.038171,110.499133,110.000000,90.000000,0.000000,0.000000,0.000000,0.000000,0.000000,0.000000,0.000000,0.000000
1749018135.077846,110.399123,110.000000,90.000000,0.000000,0.000000,0.000000,0.000000,0.000000,0.000000,0.000000,0.000000
1749018135.109607,110.057719,110.000000,90.000000,0.000000,0.000000,0.000000,0.000000,0.000000,0.000000,0.000000,0.000000
1749018135.143133,110.417520,110.000000,90.000000,0.000000,0.000000,0.000000,0.000000,0.000000,0.000000,0.000000,0.000000
1749018135.178995,110.551037,110.000000,90.000000,0.000000,0.000000,0.000000,0.000000,0.000000,0.000000,0.000000,0.000000
1749018135.208233,109.814454,110.000000,90.000000,0.000000,0.000000,0.000000,0.000000,0.000000,0.000000,0.000000,0.000000
1749018135.236112,109.681001,110.000000,90.000000,0.000000,0.000000,0.000000,0.000000,0.000000,0.000000,0.000000,0.000000
1749018135.270083,109.861171,110.000000,90.000000,0.000000,0.000000,0.000000,0.000000,0.000000,0.000000,0.000000,0.000000
1749018135.302359,110.226132,110.000000,90.000000,0.000000,0.000000,0.000000,0.000000,0.000000,0.000000,0.000000,0.000000
1749018135.334533,109.724275,110.000000,90.000000,0.000000,0.000000,0.000000,0.000000,0.000000,0.000000,0.000000,0.000000
1749018135.372416,108.985562,110.000000,90.000000,0.000000,0.000000,0.000000,0.000000,0.000000,0.000000,0.000000,0.000000
1749018135.405012,109.365534,110.000000,90.000000,0.000000,0.000000,0.000000,0.000000,0.000000,0.000000,0.000000,0.000000
1749018135.437664,109.408586,99.000000,90.000000,0.000000,0.000000,0.000000,0.000000,0.000000,0.000000,0.000000,0.000000
1749018135.470302,108.905975,99.000000,90.000000,0.000000,0.000000,0.000000,0.000000,0.000000,0.000000,0.000000,0.000000
1749018135.506418,109.041985,99.000000,90.000000,0.000000,0.000000,0.000000,0.000000,0.000000,0.000000,0.000000,0.000000
1749018135.541560,108.361478,99.000000,120.000000,0.000000,0.000000,0.000000,0.000000,0.000000,0.000000,0.000000,0.000000
1749018135.574144,108.498813,99.000000,90.000000,0.000000,0.000000,0.000000,0.000000,0.000000,0.000000,0.000000,0.000000
1749018135.605246,108.610397,99.000000,90.000000,0.000000,0.000000,0.000000,0.000000,0.000000,0.000000,0.000000,0.000000
1749018135.634348,108.900494,99.000000,90.000000,0.000000,0.000000,0.000000,0.000000,0.000000,0.000000,0.000000,0.000000
1749018135.670809,108.576867,99.000000,120.000000,0.000000,0.000000,0.000000,0.000000,0.000000,0.000000,0.000000,0.000000
1749018135.703928,108.620783,99.000000,90.000000,0.000000,0.000000,0.000000,0.000000,120.000000,120.000000,120.000000,120.000000
1749018135.737247,108.249313,99.000000,90.000000,0.000000,0.000000,0.000000,0.000000,120.000000,120.000000,120.000000,120.000000
1749018135.774892,108.306817,99.000000,90.000000,0.000000,0.000000,0.000000,0.000000,120.000000,120.000000,120.000000,120.000000
1749018135.807659,108.260915,99.000000,90.000000,0.000000,0.000000,0.000000,0.000000,120.000000,120.000000,120.000000,120.000000
1749018135.839440,108.281127,99.000000,90.000000,0.000000,0.000000,0.000000,0.000000,120.000000,120.000000,120.000000,120.000000
1749018135.875368,108.441200,99.000000,90.000000,0.000000,0.000000,0.000000,0.000000,120.000000,120.000000,120.000000,120.000000
1749018135.909226,108.247418,99.000000,90.000000,0.000000,0.000000,0.000000,0.000000,120.000000,120.000000,120.000000,120.000000
1749018135.941479,108.261362,99.000000,90.000000,0.000000,0.000000,0.000000,0.000000,120.000000,120.000000,120.000000,120.000000
1749018135.970693,108.327818,99.000000,90.000000,0.000000,0.000000,0.000000,0.000000,120.000000,120.000000,120.000000,120.000000
1749018136.004018,107.972355,99.000000,90.000000,0.000000,0.000000,0.000000,0.000000,120.000000,120.000000,120.000000,120.000000
1749018136.035890,108.252768,99.000000,90.000000,0.000000,0.000000,0.000000,0.000000,120.000000,120.000000,120.000000,120.000000
1749018136.074041,107.840446,99.000000,90.000000,0.000000,0.000000,0.000000,0.000000,120.000000,120.000000,120.000000,120.000000
1749018136.104872,107.984877,99.000000,90.000000,0.000000,0.000000,0.000000,0.000000,120.000000,120.000000,120.000000,120.000000
1749018136.140054,106.518953,99.000000,90.000000,0.000000,0.000000,0.000000,0.000000,120.000000,120.000000,120.000000,120.000000
1749018136.175987,104.343053,99.000000,90.000000,0.000000,0.000000,0.000000,0.000000,120.000000,120.000000,120.000000,120.000000
1749018136.207951,102.833036,99.000000,90.000000,0.000000,0.000000,0.000000,0.000000,120.000000,120.000000,120.000000,120.000000
1749018136.238601,102.215802,99.000000,90.000000,0.000000,0.000000,0.000000,0.000000,120.000000,120.000000,120.000000,120.000000
1749018136.277562,101.672011,99.000000,90.000000,0.000000,0.000000,0.000000,0.000000,120.000000,120.000000,120.000000,120.000000
1749018136.303646,101.002652,99.000000,90.000000,0.000000,0.000000,0.000000,0.000000,0.000000,0.000000,0.000000,0.000000
1749018136.334635,100.296099,99.000000,90.000000,0.000000,0.000000,0.000000,0.000000,0.000000,0.000000,0.000000,0.000000
1749018136.374010,100.542685,99.000000,90.000000,0.000000,0.000000,0.000000,0.000000,0.000000,0.000000,0.000000,0.000000
1749018136.409572,100.281555,99.000000,90.000000,0.000000,0.000000,0.000000,0.000000,0.000000,0.000000,0.000000,0.000000
1749018136.440002,99.248786,99.000000,90.000000,0.000000,0.000000,0.000000,0.000000,0.000000,0.000000,0.000000,0.000000
1749018136.475718,98.369483,99.000000,90.000000,0.000000,0.000000,0.000000,0.000000,0.000000,0.000000,0.000000,0.000000
1749018136.507458,98.319188,99.000000,90.000000,0.000000,0.000000,0.000000,0.000000,0.000000,0.000000,0.000000,0.000000
1749018136.539922,97.340702,99.000000,90.000000,0.000000,0.000000,0.000000,0.000000,0.000000,0.000000,0.000000,0.000000
1749018136.574736,96.765184,99.000000,90.000000,0.000000,0.000000,0.000000,0.000000,0.000000,0.000000,0.000000,0.000000
1749018136.606742,95.812481,99.000000,90.000000,80.000000,80.000000,80.000000,80.000000,0.000000,0.000000,0.000000,0.000000
1749018136.639637,94.304609,99.000000,90.000000,80.000000,80.000000,80.000000,80.000000,0.000000,0.000000,0.000000,0.000000
1749018136.673008,93.319613,99.000000,90.000000,80.000000,80.000000,80.000000,80.000000,0.000000,0.000000,0.000000,0.000000
1749018136.704625,92.933468,99.000000,90.000000,80.000000,80.000000,80.000000,80.000000,0.000000,0.000000,0.000000,0.000000
1749018136.738039,92.739867,99.000000,90.000000,80.000000,80.000000,80.000000,80.000000,0.000000,0.000000,0.000000,0.000000
1749018136.772522,92.487814,99.000000,90.000000,80.000000,80.000000,80.000000,80.000000,0.000000,0.000000,0.000000,0.000000
1749018136.805234,91.955432,99.000000,90.000000,80.000000,80.000000,80.000000,80.000000,0.000000,0.000000,0.000000,0.000000
1749018136.837628,92.060549,99.000000,90.000000,80.000000,80.000000,80.000000,80.000000,0.000000,0.000000,0.000000,0.000000
1749018136.875811,91.439867,99.000000,90.000000,80.000000,80.000000,80.000000,80.000000,0.000000,0.000000,0.000000,0.000000
1749018136.906067,91.122136,99.000000,90.000000,80.000000,80.000000,80.000000,80.000000,0.000000,0.000000,0.000000,0.000000
1749018136.939248,90.968754,99.000000,90.000000,80.000000,80.000000,80.000000,80.000000,0.000000,0.000000,0.000000,0.000000
1749018136.975623,91.740899,99.000000,90.000000,80.000000,80.000000,80.000000,80.000000,0.000000,0.000000,0.000000,0.000000
1749018137.005974,91.121623,99.000000,90.000000,80.000000,80.000000,80.000000,80.000000,0.000000,0.000000,0.000000,0.000000
1749018137.038769,90.744705,99.000000,90.000000,80.000000,80.000000,80.000000,80.000000,0.000000,0.000000,0.000000,0.000000
1749018137.075391,90.590549,99.000000,90.000000,80.000000,80.000000,80.000000,80.000000,0.000000,0.000000,0.000000,0.000000
1749018137.107571,90.726802,99.000000,90.000000,80.000000,80.000000,80.000000,80.000000,0.000000,0.000000,0.000000,0.000000
1749018137.139836,90.459330,99.000000,90.000000,80.000000,80.000000,80.000000,80.000000,0.000000,0.000000,0.000000,0.000000
1749018137.175345,90.921108,99.000000,90.000000,80.000000,80.000000,80.000000,80.000000,0.000000,0.000000,0.000000,0.000000
1749018137.208079,90.944032,99.000000,90.000000,80.000000,80.000000,80.000000,80.000000,0.000000,0.000000,0.000000,0.000000
1749018137.240001,91.013318,99.000000,90.000000,80.000000,80.000000,80.000000,80.000000,0.000000,0.000000,0.000000,0.000000
1749018137.275486,91.729797,99.000000,90.000000,80.000000,80.000000,80.000000,80.000000,0.000000,0.000000,0.000000,0.000000
1749018137.306984,91.454496,99.000000,90.000000,80.000000,80.000000,80.000000,80.000000,0.000000,0.000000,0.000000,0.000000
1749018137.338653,91.475595,99.000000,90.000000,80.000000,80.000000,80.000000,80.000000,0.000000,0.000000,0.000000,0.000000
1749018137.375067,91.490601,99.000000,90.000000,80.000000,80.000000,80.000000,80.000000,0.000000,0.000000,0.000000,0.000000
1749018137.405973,91.677614,99.000000,90.000000,80.000000,80.000000,80.000000,80.000000,0.000000,0.000000,0.000000,0.000000
1749018137.437972,93.004292,99.000000,90.000000,80.000000,80.000000,80.000000,80.000000,0.000000,0.000000,0.000000,0.000000
1749018137.473981,92.902090,99.000000,90.000000,80.000000,80.000000,80.000000,80.000000,0.000000,0.000000,0.000000,0.000000
1749018137.507020,93.637738,99.000000,90.000000,80.000000,80.000000,80.000000,80.000000,0.000000,0.000000,0.000000,0.000000
1749018137.539073,94.006465,99.000000,90.000000,80.000000,80.000000,80.000000,80.000000,0.000000,0.000000,0.000000,0.000000
1749018137.570660,93.442626,99.000000,90.000000,80.000000,80.000000,80.000000,80.000000,0.000000,0.000000,0.000000,0.000000
1749018137.603433,93.798914,99.000000,90.000000,80.000000,80.000000,80.000000,80.000000,0.000000,0.000000,0.000000,0.000000
1749018137.635290,94.800544,99.000000,90.000000,80.000000,80.000000,80.000000,80.000000,0.000000,0.000000,0.000000,0.000000
1749018137.675990,94.691265,99.000000,90.000000,80.000000,80.000000,80.000000,80.000000,0.000000,0.000000,0.000000,0.000000
1749018137.707895,94.274398,99.000000,90.000000,80.000000,80.000000,80.000000,80.000000,0.000000,0.000000,0.000000,0.000000
1749018137.742739,95.696469,99.000000,90.000000,80.000000,80.000000,80.000000,80.000000,0.000000,0.000000,0.000000,0.000000
1749018137.775421,95.190474,99.000000,90.000000,80.000000,80.000000,80.000000,80.000000,0.000000,0.000000,0.000000,0.000000
1749018137.807664,95.341455,99.000000,90.000000,80.000000,80.000000,80.000000,80.000000,0.000000,0.000000,0.000000,0.000000
1749018137.839850,95.949186,99.000000,90.000000,80.000000,80.000000,80.000000,80.000000,0.000000,0.000000,0.000000,0.000000
1749018137.877274,95.810588,99.000000,90.000000,80.000000,80.000000,80.000000,80.000000,0.000000,0.000000,0.000000,0.000000
1749018137.905966,96.791828,99.000000,90.000000,0.000000,0.000000,0.000000,0.000000,0.000000,0.000000,0.000000,0.000000
1749018137.937766,96.343850,99.000000,90.000000,80.000000,80.000000,80.000000,80.000000,0.000000,0.000000,0.000000,0.000000
1749018137.974401,96.828816,99.000000,90.000000,0.000000,0.000000,0.000000,0.000000,0.000000,0.000000,0.000000,0.000000
1749018138.005450,97.584652,99.000000,90.000000,0.000000,0.000000,0.000000,0.000000,0.000000,0.000000,0.000000,0.000000
1749018138.037393,97.117055,99.000000,90.000000,0.000000,0.000000,0.000000,0.000000,0.000000,0.000000,0.000000,0.000000
1749018138.074798,97.224130,99.000000,90.000000,0.000000,0.000000,0.000000,0.000000,0.000000,0.000000,0.000000,0.000000
1749018138.107324,97.361959,99.000000,90.000000,0.000000,0.000000,0.000000,0.000000,0.000000,0.000000,0.000000,0.000000
1749018138.139242,97.475208,99.000000,90.000000,0.000000,0.000000,0.000000,0.000000,0.000000,0.000000,0.000000,0.000000
1749018138.174616,98.044419,99.000000,90.000000,0.000000,0.000000,0.000000,0.000000,0.000000,0.000000,0.000000,0.000000
1749018138.206186,98.734080,99.000000,90.000000,0.000000,0.000000,0.000000,0.000000,0.000000,0.000000,0.000000,0.000000
1749018138.243940,97.622128,99.000000,90.000000,0.000000,0.000000,0.000000,0.000000,0.000000,0.000000,0.000000,0.000000
1749018138.270688,97.541708,99.000000,90.000000,0.000000,0.000000,0.000000,0.000000,0.000000,0.000000,0.000000,0.000000
1749018138.302198,98.331200,99.000000,90.000000,0.000000,0.000000,0.000000,0.000000,0.000000,0.000000,0.000000,0.000000
1749018138.335273,97.994509,99.000000,90.000000,0.000000,0.000000,0.000000,0.000000,0.000000,0.000000,0.000000,0.000000
1749018138.373363,98.673715,99.000000,90.000000,0.000000,0.000000,0.000000,0.000000,0.000000,0.000000,0.000000,0.000000
1749018138.405272,98.273389,99.000000,90.000000,0.000000,0.000000,0.000000,0.000000,0.000000,0.000000,0.000000,0.000000
1749018138.439018,98.018014,99.000000,90.000000,0.000000,0.000000,0.000000,0.000000,0.000000,0.000000,0.000000,0.000000
1749018138.475991,98.641567,99.000000,90.000000,0.000000,0.000000,0.000000,0.000000,0.000000,0.000000,0.000000,0.000000
1749018138.508967,99.064235,99.000000,90.000000,0.000000,0.000000,0.000000,0.000000,0.000000,0.000000,0.000000,0.000000
1749018138.535802,98.688090,99.000000,90.000000,0.000000,0.000000,0.000000,0.000000,0.000000,0.000000,0.000000,0.000000
1749018138.573893,98.326920,99.000000,90.000000,0.000000,0.000000,0.000000,0.000000,0.000000,0.000000,0.000000,0.000000
1749018138.602983,98.455909,99.000000,90.000000,0.000000,0.000000,0.000000,0.000000,0.000000,0.000000,0.000000,0.000000
1749018138.634832,99.675660,99.000000,90.000000,0.000000,0.000000,0.000000,0.000000,0.000000,0.000000,0.000000,0.000000
1749018138.670985,100.016626,99.000000,90.000000,0.000000,0.000000,0.000000,0.000000,0.000000,0.000000,0.000000,0.000000
1749018138.702715,99.239416,99.000000,90.000000,0.000000,0.000000,0.000000,0.000000,0.000000,0.000000,0.000000,0.000000
1749018138.735685,98.868039,99.000000,90.000000,0.000000,0.000000,0.000000,0.000000,0.000000,0.000000,0.000000,0.000000
1749018138.773609,99.204028,99.000000,90.000000,0.000000,0.000000,0.000000,0.000000,0.000000,0.000000,0.000000,0.000000
1749018138.805272,99.167136,99.000000,90.000000,0.000000,0.000000,0.000000,0.000000,0.000000,0.000000,0.000000,0.000000
1749018138.838459,99.256087,99.000000,90.000000,0.000000,0.000000,0.000000,0.000000,0.000000,0.000000,0.000000,0.000000
1749018138.891972,99.522364,99.000000,90.000000,0.000000,0.000000,0.000000,0.000000,0.000000,0.000000,0.000000,0.000000
1749018138.912340,98.745154,99.000000,90.000000,0.000000,0.000000,0.000000,0.000000,0.000000,0.000000,0.000000,0.000000
1749018138.938504,98.799990,99.000000,90.000000,0.000000,0.000000,0.000000,0.000000,0.000000,0.000000,0.000000,0.000000
1749018138.970298,99.199169,99.000000,90.000000,0.000000,0.000000,0.000000,0.000000,0.000000,0.000000,0.000000,0.000000
1749018139.002777,98.970641,93.000000,90.000000,0.000000,0.000000,0.000000,0.000000,0.000000,0.000000,0.000000,0.000000
1749018139.036285,98.492730,93.000000,90.000000,0.000000,0.000000,0.000000,0.000000,0.000000,0.000000,0.000000,0.000000
1749018139.076509,98.445973,93.000000,90.000000,0.000000,0.000000,0.000000,0.000000,0.000000,0.000000,0.000000,0.000000
1749018139.107889,99.448603,93.000000,120.000000,0.000000,0.000000,0.000000,0.000000,0.000000,0.000000,0.000000,0.000000
1749018139.141500,99.538790,93.000000,90.000000,0.000000,0.000000,0.000000,0.000000,0.000000,0.000000,0.000000,0.000000
1749018139.174405,99.110965,93.000000,90.000000,0.000000,0.000000,0.000000,0.000000,0.000000,0.000000,0.000000,0.000000
1749018139.206236,99.524940,93.000000,90.000000,0.000000,0.000000,0.000000,0.000000,0.000000,0.000000,0.000000,0.000000
1749018139.239149,99.708526,93.000000,120.000000,0.000000,0.000000,0.000000,0.000000,0.000000,0.000000,0.000000,0.000000
1749018139.275220,100.179143,93.000000,90.000000,0.000000,0.000000,0.000000,0.000000,120.000000,120.000000,120.000000,120.000000
1749018139.306782,99.395681,93.000000,90.000000,0.000000,0.000000,0.000000,0.000000,120.000000,120.000000,120.000000,120.000000
1749018139.339079,99.777151,93.000000,90.000000,0.000000,0.000000,0.000000,0.000000,120.000000,120.000000,120.000000,120.000000
1749018139.374995,100.095442,93.000000,90.000000,0.000000,0.000000,0.000000,0.000000,120.000000,120.000000,120.000000,120.000000
1749018139.409078,99.689127,93.000000,90.000000,0.000000,0.000000,0.000000,0.000000,120.000000,120.000000,120.000000,120.000000
1749018139.442055,99.570205,93.000000,90.000000,0.000000,0.000000,0.000000,0.000000,120.000000,120.000000,120.000000,120.000000
1749018139.471430,99.498070,93.000000,90.000000,0.000000,0.000000,0.000000,0.000000,120.000000,120.000000,120.000000,120.000000
1749018139.503715,98.876667,93.000000,90.000000,0.000000,0.000000,0.000000,0.000000,120.000000,120.000000,120.000000,120.000000
1749018139.536575,99.516165,93.000000,90.000000,0.000000,0.000000,0.000000,0.000000,120.000000,120.000000,120.000000,120.000000
1749018139.574649,99.992762,93.000000,90.000000,0.000000,0.000000,0.000000,0.000000,120.000000,120.000000,120.000000,120.000000
1749018139.607498,99.335485,93.000000,90.000000,0.000000,0.000000,0.000000,0.000000,120.000000,120.000000,120.000000,120.000000
1749018139.639429,98.831064,93.000000,90.000000,0.000000,0.000000,0.000000,0.000000,120.000000,120.000000,120.000000,120.000000
1749018139.674708,99.263941,93.000000,90.000000,0.000000,0.000000,0.000000,0.000000,120.000000,120.000000,120.000000,120.000000
1749018139.707475,98.143652,93.000000,90.000000,0.000000,0.000000,0.000000,0.000000,120.000000,120.000000,120.000000,120.000000
1749018139.740633,96.827710,93.000000,90.000000,0.000000,0.000000,0.000000,0.000000,120.000000,120.000000,120.000000,120.000000
1749018139.779555,96.544285,93.000000,90.000000,0.000000,0.000000,0.000000,0.000000,120.000000,120.000000,120.000000,120.000000
1749018139.804712,96.230901,93.000000,90.000000,0.000000,0.000000,0.000000,0.000000,120.000000,120.000000,120.000000,120.000000
1749018139.834955,95.042950,93.000000,90.000000,0.000000,0.000000,0.000000,0.000000,0.000000,0.000000,0.000000,0.000000
1749018139.870435,93.903292,93.000000,90.000000,0.000000,0.000000,0.000000,0.000000,0.000000,0.000000,0.000000,0.000000
1749018139.903992,93.887137,93.000000,90.000000,0.000000,0.000000,0.000000,0.000000,0.000000,0.000000,0.000000,0.000000
1749018139.936909,93.468684,93.000000,90.000000,0.000000,0.000000,0.000000,0.000000,0.000000,0.000000,0.000000,0.000000
1749018139.972086,93.126421,93.000000,90.000000,0.000000,0.000000,0.000000,0.000000,0.000000,0.000000,0.000000,0.000000
1749018140.004487,93.180493,93.000000,90.000000,0.000000,0.000000,0.000000,0.000000,0.000000,0.000000,0.000000,0.000000
1749018140.037015,91.973346,93.000000,90.000000,0.000000,0.000000,0.000000,0.000000,0.000000,0.000000,0.000000,0.000000
1749018140.074260,91.209656,93.000000,90.000000,0.000000,0.000000,0.000000,0.000000,0.000000,0.000000,0.000000,0.000000
1749018140.105984,90.995333,93.000000,90.000000,0.000000,0.000000,0.000000,0.000000,0.000000,0.000000,0.000000,0.000000
1749018140.140727,91.134270,93.000000,90.000000,0.000000,0.000000,0.000000,0.000000,0.000000,0.000000,0.000000,0.000000
1749018140.172152,90.292844,93.000000,90.000000,80.000000,80.000000,80.000000,80.000000,0.000000,0.000000,0.000000,0.000000
1749018140.203031,90.272079,93.000000,90.000000,80.000000,80.000000,80.000000,80.000000,0.000000,0.000000,0.000000,0.000000
1749018140.235705,90.013801,93.000000,90.000000,80.000000,80.000000,80.000000,80.000000,0.000000,0.000000,0.000000,0.000000
1749018140.273920,89.838493,93.000000,90.000000,80.000000,80.000000,80.000000,80.000000,0.000000,0.000000,0.000000,0.000000
1749018140.307145,89.804577,93.000000,90.000000,80.000000,80.000000,80.000000,80.000000,0.000000,0.000000,0.000000,0.000000
1749018140.339567,89.812078,93.000000,90.000000,80.000000,80.000000,80.000000,80.000000,0.000000,0.000000,0.000000,0.000000
1749018140.375124,89.844989,93.000000,90.000000,80.000000,80.000000,80.000000,80.000000,0.000000,0.000000,0.000000,0.000000
1749018140.406725,89.588046,93.000000,90.000000,80.000000,80.000000,80.000000,80.000000,0.000000,0.000000,0.000000,0.000000
1749018140.439076,89.579506,93.000000,90.000000,80.000000,80.000000,80.000000,80.000000,0.000000,0.000000,0.000000,0.000000
1749018140.475893,89.393308,93.000000,90.000000,80.000000,80.000000,80.000000,80.000000,0.000000,0.000000,0.000000,0.000000
1749018140.504792,88.515775,93.000000,90.000000,80.000000,80.000000,80.000000,80.000000,0.000000,0.000000,0.000000,0.000000
1749018140.535367,88.634616,93.000000,90.000000,80.000000,80.000000,80.000000,80.000000,0.000000,0.000000,0.000000,0.000000
1749018140.571009,88.773009,93.000000,90.000000,80.000000,80.000000,80.000000,80.000000,0.000000,0.000000,0.000000,0.000000
1749018140.604994,88.730488,93.000000,90.000000,80.000000,80.000000,80.000000,80.000000,0.000000,0.000000,0.000000,0.000000
1749018140.636932,88.204348,93.000000,90.000000,80.000000,80.000000,80.000000,80.000000,0.000000,0.000000,0.000000,0.000000
1749018140.674301,88.346802,93.000000,90.000000,80.000000,80.000000,80.000000,80.000000,0.000000,0.000000,0.000000,0.000000
1749018140.707826,88.423794,93.000000,90.000000,80.000000,80.000000,80.000000,80.000000,0.000000,0.000000,0.000000,0.000000
1749018140.745936,88.614389,93.000000,90.000000,80.000000,80.000000,80.000000,80.000000,0.000000,0.000000,0.000000,0.000000
1749018140.772292,89.144461,93.000000,90.000000,80.000000,80.000000,80.000000,80.000000,0.000000,0.000000,0.000000,0.000000
1749018140.824505,89.693718,93.000000,90.000000,80.000000,80.000000,80.000000,80.000000,0.000000,0.000000,0.000000,0.000000
1749018140.844063,89.591184,93.000000,90.000000,80.000000,80.000000,80.000000,80.000000,0.000000,0.000000,0.000000,0.000000
1749018140.870441,90.096357,93.000000,90.000000,80.000000,80.000000,80.000000,80.000000,0.000000,0.000000,0.000000,0.000000
1749018140.902313,91.166458,93.000000,90.000000,0.000000,0.000000,0.000000,0.000000,0.000000,0.000000,0.000000,0.000000
1749018140.940816,91.417800,93.000000,90.000000,0.000000,0.000000,0.000000,0.000000,0.000000,0.000000,0.000000,0.000000
1749018140.973681,90.664424,93.000000,90.000000,0.000000,0.000000,0.000000,0.000000,0.000000,0.000000,0.000000,0.000000
1749018141.005578,91.040964,93.000000,90.000000,0.000000,0.000000,0.000000,0.000000,0.000000,0.000000,0.000000,0.000000
1749018141.038360,91.437339,93.000000,90.000000,0.000000,0.000000,0.000000,0.000000,0.000000,0.000000,0.000000,0.000000
1749018141.073416,91.495208,93.000000,90.000000,0.000000,0.000000,0.000000,0.000000,0.000000,0.000000,0.000000,0.000000
1749018141.105773,91.601719,93.000000,90.000000,0.000000,0.000000,0.000000,0.000000,0.000000,0.000000,0.000000,0.000000
1749018141.140908,91.740146,93.000000,90.000000,0.000000,0.000000,0.000000,0.000000,0.000000,0.000000,0.000000,0.000000
1749018141.178329,92.264595,93.000000,90.000000,0.000000,0.000000,0.000000,0.000000,0.000000,0.000000,0.000000,0.000000
1749018141.209913,92.595045,93.000000,90.000000,0.000000,0.000000,0.000000,0.000000,0.000000,0.000000,0.000000,0.000000
1749018141.240038,93.507071,93.000000,90.000000,0.000000,0.000000,0.000000,0.000000,0.000000,0.000000,0.000000,0.000000
1749018141.269878,93.777973,93.000000,90.000000,0.000000,0.000000,0.000000,0.000000,0.000000,0.000000,0.000000,0.000000
1749018141.302754,93.576817,93.000000,90.000000,0.000000,0.000000,0.000000,0.000000,0.000000,0.000000,0.000000,0.000000
1749018141.335919,93.299870,93.000000,90.000000,0.000000,0.000000,0.000000,0.000000,0.000000,0.000000,0.000000,0.000000
1749018141.375114,93.998659,93.000000,90.000000,0.000000,0.000000,0.000000,0.000000,0.000000,0.000000,0.000000,0.000000
1749018141.406759,94.658518,93.000000,90.000000,0.000000,0.000000,0.000000,0.000000,0.000000,0.000000,0.000000,0.000000
1749018141.438213,94.578307,93.000000,90.000000,0.000000,0.000000,0.000000,0.000000,0.000000,0.000000,0.000000,0.000000
1749018141.475700,94.303776,93.000000,90.000000,0.000000,0.000000,0.000000,0.000000,0.000000,0.000000,0.000000,0.000000
1749018141.506966,94.563856,93.000000,90.000000,0.000000,0.000000,0.000000,0.000000,0.000000,0.000000,0.000000,0.000000
1749018141.543031,94.803862,93.000000,90.000000,0.000000,0.000000,0.000000,0.000000,0.000000,0.000000,0.000000,0.000000
1749018141.575392,94.943549,93.000000,90.000000,0.000000,0.000000,0.000000,0.000000,0.000000,0.000000,0.000000,0.000000
1749018141.606992,94.902008,93.000000,90.000000,0.000000,0.000000,0.000000,0.000000,0.000000,0.000000,0.000000,0.000000
1749018141.638967,95.106547,93.000000,90.000000,0.000000,0.000000,0.000000,0.000000,0.000000,0.000000,0.000000,0.000000
1749018141.673965,95.310572,93.000000,90.000000,0.000000,0.000000,0.000000,0.000000,0.000000,0.000000,0.000000,0.000000
1749018141.706726,95.511488,93.000000,90.000000,0.000000,0.000000,0.000000,0.000000,120.000000,120.000000,120.000000,120.000000
1749018141.743545,95.656790,93.000000,90.000000,0.000000,0.000000,0.000000,0.000000,120.000000,120.000000,120.000000,120.000000
1749018141.776071,95.538300,93.000000,90.000000,0.000000,0.000000,0.000000,0.000000,120.000000,120.000000,120.000000,120.000000
1749018141.807470,95.341669,93.000000,90.000000,0.000000,0.000000,0.000000,0.000000,0.000000,0.000000,0.000000,0.000000
1749018141.837944,95.478715,93.000000,90.000000,0.000000,0.000000,0.000000,0.000000,0.000000,0.000000,0.000000,0.000000
1749018141.873051,95.294612,93.000000,90.000000,0.000000,0.000000,0.000000,0.000000,0.000000,0.000000,0.000000,0.000000
1749018141.906767,95.121110,93.000000,90.000000,0.000000,0.000000,0.000000,0.000000,0.000000,0.000000,0.000000,0.000000
1749018141.944657,94.994264,93.000000,90.000000,0.000000,0.000000,0.000000,0.000000,0.000000,0.000000,0.000000,0.000000
1749018141.976657,95.203541,93.000000,90.000000,0.000000,0.000000,0.000000,0.000000,0.000000,0.000000,0.000000,0.000000
1749018142.008800,95.194963,93.000000,90.000000,0.000000,0.000000,0.000000,0.000000,0.000000,0.000000,0.000000,0.000000
1749018142.042398,94.804953,88.000000,90.000000,0.000000,0.000000,0.000000,0.000000,0.000000,0.000000,0.000000,0.000000
1749018142.077482,95.458545,88.000000,90.000000,0.000000,0.000000,0.000000,0.000000,0.000000,0.000000,0.000000,0.000000
1749018142.104090,95.815089,88.000000,90.000000,0.000000,0.000000,0.000000,0.000000,0.000000,0.000000,0.000000,0.000000
1749018142.134905,95.689173,88.000000,120.000000,0.000000,0.000000,0.000000,0.000000,0.000000,0.000000,0.000000,0.000000
1749018142.171864,95.469974,88.000000,90.000000,0.000000,0.000000,0.000000,0.000000,0.000000,0.000000,0.000000,0.000000
1749018142.204957,95.461690,88.000000,90.000000,0.000000,0.000000,0.000000,0.000000,0.000000,0.000000,0.000000,0.000000
1749018142.237753,95.614741,88.000000,90.000000,0.000000,0.000000,0.000000,0.000000,0.000000,0.000000,0.000000,0.000000
1749018142.274946,95.709291,88.000000,120.000000,0.000000,0.000000,0.000000,0.000000,0.000000,0.000000,0.000000,0.000000
1749018142.308425,95.629097,88.000000,90.000000,0.000000,0.000000,0.000000,0.000000,120.000000,120.000000,120.000000,120.000000
1749018142.340830,95.028847,88.000000,90.000000,0.000000,0.000000,0.000000,0.000000,120.000000,120.000000,120.000000,120.000000
1749018142.375541,95.256369,88.000000,90.000000,0.000000,0.000000,0.000000,0.000000,120.000000,120.000000,120.000000,120.000000
1749018142.408312,95.079784,88.000000,90.000000,0.000000,0.000000,0.000000,0.000000,120.000000,120.000000,120.000000,120.000000
1749018142.443034,95.667405,88.000000,90.000000,0.000000,0.000000,0.000000,0.000000,120.000000,120.000000,120.000000,120.000000
1749018142.473379,95.752478,88.000000,90.000000,0.000000,0.000000,0.000000,0.000000,120.000000,120.000000,120.000000,120.000000
1749018142.502847,95.678408,88.000000,90.000000,0.000000,0.000000,0.000000,0.000000,120.000000,120.000000,120.000000,120.000000
1749018142.535711,95.394857,88.000000,90.000000,0.000000,0.000000,0.000000,0.000000,120.000000,120.000000,120.000000,120.000000
1749018142.572658,95.958813,88.000000,90.000000,0.000000,0.000000,0.000000,0.000000,120.000000,120.000000,120.000000,120.000000
1749018142.604907,97.095605,88.000000,90.000000,0.000000,0.000000,0.000000,0.000000,120.000000,120.000000,120.000000,120.000000
1749018142.637881,97.560136,88.000000,90.000000,0.000000,0.000000,0.000000,0.000000,120.000000,120.000000,120.000000,120.000000
1749018142.679415,97.529232,88.000000,90.000000,0.000000,0.000000,0.000000,0.000000,120.000000,120.000000,120.000000,120.000000
1749018142.709466,97.565232,88.000000,90.000000,0.000000,0.000000,0.000000,0.000000,120.000000,120.000000,120.000000,120.000000
1749018142.740945,97.677728,88.000000,90.000000,0.000000,0.000000,0.000000,0.000000,120.000000,120.000000,120.000000,120.000000
1749018142.776535,98.466966,88.000000,90.000000,0.000000,0.000000,0.000000,0.000000,120.000000,120.000000,120.000000,120.000000
1749018142.803777,98.811707,88.000000,90.000000,0.000000,0.000000,0.000000,0.000000,120.000000,120.000000,120.000000,120.000000
1749018142.835246,99.435086,88.000000,90.000000,0.000000,0.000000,0.000000,0.000000,120.000000,120.000000,120.000000,120.000000
1749018142.871125,99.824511,88.000000,90.000000,0.000000,0.000000,0.000000,0.000000,120.000000,120.000000,120.000000,120.000000
1749018142.904574,100.229762,88.000000,90.000000,0.000000,0.000000,0.000000,0.000000,120.000000,120.000000,120.000000,120.000000
1749018142.937881,100.226893,88.000000,90.000000,0.000000,0.000000,0.000000,0.000000,120.000000,120.000000,120.000000,120.000000
1749018142.972656,100.755195,88.000000,90.000000,0.000000,0.000000,0.000000,0.000000,120.000000,120.000000,120.000000,120.000000
1749018143.004905,100.785049,88.000000,90.000000,0.000000,0.000000,0.000000,0.000000,120.000000,120.000000,120.000000,120.000000
1749018143.037274,101.552878,88.000000,90.000000,0.000000,0.000000,0.000000,0.000000,120.000000,120.000000,120.000000,120.000000
1749018143.074293,102.249416,88.000000,90.000000,0.000000,0.000000,0.000000,0.000000,120.000000,120.000000,120.000000,120.000000
1749018143.106621,101.700717,88.000000,90.000000,0.000000,0.000000,0.000000,0.000000,120.000000,120.000000,120.000000,120.000000
1749018143.139049,101.549082,88.000000,90.000000,0.000000,0.000000,0.000000,0.000000,120.000000,120.000000,120.000000,120.000000
1749018143.173263,102.495132,88.000000,90.000000,0.000000,0.000000,0.000000,0.000000,120.000000,120.000000,120.000000,120.000000
1749018143.202361,103.590861,88.000000,90.000000,0.000000,0.000000,0.000000,0.000000,124.000000,124.000000,124.000000,124.000000
1749018143.235052,104.341528,88.000000,90.000000,0.000000,0.000000,0.000000,0.000000,130.000000,130.000000,130.000000,130.000000
1749018143.271331,104.153471,88.000000,90.000000,0.000000,0.000000,0.000000,0.000000,129.000000,129.000000,129.000000,129.000000
1749018143.306380,104.432541,88.000000,90.000000,0.000000,0.000000,0.000000,0.000000,131.000000,131.000000,131.000000,131.000000
1749018143.338595,104.731890,88.000000,90.000000,0.000000,0.000000,0.000000,0.000000,133.000000,133.000000,133.000000,133.000000
1749018143.374000,104.873663,88.000000,90.000000,0.000000,0.000000,0.000000,0.000000,134.000000,134.000000,134.000000,134.000000
1749018143.407960,105.353764,88.000000,90.000000,0.000000,0.000000,0.000000,0.000000,138.000000,138.000000,138.000000,138.000000
1749018143.439036,105.535280,88.000000,90.000000,0.000000,0.000000,0.000000,0.000000,140.000000,140.000000,140.000000,140.000000
1749018143.477218,105.655795,88.000000,90.000000,0.000000,0.000000,0.000000,0.000000,141.000000,141.000000,141.000000,141.000000
1749018143.509157,105.626071,88.000000,90.000000,0.000000,0.000000,0.000000,0.000000,141.000000,141.000000,141.000000,141.000000
1749018143.534772,105.773162,88.000000,90.000000,0.000000,0.000000,0.000000,0.000000,142.000000,142.000000,142.000000,142.000000
1749018143.570350,105.737699,88.000000,90.000000,0.000000,0.000000,0.000000,0.000000,141.000000,141.000000,141.000000,141.000000
1749018143.603800,106.027677,88.000000,90.000000,0.000000,0.000000,0.000000,0.000000,144.000000,144.000000,144.000000,144.000000
1749018143.637139,106.662467,88.000000,90.000000,0.000000,0.000000,0.000000,0.000000,149.000000,149.000000,149.000000,149.000000
1749018143.675710,107.287171,88.000000,90.000000,0.000000,0.000000,0.000000,0.000000,154.000000,154.000000,154.000000,154.000000
1749018143.706319,107.400161,88.000000,90.000000,0.000000,0.000000,0.000000,0.000000,155.000000,155.000000,155.000000,155.000000
1749018143.738430,107.604291,88.000000,90.000000,0.000000,0.000000,0.000000,0.000000,156.000000,156.000000,156.000000,156.000000
1749018143.773977,107.739641,88.000000,90.000000,0.000000,0.000000,0.000000,0.000000,157.000000,157.000000,157.000000,157.000000
1749018143.806543,108.433194,88.000000,90.000000,0.000000,0.000000,0.000000,0.000000,163.000000,163.000000,163.000000,163.000000
1749018143.840188,108.691022,88.000000,90.000000,0.000000,0.000000,0.000000,0.000000,165.000000,165.000000,165.000000,165.000000
1749018143.874789,108.947704,88.000000,90.000000,0.000000,0.000000,0.000000,0.000000,167.000000,167.000000,167.000000,167.000000
1749018143.908888,108.909412,88.000000,90.000000,0.000000,0.000000,0.000000,0.000000,167.000000,167.000000,167.000000,167.000000
1749018143.939613,108.704765,88.000000,90.000000,0.000000,0.000000,0.000000,0.000000,165.000000,165.000000,165.000000,165.000000
1749018143.975546,109.217193,88.000000,90.000000,0.000000,0.000000,0.000000,0.000000,169.000000,169.000000,169.000000,169.000000
1749018144.008052,110.801729,88.000000,90.000000,0.000000,0.000000,0.000000,0.000000,182.000000,182.000000,182.000000,182.000000
1749018144.038846,111.699133,88.000000,90.000000,0.000000,0.000000,0.000000,0.000000,189.000000,189.000000,189.000000,189.000000
1749018144.074814,112.080569,88.000000,90.000000,0.000000,0.000000,0.000000,0.000000,192.000000,192.000000,192.000000,192.000000
1749018144.105838,112.173036,88.000000,90.000000,0.000000,0.000000,0.000000,0.000000,193.000000,193.000000,193.000000,193.000000
1749018144.138559,111.910520,88.000000,90.000000,0.000000,0.000000,0.000000,0.000000,191.000000,191.000000,191.000000,191.000000
1749018144.175681,111.837861,88.000000,90.000000,0.000000,0.000000,0.000000,0.000000,190.000000,190.000000,190.000000,190.000000
1749018144.208131,111.984147,88.000000,90.000000,0.000000,0.000000,0.000000,0.000000,191.000000,191.000000,191.000000,191.000000
1749018144.239829,113.054069,88.000000,90.000000,0.000000,0.000000,0.000000,0.000000,200.000000,200.000000,200.000000,200.000000
1749018144.276904,114.488931,88.000000,90.000000,0.000000,0.000000,0.000000,0.000000,211.000000,211.000000,211.000000,211.000000
1749018144.308259,114.735689,88.000000,90.000000,0.000000,0.000000,0.000000,0.000000,213.000000,213.000000,213.000000,213.000000
1749018144.340594,114.994374,88.000000,90.000000,0.000000,0.000000,0.000000,0.000000,215.000000,215.000000,215.000000,215.000000
1749018144.375024,116.100693,88.000000,90.000000,0.000000,0.000000,0.000000,0.000000,224.000000,224.000000,224.000000,224.000000
1749018144.403355,116.943224,88.000000,90.000000,0.000000,0.000000,0.000000,0.000000,231.000000,231.000000,231.000000,231.000000
1749018144.434545,118.061265,88.000000,90.000000,0.000000,0.000000,0.000000,0.000000,240.000000,240.000000,240.000000,240.000000
1749018144.473802,119.762078,88.000000,90.000000,0.000000,0.000000,0.000000,0.000000,250.000000,250.000000,250.000000,250.000000
1749018144.508549,120.640785,88.000000,90.000000,0.000000,0.000000,0.000000,0.000000,250.000000,250.000000,250.000000,250.000000
1749018144.540498,121.482233,88.000000,90.000000,0.000000,0.000000,0.000000,0.000000,250.000000,250.000000,250.000000,250.000000
1749018144.572268,121.264919,88.000000,90.000000,0.000000,0.000000,0.000000,0.000000,250.000000,250.000000,250.000000,250.000000
1749018144.603990,121.820260,88.000000,90.000000,0.000000,0.000000,0.000000,0.000000,250.000000,250.000000,250.000000,250.000000
1749018144.637333,122.180926,88.000000,90.000000,0.000000,0.000000,0.000000,0.000000,250.000000,250.000000,250.000000,250.000000
1749018144.673020,122.027091,88.000000,90.000000,0.000000,0.000000,0.000000,0.000000,250.000000,250.000000,250.000000,250.000000
1749018144.704656,123.070974,88.000000,90.000000,0.000000,0.000000,0.000000,0.000000,250.000000,250.000000,250.000000,250.000000
1749018144.740777,123.041952,88.000000,90.000000,0.000000,0.000000,0.000000,0.000000,250.000000,250.000000,250.000000,250.000000
1749018144.770163,123.180822,88.000000,90.000000,0.000000,0.000000,0.000000,0.000000,250.000000,250.000000,250.000000,250.000000
1749018144.802876,123.519654,88.000000,90.000000,0.000000,0.000000,0.000000,0.000000,250.000000,250.000000,250.000000,250.000000
1749018144.834440,124.032773,88.000000,90.000000,0.000000,0.000000,0.000000,0.000000,250.000000,250.000000,250.000000,250.000000
1749018144.871812,123.485608,88.000000,90.000000,0.000000,0.000000,0.000000,0.000000,250.000000,250.000000,250.000000,250.000000
1749018144.904387,121.611940,88.000000,90.000000,0.000000,0.000000,0.000000,0.000000,250.000000,250.000000,250.000000,250.000000
1749018144.935889,120.258237,88.000000,90.000000,0.000000,0.000000,0.000000,0.000000,250.000000,250.000000,250.000000,250.000000
1749018144.975976,118.317701,88.000000,90.000000,0.000000,0.000000,0.000000,0.000000,242.000000,242.000000,242.000000,242.000000
1749018145.010551,116.837154,88.000000,90.000000,0.000000,0.000000,0.000000,0.000000,230.000000,230.000000,230.000000,230.000000
1749018145.041464,115.408645,88.000000,90.000000,0.000000,0.000000,0.000000,0.000000,219.000000,219.000000,219.000000,219.000000
1749018145.075719,114.406139,88.000000,90.000000,0.000000,0.000000,0.000000,0.000000,211.000000,211.000000,211.000000,211.000000
1749018145.103205,112.703579,88.000000,90.000000,0.000000,0.000000,0.000000,0.000000,197.000000,197.000000,197.000000,197.000000
1749018145.135508,111.988726,88.000000,90.000000,0.000000,0.000000,0.000000,0.000000,191.000000,191.000000,191.000000,191.000000
1749018145.169801,110.567917,88.000000,90.000000,0.000000,0.000000,0.000000,0.000000,180.000000,180.000000,180.000000,180.000000
1749018145.206205,109.391495,88.000000,90.000000,0.000000,0.000000,0.000000,0.000000,171.000000,171.000000,171.000000,171.000000
1749018145.240861,109.003362,88.000000,90.000000,0.000000,0.000000,0.000000,0.000000,168.000000,168.000000,168.000000,168.000000
1749018145.275546,108.348554,88.000000,90.000000,0.000000,0.000000,0.000000,0.000000,162.000000,162.000000,162.000000,162.000000
1749018145.306961,107.362976,88.000000,90.000000,0.000000,0.000000,0.000000,0.000000,154.000000,154.000000,154.000000,154.000000
1749018145.338718,106.918822,88.000000,90.000000,0.000000,0.000000,0.000000,0.000000,151.000000,151.000000,151.000000,151.000000
1749018145.370769,106.236105,88.000000,90.000000,0.000000,0.000000,0.000000,0.000000,145.000000,145.000000,145.000000,145.000000
1749018145.407584,104.330057,88.000000,90.000000,0.000000,0.000000,0.000000,0.000000,130.000000,130.000000,130.000000,130.000000
1749018145.437603,102.976973,88.000000,90.000000,0.000000,0.000000,0.000000,0.000000,120.000000,120.000000,120.000000,120.000000
1749018145.470682,102.351386,88.000000,90.000000,0.000000,0.000000,0.000000,0.000000,120.000000,120.000000,120.000000,120.000000
1749018145.503866,101.605715,88.000000,90.000000,0.000000,0.000000,0.000000,0.000000,120.000000,120.000000,120.000000,120.000000
1749018145.537643,100.730217,88.000000,90.000000,0.000000,0.000000,0.000000,0.000000,120.000000,120.000000,120.000000,120.000000
1749018145.575634,99.815363,88.000000,90.000000,0.000000,0.000000,0.000000,0.000000,120.000000,120.000000,120.000000,120.000000
1749018145.606719,99.021363,88.000000,90.000000,0.000000,0.000000,0.000000,0.000000,120.000000,120.000000,120.000000,120.000000
1749018145.639998,98.073592,88.000000,90.000000,0.000000,0.000000,0.000000,0.000000,120.000000,120.000000,120.000000,120.000000
1749018145.675342,97.509480,88.000000,90.000000,0.000000,0.000000,0.000000,0.000000,120.000000,120.000000,120.000000,120.000000
1749018145.708040,97.290301,88.000000,90.000000,0.000000,0.000000,0.000000,0.000000,120.000000,120.000000,120.000000,120.000000
1749018145.744515,97.172291,88.000000,90.000000,0.000000,0.000000,0.000000,0.000000,120.000000,120.000000,120.000000,120.000000
1749018145.776664,96.019839,88.000000,90.000000,0.000000,0.000000,0.000000,0.000000,120.000000,120.000000,120.000000,120.000000
1749018145.807461,95.743177,88.000000,90.000000,0.000000,0.000000,0.000000,0.000000,120.000000,120.000000,120.000000,120.000000
1749018145.833845,95.604930,88.000000,90.000000,0.000000,0.000000,0.000000,0.000000,120.000000,120.000000,120.000000,120.000000
1749018145.869844,94.007024,88.000000,90.000000,0.000000,0.000000,0.000000,0.000000,120.000000,120.000000,120.000000,120.000000
1749018145.902830,93.700117,88.000000,90.000000,0.000000,0.000000,0.000000,0.000000,120.000000,120.000000,120.000000,120.000000
1749018145.936891,93.743030,88.000000,90.000000,0.000000,0.000000,0.000000,0.000000,120.000000,120.000000,120.000000,120.000000
1749018145.972703,93.323903,88.000000,90.000000,0.000000,0.000000,0.000000,0.000000,120.000000,120.000000,120.000000,120.000000
1749018146.007066,92.895893,88.000000,90.000000,0.000000,0.000000,0.000000,0.000000,120.000000,120.000000,120.000000,120.000000
1749018146.041656,92.758488,88.000000,90.000000,0.000000,0.000000,0.000000,0.000000,120.000000,120.000000,120.000000,120.000000
1749018146.075669,92.799884,88.000000,90.000000,0.000000,0.000000,0.000000,0.000000,120.000000,120.000000,120.000000,120.000000
1749018146.108092,92.481129,88.000000,90.000000,0.000000,0.000000,0.000000,0.000000,120.000000,120.000000,120.000000,120.000000
1749018146.140789,91.871171,88.000000,90.000000,0.000000,0.000000,0.000000,0.000000,120.000000,120.000000,120.000000,120.000000
1749018146.175231,91.353567,88.000000,90.000000,0.000000,0.000000,0.000000,0.000000,120.000000,120.000000,120.000000,120.000000
1749018146.206511,91.414994,88.000000,90.000000,0.000000,0.000000,0.000000,0.000000,120.000000,120.000000,120.000000,120.000000
1749018146.238387,91.156791,88.000000,90.000000,0.000000,0.000000,0.000000,0.000000,120.000000,120.000000,120.000000,120.000000
1749018146.275003,90.719404,88.000000,90.000000,0.000000,0.000000,0.000000,0.000000,120.000000,120.000000,120.000000,120.000000
1749018146.305997,89.764909,88.000000,90.000000,0.000000,0.000000,0.000000,0.000000,0.000000,0.000000,0.000000,0.000000
1749018146.340620,89.585552,88.000000,90.000000,0.000000,0.000000,0.000000,0.000000,0.000000,0.000000,0.000000,0.000000
1749018146.375567,89.978088,88.000000,90.000000,0.000000,0.000000,0.000000,0.000000,0.000000,0.000000,0.000000,0.000000
1749018146.408143,89.517792,88.000000,90.000000,0.000000,0.000000,0.000000,0.000000,0.000000,0.000000,0.000000,0.000000
1749018146.440142,89.129507,88.000000,90.000000,0.000000,0.000000,0.000000,0.000000,0.000000,0.000000,0.000000,0.000000
1749018146.476302,89.322910,88.000000,90.000000,0.000000,0.000000,0.000000,0.000000,0.000000,0.000000,0.000000,0.000000
1749018146.507492,89.645243,88.000000,90.000000,0.000000,0.000000,0.000000,0.000000,0.000000,0.000000,0.000000,0.000000
1749018146.540316,89.572292,88.000000,90.000000,0.000000,0.000000,0.000000,0.000000,0.000000,0.000000,0.000000,0.000000
1749018146.574973,88.680073,88.000000,90.000000,0.000000,0.000000,0.000000,0.000000,0.000000,0.000000,0.000000,0.000000
1749018146.606559,88.325449,88.000000,90.000000,0.000000,0.000000,0.000000,0.000000,0.000000,0.000000,0.000000,0.000000
1749018146.639337,86.789056,88.000000,90.000000,0.000000,0.000000,0.000000,0.000000,0.000000,0.000000,0.000000,0.000000
1749018146.671997,86.570130,88.000000,90.000000,0.000000,0.000000,0.000000,0.000000,0.000000,0.000000,0.000000,0.000000
1749018146.701870,86.811117,88.000000,90.000000,0.000000,0.000000,0.000000,0.000000,0.000000,0.000000,0.000000,0.000000
1749018146.734314,86.629157,88.000000,90.000000,0.000000,0.000000,0.000000,0.000000,0.000000,0.000000,0.000000,0.000000
1749018146.771941,86.596246,88.000000,90.000000,0.000000,0.000000,0.000000,0.000000,0.000000,0.000000,0.000000,0.000000
1749018146.807443,86.917976,88.000000,90.000000,0.000000,0.000000,0.000000,0.000000,0.000000,0.000000,0.000000,0.000000
1749018146.839495,86.586568,88.000000,90.000000,0.000000,0.000000,0.000000,0.000000,0.000000,0.000000,0.000000,0.000000
1749018146.875637,86.081139,88.000000,90.000000,0.000000,0.000000,0.000000,0.000000,0.000000,0.000000,0.000000,0.000000
1749018146.906765,86.658085,88.000000,90.000000,0.000000,0.000000,0.000000,0.000000,0.000000,0.000000,0.000000,0.000000
1749018146.941427,86.892672,88.000000,90.000000,0.000000,0.000000,0.000000,0.000000,0.000000,0.000000,0.000000,0.000000
1749018146.972369,86.365692,88.000000,90.000000,0.000000,0.000000,0.000000,0.000000,0.000000,0.000000,0.000000,0.000000
1749018147.005969,86.477799,88.000000,90.000000,0.000000,0.000000,0.000000,0.000000,0.000000,0.000000,0.000000,0.000000
1749018147.035015,87.442207,88.000000,90.000000,0.000000,0.000000,0.000000,0.000000,0.000000,0.000000,0.000000,0.000000
1749018147.070447,87.203809,88.000000,90.000000,0.000000,0.000000,0.000000,0.000000,0.000000,0.000000,0.000000,0.000000
1749018147.104523,85.880031,88.000000,90.000000,0.000000,0.000000,0.000000,0.000000,0.000000,0.000000,0.000000,0.000000
1749018147.137811,86.138081,88.000000,90.000000,0.000000,0.000000,0.000000,0.000000,0.000000,0.000000,0.000000,0.000000
1749018147.173661,86.523832,88.000000,90.000000,0.000000,0.000000,0.000000,0.000000,0.000000,0.000000,0.000000,0.000000
1749018147.204747,86.646517,88.000000,90.000000,0.000000,0.000000,0.000000,0.000000,0.000000,0.000000,0.000000,0.000000
1749018147.237062,86.870515,88.000000,90.000000,0.000000,0.000000,0.000000,0.000000,0.000000,0.000000,0.000000,0.000000
1749018147.277694,86.212116,88.000000,90.000000,0.000000,0.000000,0.000000,0.000000,0.000000,0.000000,0.000000,0.000000
1749018147.309665,85.758771,88.000000,90.000000,0.000000,0.000000,0.000000,0.000000,0.000000,0.000000,0.000000,0.000000
1749018147.342759,85.876488,88.000000,90.000000,0.000000,0.000000,0.000000,0.000000,0.000000,0.000000,0.000000,0.000000
1749018147.375170,86.120609,88.000000,90.000000,0.000000,0.000000,0.000000,0.000000,0.000000,0.000000,0.000000,0.000000
1749018147.404956,86.487218,88.000000,90.000000,0.000000,0.000000,0.000000,0.000000,0.000000,0.000000,0.000000,0.000000
1749018147.435092,86.147764,88.000000,90.000000,0.000000,0.000000,0.000000,0.000000,0.000000,0.000000,0.000000,0.000000
1749018147.470657,87.096181,88.000000,90.000000,0.000000,0.000000,0.000000,0.000000,0.000000,0.000000,0.000000,0.000000
1749018147.503139,87.420022,88.000000,90.000000,0.000000,0.000000,0.000000,0.000000,0.000000,0.000000,0.000000,0.000000
1749018147.535454,86.957212,88.000000,90.000000,0.000000,0.000000,0.000000,0.000000,0.000000,0.000000,0.000000,0.000000
1749018147.575574,86.775445,88.000000,90.000000,0.000000,0.000000,0.000000,0.000000,0.000000,0.000000,0.000000,0.000000
1749018147.607471,87.014121,88.000000,90.000000,0.000000,0.000000,0.000000,0.000000,0.000000,0.000000,0.000000,0.000000
1749018147.641861,87.041189,88.000000,90.000000,0.000000,0.000000,0.000000,0.000000,0.000000,0.000000,0.000000,0.000000
1749018147.676254,87.131081,129.000000,90.000000,0.000000,0.000000,0.000000,0.000000,0.000000,0.000000,0.000000,0.000000
1749018147.710913,86.940186,129.000000,90.000000,0.000000,0.000000,0.000000,0.000000,0.000000,0.000000,0.000000,0.000000
1749018147.736204,86.536507,129.000000,90.000000,0.000000,0.000000,0.000000,0.000000,0.000000,0.000000,0.000000,0.000000
1749018147.770338,86.146739,129.000000,120.000000,0.000000,0.000000,0.000000,0.000000,0.000000,0.000000,0.000000,0.000000
1749018147.802835,86.384589,129.000000,90.000000,0.000000,0.000000,0.000000,0.000000,0.000000,0.000000,0.000000,0.000000
1749018147.834656,86.650009,129.000000,90.000000,0.000000,0.000000,0.000000,0.000000,0.000000,0.000000,0.000000,0.000000
1749018147.876060,86.762308,129.000000,90.000000,0.000000,0.000000,0.000000,0.000000,0.000000,0.000000,0.000000,0.000000
1749018147.909970,87.049724,129.000000,120.000000,0.000000,0.000000,0.000000,0.000000,0.000000,0.000000,0.000000,0.000000
1749018147.941862,87.239302,129.000000,90.000000,125.000000,125.000000,125.000000,125.000000,0.000000,0.000000,0.000000,0.000000
1749018147.974521,86.828368,129.000000,90.000000,126.000000,126.000000,126.000000,126.000000,0.000000,0.000000,0.000000,0.000000
1749018148.006976,86.822708,129.000000,90.000000,126.000000,126.000000,126.000000,126.000000,0.000000,0.000000,0.000000,0.000000
1749018148.040610,86.844543,129.000000,90.000000,126.000000,126.000000,126.000000,126.000000,0.000000,0.000000,0.000000,0.000000
1749018148.075206,86.884048,129.000000,90.000000,126.000000,126.000000,126.000000,126.000000,0.000000,0.000000,0.000000,0.000000
1749018148.102422,87.499380,129.000000,90.000000,124.000000,124.000000,124.000000,124.000000,0.000000,0.000000,0.000000,0.000000
1749018148.134809,86.704773,129.000000,90.000000,126.000000,126.000000,126.000000,126.000000,0.000000,0.000000,0.000000,0.000000
1749018148.174634,86.503615,129.000000,90.000000,127.000000,127.000000,127.000000,127.000000,0.000000,0.000000,0.000000,0.000000
1749018148.205979,86.766333,129.000000,90.000000,126.000000,126.000000,126.000000,126.000000,0.000000,0.000000,0.000000,0.000000
1749018148.237462,86.957546,129.000000,90.000000,126.000000,126.000000,126.000000,126.000000,0.000000,0.000000,0.000000,0.000000
1749018148.273323,88.051643,129.000000,90.000000,122.000000,122.000000,122.000000,122.000000,0.000000,0.000000,0.000000,0.000000
1749018148.304700,87.940834,129.000000,90.000000,123.000000,123.000000,123.000000,123.000000,0.000000,0.000000,0.000000,0.000000
1749018148.337191,88.744193,129.000000,90.000000,120.000000,120.000000,120.000000,120.000000,0.000000,0.000000,0.000000,0.000000
1749018148.376974,89.851848,129.000000,90.000000,117.000000,117.000000,117.000000,117.000000,0.000000,0.000000,0.000000,0.000000
1749018148.412061,90.257395,129.000000,90.000000,116.000000,116.000000,116.000000,116.000000,0.000000,0.000000,0.000000,0.000000
1749018148.441617,90.727755,129.000000,90.000000,114.000000,114.000000,114.000000,114.000000,0.000000,0.000000,0.000000,0.000000
1749018148.475432,90.759850,129.000000,90.000000,114.000000,114.000000,114.000000,114.000000,0.000000,0.000000,0.000000,0.000000
1749018148.507620,91.428069,129.000000,90.000000,112.000000,112.000000,112.000000,112.000000,0.000000,0.000000,0.000000,0.000000
1749018148.540854,91.949832,129.000000,90.000000,111.000000,111.000000,111.000000,111.000000,0.000000,0.000000,0.000000,0.000000
1749018148.571759,91.675714,129.000000,90.000000,111.000000,111.000000,111.000000,111.000000,0.000000,0.000000,0.000000,0.000000
1749018148.603962,92.008190,129.000000,90.000000,110.000000,110.000000,110.000000,110.000000,0.000000,0.000000,0.000000,0.000000
1749018148.636631,92.768706,129.000000,90.000000,108.000000,108.000000,108.000000,108.000000,0.000000,0.000000,0.000000,0.000000
1749018148.672277,92.251976,129.000000,90.000000,110.000000,110.000000,110.000000,110.000000,0.000000,0.000000,0.000000,0.000000
1749018148.704235,92.386469,129.000000,90.000000,109.000000,109.000000,109.000000,109.000000,0.000000,0.000000,0.000000,0.000000
1749018148.737460,92.797579,129.000000,90.000000,108.000000,108.000000,108.000000,108.000000,0.000000,0.000000,0.000000,0.000000
1749018148.773645,93.287227,129.000000,90.000000,107.000000,107.000000,107.000000,107.000000,0.000000,0.000000,0.000000,0.000000
1749018148.804156,94.204472,129.000000,90.000000,104.000000,104.000000,104.000000,104.000000,0.000000,0.000000,0.000000,0.000000
1749018148.837669,94.258063,129.000000,90.000000,104.000000,104.000000,104.000000,104.000000,0.000000,0.000000,0.000000,0.000000
1749018148.875803,94.280957,129.000000,90.000000,104.000000,104.000000,104.000000,104.000000,0.000000,0.000000,0.000000,0.000000
1749018148.908886,94.986048,129.000000,90.000000,102.000000,102.000000,102.000000,102.000000,0.000000,0.000000,0.000000,0.000000
1749018148.939716,95.089185,129.000000,90.000000,101.000000,101.000000,101.000000,101.000000,0.000000,0.000000,0.000000,0.000000
1749018148.970534,95.478015,129.000000,90.000000,100.000000,100.000000,100.000000,100.000000,0.000000,0.000000,0.000000,0.000000
1749018149.002489,96.072131,129.000000,90.000000,98.000000,98.000000,98.000000,98.000000,0.000000,0.000000,0.000000,0.000000
1749018149.034614,96.438071,129.000000,90.000000,97.000000,97.000000,97.000000,97.000000,0.000000,0.000000,0.000000,0.000000
1749018149.073830,97.949100,129.000000,90.000000,93.000000,93.000000,93.000000,93.000000,0.000000,0.000000,0.000000,0.000000
1749018149.105847,99.216867,129.000000,90.000000,89.000000,89.000000,89.000000,89.000000,0.000000,0.000000,0.000000,0.000000
1749018149.138900,98.115620,129.000000,90.000000,92.000000,92.000000,92.000000,92.000000,0.000000,0.000000,0.000000,0.000000
1749018149.175569,97.191711,129.000000,90.000000,95.000000,95.000000,95.000000,95.000000,0.000000,0.000000,0.000000,0.000000
1749018149.206795,97.829212,129.000000,90.000000,93.000000,93.000000,93.000000,93.000000,0.000000,0.000000,0.000000,0.000000
1749018149.240330,99.016181,129.000000,90.000000,89.000000,89.000000,89.000000,89.000000,0.000000,0.000000,0.000000,0.000000
1749018149.278273,99.221117,129.000000,90.000000,89.000000,89.000000,89.000000,89.000000,0.000000,0.000000,0.000000,0.000000
1749018149.308641,98.829996,129.000000,90.000000,90.000000,90.000000,90.000000,90.000000,0.000000,0.000000,0.000000,0.000000
1749018149.334684,99.472393,129.000000,90.000000,88.000000,88.000000,88.000000,88.000000,0.000000,0.000000,0.000000,0.000000
1749018149.370625,100.552411,129.000000,90.000000,85.000000,85.000000,85.000000,85.000000,0.000000,0.000000,0.000000,0.000000
1749018149.426107,100.450583,129.000000,90.000000,85.000000,85.000000,85.000000,85.000000,0.000000,0.000000,0.000000,0.000000
1749018149.447848,99.915923,129.000000,90.000000,87.000000,87.000000,87.000000,87.000000,0.000000,0.000000,0.000000,0.000000
1749018149.475045,100.412173,129.000000,90.000000,85.000000,85.000000,85.000000,85.000000,0.000000,0.000000,0.000000,0.000000
1749018149.504723,101.079628,129.000000,90.000000,83.000000,83.000000,83.000000,83.000000,0.000000,0.000000,0.000000,0.000000
1749018149.537666,101.388068,129.000000,90.000000,82.000000,82.000000,82.000000,82.000000,0.000000,0.000000,0.000000,0.000000
1749018149.574581,102.348575,129.000000,90.000000,80.000000,80.000000,80.000000,80.000000,0.000000,0.000000,0.000000,0.000000
1749018149.607668,102.007068,129.000000,90.000000,80.000000,80.000000,80.000000,80.000000,0.000000,0.000000,0.000000,0.000000
1749018149.640117,101.793362,129.000000,90.000000,81.000000,81.000000,81.000000,81.000000,0.000000,0.000000,0.000000,0.000000
1749018149.675830,101.983925,129.000000,90.000000,81.000000,81.000000,81.000000,81.000000,0.000000,0.000000,0.000000,0.000000
1749018149.707776,102.845590,129.000000,90.000000,80.000000,80.000000,80.000000,80.000000,0.000000,0.000000,0.000000,0.000000
1749018149.744062,103.495652,129.000000,90.000000,80.000000,80.000000,80.000000,80.000000,0.000000,0.000000,0.000000,0.000000
1749018149.774816,103.069555,129.000000,90.000000,80.000000,80.000000,80.000000,80.000000,0.000000,0.000000,0.000000,0.000000
1749018149.805920,103.456411,129.000000,90.000000,80.000000,80.000000,80.000000,80.000000,0.000000,0.000000,0.000000,0.000000
1749018149.838103,103.742623,129.000000,90.000000,80.000000,80.000000,80.000000,80.000000,0.000000,0.000000,0.000000,0.000000
1749018149.874533,104.204292,129.000000,90.000000,80.000000,80.000000,80.000000,80.000000,0.000000,0.000000,0.000000,0.000000
1749018149.906044,105.361494,129.000000,90.000000,80.000000,80.000000,80.000000,80.000000,0.000000,0.000000,0.000000,0.000000
1749018149.938839,106.380271,129.000000,90.000000,80.000000,80.000000,80.000000,80.000000,0.000000,0.000000,0.000000,0.000000
1749018149.973004,106.035217,129.000000,90.000000,80.000000,80.000000,80.000000,80.000000,0.000000,0.000000,0.000000,0.000000
1749018150.008174,106.504226,129.000000,90.000000,80.000000,80.000000,80.000000,80.000000,0.000000,0.000000,0.000000,0.000000
1749018150.035333,107.671072,129.000000,90.000000,80.000000,80.000000,80.000000,80.000000,0.000000,0.000000,0.000000,0.000000
1749018150.071039,107.428607,129.000000,90.000000,80.000000,80.000000,80.000000,80.000000,0.000000,0.000000,0.000000,0.000000
1749018150.102166,107.353021,129.000000,90.000000,80.000000,80.000000,80.000000,80.000000,0.000000,0.000000,0.000000,0.000000
1749018150.135311,106.876157,129.000000,90.000000,80.000000,80.000000,80.000000,80.000000,0.000000,0.000000,0.000000,0.000000
1749018150.173713,108.201810,129.000000,90.000000,80.000000,80.000000,80.000000,80.000000,0.000000,0.000000,0.000000,0.000000
1749018150.205107,108.409245,129.000000,90.000000,80.000000,80.000000,80.000000,80.000000,0.000000,0.000000,0.000000,0.000000
1749018150.237811,108.115170,129.000000,90.000000,80.000000,80.000000,80.000000,80.000000,0.000000,0.000000,0.000000,0.000000
1749018150.276495,108.050424,129.000000,90.000000,80.000000,80.000000,80.000000,80.000000,0.000000,0.000000,0.000000,0.000000
1749018150.307639,108.838598,129.000000,90.000000,80.000000,80.000000,80.000000,80.000000,0.000000,0.000000,0.000000,0.000000
1749018150.342221,108.956379,129.000000,90.000000,80.000000,80.000000,80.000000,80.000000,0.000000,0.000000,0.000000,0.000000
1749018150.373567,109.713939,129.000000,90.000000,80.000000,80.000000,80.000000,80.000000,0.000000,0.000000,0.000000,0.000000
1749018150.401931,109.891539,129.000000,90.000000,80.000000,80.000000,80.000000,80.000000,0.000000,0.000000,0.000000,0.000000
1749018150.435311,109.340444,129.000000,90.000000,80.000000,80.000000,80.000000,80.000000,0.000000,0.000000,0.000000,0.000000
1749018150.472474,109.631050,129.000000,90.000000,80.000000,80.000000,80.000000,80.000000,0.000000,0.000000,0.000000,0.000000
1749018150.503979,110.791118,129.000000,90.000000,80.000000,80.000000,80.000000,80.000000,0.000000,0.000000,0.000000,0.000000
1749018150.536591,110.395575,129.000000,90.000000,80.000000,80.000000,80.000000,80.000000,0.000000,0.000000,0.000000,0.000000
1749018150.572259,111.166542,129.000000,90.000000,80.000000,80.000000,80.000000,80.000000,0.000000,0.000000,0.000000,0.000000
1749018150.606793,111.391136,129.000000,90.000000,80.000000,80.000000,80.000000,80.000000,0.000000,0.000000,0.000000,0.000000
1749018150.633954,112.393139,129.000000,90.000000,80.000000,80.000000,80.000000,80.000000,0.000000,0.000000,0.000000,0.000000
1749018150.673095,112.278783,129.000000,90.000000,80.000000,80.000000,80.000000,80.000000,0.000000,0.000000,0.000000,0.000000
1749018150.705768,112.011492,129.000000,90.000000,80.000000,80.000000,80.000000,80.000000,0.000000,0.000000,0.000000,0.000000
1749018150.742827,112.055508,129.000000,90.000000,80.000000,80.000000,80.000000,80.000000,0.000000,0.000000,0.000000,0.000000
1749018150.775784,112.521316,129.000000,90.000000,80.000000,80.000000,80.000000,80.000000,0.000000,0.000000,0.000000,0.000000
1749018150.808106,112.532311,129.000000,90.000000,80.000000,80.000000,80.000000,80.000000,0.000000,0.000000,0.000000,0.000000
1749018150.838885,113.882014,129.000000,90.000000,80.000000,80.000000,80.000000,80.000000,0.000000,0.000000,0.000000,0.000000
1749018150.874764,113.936674,129.000000,90.000000,80.000000,80.000000,80.000000,80.000000,0.000000,0.000000,0.000000,0.000000
1749018150.905970,114.115612,129.000000,90.000000,80.000000,80.000000,80.000000,80.000000,0.000000,0.000000,0.000000,0.000000
1749018150.938486,114.947358,129.000000,90.000000,80.000000,80.000000,80.000000,80.000000,0.000000,0.000000,0.000000,0.000000
1749018150.974359,115.819896,129.000000,90.000000,80.000000,80.000000,80.000000,80.000000,0.000000,0.000000,0.000000,0.000000
1749018151.006168,115.420317,129.000000,90.000000,80.000000,80.000000,80.000000,80.000000,0.000000,0.000000,0.000000,0.000000
1749018151.039042,116.560418,129.000000,90.000000,80.000000,80.000000,80.000000,80.000000,0.000000,0.000000,0.000000,0.000000
1749018151.073716,117.084589,129.000000,90.000000,80.000000,80.000000,80.000000,80.000000,0.000000,0.000000,0.000000,0.000000
1749018151.106297,116.885773,129.000000,90.000000,80.000000,80.000000,80.000000,80.000000,0.000000,0.000000,0.000000,0.000000
1749018151.139083,116.437011,129.000000,90.000000,80.000000,80.000000,80.000000,80.000000,0.000000,0.000000,0.000000,0.000000
1749018151.175498,116.999901,129.000000,90.000000,80.000000,80.000000,80.000000,80.000000,0.000000,0.000000,0.000000,0.000000
1749018151.207274,117.949679,129.000000,90.000000,80.000000,80.000000,80.000000,80.000000,0.000000,0.000000,0.000000,0.000000
1749018151.245318,118.380202,129.000000,90.000000,80.000000,80.000000,80.000000,80.000000,0.000000,0.000000,0.000000,0.000000
1749018151.270697,118.479236,129.000000,90.000000,80.000000,80.000000,80.000000,80.000000,0.000000,0.000000,0.000000,0.000000
1749018151.302084,119.052908,129.000000,90.000000,80.000000,80.000000,80.000000,80.000000,0.000000,0.000000,0.000000,0.000000
1749018151.336553,119.686370,129.000000,90.000000,80.000000,80.000000,80.000000,80.000000,0.000000,0.000000,0.000000,0.000000
1749018151.375819,120.764275,129.000000,90.000000,80.000000,80.000000,80.000000,80.000000,0.000000,0.000000,0.000000,0.000000
1749018151.408602,122.018978,129.000000,90.000000,80.000000,80.000000,80.000000,80.000000,0.000000,0.000000,0.000000,0.000000
1749018151.440309,122.550414,129.000000,90.000000,80.000000,80.000000,80.000000,80.000000,0.000000,0.000000,0.000000,0.000000
1749018151.476550,122.530017,129.000000,90.000000,80.000000,80.000000,80.000000,80.000000,0.000000,0.000000,0.000000,0.000000
1749018151.508557,122.786916,129.000000,90.000000,80.000000,80.000000,80.000000,80.000000,0.000000,0.000000,0.000000,0.000000
1749018151.541772,123.378065,129.000000,90.000000,80.000000,80.000000,80.000000,80.000000,0.000000,0.000000,0.000000,0.000000
1749018151.575533,122.207463,129.000000,90.000000,80.000000,80.000000,80.000000,80.000000,0.000000,0.000000,0.000000,0.000000
1749018151.606261,122.511706,129.000000,90.000000,80.000000,80.000000,80.000000,80.000000,0.000000,0.000000,0.000000,0.000000
1749018151.634882,123.001987,129.000000,90.000000,80.000000,80.000000,80.000000,80.000000,0.000000,0.000000,0.000000,0.000000
1749018151.670877,123.065684,129.000000,90.000000,80.000000,80.000000,80.000000,80.000000,0.000000,0.000000,0.000000,0.000000
1749018151.704055,123.080998,129.000000,90.000000,80.000000,80.000000,80.000000,80.000000,0.000000,0.000000,0.000000,0.000000
1749018151.736205,123.199193,129.000000,90.000000,80.000000,80.000000,80.000000,80.000000,0.000000,0.000000,0.000000,0.000000
1749018151.775605,122.675826,129.000000,90.000000,80.000000,80.000000,80.000000,80.000000,0.000000,0.000000,0.000000,0.000000
1749018151.806326,122.861072,129.000000,90.000000,80.000000,80.000000,80.000000,80.000000,0.000000,0.000000,0.000000,0.000000
1749018151.841971,122.812647,129.000000,90.000000,80.000000,80.000000,80.000000,80.000000,0.000000,0.000000,0.000000,0.000000
1749018151.875884,121.861906,129.000000,90.000000,80.000000,80.000000,80.000000,80.000000,0.000000,0.000000,0.000000,0.000000
1749018151.906029,119.805686,129.000000,90.000000,80.000000,80.000000,80.000000,80.000000,0.000000,0.000000,0.000000,0.000000
1749018151.941496,117.761918,129.000000,90.000000,80.000000,80.000000,80.000000,80.000000,0.000000,0.000000,0.000000,0.000000
1749018151.971088,115.731973,129.000000,90.000000,80.000000,80.000000,80.000000,80.000000,0.000000,0.000000,0.000000,0.000000
1749018152.003082,114.807236,129.000000,90.000000,80.000000,80.000000,80.000000,80.000000,0.000000,0.000000,0.000000,0.000000
1749018152.041574,113.187428,129.000000,90.000000,80.000000,80.000000,80.000000,80.000000,0.000000,0.000000,0.000000,0.000000
1749018152.076929,112.480577,129.000000,90.000000,80.000000,80.000000,80.000000,80.000000,0.000000,0.000000,0.000000,0.000000
1749018152.110571,111.658429,129.000000,90.000000,80.000000,80.000000,80.000000,80.000000,0.000000,0.000000,0.000000,0.000000
1749018152.142696,110.473886,129.000000,90.000000,80.000000,80.000000,80.000000,80.000000,0.000000,0.000000,0.000000,0.000000
1749018152.174932,109.557796,129.000000,90.000000,80.000000,80.000000,80.000000,80.000000,0.000000,0.000000,0.000000,0.000000
1749018152.204176,108.745221,129.000000,90.000000,80.000000,80.000000,80.000000,80.000000,0.000000,0.000000,0.000000,0.000000
1749018152.236501,107.462383,129.000000,90.000000,80.000000,80.000000,80.000000,80.000000,0.000000,0.000000,0.000000,0.000000
1749018152.274619,106.900111,129.000000,90.000000,80.000000,80.000000,80.000000,80.000000,0.000000,0.000000,0.000000,0.000000
1749018152.303982,106.299619,129.000000,90.000000,80.000000,80.000000,80.000000,80.000000,0.000000,0.000000,0.000000,0.000000
1749018152.334069,104.677388,129.000000,90.000000,80.000000,80.000000,80.000000,80.000000,0.000000,0.000000,0.000000,0.000000
1749018152.373361,103.899340,129.000000,90.000000,80.000000,80.000000,80.000000,80.000000,0.000000,0.000000,0.000000,0.000000
1749018152.406244,102.562345,129.000000,90.000000,80.000000,80.000000,80.000000,80.000000,0.000000,0.000000,0.000000,0.000000
1749018152.443623,101.158536,129.000000,90.000000,83.000000,83.000000,83.000000,83.000000,0.000000,0.000000,0.000000,0.000000
1749018152.472907,100.646394,129.000000,90.000000,85.000000,85.000000,85.000000,85.000000,0.000000,0.000000,0.000000,0.000000
1749018152.505849,99.246165,129.000000,90.000000,89.000000,89.000000,89.000000,89.000000,0.000000,0.000000,0.000000,0.000000
1749018152.538517,98.002939,129.000000,90.000000,92.000000,92.000000,92.000000,92.000000,0.000000,0.000000,0.000000,0.000000
1749018152.575320,97.625373,129.000000,90.000000,94.000000,94.000000,94.000000,94.000000,0.000000,0.000000,0.000000,0.000000
1749018152.605518,97.088334,129.000000,90.000000,95.000000,95.000000,95.000000,95.000000,0.000000,0.000000,0.000000,0.000000
1749018152.642324,96.556311,129.000000,90.000000,97.000000,97.000000,97.000000,97.000000,0.000000,0.000000,0.000000,0.000000
1749018152.670410,95.515942,129.000000,90.000000,100.000000,100.000000,100.000000,100.000000,0.000000,0.000000,0.000000,0.000000
1749018152.702406,95.097639,129.000000,90.000000,101.000000,101.000000,101.000000,101.000000,0.000000,0.000000,0.000000,0.000000
1749018152.740476,94.038997,129.000000,90.000000,104.000000,104.000000,104.000000,104.000000,0.000000,0.000000,0.000000,0.000000
1749018152.773126,93.831230,129.000000,90.000000,105.000000,105.000000,105.000000,105.000000,0.000000,0.000000,0.000000,0.000000
1749018152.806560,92.388064,129.000000,90.000000,109.000000,109.000000,109.000000,109.000000,0.000000,0.000000,0.000000,0.000000
1749018152.837894,92.756172,129.000000,90.000000,108.000000,108.000000,108.000000,108.000000,0.000000,0.000000,0.000000,0.000000
1749018152.876253,92.095952,129.000000,90.000000,110.000000,110.000000,110.000000,110.000000,0.000000,0.000000,0.000000,0.000000
1749018152.907409,91.759024,129.000000,90.000000,111.000000,111.000000,111.000000,111.000000,0.000000,0.000000,0.000000,0.000000
1749018152.943138,90.976734,129.000000,90.000000,114.000000,114.000000,114.000000,114.000000,0.000000,0.000000,0.000000,0.000000
1749018152.975752,89.621875,129.000000,90.000000,118.000000,118.000000,118.000000,118.000000,0.000000,0.000000,0.000000,0.000000
1749018153.007720,89.508616,129.000000,90.000000,118.000000,118.000000,118.000000,118.000000,0.000000,0.000000,0.000000,0.000000
1749018153.037791,89.254508,129.000000,90.000000,119.000000,119.000000,119.000000,119.000000,0.000000,0.000000,0.000000,0.000000
1749018153.071186,89.874411,129.000000,90.000000,117.000000,117.000000,117.000000,117.000000,0.000000,0.000000,0.000000,0.000000
1749018153.102767,89.641412,129.000000,90.000000,118.000000,118.000000,118.000000,118.000000,0.000000,0.000000,0.000000,0.000000
1749018153.135535,89.197706,129.000000,90.000000,119.000000,119.000000,119.000000,119.000000,0.000000,0.000000,0.000000,0.000000
1749018153.171348,88.794962,129.000000,90.000000,120.000000,120.000000,120.000000,120.000000,0.000000,0.000000,0.000000,0.000000
1749018153.203014,88.681869,129.000000,90.000000,120.000000,120.000000,120.000000,120.000000,0.000000,0.000000,0.000000,0.000000
1749018153.242339,88.636787,129.000000,90.000000,121.000000,121.000000,121.000000,121.000000,0.000000,0.000000,0.000000,0.000000
1749018153.274697,86.977411,129.000000,90.000000,126.000000,126.000000,126.000000,126.000000,0.000000,0.000000,0.000000,0.000000
1749018153.306631,87.185828,129.000000,90.000000,125.000000,125.000000,125.000000,125.000000,0.000000,0.000000,0.000000,0.000000
1749018153.341820,87.399051,129.000000,90.000000,124.000000,124.000000,124.000000,124.000000,0.000000,0.000000,0.000000,0.000000
1749018153.375754,87.115983,129.000000,90.000000,125.000000,125.000000,125.000000,125.000000,0.000000,0.000000,0.000000,0.000000
1749018153.407566,86.674175,129.000000,90.000000,126.000000,126.000000,126.000000,126.000000,0.000000,0.000000,0.000000,0.000000
1749018153.437655,86.517340,129.000000,90.000000,127.000000,127.000000,127.000000,127.000000,0.000000,0.000000,0.000000,0.000000
1749018153.474709,86.635054,129.000000,90.000000,127.000000,127.000000,127.000000,127.000000,0.000000,0.000000,0.000000,0.000000
1749018153.505895,86.782889,129.000000,90.000000,126.000000,126.000000,126.000000,126.000000,0.000000,0.000000,0.000000,0.000000
1749018153.534971,88.298221,129.000000,90.000000,122.000000,122.000000,122.000000,122.000000,0.000000,0.000000,0.000000,0.000000
1749018153.569883,88.829115,129.000000,90.000000,120.000000,120.000000,120.000000,120.000000,0.000000,0.000000,0.000000,0.000000
1749018153.602440,89.978986,129.000000,90.000000,117.000000,117.000000,117.000000,117.000000,0.000000,0.000000,0.000000,0.000000
1749018153.639612,91.478953,129.000000,90.000000,112.000000,112.000000,112.000000,112.000000,0.000000,0.000000,0.000000,0.000000
1749018153.681021,91.991963,129.000000,90.000000,111.000000,111.000000,111.000000,111.000000,0.000000,0.000000,0.000000,0.000000
1749018153.711984,91.780727,129.000000,90.000000,111.000000,111.000000,111.000000,111.000000,0.000000,0.000000,0.000000,0.000000
1749018153.746006,92.904015,129.000000,90.000000,108.000000,108.000000,108.000000,108.000000,0.000000,0.000000,0.000000,0.000000
1749018153.774439,94.418353,129.000000,90.000000,103.000000,103.000000,103.000000,103.000000,0.000000,0.000000,0.000000,0.000000
1749018153.803936,95.268785,129.000000,90.000000,101.000000,101.000000,101.000000,101.000000,0.000000,0.000000,0.000000,0.000000
1749018153.837928,95.212613,129.000000,90.000000,101.000000,101.000000,101.000000,101.000000,0.000000,0.000000,0.000000,0.000000
1749018153.874532,95.610271,129.000000,90.000000,100.000000,100.000000,100.000000,100.000000,0.000000,0.000000,0.000000,0.000000
1749018153.903812,96.097181,129.000000,90.000000,98.000000,98.000000,98.000000,98.000000,0.000000,0.000000,0.000000,0.000000
1749018153.939804,97.558993,129.000000,90.000000,94.000000,94.000000,94.000000,94.000000,0.000000,0.000000,0.000000,0.000000
1749018153.973525,97.865752,129.000000,90.000000,93.000000,93.000000,93.000000,93.000000,0.000000,0.000000,0.000000,0.000000
1749018154.004957,98.786538,129.000000,90.000000,90.000000,90.000000,90.000000,90.000000,0.000000,0.000000,0.000000,0.000000
1749018154.037860,100.245085,129.000000,90.000000,86.000000,86.000000,86.000000,86.000000,0.000000,0.000000,0.000000,0.000000
1749018154.074840,101.285423,129.000000,90.000000,83.000000,83.000000,83.000000,83.000000,0.000000,0.000000,0.000000,0.000000
1749018154.105643,102.178328,129.000000,90.000000,80.000000,80.000000,80.000000,80.000000,0.000000,0.000000,0.000000,0.000000
1749018154.138314,102.356322,129.000000,90.000000,80.000000,80.000000,80.000000,80.000000,0.000000,0.000000,0.000000,0.000000
1749018154.175760,103.594306,129.000000,90.000000,80.000000,80.000000,80.000000,80.000000,0.000000,0.000000,0.000000,0.000000
1749018154.208687,104.722543,129.000000,90.000000,80.000000,80.000000,80.000000,80.000000,0.000000,0.000000,0.000000,0.000000
1749018154.235032,104.719960,129.000000,90.000000,80.000000,80.000000,80.000000,80.000000,0.000000,0.000000,0.000000,0.000000
1749018154.270165,105.627892,129.000000,90.000000,80.000000,80.000000,80.000000,80.000000,0.000000,0.000000,0.000000,0.000000
1749018154.301606,106.049476,129.000000,90.000000,80.000000,80.000000,80.000000,80.000000,0.000000,0.000000,0.000000,0.000000
1749018154.334279,107.339425,129.000000,90.000000,80.000000,80.000000,80.000000,80.000000,0.000000,0.000000,0.000000,0.000000
1749018154.373129,108.508241,129.000000,90.000000,80.000000,80.000000,80.000000,80.000000,0.000000,0.000000,0.000000,0.000000
1749018154.404973,109.381158,129.000000,90.000000,80.000000,80.000000,80.000000,80.000000,0.000000,0.000000,0.000000,0.000000
1749018154.437069,108.862978,129.000000,90.000000,80.000000,80.000000,80.000000,80.000000,0.000000,0.000000,0.000000,0.000000
1749018154.473924,110.090237,129.000000,90.000000,80.000000,80.000000,80.000000,80.000000,0.000000,0.000000,0.000000,0.000000
1749018154.505972,110.748835,129.000000,90.000000,80.000000,80.000000,80.000000,80.000000,0.000000,0.000000,0.000000,0.000000
1749018154.541160,110.899589,129.000000,90.000000,80.000000,80.000000,80.000000,80.000000,0.000000,0.000000,0.000000,0.000000
1749018154.574230,112.151721,129.000000,90.000000,80.000000,80.000000,80.000000,80.000000,0.000000,0.000000,0.000000,0.000000
1749018154.602328,112.588209,129.000000,90.000000,80.000000,80.000000,80.000000,80.000000,0.000000,0.000000,0.000000,0.000000
1749018154.634427,113.954471,129.000000,90.000000,80.000000,80.000000,80.000000,80.000000,0.000000,0.000000,0.000000,0.000000
1749018154.670506,114.255263,129.000000,90.000000,80.000000,80.000000,80.000000,80.000000,0.000000,0.000000,0.000000,0.000000
1749018154.704031,114.160391,129.000000,90.000000,80.000000,80.000000,80.000000,80.000000,0.000000,0.000000,0.000000,0.000000
1749018154.735299,114.728370,129.000000,90.000000,80.000000,80.000000,80.000000,80.000000,0.000000,0.000000,0.000000,0.000000
1749018154.771005,114.884222,129.000000,90.000000,80.000000,80.000000,80.000000,80.000000,0.000000,0.000000,0.000000,0.000000
1749018154.803013,116.014414,129.000000,90.000000,80.000000,80.000000,80.000000,80.000000,0.000000,0.000000,0.000000,0.000000
1749018154.835699,116.064819,129.000000,90.000000,80.000000,80.000000,80.000000,80.000000,0.000000,0.000000,0.000000,0.000000
1749018154.873646,116.532896,129.000000,90.000000,80.000000,80.000000,80.000000,80.000000,0.000000,0.000000,0.000000,0.000000
1749018154.906262,116.533606,129.000000,90.000000,80.000000,80.000000,80.000000,80.000000,0.000000,0.000000,0.000000,0.000000
1749018154.937277,117.261742,129.000000,90.000000,80.000000,80.000000,80.000000,80.000000,0.000000,0.000000,0.000000,0.000000
1749018154.969941,117.266687,129.000000,90.000000,80.000000,80.000000,80.000000,80.000000,0.000000,0.000000,0.000000,0.000000
1749018155.003667,118.033476,129.000000,90.000000,80.000000,80.000000,80.000000,80.000000,0.000000,0.000000,0.000000,0.000000
1749018155.038073,119.828090,129.000000,90.000000,80.000000,80.000000,80.000000,80.000000,0.000000,0.000000,0.000000,0.000000
1749018155.077767,121.128292,129.000000,90.000000,80.000000,80.000000,80.000000,80.000000,0.000000,0.000000,0.000000,0.000000
1749018155.108401,121.808327,129.000000,90.000000,80.000000,80.000000,80.000000,80.000000,0.000000,0.000000,0.000000,0.000000
1749018155.138626,121.646619,129.000000,90.000000,80.000000,80.000000,80.000000,80.000000,0.000000,0.000000,0.000000,0.000000
1749018155.175218,121.733281,129.000000,90.000000,80.000000,80.000000,80.000000,80.000000,0.000000,0.000000,0.000000,0.000000
1749018155.206121,122.616763,129.000000,90.000000,80.000000,80.000000,80.000000,80.000000,0.000000,0.000000,0.000000,0.000000
1749018155.239705,122.976357,129.000000,90.000000,80.000000,80.000000,80.000000,80.000000,0.000000,0.000000,0.000000,0.000000
1749018155.276614,124.186795,129.000000,90.000000,80.000000,80.000000,80.000000,80.000000,0.000000,0.000000,0.000000,0.000000
1749018155.307015,124.060933,129.000000,90.000000,80.000000,80.000000,80.000000,80.000000,0.000000,0.000000,0.000000,0.000000
1749018155.339027,123.864727,129.000000,90.000000,80.000000,80.000000,80.000000,80.000000,0.000000,0.000000,0.000000,0.000000
1749018155.375559,123.344904,129.000000,90.000000,80.000000,80.000000,80.000000,80.000000,0.000000,0.000000,0.000000,0.000000
1749018155.407298,124.375589,129.000000,90.000000,80.000000,80.000000,80.000000,80.000000,0.000000,0.000000,0.000000,0.000000
1749018155.438953,124.749805,129.000000,90.000000,80.000000,80.000000,80.000000,80.000000,0.000000,0.000000,0.000000,0.000000
1749018155.474889,125.471585,129.000000,90.000000,80.000000,80.000000,80.000000,80.000000,0.000000,0.000000,0.000000,0.000000
1749018155.505785,126.949396,129.000000,90.000000,0.000000,0.000000,0.000000,0.000000,0.000000,0.000000,0.000000,0.000000
1749018155.538644,128.263955,129.000000,90.000000,0.000000,0.000000,0.000000,0.000000,0.000000,0.000000,0.000000,0.000000
1749018155.576549,128.103091,129.000000,90.000000,0.000000,0.000000,0.000000,0.000000,0.000000,0.000000,0.000000,0.000000
1749018155.608091,128.730337,129.000000,90.000000,0.000000,0.000000,0.000000,0.000000,0.000000,0.000000,0.000000,0.000000
1749018155.640843,128.879249,129.000000,90.000000,0.000000,0.000000,0.000000,0.000000,0.000000,0.000000,0.000000,0.000000
1749018155.676939,129.575886,129.000000,90.000000,0.000000,0.000000,0.000000,0.000000,0.000000,0.000000,0.000000,0.000000
1749018155.708169,130.069984,129.000000,90.000000,0.000000,0.000000,0.000000,0.000000,0.000000,0.000000,0.000000,0.000000
1749018155.742133,130.638480,129.000000,90.000000,0.000000,0.000000,0.000000,0.000000,0.000000,0.000000,0.000000,0.000000
1749018155.777355,130.426831,129.000000,90.000000,0.000000,0.000000,0.000000,0.000000,0.000000,0.000000,0.000000,0.000000
1749018155.808642,130.812046,129.000000,90.000000,0.000000,0.000000,0.000000,0.000000,0.000000,0.000000,0.000000,0.000000
1749018155.836467,130.589862,129.000000,90.000000,0.000000,0.000000,0.000000,0.000000,0.000000,0.000000,0.000000,0.000000
1749018155.871106,131.079093,129.000000,90.000000,0.000000,0.000000,0.000000,0.000000,0.000000,0.000000,0.000000,0.000000
1749018155.903790,131.182214,129.000000,90.000000,0.000000,0.000000,0.000000,0.000000,0.000000,0.000000,0.000000,0.000000
1749018155.938926,131.447375,129.000000,90.000000,0.000000,0.000000,0.000000,0.000000,0.000000,0.000000,0.000000,0.000000
1749018155.976840,132.089797,129.000000,90.000000,0.000000,0.000000,0.000000,0.000000,120.000000,120.000000,120.000000,120.000000
1749018156.008821,132.492661,129.000000,90.000000,0.000000,0.000000,0.000000,0.000000,120.000000,120.000000,120.000000,120.000000
1749018156.038375,132.051806,129.000000,90.000000,0.000000,0.000000,0.000000,0.000000,120.000000,120.000000,120.000000,120.000000
1749018156.074407,132.607869,129.000000,90.000000,0.000000,0.000000,0.000000,0.000000,120.000000,120.000000,120.000000,120.000000
1749018156.105981,132.664085,129.000000,90.000000,0.000000,0.000000,0.000000,0.000000,120.000000,120.000000,120.000000,120.000000
1749018156.140502,133.192271,129.000000,90.000000,0.000000,0.000000,0.000000,0.000000,120.000000,120.000000,120.000000,120.000000
1749018156.176597,132.626291,129.000000,90.000000,0.000000,0.000000,0.000000,0.000000,120.000000,120.000000,120.000000,120.000000
1749018156.202645,133.248644,129.000000,90.000000,0.000000,0.000000,0.000000,0.000000,120.000000,120.000000,120.000000,120.000000
1749018156.235759,133.059698,129.000000,90.000000,0.000000,0.000000,0.000000,0.000000,120.000000,120.000000,120.000000,120.000000
1749018156.273569,132.855068,129.000000,90.000000,0.000000,0.000000,0.000000,0.000000,120.000000,120.000000,120.000000,120.000000
1749018156.305944,133.265707,129.000000,90.000000,0.000000,0.000000,0.000000,0.000000,120.000000,120.000000,120.000000,120.000000
1749018156.337198,132.922617,129.000000,90.000000,0.000000,0.000000,0.000000,0.000000,120.000000,120.000000,120.000000,120.000000
1749018156.373528,132.745234,129.000000,90.000000,0.000000,0.000000,0.000000,0.000000,120.000000,120.000000,120.000000,120.000000
1749018156.405062,132.900856,129.000000,90.000000,0.000000,0.000000,0.000000,0.000000,120.000000,120.000000,120.000000,120.000000
1749018156.436900,133.063715,129.000000,90.000000,0.000000,0.000000,0.000000,0.000000,120.000000,120.000000,120.000000,120.000000
1749018156.473498,132.825439,129.000000,90.000000,0.000000,0.000000,0.000000,0.000000,120.000000,120.000000,120.000000,120.000000
1749018156.508541,132.372406,129.000000,90.000000,0.000000,0.000000,0.000000,0.000000,120.000000,120.000000,120.000000,120.000000
1749018156.539146,132.889642,129.000000,90.000000,0.000000,0.000000,0.000000,0.000000,120.000000,120.000000,120.000000,120.000000
1749018156.570855,133.184536,129.000000,90.000000,0.000000,0.000000,0.000000,0.000000,120.000000,120.000000,120.000000,120.000000
1749018156.605013,133.251748,129.000000,90.000000,0.000000,0.000000,0.000000,0.000000,120.000000,120.000000,120.000000,120.000000
1749018156.637006,133.021416,129.000000,90.000000,0.000000,0.000000,0.000000,0.000000,120.000000,120.000000,120.000000,120.000000
1749018156.674654,133.674643,129.000000,90.000000,0.000000,0.000000,0.000000,0.000000,120.000000,120.000000,120.000000,120.000000
1749018156.705509,132.760505,129.000000,90.000000,0.000000,0.000000,0.000000,0.000000,120.000000,120.000000,120.000000,120.000000
1749018156.745052,132.504599,129.000000,90.000000,0.000000,0.000000,0.000000,0.000000,120.000000,120.000000,120.000000,120.000000
1749018156.776703,133.139835,129.000000,90.000000,0.000000,0.000000,0.000000,0.000000,120.000000,120.000000,120.000000,120.000000
1749018156.809340,132.922877,129.000000,90.000000,0.000000,0.000000,0.000000,0.000000,120.000000,120.000000,120.000000,120.000000
1749018156.843127,132.906518,129.000000,90.000000,0.000000,0.000000,0.000000,0.000000,120.000000,120.000000,120.000000,120.000000
1749018156.874732,133.115503,129.000000,90.000000,0.000000,0.000000,0.000000,0.000000,120.000000,120.000000,120.000000,120.000000
1749018156.903027,131.953368,129.000000,90.000000,0.000000,0.000000,0.000000,0.000000,120.000000,120.000000,120.000000,120.000000
1749018156.934470,131.279791,129.000000,90.000000,0.000000,0.000000,0.000000,0.000000,0.000000,0.000000,0.000000,0.000000
1749018156.971244,131.084120,129.000000,90.000000,0.000000,0.000000,0.000000,0.000000,0.000000,0.000000,0.000000,0.000000
1749018157.004663,130.995975,129.000000,90.000000,0.000000,0.000000,0.000000,0.000000,0.000000,0.000000,0.000000,0.000000
1749018157.038347,130.571413,129.000000,90.000000,0.000000,0.000000,0.000000,0.000000,0.000000,0.000000,0.000000,0.000000
1749018157.074708,130.457574,129.000000,90.000000,0.000000,0.000000,0.000000,0.000000,0.000000,0.000000,0.000000,0.000000
1749018157.104807,130.956896,129.000000,90.000000,0.000000,0.000000,0.000000,0.000000,0.000000,0.000000,0.000000,0.000000
1749018157.137435,131.393417,129.000000,90.000000,0.000000,0.000000,0.000000,0.000000,0.000000,0.000000,0.000000,0.000000
1749018157.172690,130.379490,129.000000,90.000000,0.000000,0.000000,0.000000,0.000000,0.000000,0.000000,0.000000,0.000000
1749018157.205817,130.523766,129.000000,90.000000,0.000000,0.000000,0.000000,0.000000,0.000000,0.000000,0.000000,0.000000
1749018157.237102,131.021759,129.000000,90.000000,0.000000,0.000000,0.000000,0.000000,0.000000,0.000000,0.000000,0.000000
1749018157.290347,131.257361,129.000000,90.000000,0.000000,0.000000,0.000000,0.000000,0.000000,0.000000,0.000000,0.000000
1749018157.311611,130.723305,129.000000,90.000000,0.000000,0.000000,0.000000,0.000000,0.000000,0.000000,0.000000,0.000000
1749018157.336337,130.653364,129.000000,90.000000,0.000000,0.000000,0.000000,0.000000,0.000000,0.000000,0.000000,0.000000
1749018157.371458,130.015596,129.000000,90.000000,0.000000,0.000000,0.000000,0.000000,0.000000,0.000000,0.000000,0.000000
1749018157.403645,129.781540,129.000000,90.000000,0.000000,0.000000,0.000000,0.000000,0.000000,0.000000,0.000000,0.000000
1749018157.434901,129.540807,129.000000,90.000000,0.000000,0.000000,0.000000,0.000000,0.000000,0.000000,0.000000,0.000000
1749018157.479010,129.438851,129.000000,90.000000,0.000000,0.000000,0.000000,0.000000,0.000000,0.000000,0.000000,0.000000
1749018157.510746,129.320701,129.000000,90.000000,0.000000,0.000000,0.000000,0.000000,0.000000,0.000000,0.000000,0.000000
1749018157.543987,129.336868,129.000000,90.000000,0.000000,0.000000,0.000000,0.000000,0.000000,0.000000,0.000000,0.000000
1749018157.572636,129.479176,129.000000,90.000000,0.000000,0.000000,0.000000,0.000000,0.000000,0.000000,0.000000,0.000000
1749018157.604361,129.369443,129.000000,90.000000,0.000000,0.000000,0.000000,0.000000,0.000000,0.000000,0.000000,0.000000
1749018157.636431,128.862211,129.000000,90.000000,0.000000,0.000000,0.000000,0.000000,0.000000,0.000000,0.000000,0.000000
1749018157.676374,129.664193,129.000000,90.000000,0.000000,0.000000,0.000000,0.000000,0.000000,0.000000,0.000000,0.000000
1749018157.707474,129.641243,129.000000,90.000000,0.000000,0.000000,0.000000,0.000000,0.000000,0.000000,0.000000,0.000000
1749018157.744257,129.581850,129.000000,90.000000,0.000000,0.000000,0.000000,0.000000,0.000000,0.000000,0.000000,0.000000
1749018157.775595,129.302127,129.000000,90.000000,0.000000,0.000000,0.000000,0.000000,0.000000,0.000000,0.000000,0.000000
1749018157.808012,129.075874,129.000000,90.000000,0.000000,0.000000,0.000000,0.000000,0.000000,0.000000,0.000000,0.000000
1749018157.841088,128.924998,85.000000,90.000000,0.000000,0.000000,0.000000,0.000000,0.000000,0.000000,0.000000,0.000000
1749018157.877816,128.596013,85.000000,90.000000,0.000000,0.000000,0.000000,0.000000,0.000000,0.000000,0.000000,0.000000
1749018157.909417,128.505326,85.000000,90.000000,0.000000,0.000000,0.000000,0.000000,0.000000,0.000000,0.000000,0.000000
1749018157.941879,129.023403,85.000000,120.000000,0.000000,0.000000,0.000000,0.000000,0.000000,0.000000,0.000000,0.000000
1749018157.975118,129.325596,85.000000,90.000000,0.000000,0.000000,0.000000,0.000000,0.000000,0.000000,0.000000,0.000000
1749018158.005709,129.261230,85.000000,90.000000,0.000000,0.000000,0.000000,0.000000,0.000000,0.000000,0.000000,0.000000
1749018158.039472,129.443122,85.000000,90.000000,0.000000,0.000000,0.000000,0.000000,0.000000,0.000000,0.000000,0.000000
1749018158.075906,129.199994,85.000000,120.000000,0.000000,0.000000,0.000000,0.000000,0.000000,0.000000,0.000000,0.000000
1749018158.104186,129.028163,85.000000,90.000000,0.000000,0.000000,0.000000,0.000000,250.000000,250.000000,250.000000,250.000000
1749018158.134314,129.542774,85.000000,90.000000,0.000000,0.000000,0.000000,0.000000,250.000000,250.000000,250.000000,250.000000
1749018158.169807,129.317196,85.000000,90.000000,0.000000,0.000000,0.000000,0.000000,250.000000,250.000000,250.000000,250.000000
1749018158.203829,129.142919,85.000000,90.000000,0.000000,0.000000,0.000000,0.000000,250.000000,250.000000,250.000000,250.000000
1749018158.235515,129.378440,85.000000,90.000000,0.000000,0.000000,0.000000,0.000000,250.000000,250.000000,250.000000,250.000000
1749018158.273778,129.658035,85.000000,90.000000,0.000000,0.000000,0.000000,0.000000,250.000000,250.000000,250.000000,250.000000
1749018158.306457,129.450712,85.000000,90.000000,0.000000,0.000000,0.000000,0.000000,250.000000,250.000000,250.000000,250.000000
1749018158.342161,129.166384,85.000000,90.000000,0.000000,0.000000,0.000000,0.000000,250.000000,250.000000,250.000000,250.000000
1749018158.376293,128.926303,85.000000,90.000000,0.000000,0.000000,0.000000,0.000000,250.000000,250.000000,250.000000,250.000000
1749018158.408455,129.619133,85.000000,90.000000,0.000000,0.000000,0.000000,0.000000,250.000000,250.000000,250.000000,250.000000
1749018158.441036,129.433778,85.000000,90.000000,0.000000,0.000000,0.000000,0.000000,250.000000,250.000000,250.000000,250.000000
1749018158.471956,127.761640,85.000000,90.000000,0.000000,0.000000,0.000000,0.000000,250.000000,250.000000,250.000000,250.000000
1749018158.503204,127.346506,85.000000,90.000000,0.000000,0.000000,0.000000,0.000000,250.000000,250.000000,250.000000,250.000000
1749018158.534073,126.359811,85.000000,90.000000,0.000000,0.000000,0.000000,0.000000,250.000000,250.000000,250.000000,250.000000
1749018158.571596,124.857661,85.000000,90.000000,0.000000,0.000000,0.000000,0.000000,250.000000,250.000000,250.000000,250.000000
1749018158.605770,124.693327,85.000000,90.000000,0.000000,0.000000,0.000000,0.000000,250.000000,250.000000,250.000000,250.000000
1749018158.637433,124.282793,85.000000,90.000000,0.000000,0.000000,0.000000,0.000000,250.000000,250.000000,250.000000,250.000000
1749018158.680892,123.780613,85.000000,90.000000,0.000000,0.000000,0.000000,0.000000,250.000000,250.000000,250.000000,250.000000
1749018158.711149,123.282215,85.000000,90.000000,0.000000,0.000000,0.000000,0.000000,250.000000,250.000000,250.000000,250.000000
1749018158.740948,123.100070,85.000000,90.000000,0.000000,0.000000,0.000000,0.000000,250.000000,250.000000,250.000000,250.000000
1749018158.772441,123.284990,85.000000,90.000000,0.000000,0.000000,0.000000,0.000000,250.000000,250.000000,250.000000,250.000000
1749018158.804536,123.065623,85.000000,90.000000,0.000000,0.000000,0.000000,0.000000,250.000000,250.000000,250.000000,250.000000
1749018158.834955,122.482531,85.000000,90.000000,0.000000,0.000000,0.000000,0.000000,250.000000,250.000000,250.000000,250.000000
1749018158.891997,122.148738,85.000000,90.000000,0.000000,0.000000,0.000000,0.000000,250.000000,250.000000,250.000000,250.000000
1749018158.912764,121.245812,85.000000,90.000000,0.000000,0.000000,0.000000,0.000000,250.000000,250.000000,250.000000,250.000000
1749018158.937959,119.246967,85.000000,90.000000,0.000000,0.000000,0.000000,0.000000,250.000000,250.000000,250.000000,250.000000
1749018158.970714,119.078620,85.000000,90.000000,0.000000,0.000000,0.000000,0.000000,250.000000,250.000000,250.000000,250.000000
1749018159.002904,118.308812,85.000000,90.000000,0.000000,0.000000,0.000000,0.000000,250.000000,250.000000,250.000000,250.000000
1749018159.036031,117.568143,85.000000,90.000000,0.000000,0.000000,0.000000,0.000000,250.000000,250.000000,250.000000,250.000000
1749018159.072582,116.915901,85.000000,90.000000,0.000000,0.000000,0.000000,0.000000,250.000000,250.000000,250.000000,250.000000
1749018159.103767,115.526416,85.000000,90.000000,0.000000,0.000000,0.000000,0.000000,244.000000,244.000000,244.000000,244.000000
1749018159.139809,114.765274,85.000000,90.000000,0.000000,0.000000,0.000000,0.000000,238.000000,238.000000,238.000000,238.000000
1749018159.175395,114.496603,85.000000,90.000000,0.000000,0.000000,0.000000,0.000000,235.000000,235.000000,235.000000,235.000000
1749018159.207541,113.915543,85.000000,90.000000,0.000000,0.000000,0.000000,0.000000,231.000000,231.000000,231.000000,231.000000
1749018159.238559,113.557427,85.000000,90.000000,0.000000,0.000000,0.000000,0.000000,228.000000,228.000000,228.000000,228.000000
1749018159.277265,112.957444,85.000000,90.000000,0.000000,0.000000,0.000000,0.000000,223.000000,223.000000,223.000000,223.000000
1749018159.308414,112.435250,85.000000,90.000000,0.000000,0.000000,0.000000,0.000000,219.000000,219.000000,219.000000,219.000000
1749018159.340728,110.991649,85.000000,90.000000,0.000000,0.000000,0.000000,0.000000,207.000000,207.000000,207.000000,207.000000
1749018159.377375,110.574083,85.000000,90.000000,0.000000,0.000000,0.000000,0.000000,204.000000,204.000000,204.000000,204.000000
1749018159.408557,109.550836,85.000000,90.000000,0.000000,0.000000,0.000000,0.000000,196.000000,196.000000,196.000000,196.000000
1749018159.440265,108.623777,85.000000,90.000000,0.000000,0.000000,0.000000,0.000000,188.000000,188.000000,188.000000,188.000000
1749018159.477491,107.892869,85.000000,90.000000,0.000000,0.000000,0.000000,0.000000,183.000000,183.000000,183.000000,183.000000
1749018159.508739,108.225057,85.000000,90.000000,0.000000,0.000000,0.000000,0.000000,185.000000,185.000000,185.000000,185.000000
1749018159.536237,106.140653,85.000000,90.000000,0.000000,0.000000,0.000000,0.000000,169.000000,169.000000,169.000000,169.000000
1749018159.570688,105.881236,85.000000,90.000000,0.000000,0.000000,0.000000,0.000000,167.000000,167.000000,167.000000,167.000000
1749018159.603959,105.396666,85.000000,90.000000,0.000000,0.000000,0.000000,0.000000,163.000000,163.000000,163.000000,163.000000
1749018159.639537,104.047567,85.000000,90.000000,0.000000,0.000000,0.000000,0.000000,152.000000,152.000000,152.000000,152.000000
1749018159.678680,103.623679,85.000000,90.000000,0.000000,0.000000,0.000000,0.000000,148.000000,148.000000,148.000000,148.000000
1749018159.709482,103.033234,85.000000,90.000000,0.000000,0.000000,0.000000,0.000000,144.000000,144.000000,144.000000,144.000000
1749018159.745915,102.192601,85.000000,90.000000,0.000000,0.000000,0.000000,0.000000,137.000000,137.000000,137.000000,137.000000
1749018159.773605,101.331258,85.000000,90.000000,0.000000,0.000000,0.000000,0.000000,130.000000,130.000000,130.000000,130.000000
1749018159.805799,100.178495,85.000000,90.000000,0.000000,0.000000,0.000000,0.000000,121.000000,121.000000,121.000000,121.000000
1749018159.838792,98.942920,85.000000,90.000000,0.000000,0.000000,0.000000,0.000000,120.000000,120.000000,120.000000,120.000000
1749018159.874706,97.797411,85.000000,90.000000,0.000000,0.000000,0.000000,0.000000,120.000000,120.000000,120.000000,120.000000
1749018159.906587,97.868743,85.000000,90.000000,0.000000,0.000000,0.000000,0.000000,120.000000,120.000000,120.000000,120.000000
1749018159.938902,96.929876,85.000000,90.000000,0.000000,0.000000,0.000000,0.000000,120.000000,120.000000,120.000000,120.000000
1749018159.974930,96.714500,85.000000,90.000000,0.000000,0.000000,0.000000,0.000000,120.000000,120.000000,120.000000,120.000000
1749018160.007919,95.494198,85.000000,90.000000,0.000000,0.000000,0.000000,0.000000,120.000000,120.000000,120.000000,120.000000
1749018160.036607,95.515915,85.000000,90.000000,0.000000,0.000000,0.000000,0.000000,120.000000,120.000000,120.000000,120.000000
1749018160.072958,94.506539,85.000000,90.000000,0.000000,0.000000,0.000000,0.000000,120.000000,120.000000,120.000000,120.000000
1749018160.105087,93.615763,85.000000,90.000000,0.000000,0.000000,0.000000,0.000000,120.000000,120.000000,120.000000,120.000000
1749018160.137275,93.476388,85.000000,90.000000,0.000000,0.000000,0.000000,0.000000,120.000000,120.000000,120.000000,120.000000
1749018160.172650,92.480126,85.000000,90.000000,0.000000,0.000000,0.000000,0.000000,120.000000,120.000000,120.000000,120.000000
1749018160.204752,92.281339,85.000000,90.000000,0.000000,0.000000,0.000000,0.000000,120.000000,120.000000,120.000000,120.000000
1749018160.235911,91.429719,85.000000,90.000000,0.000000,0.000000,0.000000,0.000000,120.000000,120.000000,120.000000,120.000000
1749018160.271899,90.471155,85.000000,90.000000,0.000000,0.000000,0.000000,0.000000,120.000000,120.000000,120.000000,120.000000
1749018160.304304,89.952793,85.000000,90.000000,0.000000,0.000000,0.000000,0.000000,120.000000,120.000000,120.000000,120.000000
1749018160.355939,89.193568,85.000000,90.000000,0.000000,0.000000,0.000000,0.000000,120.000000,120.000000,120.000000,120.000000
1749018160.375979,89.413387,85.000000,90.000000,0.000000,0.000000,0.000000,0.000000,120.000000,120.000000,120.000000,120.000000
1749018160.404281,88.716460,85.000000,90.000000,0.000000,0.000000,0.000000,0.000000,120.000000,120.000000,120.000000,120.000000
1749018160.433941,87.876238,85.000000,90.000000,0.000000,0.000000,0.000000,0.000000,120.000000,120.000000,120.000000,120.000000
1749018160.470950,87.480837,85.000000,90.000000,0.000000,0.000000,0.000000,0.000000,0.000000,0.000000,0.000000,0.000000
1749018160.504893,86.747934,85.000000,90.000000,0.000000,0.000000,0.000000,0.000000,0.000000,0.000000,0.000000,0.000000
1749018160.538495,86.889666,85.000000,90.000000,0.000000,0.000000,0.000000,0.000000,0.000000,0.000000,0.000000,0.000000
1749018160.574929,86.696210,85.000000,90.000000,0.000000,0.000000,0.000000,0.000000,0.000000,0.000000,0.000000,0.000000
1749018160.606758,86.542405,85.000000,90.000000,0.000000,0.000000,0.000000,0.000000,0.000000,0.000000,0.000000,0.000000
1749018160.637476,85.743790,85.000000,90.000000,0.000000,0.000000,0.000000,0.000000,0.000000,0.000000,0.000000,0.000000
1749018160.673910,85.638460,85.000000,90.000000,0.000000,0.000000,0.000000,0.000000,0.000000,0.000000,0.000000,0.000000
1749018160.705313,85.766749,85.000000,90.000000,0.000000,0.000000,0.000000,0.000000,0.000000,0.000000,0.000000,0.000000
1749018160.738981,85.764694,85.000000,90.000000,0.000000,0.000000,0.000000,0.000000,0.000000,0.000000,0.000000,0.000000
1749018160.772712,85.616136,85.000000,90.000000,0.000000,0.000000,0.000000,0.000000,0.000000,0.000000,0.000000,0.000000
1749018160.804892,85.253341,85.000000,90.000000,0.000000,0.000000,0.000000,0.000000,0.000000,0.000000,0.000000,0.000000
1749018160.837186,85.145478,85.000000,90.000000,0.000000,0.000000,0.000000,0.000000,0.000000,0.000000,0.000000,0.000000
1749018160.872645,85.556229,85.000000,90.000000,0.000000,0.000000,0.000000,0.000000,0.000000,0.000000,0.000000,0.000000
1749018160.905810,85.132450,85.000000,90.000000,0.000000,0.000000,0.000000,0.000000,0.000000,0.000000,0.000000,0.000000
1749018160.938002,84.920096,85.000000,90.000000,0.000000,0.000000,0.000000,0.000000,0.000000,0.000000,0.000000,0.000000
1749018160.975825,84.184556,85.000000,90.000000,0.000000,0.000000,0.000000,0.000000,0.000000,0.000000,0.000000,0.000000
1749018161.007755,84.783125,85.000000,90.000000,0.000000,0.000000,0.000000,0.000000,0.000000,0.000000,0.000000,0.000000
1749018161.038924,84.824943,85.000000,90.000000,0.000000,0.000000,0.000000,0.000000,0.000000,0.000000,0.000000,0.000000
1749018161.076659,84.837828,85.000000,90.000000,0.000000,0.000000,0.000000,0.000000,0.000000,0.000000,0.000000,0.000000
1749018161.108567,84.132118,85.000000,90.000000,0.000000,0.000000,0.000000,0.000000,0.000000,0.000000,0.000000,0.000000
1749018161.134011,84.380627,85.000000,90.000000,0.000000,0.000000,0.000000,0.000000,0.000000,0.000000,0.000000,0.000000
1749018161.170518,84.815536,85.000000,90.000000,0.000000,0.000000,0.000000,0.000000,0.000000,0.000000,0.000000,0.000000
1749018161.202880,85.158396,85.000000,90.000000,0.000000,0.000000,0.000000,0.000000,0.000000,0.000000,0.000000,0.000000
1749018161.236189,84.447724,85.000000,90.000000,0.000000,0.000000,0.000000,0.000000,0.000000,0.000000,0.000000,0.000000
1749018161.274211,84.310620,85.000000,90.000000,0.000000,0.000000,0.000000,0.000000,0.000000,0.000000,0.000000,0.000000
1749018161.308629,83.894319,85.000000,90.000000,0.000000,0.000000,0.000000,0.000000,0.000000,0.000000,0.000000,0.000000
1749018161.342009,84.392432,85.000000,90.000000,0.000000,0.000000,0.000000,0.000000,0.000000,0.000000,0.000000,0.000000
1749018161.377594,84.303813,85.000000,90.000000,0.000000,0.000000,0.000000,0.000000,0.000000,0.000000,0.000000,0.000000
1749018161.409009,84.250592,85.000000,90.000000,0.000000,0.000000,0.000000,0.000000,0.000000,0.000000,0.000000,0.000000
1749018161.442081,84.072912,85.000000,90.000000,0.000000,0.000000,0.000000,0.000000,0.000000,0.000000,0.000000,0.000000
1749018161.476005,84.310752,85.000000,90.000000,0.000000,0.000000,0.000000,0.000000,0.000000,0.000000,0.000000,0.000000
1749018161.503460,83.814262,85.000000,90.000000,0.000000,0.000000,0.000000,0.000000,0.000000,0.000000,0.000000,0.000000
1749018161.535770,83.884666,85.000000,90.000000,0.000000,0.000000,0.000000,0.000000,0.000000,0.000000,0.000000,0.000000
1749018161.575895,83.727464,85.000000,90.000000,0.000000,0.000000,0.000000,0.000000,0.000000,0.000000,0.000000,0.000000
1749018161.609108,84.233823,85.000000,90.000000,0.000000,0.000000,0.000000,0.000000,0.000000,0.000000,0.000000,0.000000
1749018161.640621,84.153141,85.000000,90.000000,0.000000,0.000000,0.000000,0.000000,0.000000,0.000000,0.000000,0.000000
1749018161.678311,84.395318,85.000000,90.000000,0.000000,0.000000,0.000000,0.000000,0.000000,0.000000,0.000000,0.000000
1749018161.709999,84.084431,85.000000,90.000000,0.000000,0.000000,0.000000,0.000000,0.000000,0.000000,0.000000,0.000000
1749018161.746818,84.530305,85.000000,90.000000,0.000000,0.000000,0.000000,0.000000,0.000000,0.000000,0.000000,0.000000
1749018161.777791,84.485642,85.000000,90.000000,0.000000,0.000000,0.000000,0.000000,0.000000,0.000000,0.000000,0.000000
1749018161.813851,84.600272,85.000000,90.000000,0.000000,0.000000,0.000000,0.000000,0.000000,0.000000,0.000000,0.000000
1749018161.842525,84.547809,113.000000,90.000000,0.000000,0.000000,0.000000,0.000000,0.000000,0.000000,0.000000,0.000000
1749018161.878433,84.565646,113.000000,90.000000,0.000000,0.000000,0.000000,0.000000,0.000000,0.000000,0.000000,0.000000
1749018161.909617,84.178979,113.000000,90.000000,0.000000,0.000000,0.000000,0.000000,0.000000,0.000000,0.000000,0.000000
1749018161.941896,84.020188,113.000000,120.000000,0.000000,0.000000,0.000000,0.000000,0.000000,0.000000,0.000000,0.000000
1749018161.977687,83.864553,113.000000,90.000000,0.000000,0.000000,0.000000,0.000000,0.000000,0.000000,0.000000,0.000000
1749018162.009986,83.980200,113.000000,90.000000,0.000000,0.000000,0.000000,0.000000,0.000000,0.000000,0.000000,0.000000
1749018162.041794,83.920518,113.000000,90.000000,0.000000,0.000000,0.000000,0.000000,0.000000,0.000000,0.000000,0.000000
1749018162.076666,84.084540,113.000000,120.000000,0.000000,0.000000,0.000000,0.000000,0.000000,0.000000,0.000000,0.000000
1749018162.108387,84.164684,113.000000,90.000000,86.000000,86.000000,86.000000,86.000000,0.000000,0.000000,0.000000,0.000000
1749018162.137808,84.545389,113.000000,90.000000,85.000000,85.000000,85.000000,85.000000,0.000000,0.000000,0.000000,0.000000
1749018162.172569,84.172709,113.000000,90.000000,86.000000,86.000000,86.000000,86.000000,0.000000,0.000000,0.000000,0.000000
1749018162.204683,84.131339,113.000000,90.000000,86.000000,86.000000,86.000000,86.000000,0.000000,0.000000,0.000000,0.000000
1749018162.237440,84.233124,113.000000,90.000000,86.000000,86.000000,86.000000,86.000000,0.000000,0.000000,0.000000,0.000000
1749018162.272261,84.088652,113.000000,90.000000,86.000000,86.000000,86.000000,86.000000,0.000000,0.000000,0.000000,0.000000
1749018162.304949,84.385647,113.000000,90.000000,85.000000,85.000000,85.000000,85.000000,0.000000,0.000000,0.000000,0.000000
1749018162.338422,84.570861,113.000000,90.000000,85.000000,85.000000,85.000000,85.000000,0.000000,0.000000,0.000000,0.000000
1749018162.378613,84.290642,113.000000,90.000000,86.000000,86.000000,86.000000,86.000000,0.000000,0.000000,0.000000,0.000000
1749018162.409907,84.211399,113.000000,90.000000,86.000000,86.000000,86.000000,86.000000,0.000000,0.000000,0.000000,0.000000
1749018162.442008,85.521988,113.000000,90.000000,82.000000,82.000000,82.000000,82.000000,0.000000,0.000000,0.000000,0.000000
1749018162.477835,86.813252,113.000000,90.000000,80.000000,80.000000,80.000000,80.000000,0.000000,0.000000,0.000000,0.000000
1749018162.508709,87.311432,113.000000,90.000000,80.000000,80.000000,80.000000,80.000000,0.000000,0.000000,0.000000,0.000000
1749018162.541574,87.195377,113.000000,90.000000,80.000000,80.000000,80.000000,80.000000,0.000000,0.000000,0.000000,0.000000
1749018162.575016,87.610998,113.000000,90.000000,80.000000,80.000000,80.000000,80.000000,0.000000,0.000000,0.000000,0.000000
1749018162.607002,88.440223,113.000000,90.000000,80.000000,80.000000,80.000000,80.000000,0.000000,0.000000,0.000000,0.000000
1749018162.639381,88.648956,113.000000,90.000000,80.000000,80.000000,80.000000,80.000000,0.000000,0.000000,0.000000,0.000000
1749018162.676664,88.981801,113.000000,90.000000,80.000000,80.000000,80.000000,80.000000,0.000000,0.000000,0.000000,0.000000
1749018162.706206,89.479797,113.000000,90.000000,80.000000,80.000000,80.000000,80.000000,0.000000,0.000000,0.000000,0.000000
1749018162.734892,90.192686,113.000000,90.000000,80.000000,80.000000,80.000000,80.000000,0.000000,0.000000,0.000000,0.000000
1749018162.770601,90.659500,113.000000,90.000000,80.000000,80.000000,80.000000,80.000000,0.000000,0.000000,0.000000,0.000000
1749018162.803974,90.493413,113.000000,90.000000,80.000000,80.000000,80.000000,80.000000,0.000000,0.000000,0.000000,0.000000
1749018162.838530,90.852701,113.000000,90.000000,80.000000,80.000000,80.000000,80.000000,0.000000,0.000000,0.000000,0.000000
1749018162.876993,91.443999,113.000000,90.000000,80.000000,80.000000,80.000000,80.000000,0.000000,0.000000,0.000000,0.000000
1749018162.908633,92.584511,113.000000,90.000000,80.000000,80.000000,80.000000,80.000000,0.000000,0.000000,0.000000,0.000000
1749018162.937426,92.650625,113.000000,90.000000,80.000000,80.000000,80.000000,80.000000,0.000000,0.000000,0.000000,0.000000
1749018162.974632,93.520561,113.000000,90.000000,80.000000,80.000000,80.000000,80.000000,0.000000,0.000000,0.000000,0.000000
1749018163.006396,93.849291,113.000000,90.000000,80.000000,80.000000,80.000000,80.000000,0.000000,0.000000,0.000000,0.000000
1749018163.040880,94.654059,113.000000,90.000000,80.000000,80.000000,80.000000,80.000000,0.000000,0.000000,0.000000,0.000000
1749018163.076005,93.983747,113.000000,90.000000,80.000000,80.000000,80.000000,80.000000,0.000000,0.000000,0.000000,0.000000
1749018163.102530,93.881820,113.000000,90.000000,80.000000,80.000000,80.000000,80.000000,0.000000,0.000000,0.000000,0.000000
1749018163.135094,95.035879,113.000000,90.000000,80.000000,80.000000,80.000000,80.000000,0.000000,0.000000,0.000000,0.000000
1749018163.171385,95.698502,113.000000,90.000000,80.000000,80.000000,80.000000,80.000000,0.000000,0.000000,0.000000,0.000000
1749018163.204761,96.276080,113.000000,90.000000,80.000000,80.000000,80.000000,80.000000,0.000000,0.000000,0.000000,0.000000
1749018163.237538,96.029374,113.000000,90.000000,80.000000,80.000000,80.000000,80.000000,0.000000,0.000000,0.000000,0.000000
1749018163.272951,97.484994,113.000000,90.000000,80.000000,80.000000,80.000000,80.000000,0.000000,0.000000,0.000000,0.000000
1749018163.304619,97.728314,113.000000,90.000000,80.000000,80.000000,80.000000,80.000000,0.000000,0.000000,0.000000,0.000000
1749018163.336666,98.233084,113.000000,90.000000,80.000000,80.000000,80.000000,80.000000,0.000000,0.000000,0.000000,0.000000
1749018163.373524,98.682378,113.000000,90.000000,80.000000,80.000000,80.000000,80.000000,0.000000,0.000000,0.000000,0.000000
1749018163.407179,98.417350,113.000000,90.000000,80.000000,80.000000,80.000000,80.000000,0.000000,0.000000,0.000000,0.000000
1749018163.435750,98.456293,113.000000,90.000000,80.000000,80.000000,80.000000,80.000000,0.000000,0.000000,0.000000,0.000000
1749018163.472216,98.334802,113.000000,90.000000,80.000000,80.000000,80.000000,80.000000,0.000000,0.000000,0.000000,0.000000
1749018163.502916,99.201123,113.000000,90.000000,80.000000,80.000000,80.000000,80.000000,0.000000,0.000000,0.000000,0.000000
1749018163.536604,99.522471,113.000000,90.000000,80.000000,80.000000,80.000000,80.000000,0.000000,0.000000,0.000000,0.000000
1749018163.573902,99.719929,113.000000,90.000000,80.000000,80.000000,80.000000,80.000000,0.000000,0.000000,0.000000,0.000000
1749018163.605685,100.535069,113.000000,90.000000,80.000000,80.000000,80.000000,80.000000,0.000000,0.000000,0.000000,0.000000
1749018163.637042,101.107235,113.000000,90.000000,80.000000,80.000000,80.000000,80.000000,0.000000,0.000000,0.000000,0.000000
1749018163.674073,101.398442,113.000000,90.000000,80.000000,80.000000,80.000000,80.000000,0.000000,0.000000,0.000000,0.000000
1749018163.704834,101.204139,113.000000,90.000000,80.000000,80.000000,80.000000,80.000000,0.000000,0.000000,0.000000,0.000000
1749018163.738154,102.379087,113.000000,90.000000,80.000000,80.000000,80.000000,80.000000,0.000000,0.000000,0.000000,0.000000
1749018163.773455,102.197785,113.000000,90.000000,80.000000,80.000000,80.000000,80.000000,0.000000,0.000000,0.000000,0.000000
1749018163.803563,102.552163,113.000000,90.000000,80.000000,80.000000,80.000000,80.000000,0.000000,0.000000,0.000000,0.000000
1749018163.835637,103.336758,113.000000,90.000000,80.000000,80.000000,80.000000,80.000000,0.000000,0.000000,0.000000,0.000000
1749018163.872277,103.588052,113.000000,90.000000,80.000000,80.000000,80.000000,80.000000,0.000000,0.000000,0.000000,0.000000
1749018163.906099,103.092763,113.000000,90.000000,80.000000,80.000000,80.000000,80.000000,0.000000,0.000000,0.000000,0.000000
1749018163.941757,103.520336,113.000000,90.000000,80.000000,80.000000,80.000000,80.000000,0.000000,0.000000,0.000000,0.000000
1749018163.977452,104.082425,113.000000,90.000000,80.000000,80.000000,80.000000,80.000000,0.000000,0.000000,0.000000,0.000000
1749018164.006574,104.442058,113.000000,90.000000,80.000000,80.000000,80.000000,80.000000,0.000000,0.000000,0.000000,0.000000
1749018164.039562,104.385224,113.000000,90.000000,80.000000,80.000000,80.000000,80.000000,0.000000,0.000000,0.000000,0.000000
1749018164.071948,105.182263,113.000000,90.000000,80.000000,80.000000,80.000000,80.000000,0.000000,0.000000,0.000000,0.000000
1749018164.104826,105.785728,113.000000,90.000000,80.000000,80.000000,80.000000,80.000000,0.000000,0.000000,0.000000,0.000000
1749018164.134750,106.426899,113.000000,90.000000,80.000000,80.000000,80.000000,80.000000,0.000000,0.000000,0.000000,0.000000
1749018164.169774,106.892165,113.000000,90.000000,80.000000,80.000000,80.000000,80.000000,0.000000,0.000000,0.000000,0.000000
1749018164.202449,107.262016,113.000000,90.000000,80.000000,80.000000,80.000000,80.000000,0.000000,0.000000,0.000000,0.000000
1749018164.235294,107.255852,113.000000,90.000000,80.000000,80.000000,80.000000,80.000000,0.000000,0.000000,0.000000,0.000000
1749018164.272960,107.362992,113.000000,90.000000,80.000000,80.000000,80.000000,80.000000,0.000000,0.000000,0.000000,0.000000
1749018164.305125,108.075688,113.000000,90.000000,80.000000,80.000000,80.000000,80.000000,0.000000,0.000000,0.000000,0.000000
1749018164.335329,107.735123,113.000000,90.000000,80.000000,80.000000,80.000000,80.000000,0.000000,0.000000,0.000000,0.000000
1749018164.372021,107.348063,113.000000,90.000000,80.000000,80.000000,80.000000,80.000000,0.000000,0.000000,0.000000,0.000000
1749018164.407295,108.222843,113.000000,90.000000,80.000000,80.000000,80.000000,80.000000,0.000000,0.000000,0.000000,0.000000
1749018164.439543,108.964874,113.000000,90.000000,80.000000,80.000000,80.000000,80.000000,0.000000,0.000000,0.000000,0.000000
1749018164.475625,109.366938,113.000000,90.000000,80.000000,80.000000,80.000000,80.000000,0.000000,0.000000,0.000000,0.000000
1749018164.505973,110.040775,113.000000,90.000000,80.000000,80.000000,80.000000,80.000000,0.000000,0.000000,0.000000,0.000000
1749018164.538425,110.880647,113.000000,90.000000,0.000000,0.000000,0.000000,0.000000,0.000000,0.000000,0.000000,0.000000
1749018164.574791,111.143564,113.000000,90.000000,0.000000,0.000000,0.000000,0.000000,0.000000,0.000000,0.000000,0.000000
1749018164.606597,110.751040,113.000000,90.000000,0.000000,0.000000,0.000000,0.000000,0.000000,0.000000,0.000000,0.000000
1749018164.639382,110.542876,113.000000,90.000000,0.000000,0.000000,0.000000,0.000000,0.000000,0.000000,0.000000,0.000000
1749018164.674443,110.808939,113.000000,90.000000,0.000000,0.000000,0.000000,0.000000,0.000000,0.000000,0.000000,0.000000
1749018164.707100,110.187291,113.000000,90.000000,80.000000,80.000000,80.000000,80.000000,0.000000,0.000000,0.000000,0.000000
1749018164.743482,110.361201,113.000000,90.000000,80.000000,80.000000,80.000000,80.000000,0.000000,0.000000,0.000000,0.000000
1749018164.775476,110.907220,113.000000,90.000000,0.000000,0.000000,0.000000,0.000000,0.000000,0.000000,0.000000,0.000000
1749018164.807751,111.139475,113.000000,90.000000,0.000000,0.000000,0.000000,0.000000,0.000000,0.000000,0.000000,0.000000
1749018164.839802,110.648930,113.000000,90.000000,0.000000,0.000000,0.000000,0.000000,0.000000,0.000000,0.000000,0.000000
1749018164.877412,110.969447,113.000000,90.000000,0.000000,0.000000,0.000000,0.000000,0.000000,0.000000,0.000000,0.000000
1749018164.908603,112.052391,113.000000,90.000000,0.000000,0.000000,0.000000,0.000000,0.000000,0.000000,0.000000,0.000000
1749018164.942791,112.688247,113.000000,90.000000,0.000000,0.000000,0.000000,0.000000,0.000000,0.000000,0.000000,0.000000
1749018164.973159,113.819387,113.000000,90.000000,0.000000,0.000000,0.000000,0.000000,0.000000,0.000000,0.000000,0.000000
1749018165.006472,114.660745,113.000000,90.000000,0.000000,0.000000,0.000000,0.000000,0.000000,0.000000,0.000000,0.000000
1749018165.035641,114.407059,113.000000,90.000000,0.000000,0.000000,0.000000,0.000000,0.000000,0.000000,0.000000,0.000000
1749018165.072595,114.352031,113.000000,90.000000,0.000000,0.000000,0.000000,0.000000,0.000000,0.000000,0.000000,0.000000
1749018165.104799,113.733515,113.000000,90.000000,0.000000,0.000000,0.000000,0.000000,0.000000,0.000000,0.000000,0.000000
1749018165.136955,113.682269,113.000000,90.000000,0.000000,0.000000,0.000000,0.000000,0.000000,0.000000,0.000000,0.000000
1749018165.187470,113.341412,113.000000,90.000000,0.000000,0.000000,0.000000,0.000000,0.000000,0.000000,0.000000,0.000000
1749018165.204693,113.658127,113.000000,90.000000,0.000000,0.000000,0.000000,0.000000,0.000000,0.000000,0.000000,0.000000
1749018165.237927,113.937810,113.000000,90.000000,0.000000,0.000000,0.000000,0.000000,0.000000,0.000000,0.000000,0.000000
1749018165.271137,113.841801,113.000000,90.000000,0.000000,0.000000,0.000000,0.000000,0.000000,0.000000,0.000000,0.000000
1749018165.303653,113.605702,113.000000,90.000000,0.000000,0.000000,0.000000,0.000000,0.000000,0.000000,0.000000,0.000000
1749018165.336088,114.058818,113.000000,90.000000,0.000000,0.000000,0.000000,0.000000,0.000000,0.000000,0.000000,0.000000
1749018165.393073,113.759556,113.000000,90.000000,0.000000,0.000000,0.000000,0.000000,0.000000,0.000000,0.000000,0.000000
1749018165.413488,113.158047,113.000000,90.000000,0.000000,0.000000,0.000000,0.000000,0.000000,0.000000,0.000000,0.000000
1749018165.436104,113.932615,113.000000,90.000000,0.000000,0.000000,0.000000,0.000000,0.000000,0.000000,0.000000,0.000000
1749018165.469951,114.172627,113.000000,90.000000,0.000000,0.000000,0.000000,0.000000,0.000000,0.000000,0.000000,0.000000
1749018165.503721,114.490839,113.000000,90.000000,0.000000,0.000000,0.000000,0.000000,0.000000,0.000000,0.000000,0.000000
1749018165.543326,114.904712,113.000000,90.000000,0.000000,0.000000,0.000000,0.000000,0.000000,0.000000,0.000000,0.000000
1749018165.576281,114.126705,113.000000,90.000000,0.000000,0.000000,0.000000,0.000000,0.000000,0.000000,0.000000,0.000000
1749018165.604991,114.228558,113.000000,90.000000,0.000000,0.000000,0.000000,0.000000,0.000000,0.000000,0.000000,0.000000
1749018165.637656,114.268945,113.000000,90.000000,0.000000,0.000000,0.000000,0.000000,0.000000,0.000000,0.000000,0.000000
1749018165.674065,114.520745,113.000000,90.000000,0.000000,0.000000,0.000000,0.000000,0.000000,0.000000,0.000000,0.000000
1749018165.702042,114.238740,113.000000,90.000000,0.000000,0.000000,0.000000,0.000000,0.000000,0.000000,0.000000,0.000000
1749018165.759816,114.089922,113.000000,90.000000,0.000000,0.000000,0.000000,0.000000,0.000000,0.000000,0.000000,0.000000
1749018165.778321,113.774675,113.000000,90.000000,0.000000,0.000000,0.000000,0.000000,0.000000,0.000000,0.000000,0.000000
1749018165.801971,113.983329,113.000000,90.000000,0.000000,0.000000,0.000000,0.000000,0.000000,0.000000,0.000000,0.000000
1749018165.833931,114.217380,113.000000,90.000000,0.000000,0.000000,0.000000,0.000000,0.000000,0.000000,0.000000,0.000000
1749018165.893551,113.678040,113.000000,90.000000,0.000000,0.000000,0.000000,0.000000,0.000000,0.000000,0.000000,0.000000
1749018165.911953,113.677482,113.000000,90.000000,0.000000,0.000000,0.000000,0.000000,0.000000,0.000000,0.000000,0.000000
1749018165.938357,113.514413,113.000000,90.000000,0.000000,0.000000,0.000000,0.000000,0.000000,0.000000,0.000000,0.000000
1749018165.969906,113.599408,114.000000,90.000000,0.000000,0.000000,0.000000,0.000000,0.000000,0.000000,0.000000,0.000000
1749018166.003377,113.873743,114.000000,90.000000,0.000000,0.000000,0.000000,0.000000,0.000000,0.000000,0.000000,0.000000
1749018166.035806,113.728776,114.000000,90.000000,0.000000,0.000000,0.000000,0.000000,0.000000,0.000000,0.000000,0.000000
1749018166.070057,113.704382,114.000000,120.000000,0.000000,0.000000,0.000000,0.000000,0.000000,0.000000,0.000000,0.000000
1749018166.104461,114.402975,114.000000,90.000000,0.000000,0.000000,0.000000,0.000000,0.000000,0.000000,0.000000,0.000000
1749018166.138418,114.451649,114.000000,90.000000,0.000000,0.000000,0.000000,0.000000,0.000000,0.000000,0.000000,0.000000
1749018166.173845,113.795947,114.000000,90.000000,0.000000,0.000000,0.000000,0.000000,0.000000,0.000000,0.000000,0.000000
1749018166.205217,113.980859,114.000000,120.000000,0.000000,0.000000,0.000000,0.000000,0.000000,0.000000,0.000000,0.000000
1749018166.240784,113.481510,114.000000,90.000000,0.000000,0.000000,0.000000,0.000000,0.000000,0.000000,0.000000,0.000000
1749018166.275665,113.139905,114.000000,90.000000,0.000000,0.000000,0.000000,0.000000,0.000000,0.000000,0.000000,0.000000
1749018166.307165,113.566382,114.000000,90.000000,0.000000,0.000000,0.000000,0.000000,0.000000,0.000000,0.000000,0.000000
1749018166.339518,113.553696,114.000000,90.000000,0.000000,0.000000,0.000000,0.000000,0.000000,0.000000,0.000000,0.000000
1749018166.375536,113.620857,114.000000,90.000000,0.000000,0.000000,0.000000,0.000000,0.000000,0.000000,0.000000,0.000000
1749018166.403490,113.682634,114.000000,90.000000,0.000000,0.000000,0.000000,0.000000,0.000000,0.000000,0.000000,0.000000
1749018166.435102,113.284273,114.000000,90.000000,0.000000,0.000000,0.000000,0.000000,0.000000,0.000000,0.000000,0.000000
1749018166.470623,113.523136,114.000000,90.000000,0.000000,0.000000,0.000000,0.000000,0.000000,0.000000,0.000000,0.000000
1749018166.504462,113.178258,114.000000,90.000000,0.000000,0.000000,0.000000,0.000000,0.000000,0.000000,0.000000,0.000000
1749018166.536537,113.386859,114.000000,90.000000,0.000000,0.000000,0.000000,0.000000,0.000000,0.000000,0.000000,0.000000
1749018166.576067,113.002803,114.000000,90.000000,0.000000,0.000000,0.000000,0.000000,0.000000,0.000000,0.000000,0.000000
1749018166.607010,112.938094,114.000000,90.000000,0.000000,0.000000,0.000000,0.000000,0.000000,0.000000,0.000000,0.000000
1749018166.638937,112.852224,114.000000,90.000000,0.000000,0.000000,0.000000,0.000000,0.000000,0.000000,0.000000,0.000000
1749018166.677497,112.614850,114.000000,90.000000,0.000000,0.000000,0.000000,0.000000,0.000000,0.000000,0.000000,0.000000
1749018166.710097,112.006675,114.000000,90.000000,0.000000,0.000000,0.000000,0.000000,0.000000,0.000000,0.000000,0.000000
1749018166.736129,111.582314,114.000000,90.000000,0.000000,0.000000,0.000000,0.000000,0.000000,0.000000,0.000000,0.000000
1749018166.771962,111.414424,114.000000,90.000000,80.000000,80.000000,80.000000,80.000000,0.000000,0.000000,0.000000,0.000000
1749018166.804144,110.521865,114.000000,90.000000,80.000000,80.000000,80.000000,80.000000,0.000000,0.000000,0.000000,0.000000
1749018166.835902,109.673740,114.000000,90.000000,80.000000,80.000000,80.000000,80.000000,0.000000,0.000000,0.000000,0.000000
1749018166.873708,109.546939,114.000000,90.000000,80.000000,80.000000,80.000000,80.000000,0.000000,0.000000,0.000000,0.000000
1749018166.906059,108.701894,114.000000,90.000000,80.000000,80.000000,80.000000,80.000000,0.000000,0.000000,0.000000,0.000000
1749018166.939583,107.916628,114.000000,90.000000,80.000000,80.000000,80.000000,80.000000,0.000000,0.000000,0.000000,0.000000
1749018166.976575,107.564544,114.000000,90.000000,80.000000,80.000000,80.000000,80.000000,0.000000,0.000000,0.000000,0.000000
1749018167.007744,107.194821,114.000000,90.000000,80.000000,80.000000,80.000000,80.000000,0.000000,0.000000,0.000000,0.000000
1749018167.037155,105.673937,114.000000,90.000000,80.000000,80.000000,80.000000,80.000000,0.000000,0.000000,0.000000,0.000000
1749018167.078012,106.103809,114.000000,90.000000,80.000000,80.000000,80.000000,80.000000,0.000000,0.000000,0.000000,0.000000
1749018167.109108,105.599895,114.000000,90.000000,80.000000,80.000000,80.000000,80.000000,0.000000,0.000000,0.000000,0.000000
1749018167.150768,104.824085,114.000000,90.000000,80.000000,80.000000,80.000000,80.000000,0.000000,0.000000,0.000000,0.000000
1749018167.170793,103.984847,114.000000,90.000000,80.000000,80.000000,80.000000,80.000000,0.000000,0.000000,0.000000,0.000000
1749018167.201869,103.740795,114.000000,90.000000,80.000000,80.000000,80.000000,80.000000,0.000000,0.000000,0.000000,0.000000
1749018167.235133,102.947550,114.000000,90.000000,80.000000,80.000000,80.000000,80.000000,0.000000,0.000000,0.000000,0.000000
1749018167.269879,101.234414,114.000000,90.000000,80.000000,80.000000,80.000000,80.000000,0.000000,0.000000,0.000000,0.000000
1749018167.301809,100.870815,114.000000,90.000000,80.000000,80.000000,80.000000,80.000000,0.000000,0.000000,0.000000,0.000000
1749018167.334313,100.586052,114.000000,90.000000,80.000000,80.000000,80.000000,80.000000,0.000000,0.000000,0.000000,0.000000
1749018167.372828,99.843614,114.000000,90.000000,80.000000,80.000000,80.000000,80.000000,0.000000,0.000000,0.000000,0.000000
1749018167.409252,98.696307,114.000000,90.000000,80.000000,80.000000,80.000000,80.000000,0.000000,0.000000,0.000000,0.000000
1749018167.440493,98.297453,114.000000,90.000000,80.000000,80.000000,80.000000,80.000000,0.000000,0.000000,0.000000,0.000000
1749018167.477208,98.046350,114.000000,90.000000,80.000000,80.000000,80.000000,80.000000,0.000000,0.000000,0.000000,0.000000
1749018167.510551,97.777319,114.000000,90.000000,80.000000,80.000000,80.000000,80.000000,0.000000,0.000000,0.000000,0.000000
1749018167.536579,96.717618,114.000000,90.000000,80.000000,80.000000,80.000000,80.000000,0.000000,0.000000,0.000000,0.000000
1749018167.573851,95.838779,114.000000,90.000000,80.000000,80.000000,80.000000,80.000000,0.000000,0.000000,0.000000,0.000000
1749018167.606288,96.024145,114.000000,90.000000,80.000000,80.000000,80.000000,80.000000,0.000000,0.000000,0.000000,0.000000
1749018167.637213,95.388449,114.000000,90.000000,80.000000,80.000000,80.000000,80.000000,0.000000,0.000000,0.000000,0.000000
1749018167.674505,95.078317,114.000000,90.000000,80.000000,80.000000,80.000000,80.000000,0.000000,0.000000,0.000000,0.000000
1749018167.705746,94.807765,114.000000,90.000000,80.000000,80.000000,80.000000,80.000000,0.000000,0.000000,0.000000,0.000000
1749018167.742430,94.296981,114.000000,90.000000,80.000000,80.000000,80.000000,80.000000,0.000000,0.000000,0.000000,0.000000
1749018167.775089,94.014527,114.000000,90.000000,80.000000,80.000000,80.000000,80.000000,0.000000,0.000000,0.000000,0.000000
1749018167.806283,93.335893,114.000000,90.000000,80.000000,80.000000,80.000000,80.000000,0.000000,0.000000,0.000000,0.000000
1749018167.839336,92.447327,114.000000,90.000000,80.000000,80.000000,80.000000,80.000000,0.000000,0.000000,0.000000,0.000000
1749018167.874761,92.447871,114.000000,90.000000,80.000000,80.000000,80.000000,80.000000,0.000000,0.000000,0.000000,0.000000
1749018167.907890,91.973875,114.000000,90.000000,80.000000,80.000000,80.000000,80.000000,0.000000,0.000000,0.000000,0.000000
1749018167.943406,91.227305,114.000000,90.000000,80.000000,80.000000,80.000000,80.000000,0.000000,0.000000,0.000000,0.000000
1749018167.976749,91.157307,114.000000,90.000000,80.000000,80.000000,80.000000,80.000000,0.000000,0.000000,0.000000,0.000000
1749018168.005932,90.451879,114.000000,90.000000,80.000000,80.000000,80.000000,80.000000,0.000000,0.000000,0.000000,0.000000
1749018168.037516,89.945622,114.000000,90.000000,80.000000,80.000000,80.000000,80.000000,0.000000,0.000000,0.000000,0.000000
1749018168.073542,89.134521,114.000000,90.000000,80.000000,80.000000,80.000000,80.000000,0.000000,0.000000,0.000000,0.000000
1749018168.109044,89.007830,114.000000,90.000000,80.000000,80.000000,80.000000,80.000000,0.000000,0.000000,0.000000,0.000000
1749018168.141178,89.324165,114.000000,90.000000,80.000000,80.000000,80.000000,80.000000,0.000000,0.000000,0.000000,0.000000
1749018168.176735,89.297292,114.000000,90.000000,80.000000,80.000000,80.000000,80.000000,0.000000,0.000000,0.000000,0.000000
1749018168.209463,88.462391,114.000000,90.000000,80.000000,80.000000,80.000000,80.000000,0.000000,0.000000,0.000000,0.000000
1749018168.237225,88.332191,114.000000,90.000000,80.000000,80.000000,80.000000,80.000000,0.000000,0.000000,0.000000,0.000000
1749018168.271690,88.504685,114.000000,90.000000,80.000000,80.000000,80.000000,80.000000,0.000000,0.000000,0.000000,0.000000
1749018168.305998,87.706698,114.000000,90.000000,80.000000,80.000000,80.000000,80.000000,0.000000,0.000000,0.000000,0.000000
1749018168.335960,88.992296,114.000000,90.000000,80.000000,80.000000,80.000000,80.000000,0.000000,0.000000,0.000000,0.000000
1749018168.369943,88.378044,114.000000,90.000000,80.000000,80.000000,80.000000,80.000000,0.000000,0.000000,0.000000,0.000000
1749018168.401974,88.502926,114.000000,90.000000,80.000000,80.000000,80.000000,80.000000,0.000000,0.000000,0.000000,0.000000
1749018168.437052,89.218699,114.000000,90.000000,80.000000,80.000000,80.000000,80.000000,0.000000,0.000000,0.000000,0.000000
1749018168.475831,90.225704,114.000000,90.000000,80.000000,80.000000,80.000000,80.000000,0.000000,0.000000,0.000000,0.000000
1749018168.507093,90.260427,114.000000,90.000000,80.000000,80.000000,80.000000,80.000000,0.000000,0.000000,0.000000,0.000000
1749018168.539597,89.894840,114.000000,90.000000,80.000000,80.000000,80.000000,80.000000,0.000000,0.000000,0.000000,0.000000
1749018168.572616,90.899285,114.000000,90.000000,80.000000,80.000000,80.000000,80.000000,0.000000,0.000000,0.000000,0.000000
1749018168.605373,90.793525,114.000000,90.000000,80.000000,80.000000,80.000000,80.000000,0.000000,0.000000,0.000000,0.000000
1749018168.638955,91.830914,114.000000,90.000000,80.000000,80.000000,80.000000,80.000000,0.000000,0.000000,0.000000,0.000000
1749018168.673695,92.880208,114.000000,90.000000,80.000000,80.000000,80.000000,80.000000,0.000000,0.000000,0.000000,0.000000
1749018168.702030,93.344563,114.000000,90.000000,80.000000,80.000000,80.000000,80.000000,0.000000,0.000000,0.000000,0.000000
1749018168.735977,93.177790,114.000000,90.000000,80.000000,80.000000,80.000000,80.000000,0.000000,0.000000,0.000000,0.000000
1749018168.771654,93.445861,114.000000,90.000000,80.000000,80.000000,80.000000,80.000000,0.000000,0.000000,0.000000,0.000000
1749018168.824049,95.363008,114.000000,90.000000,80.000000,80.000000,80.000000,80.000000,0.000000,0.000000,0.000000,0.000000
1749018168.843112,94.979399,114.000000,90.000000,80.000000,80.000000,80.000000,80.000000,0.000000,0.000000,0.000000,0.000000
1749018168.872847,95.828013,114.000000,90.000000,80.000000,80.000000,80.000000,80.000000,0.000000,0.000000,0.000000,0.000000
1749018168.905464,95.902135,114.000000,90.000000,80.000000,80.000000,80.000000,80.000000,0.000000,0.000000,0.000000,0.000000
1749018168.937275,97.280622,114.000000,90.000000,80.000000,80.000000,80.000000,80.000000,0.000000,0.000000,0.000000,0.000000
1749018168.974183,97.822915,114.000000,90.000000,80.000000,80.000000,80.000000,80.000000,0.000000,0.000000,0.000000,0.000000
1749018169.007523,97.988452,114.000000,90.000000,80.000000,80.000000,80.000000,80.000000,0.000000,0.000000,0.000000,0.000000
1749018169.038733,98.722775,114.000000,90.000000,80.000000,80.000000,80.000000,80.000000,0.000000,0.000000,0.000000,0.000000
1749018169.075441,98.202625,114.000000,90.000000,80.000000,80.000000,80.000000,80.000000,0.000000,0.000000,0.000000,0.000000
1749018169.107797,99.983513,114.000000,90.000000,80.000000,80.000000,80.000000,80.000000,0.000000,0.000000,0.000000,0.000000
1749018169.141702,101.212732,114.000000,90.000000,80.000000,80.000000,80.000000,80.000000,0.000000,0.000000,0.000000,0.000000
1749018169.171498,101.059100,114.000000,90.000000,80.000000,80.000000,80.000000,80.000000,0.000000,0.000000,0.000000,0.000000
1749018169.207679,100.903933,114.000000,90.000000,80.000000,80.000000,80.000000,80.000000,0.000000,0.000000,0.000000,0.000000
1749018169.240617,101.824200,114.000000,90.000000,80.000000,80.000000,80.000000,80.000000,0.000000,0.000000,0.000000,0.000000
1749018169.271857,103.135673,114.000000,90.000000,80.000000,80.000000,80.000000,80.000000,0.000000,0.000000,0.000000,0.000000
1749018169.303752,102.878355,114.000000,90.000000,80.000000,80.000000,80.000000,80.000000,0.000000,0.000000,0.000000,0.000000
1749018169.336172,103.227465,114.000000,90.000000,80.000000,80.000000,80.000000,80.000000,0.000000,0.000000,0.000000,0.000000
1749018169.370967,103.551582,114.000000,90.000000,80.000000,80.000000,80.000000,80.000000,0.000000,0.000000,0.000000,0.000000
1749018169.403038,104.555942,114.000000,90.000000,80.000000,80.000000,80.000000,80.000000,0.000000,0.000000,0.000000,0.000000
1749018169.435006,104.896383,114.000000,90.000000,80.000000,80.000000,80.000000,80.000000,0.000000,0.000000,0.000000,0.000000
1749018169.472631,105.383160,114.000000,90.000000,80.000000,80.000000,80.000000,80.000000,0.000000,0.000000,0.000000,0.000000
1749018169.505006,105.181275,114.000000,90.000000,80.000000,80.000000,80.000000,80.000000,0.000000,0.000000,0.000000,0.000000
1749018169.538508,104.576742,114.000000,90.000000,80.000000,80.000000,80.000000,80.000000,0.000000,0.000000,0.000000,0.000000
1749018169.570658,106.075990,114.000000,90.000000,80.000000,80.000000,80.000000,80.000000,0.000000,0.000000,0.000000,0.000000
1749018169.602515,106.442793,114.000000,90.000000,80.000000,80.000000,80.000000,80.000000,0.000000,0.000000,0.000000,0.000000
1749018169.634862,106.560690,114.000000,90.000000,80.000000,80.000000,80.000000,80.000000,0.000000,0.000000,0.000000,0.000000
1749018169.673481,106.679889,114.000000,90.000000,80.000000,80.000000,80.000000,80.000000,0.000000,0.000000,0.000000,0.000000
1749018169.704987,106.051006,114.000000,90.000000,80.000000,80.000000,80.000000,80.000000,0.000000,0.000000,0.000000,0.000000
1749018169.744575,106.852164,114.000000,90.000000,80.000000,80.000000,80.000000,80.000000,0.000000,0.000000,0.000000,0.000000
1749018169.773594,107.771300,114.000000,90.000000,80.000000,80.000000,80.000000,80.000000,0.000000,0.000000,0.000000,0.000000
1749018169.805771,107.811755,114.000000,90.000000,80.000000,80.000000,80.000000,80.000000,0.000000,0.000000,0.000000,0.000000
1749018169.837595,108.069559,114.000000,90.000000,80.000000,80.000000,80.000000,80.000000,0.000000,0.000000,0.000000,0.000000
1749018169.875930,108.286328,114.000000,90.000000,80.000000,80.000000,80.000000,80.000000,0.000000,0.000000,0.000000,0.000000
1749018169.904510,109.068459,114.000000,90.000000,80.000000,80.000000,80.000000,80.000000,0.000000,0.000000,0.000000,0.000000
1749018169.934921,109.844918,114.000000,90.000000,80.000000,80.000000,80.000000,80.000000,0.000000,0.000000,0.000000,0.000000
1749018169.972446,109.852590,114.000000,90.000000,80.000000,80.000000,80.000000,80.000000,0.000000,0.000000,0.000000,0.000000
1749018170.003457,109.432372,114.000000,90.000000,80.000000,80.000000,80.000000,80.000000,0.000000,0.000000,0.000000,0.000000
1749018170.037202,109.996185,114.000000,90.000000,80.000000,80.000000,80.000000,80.000000,0.000000,0.000000,0.000000,0.000000
1749018170.078350,110.477294,114.000000,90.000000,80.000000,80.000000,80.000000,80.000000,0.000000,0.000000,0.000000,0.000000
1749018170.109272,110.960696,114.000000,90.000000,80.000000,80.000000,80.000000,80.000000,0.000000,0.000000,0.000000,0.000000
1749018170.138800,110.957319,114.000000,90.000000,80.000000,80.000000,80.000000,80.000000,0.000000,0.000000,0.000000,0.000000
1749018170.174535,110.791694,114.000000,90.000000,80.000000,80.000000,80.000000,80.000000,0.000000,0.000000,0.000000,0.000000
1749018170.206839,111.772547,114.000000,90.000000,0.000000,0.000000,0.000000,0.000000,0.000000,0.000000,0.000000,0.000000
1749018170.241085,111.380821,114.000000,90.000000,80.000000,80.000000,80.000000,80.000000,0.000000,0.000000,0.000000,0.000000
1749018170.270937,111.661076,114.000000,90.000000,0.000000,0.000000,0.000000,0.000000,0.000000,0.000000,0.000000,0.000000
1749018170.301929,112.330973,114.000000,90.000000,0.000000,0.000000,0.000000,0.000000,0.000000,0.000000,0.000000,0.000000
1749018170.335469,112.685109,114.000000,90.000000,0.000000,0.000000,0.000000,0.000000,0.000000,0.000000,0.000000,0.000000
1749018170.371966,113.561082,114.000000,90.000000,0.000000,0.000000,0.000000,0.000000,0.000000,0.000000,0.000000,0.000000
1749018170.405572,113.544446,114.000000,90.000000,0.000000,0.000000,0.000000,0.000000,0.000000,0.000000,0.000000,0.000000
1749018170.438761,113.733010,114.000000,90.000000,0.000000,0.000000,0.000000,0.000000,0.000000,0.000000,0.000000,0.000000
1749018170.474991,114.077397,114.000000,90.000000,0.000000,0.000000,0.000000,0.000000,0.000000,0.000000,0.000000,0.000000
1749018170.507427,114.726386,114.000000,90.000000,0.000000,0.000000,0.000000,0.000000,0.000000,0.000000,0.000000,0.000000
1749018170.539779,114.944004,114.000000,90.000000,0.000000,0.000000,0.000000,0.000000,0.000000,0.000000,0.000000,0.000000
1749018170.577014,114.583958,114.000000,90.000000,0.000000,0.000000,0.000000,0.000000,0.000000,0.000000,0.000000,0.000000
1749018170.607661,114.802055,114.000000,90.000000,0.000000,0.000000,0.000000,0.000000,0.000000,0.000000,0.000000,0.000000
1749018170.634116,115.799573,114.000000,90.000000,0.000000,0.000000,0.000000,0.000000,0.000000,0.000000,0.000000,0.000000
1749018170.669541,116.004817,114.000000,90.000000,0.000000,0.000000,0.000000,0.000000,0.000000,0.000000,0.000000,0.000000
1749018170.703660,114.958369,114.000000,90.000000,0.000000,0.000000,0.000000,0.000000,0.000000,0.000000,0.000000,0.000000
1749018170.737479,115.745137,114.000000,90.000000,0.000000,0.000000,0.000000,0.000000,0.000000,0.000000,0.000000,0.000000
1749018170.773870,115.757880,114.000000,90.000000,0.000000,0.000000,0.000000,0.000000,0.000000,0.000000,0.000000,0.000000
1749018170.805489,115.892433,94.000000,90.000000,0.000000,0.000000,0.000000,0.000000,0.000000,0.000000,0.000000,0.000000
1749018170.839779,115.763099,94.000000,90.000000,0.000000,0.000000,0.000000,0.000000,0.000000,0.000000,0.000000,0.000000
1749018170.874967,115.823601,94.000000,90.000000,0.000000,0.000000,0.000000,0.000000,0.000000,0.000000,0.000000,0.000000
1749018170.906877,115.891039,94.000000,120.000000,0.000000,0.000000,0.000000,0.000000,0.000000,0.000000,0.000000,0.000000
1749018170.942088,116.456119,94.000000,90.000000,0.000000,0.000000,0.000000,0.000000,0.000000,0.000000,0.000000,0.000000
1749018170.976267,116.646908,94.000000,90.000000,0.000000,0.000000,0.000000,0.000000,0.000000,0.000000,0.000000,0.000000
1749018171.007312,116.303879,94.000000,90.000000,0.000000,0.000000,0.000000,0.000000,0.000000,0.000000,0.000000,0.000000
1749018171.038468,116.447874,94.000000,120.000000,0.000000,0.000000,0.000000,0.000000,0.000000,0.000000,0.000000,0.000000
1749018171.074435,116.874665,94.000000,90.000000,0.000000,0.000000,0.000000,0.000000,182.000000,182.000000,182.000000,182.000000
1749018171.107053,117.291679,94.000000,90.000000,0.000000,0.000000,0.000000,0.000000,186.000000,186.000000,186.000000,186.000000
1749018171.139010,117.053604,94.000000,90.000000,0.000000,0.000000,0.000000,0.000000,184.000000,184.000000,184.000000,184.000000
1749018171.175418,116.713249,94.000000,90.000000,0.000000,0.000000,0.000000,0.000000,181.000000,181.000000,181.000000,181.000000
1749018171.203886,116.865558,94.000000,90.000000,0.000000,0.000000,0.000000,0.000000,182.000000,182.000000,182.000000,182.000000
1749018171.235652,116.769515,94.000000,90.000000,0.000000,0.000000,0.000000,0.000000,182.000000,182.000000,182.000000,182.000000
1749018171.273612,116.654321,94.000000,90.000000,0.000000,0.000000,0.000000,0.000000,181.000000,181.000000,181.000000,181.000000
1749018171.304825,116.583932,94.000000,90.000000,0.000000,0.000000,0.000000,0.000000,180.000000,180.000000,180.000000,180.000000
1749018171.356876,116.978558,94.000000,90.000000,0.000000,0.000000,0.000000,0.000000,183.000000,183.000000,183.000000,183.000000
1749018171.375750,117.009320,94.000000,90.000000,0.000000,0.000000,0.000000,0.000000,184.000000,184.000000,184.000000,184.000000
1749018171.402816,117.649229,94.000000,90.000000,0.000000,0.000000,0.000000,0.000000,189.000000,189.000000,189.000000,189.000000
1749018171.434799,117.391325,94.000000,90.000000,0.000000,0.000000,0.000000,0.000000,187.000000,187.000000,187.000000,187.000000
1749018171.471445,117.186632,94.000000,90.000000,0.000000,0.000000,0.000000,0.000000,185.000000,185.000000,185.000000,185.000000
1749018171.503435,118.283146,94.000000,90.000000,0.000000,0.000000,0.000000,0.000000,194.000000,194.000000,194.000000,194.000000
1749018171.536381,118.663712,94.000000,90.000000,0.000000,0.000000,0.000000,0.000000,197.000000,197.000000,197.000000,197.000000
1749018171.573770,118.905080,94.000000,90.000000,0.000000,0.000000,0.000000,0.000000,199.000000,199.000000,199.000000,199.000000
1749018171.606352,119.099529,94.000000,90.000000,0.000000,0.000000,0.000000,0.000000,200.000000,200.000000,200.000000,200.000000
1749018171.638978,118.776017,94.000000,90.000000,0.000000,0.000000,0.000000,0.000000,198.000000,198.000000,198.000000,198.000000
1749018171.675621,119.385452,94.000000,90.000000,0.000000,0.000000,0.000000,0.000000,203.000000,203.000000,203.000000,203.000000
1749018171.707594,120.239444,94.000000,90.000000,0.000000,0.000000,0.000000,0.000000,209.000000,209.000000,209.000000,209.000000
1749018171.745769,120.076220,94.000000,90.000000,0.000000,0.000000,0.000000,0.000000,208.000000,208.000000,208.000000,208.000000
1749018171.777322,121.178206,94.000000,90.000000,0.000000,0.000000,0.000000,0.000000,217.000000,217.000000,217.000000,217.000000
1749018171.807561,121.402222,94.000000,90.000000,0.000000,0.000000,0.000000,0.000000,219.000000,219.000000,219.000000,219.000000
1749018171.837466,122.104577,94.000000,90.000000,0.000000,0.000000,0.000000,0.000000,224.000000,224.000000,224.000000,224.000000
1749018171.870001,122.868744,94.000000,90.000000,0.000000,0.000000,0.000000,0.000000,230.000000,230.000000,230.000000,230.000000
1749018171.902539,123.978364,94.000000,90.000000,0.000000,0.000000,0.000000,0.000000,239.000000,239.000000,239.000000,239.000000
1749018171.935529,124.986402,94.000000,90.000000,0.000000,0.000000,0.000000,0.000000,247.000000,247.000000,247.000000,247.000000
1749018171.976861,125.973096,94.000000,90.000000,0.000000,0.000000,0.000000,0.000000,250.000000,250.000000,250.000000,250.000000
1749018172.008499,126.269438,94.000000,90.000000,0.000000,0.000000,0.000000,0.000000,250.000000,250.000000,250.000000,250.000000
1749018172.038315,126.448490,94.000000,90.000000,0.000000,0.000000,0.000000,0.000000,250.000000,250.000000,250.000000,250.000000
1749018172.074023,126.791363,94.000000,90.000000,0.000000,0.000000,0.000000,0.000000,250.000000,250.000000,250.000000,250.000000
1749018172.107321,126.948131,94.000000,90.000000,0.000000,0.000000,0.000000,0.000000,250.000000,250.000000,250.000000,250.000000
1749018172.141004,127.261470,94.000000,90.000000,0.000000,0.000000,0.000000,0.000000,250.000000,250.000000,250.000000,250.000000
1749018172.175529,127.821249,94.000000,90.000000,0.000000,0.000000,0.000000,0.000000,250.000000,250.000000,250.000000,250.000000
1749018172.208995,127.770296,94.000000,90.000000,0.000000,0.000000,0.000000,0.000000,250.000000,250.000000,250.000000,250.000000
1749018172.239123,128.361332,94.000000,90.000000,0.000000,0.000000,0.000000,0.000000,250.000000,250.000000,250.000000,250.000000
1749018172.275000,128.407387,94.000000,90.000000,0.000000,0.000000,0.000000,0.000000,250.000000,250.000000,250.000000,250.000000
1749018172.305744,128.755962,94.000000,90.000000,0.000000,0.000000,0.000000,0.000000,250.000000,250.000000,250.000000,250.000000
1749018172.337893,128.852364,94.000000,90.000000,0.000000,0.000000,0.000000,0.000000,250.000000,250.000000,250.000000,250.000000
1749018172.376396,129.748098,94.000000,90.000000,0.000000,0.000000,0.000000,0.000000,250.000000,250.000000,250.000000,250.000000
1749018172.407931,130.174935,94.000000,90.000000,0.000000,0.000000,0.000000,0.000000,250.000000,250.000000,250.000000,250.000000
1749018172.441898,129.613849,94.000000,90.000000,0.000000,0.000000,0.000000,0.000000,250.000000,250.000000,250.000000,250.000000
1749018172.477776,129.627344,94.000000,90.000000,0.000000,0.000000,0.000000,0.000000,250.000000,250.000000,250.000000,250.000000
1749018172.507847,129.881388,94.000000,90.000000,0.000000,0.000000,0.000000,0.000000,250.000000,250.000000,250.000000,250.000000
1749018172.542735,129.493996,94.000000,90.000000,0.000000,0.000000,0.000000,0.000000,250.000000,250.000000,250.000000,250.000000
1749018172.573754,128.817641,94.000000,90.000000,0.000000,0.000000,0.000000,0.000000,250.000000,250.000000,250.000000,250.000000
1749018172.602900,127.981356,94.000000,90.000000,0.000000,0.000000,0.000000,0.000000,250.000000,250.000000,250.000000,250.000000
1749018172.635699,127.372047,94.000000,90.000000,0.000000,0.000000,0.000000,0.000000,250.000000,250.000000,250.000000,250.000000
1749018172.673904,126.185263,94.000000,90.000000,0.000000,0.000000,0.000000,0.000000,250.000000,250.000000,250.000000,250.000000
1749018172.704733,125.890362,94.000000,90.000000,0.000000,0.000000,0.000000,0.000000,250.000000,250.000000,250.000000,250.000000
1749018172.740331,125.158524,94.000000,90.000000,0.000000,0.000000,0.000000,0.000000,249.000000,249.000000,249.000000,249.000000
1749018172.776512,123.870523,94.000000,90.000000,0.000000,0.000000,0.000000,0.000000,238.000000,238.000000,238.000000,238.000000
1749018172.807582,122.862482,94.000000,90.000000,0.000000,0.000000,0.000000,0.000000,230.000000,230.000000,230.000000,230.000000
1749018172.836301,121.679565,94.000000,90.000000,0.000000,0.000000,0.000000,0.000000,221.000000,221.000000,221.000000,221.000000
1749018172.878811,120.287441,94.000000,90.000000,0.000000,0.000000,0.000000,0.000000,210.000000,210.000000,210.000000,210.000000
1749018172.908703,119.347292,94.000000,90.000000,0.000000,0.000000,0.000000,0.000000,202.000000,202.000000,202.000000,202.000000
1749018172.934966,118.406596,94.000000,90.000000,0.000000,0.000000,0.000000,0.000000,195.000000,195.000000,195.000000,195.000000
1749018172.970711,117.517252,94.000000,90.000000,0.000000,0.000000,0.000000,0.000000,188.000000,188.000000,188.000000,188.000000
1749018173.004472,116.655827,94.000000,90.000000,0.000000,0.000000,0.000000,0.000000,181.000000,181.000000,181.000000,181.000000
1749018173.037177,115.450447,94.000000,90.000000,0.000000,0.000000,0.000000,0.000000,171.000000,171.000000,171.000000,171.000000
1749018173.076972,114.171713,94.000000,90.000000,0.000000,0.000000,0.000000,0.000000,161.000000,161.000000,161.000000,161.000000
1749018173.108299,112.657434,94.000000,90.000000,0.000000,0.000000,0.000000,0.000000,149.000000,149.000000,149.000000,149.000000
1749018173.141242,112.004801,94.000000,90.000000,0.000000,0.000000,0.000000,0.000000,144.000000,144.000000,144.000000,144.000000
1749018173.176806,111.361256,94.000000,90.000000,0.000000,0.000000,0.000000,0.000000,138.000000,138.000000,138.000000,138.000000
1749018173.208328,110.417567,94.000000,90.000000,0.000000,0.000000,0.000000,0.000000,131.000000,131.000000,131.000000,131.000000
1749018173.238324,108.422853,94.000000,90.000000,0.000000,0.000000,0.000000,0.000000,120.000000,120.000000,120.000000,120.000000
1749018173.270809,107.421152,94.000000,90.000000,0.000000,0.000000,0.000000,0.000000,120.000000,120.000000,120.000000,120.000000
1749018173.302495,106.742867,94.000000,90.000000,0.000000,0.000000,0.000000,0.000000,120.000000,120.000000,120.000000,120.000000
1749018173.335955,105.379472,94.000000,90.000000,0.000000,0.000000,0.000000,0.000000,120.000000,120.000000,120.000000,120.000000
1749018173.371911,104.570681,94.000000,90.000000,0.000000,0.000000,0.000000,0.000000,120.000000,120.000000,120.000000,120.000000
1749018173.404742,103.484323,94.000000,90.000000,0.000000,0.000000,0.000000,0.000000,120.000000,120.000000,120.000000,120.000000
1749018173.437503,102.343975,94.000000,90.000000,0.000000,0.000000,0.000000,0.000000,120.000000,120.000000,120.000000,120.000000
1749018173.475715,102.002831,94.000000,90.000000,0.000000,0.000000,0.000000,0.000000,120.000000,120.000000,120.000000,120.000000
1749018173.506628,101.416885,94.000000,90.000000,0.000000,0.000000,0.000000,0.000000,120.000000,120.000000,120.000000,120.000000
1749018173.540023,100.446008,94.000000,90.000000,0.000000,0.000000,0.000000,0.000000,120.000000,120.000000,120.000000,120.000000
1749018173.574661,99.376651,94.000000,90.000000,0.000000,0.000000,0.000000,0.000000,120.000000,120.000000,120.000000,120.000000
1749018173.606510,98.994507,94.000000,90.000000,0.000000,0.000000,0.000000,0.000000,120.000000,120.000000,120.000000,120.000000
1749018173.638970,98.527801,94.000000,90.000000,0.000000,0.000000,0.000000,0.000000,120.000000,120.000000,120.000000,120.000000
1749018173.675408,97.786860,94.000000,90.000000,0.000000,0.000000,0.000000,0.000000,120.000000,120.000000,120.000000,120.000000
1749018173.708044,96.973073,94.000000,90.000000,0.000000,0.000000,0.000000,0.000000,120.000000,120.000000,120.000000,120.000000
1749018173.743999,97.126633,94.000000,90.000000,0.000000,0.000000,0.000000,0.000000,120.000000,120.000000,120.000000,120.000000
1749018173.775404,96.361605,94.000000,90.000000,0.000000,0.000000,0.000000,0.000000,0.000000,0.000000,0.000000,0.000000
1749018173.807163,95.526394,94.000000,90.000000,0.000000,0.000000,0.000000,0.000000,0.000000,0.000000,0.000000,0.000000
1749018173.838857,94.822541,94.000000,90.000000,0.000000,0.000000,0.000000,0.000000,0.000000,0.000000,0.000000,0.000000
1749018173.876091,94.176554,94.000000,90.000000,0.000000,0.000000,0.000000,0.000000,0.000000,0.000000,0.000000,0.000000
1749018173.906368,93.025947,94.000000,90.000000,0.000000,0.000000,0.000000,0.000000,0.000000,0.000000,0.000000,0.000000
1749018173.939252,92.471615,94.000000,90.000000,0.000000,0.000000,0.000000,0.000000,0.000000,0.000000,0.000000,0.000000
1749018173.975822,91.862563,94.000000,90.000000,0.000000,0.000000,0.000000,0.000000,0.000000,0.000000,0.000000,0.000000
1749018174.005892,91.575009,94.000000,90.000000,0.000000,0.000000,0.000000,0.000000,0.000000,0.000000,0.000000,0.000000
1749018174.037152,91.830720,94.000000,90.000000,0.000000,0.000000,0.000000,0.000000,0.000000,0.000000,0.000000,0.000000
1749018174.073530,91.096762,94.000000,90.000000,80.000000,80.000000,80.000000,80.000000,0.000000,0.000000,0.000000,0.000000
1749018174.107992,90.649121,94.000000,90.000000,80.000000,80.000000,80.000000,80.000000,0.000000,0.000000,0.000000,0.000000
1749018174.138279,89.809173,94.000000,90.000000,80.000000,80.000000,80.000000,80.000000,0.000000,0.000000,0.000000,0.000000
1749018174.170092,89.332978,94.000000,90.000000,80.000000,80.000000,80.000000,80.000000,0.000000,0.000000,0.000000,0.000000
1749018174.202028,88.887431,94.000000,90.000000,80.000000,80.000000,80.000000,80.000000,0.000000,0.000000,0.000000,0.000000
1749018174.236427,88.876588,94.000000,90.000000,80.000000,80.000000,80.000000,80.000000,0.000000,0.000000,0.000000,0.000000
1749018174.272965,88.871372,94.000000,90.000000,80.000000,80.000000,80.000000,80.000000,0.000000,0.000000,0.000000,0.000000
1749018174.304551,88.241375,94.000000,90.000000,80.000000,80.000000,80.000000,80.000000,0.000000,0.000000,0.000000,0.000000
1749018174.337700,88.076792,94.000000,90.000000,80.000000,80.000000,80.000000,80.000000,0.000000,0.000000,0.000000,0.000000
1749018174.373663,87.369942,94.000000,90.000000,80.000000,80.000000,80.000000,80.000000,0.000000,0.000000,0.000000,0.000000
1749018174.404958,87.407924,94.000000,90.000000,80.000000,80.000000,80.000000,80.000000,0.000000,0.000000,0.000000,0.000000
1749018174.437889,87.406051,94.000000,90.000000,80.000000,80.000000,80.000000,80.000000,0.000000,0.000000,0.000000,0.000000
1749018174.474956,87.375112,94.000000,90.000000,80.000000,80.000000,80.000000,80.000000,0.000000,0.000000,0.000000,0.000000
1749018174.505027,87.544623,94.000000,90.000000,80.000000,80.000000,80.000000,80.000000,0.000000,0.000000,0.000000,0.000000
1749018174.534956,87.170378,94.000000,90.000000,80.000000,80.000000,80.000000,80.000000,0.000000,0.000000,0.000000,0.000000
1749018174.572474,87.550593,94.000000,90.000000,80.000000,80.000000,80.000000,80.000000,0.000000,0.000000,0.000000,0.000000
1749018174.606868,87.033528,94.000000,90.000000,80.000000,80.000000,80.000000,80.000000,0.000000,0.000000,0.000000,0.000000
1749018174.640631,86.613692,94.000000,90.000000,80.000000,80.000000,80.000000,80.000000,0.000000,0.000000,0.000000,0.000000
1749018174.674592,86.812689,94.000000,90.000000,80.000000,80.000000,80.000000,80.000000,0.000000,0.000000,0.000000,0.000000
1749018174.706687,87.808148,94.000000,90.000000,80.000000,80.000000,80.000000,80.000000,0.000000,0.000000,0.000000,0.000000
1749018174.761108,88.288147,94.000000,90.000000,80.000000,80.000000,80.000000,80.000000,0.000000,0.000000,0.000000,0.000000
1749018174.782057,88.210564,94.000000,90.000000,80.000000,80.000000,80.000000,80.000000,0.000000,0.000000,0.000000,0.000000
1749018174.809522,88.510555,94.000000,90.000000,80.000000,80.000000,80.000000,80.000000,0.000000,0.000000,0.000000,0.000000
1749018174.838093,88.626353,94.000000,90.000000,80.000000,80.000000,80.000000,80.000000,0.000000,0.000000,0.000000,0.000000
1749018174.869741,89.067997,94.000000,90.000000,80.000000,80.000000,80.000000,80.000000,0.000000,0.000000,0.000000,0.000000
1749018174.902030,89.870496,94.000000,90.000000,80.000000,80.000000,80.000000,80.000000,0.000000,0.000000,0.000000,0.000000
1749018174.934502,91.154120,94.000000,90.000000,80.000000,80.000000,80.000000,80.000000,0.000000,0.000000,0.000000,0.000000
1749018174.971893,92.346522,94.000000,90.000000,0.000000,0.000000,0.000000,0.000000,0.000000,0.000000,0.000000,0.000000
1749018175.004555,92.388965,94.000000,90.000000,0.000000,0.000000,0.000000,0.000000,0.000000,0.000000,0.000000,0.000000
1749018175.040883,92.676470,94.000000,90.000000,0.000000,0.000000,0.000000,0.000000,0.000000,0.000000,0.000000,0.000000
1749018175.078454,93.814475,94.000000,90.000000,0.000000,0.000000,0.000000,0.000000,0.000000,0.000000,0.000000,0.000000
1749018175.110223,94.451950,94.000000,90.000000,0.000000,0.000000,0.000000,0.000000,0.000000,0.000000,0.000000,0.000000
1749018175.138945,94.520803,94.000000,90.000000,0.000000,0.000000,0.000000,0.000000,0.000000,0.000000,0.000000,0.000000
1749018175.174280,95.067045,94.000000,90.000000,0.000000,0.000000,0.000000,0.000000,0.000000,0.000000,0.000000,0.000000
1749018175.205871,95.803309,94.000000,90.000000,0.000000,0.000000,0.000000,0.000000,0.000000,0.000000,0.000000,0.000000
1749018175.236557,95.911870,94.000000,90.000000,0.000000,0.000000,0.000000,0.000000,0.000000,0.000000,0.000000,0.000000
1749018175.274484,96.005289,94.000000,90.000000,0.000000,0.000000,0.000000,0.000000,0.000000,0.000000,0.000000,0.000000
1749018175.307323,96.511579,94.000000,90.000000,0.000000,0.000000,0.000000,0.000000,120.000000,120.000000,120.000000,120.000000
1749018175.340228,97.607257,94.000000,90.000000,0.000000,0.000000,0.000000,0.000000,120.000000,120.000000,120.000000,120.000000
1749018175.375797,98.604386,94.000000,90.000000,0.000000,0.000000,0.000000,0.000000,120.000000,120.000000,120.000000,120.000000
1749018175.407952,99.944478,94.000000,90.000000,0.000000,0.000000,0.000000,0.000000,120.000000,120.000000,120.000000,120.000000
1749018175.438914,100.633322,94.000000,90.000000,0.000000,0.000000,0.000000,0.000000,120.000000,120.000000,120.000000,120.000000
1749018175.476321,100.335708,94.000000,90.000000,0.000000,0.000000,0.000000,0.000000,120.000000,120.000000,120.000000,120.000000
1749018175.508277,101.285993,94.000000,90.000000,0.000000,0.000000,0.000000,0.000000,120.000000,120.000000,120.000000,120.000000
1749018175.539728,101.952123,94.000000,90.000000,0.000000,0.000000,0.000000,0.000000,120.000000,120.000000,120.000000,120.000000
1749018175.569987,101.863628,94.000000,90.000000,0.000000,0.000000,0.000000,0.000000,120.000000,120.000000,120.000000,120.000000
1749018175.602144,102.515892,94.000000,90.000000,0.000000,0.000000,0.000000,0.000000,120.000000,120.000000,120.000000,120.000000
1749018175.635240,102.623182,94.000000,90.000000,0.000000,0.000000,0.000000,0.000000,120.000000,120.000000,120.000000,120.000000
1749018175.676798,102.680545,94.000000,90.000000,0.000000,0.000000,0.000000,0.000000,120.000000,120.000000,120.000000,120.000000
1749018175.708375,102.807895,94.000000,90.000000,0.000000,0.000000,0.000000,0.000000,120.000000,120.000000,120.000000,120.000000
1749018175.741017,103.493087,94.000000,90.000000,0.000000,0.000000,0.000000,0.000000,120.000000,120.000000,120.000000,120.000000
1749018175.777304,103.979211,94.000000,90.000000,0.000000,0.000000,0.000000,0.000000,120.000000,120.000000,120.000000,120.000000
1749018175.811124,104.347899,94.000000,90.000000,0.000000,0.000000,0.000000,0.000000,120.000000,120.000000,120.000000,120.000000
1749018175.844338,105.145262,94.000000,90.000000,0.000000,0.000000,0.000000,0.000000,120.000000,120.000000,120.000000,120.000000
1749018175.873947,106.067039,94.000000,90.000000,0.000000,0.000000,0.000000,0.000000,120.000000,120.000000,120.000000,120.000000
1749018175.902543,105.811048,94.000000,90.000000,0.000000,0.000000,0.000000,0.000000,120.000000,120.000000,120.000000,120.000000
1749018175.936314,105.358340,94.000000,90.000000,0.000000,0.000000,0.000000,0.000000,120.000000,120.000000,120.000000,120.000000
1749018175.975016,105.945990,94.000000,90.000000,0.000000,0.000000,0.000000,0.000000,120.000000,120.000000,120.000000,120.000000
1749018176.006242,106.300322,94.000000,90.000000,0.000000,0.000000,0.000000,0.000000,120.000000,120.000000,120.000000,120.000000
1749018176.061276,106.126364,94.000000,90.000000,0.000000,0.000000,0.000000,0.000000,120.000000,120.000000,120.000000,120.000000
1749018176.082417,105.825294,94.000000,90.000000,0.000000,0.000000,0.000000,0.000000,120.000000,120.000000,120.000000,120.000000
1749018176.108789,106.152195,94.000000,90.000000,0.000000,0.000000,0.000000,0.000000,120.000000,120.000000,120.000000,120.000000
1749018176.135985,106.094475,94.000000,90.000000,0.000000,0.000000,0.000000,0.000000,120.000000,120.000000,120.000000,120.000000
1749018176.172854,106.084264,94.000000,90.000000,0.000000,0.000000,0.000000,0.000000,120.000000,120.000000,120.000000,120.000000
1749018176.205847,106.630322,94.000000,90.000000,0.000000,0.000000,0.000000,0.000000,120.000000,120.000000,120.000000,120.000000
1749018176.237637,106.931561,94.000000,90.000000,0.000000,0.000000,0.000000,0.000000,120.000000,120.000000,120.000000,120.000000
1749018176.274198,107.045565,94.000000,90.000000,0.000000,0.000000,0.000000,0.000000,120.000000,120.000000,120.000000,120.000000
1749018176.305709,107.551519,94.000000,90.000000,0.000000,0.000000,0.000000,0.000000,120.000000,120.000000,120.000000,120.000000
1749018176.341532,107.982003,94.000000,90.000000,0.000000,0.000000,0.000000,0.000000,120.000000,120.000000,120.000000,120.000000
1749018176.377076,107.928040,94.000000,90.000000,0.000000,0.000000,0.000000,0.000000,120.000000,120.000000,120.000000,120.000000
1749018176.409635,107.417105,94.000000,90.000000,0.000000,0.000000,0.000000,0.000000,120.000000,120.000000,120.000000,120.000000
1749018176.434667,107.483227,94.000000,90.000000,0.000000,0.000000,0.000000,0.000000,120.000000,120.000000,120.000000,120.000000
1749018176.470509,107.438762,94.000000,90.000000,0.000000,0.000000,0.000000,0.000000,120.000000,120.000000,120.000000,120.000000
1749018176.502156,108.425336,94.000000,90.000000,0.000000,0.000000,0.000000,0.000000,120.000000,120.000000,120.000000,120.000000
1749018176.534650,109.111485,94.000000,90.000000,0.000000,0.000000,0.000000,0.000000,120.000000,120.000000,120.000000,120.000000
1749018176.575069,109.538934,94.000000,90.000000,0.000000,0.000000,0.000000,0.000000,124.000000,124.000000,124.000000,124.000000
1749018176.606562,109.010167,94.000000,90.000000,0.000000,0.000000,0.000000,0.000000,120.000000,120.000000,120.000000,120.000000
1749018176.639529,109.740054,94.000000,90.000000,0.000000,0.000000,0.000000,0.000000,125.000000,125.000000,125.000000,125.000000
1749018176.676251,110.281038,94.000000,90.000000,0.000000,0.000000,0.000000,0.000000,130.000000,130.000000,130.000000,130.000000
1749018176.707306,110.419340,94.000000,90.000000,0.000000,0.000000,0.000000,0.000000,131.000000,131.000000,131.000000,131.000000
1749018176.752534,110.251615,94.000000,90.000000,0.000000,0.000000,0.000000,0.000000,130.000000,130.000000,130.000000,130.000000
1749018176.778462,110.238169,94.000000,90.000000,0.000000,0.000000,0.000000,0.000000,129.000000,129.000000,129.000000,129.000000
1749018176.804581,110.550933,94.000000,90.000000,0.000000,0.000000,0.000000,0.000000,132.000000,132.000000,132.000000,132.000000
1749018176.836125,110.813956,94.000000,90.000000,0.000000,0.000000,0.000000,0.000000,134.000000,134.000000,134.000000,134.000000
1749018176.897897,110.817596,94.000000,90.000000,0.000000,0.000000,0.000000,0.000000,134.000000,134.000000,134.000000,134.000000
1749018176.920110,111.097982,94.000000,90.000000,0.000000,0.000000,0.000000,0.000000,136.000000,136.000000,136.000000,136.000000
1749018176.942264,110.932181,94.000000,90.000000,0.000000,0.000000,0.000000,0.000000,135.000000,135.000000,135.000000,135.000000
1749018176.970997,111.916242,94.000000,90.000000,0.000000,0.000000,0.000000,0.000000,143.000000,143.000000,143.000000,143.000000
1749018177.002846,112.896150,94.000000,90.000000,0.000000,0.000000,0.000000,0.000000,151.000000,151.000000,151.000000,151.000000
1749018177.053473,112.811754,94.000000,90.000000,0.000000,0.000000,0.000000,0.000000,150.000000,150.000000,150.000000,150.000000
1749018177.070772,112.795004,94.000000,90.000000,0.000000,0.000000,0.000000,0.000000,150.000000,150.000000,150.000000,150.000000
1749018177.102597,113.198639,94.000000,90.000000,0.000000,0.000000,0.000000,0.000000,153.000000,153.000000,153.000000,153.000000
1749018177.135153,113.695399,94.000000,90.000000,0.000000,0.000000,0.000000,0.000000,157.000000,157.000000,157.000000,157.000000
1749018177.170646,114.082270,94.000000,90.000000,0.000000,0.000000,0.000000,0.000000,160.000000,160.000000,160.000000,160.000000
1749018177.203827,114.219496,94.000000,90.000000,0.000000,0.000000,0.000000,0.000000,161.000000,161.000000,161.000000,161.000000
1749018177.239845,113.886905,94.000000,90.000000,0.000000,0.000000,0.000000,0.000000,159.000000,159.000000,159.000000,159.000000
1749018177.274491,114.094919,94.000000,90.000000,0.000000,0.000000,0.000000,0.000000,160.000000,160.000000,160.000000,160.000000
1749018177.321995,114.162613,94.000000,90.000000,0.000000,0.000000,0.000000,0.000000,161.000000,161.000000,161.000000,161.000000
1749018177.341164,114.488288,94.000000,90.000000,0.000000,0.000000,0.000000,0.000000,163.000000,163.000000,163.000000,163.000000
1749018177.372388,115.073934,94.000000,90.000000,0.000000,0.000000,0.000000,0.000000,168.000000,168.000000,168.000000,168.000000
1749018177.404597,115.358253,94.000000,90.000000,0.000000,0.000000,0.000000,0.000000,170.000000,170.000000,170.000000,170.000000
1749018177.436954,115.192880,94.000000,90.000000,0.000000,0.000000,0.000000,0.000000,169.000000,169.000000,169.000000,169.000000
1749018177.474396,115.522995,94.000000,90.000000,0.000000,0.000000,0.000000,0.000000,172.000000,172.000000,172.000000,172.000000
1749018177.501964,115.259020,94.000000,90.000000,0.000000,0.000000,0.000000,0.000000,170.000000,170.000000,170.000000,170.000000
1749018177.556977,115.581152,94.000000,90.000000,0.000000,0.000000,0.000000,0.000000,172.000000,172.000000,172.000000,172.000000
1749018177.574434,115.737986,94.000000,90.000000,0.000000,0.000000,0.000000,0.000000,173.000000,173.000000,173.000000,173.000000
1749018177.601644,115.695915,94.000000,90.000000,0.000000,0.000000,0.000000,0.000000,173.000000,173.000000,173.000000,173.000000
1749018177.634305,115.270711,94.000000,90.000000,0.000000,0.000000,0.000000,0.000000,170.000000,170.000000,170.000000,170.000000
1749018177.693768,115.479664,94.000000,90.000000,0.000000,0.000000,0.000000,0.000000,171.000000,171.000000,171.000000,171.000000
1749018177.712100,114.947373,94.000000,90.000000,0.000000,0.000000,0.000000,0.000000,167.000000,167.000000,167.000000,167.000000
1749018177.734921,114.132329,94.000000,90.000000,0.000000,0.000000,0.000000,0.000000,161.000000,161.000000,161.000000,161.000000
1749018177.769700,112.599322,94.000000,90.000000,0.000000,0.000000,0.000000,0.000000,148.000000,148.000000,148.000000,148.000000
1749018177.803482,112.431569,94.000000,90.000000,0.000000,0.000000,0.000000,0.000000,147.000000,147.000000,147.000000,147.000000
1749018177.833962,112.321022,94.000000,90.000000,0.000000,0.000000,0.000000,0.000000,146.000000,146.000000,146.000000,146.000000
1749018177.870769,112.369342,94.000000,90.000000,0.000000,0.000000,0.000000,0.000000,146.000000,146.000000,146.000000,146.000000
1749018177.904526,111.086662,94.000000,90.000000,0.000000,0.000000,0.000000,0.000000,136.000000,136.000000,136.000000,136.000000
1749018177.945709,110.571538,94.000000,90.000000,0.000000,0.000000,0.000000,0.000000,132.000000,132.000000,132.000000,132.000000
1749018177.987979,110.596506,94.000000,90.000000,0.000000,0.000000,0.000000,0.000000,132.000000,132.000000,132.000000,132.000000
1749018178.005734,110.330370,94.000000,90.000000,0.000000,0.000000,0.000000,0.000000,130.000000,130.000000,130.000000,130.000000
1749018178.034416,109.808051,94.000000,90.000000,0.000000,0.000000,0.000000,0.000000,126.000000,126.000000,126.000000,126.000000
1749018178.070172,109.320085,94.000000,90.000000,0.000000,0.000000,0.000000,0.000000,122.000000,122.000000,122.000000,122.000000
1749018178.104425,108.648554,94.000000,90.000000,0.000000,0.000000,0.000000,0.000000,120.000000,120.000000,120.000000,120.000000
1749018178.136570,108.480775,94.000000,90.000000,0.000000,0.000000,0.000000,0.000000,120.000000,120.000000,120.000000,120.000000
1749018178.193124,107.786713,94.000000,90.000000,0.000000,0.000000,0.000000,0.000000,120.000000,120.000000,120.000000,120.000000
1749018178.213236,106.251229,94.000000,90.000000,0.000000,0.000000,0.000000,0.000000,120.000000,120.000000,120.000000,120.000000
1749018178.236102,105.504069,94.000000,90.000000,0.000000,0.000000,0.000000,0.000000,120.000000,120.000000,120.000000,120.000000
1749018178.269964,105.111155,94.000000,90.000000,0.000000,0.000000,0.000000,0.000000,120.000000,120.000000,120.000000,120.000000
1749018178.302070,104.504323,94.000000,90.000000,0.000000,0.000000,0.000000,0.000000,120.000000,120.000000,120.000000,120.000000
1749018178.336895,104.417969,94.000000,90.000000,0.000000,0.000000,0.000000,0.000000,120.000000,120.000000,120.000000,120.000000
1749018178.377397,104.071038,94.000000,90.000000,0.000000,0.000000,0.000000,0.000000,120.000000,120.000000,120.000000,120.000000
1749018178.410816,103.186989,94.000000,90.000000,0.000000,0.000000,0.000000,0.000000,120.000000,120.000000,120.000000,120.000000
1749018178.442623,102.547945,94.000000,90.000000,0.000000,0.000000,0.000000,0.000000,120.000000,120.000000,120.000000,120.000000
1749018178.474853,102.219274,94.000000,90.000000,0.000000,0.000000,0.000000,0.000000,120.000000,120.000000,120.000000,120.000000
1749018178.524102,101.826496,94.000000,90.000000,0.000000,0.000000,0.000000,0.000000,120.000000,120.000000,120.000000,120.000000
1749018178.543338,101.336080,94.000000,90.000000,0.000000,0.000000,0.000000,0.000000,120.000000,120.000000,120.000000,120.000000
1749018178.569280,100.819255,94.000000,90.000000,0.000000,0.000000,0.000000,0.000000,120.000000,120.000000,120.000000,120.000000
1749018178.601751,100.231038,94.000000,90.000000,0.000000,0.000000,0.000000,0.000000,120.000000,120.000000,120.000000,120.000000
1749018178.634033,99.426930,94.000000,90.000000,0.000000,0.000000,0.000000,0.000000,120.000000,120.000000,120.000000,120.000000
1749018178.671510,98.793996,94.000000,90.000000,0.000000,0.000000,0.000000,0.000000,120.000000,120.000000,120.000000,120.000000
1749018178.702033,98.973288,94.000000,90.000000,0.000000,0.000000,0.000000,0.000000,120.000000,120.000000,120.000000,120.000000
1749018178.753537,97.652286,94.000000,90.000000,0.000000,0.000000,0.000000,0.000000,120.000000,120.000000,120.000000,120.000000
1749018178.771699,97.415638,94.000000,90.000000,0.000000,0.000000,0.000000,0.000000,120.000000,120.000000,120.000000,120.000000
1749018178.802307,97.595283,94.000000,90.000000,0.000000,0.000000,0.000000,0.000000,120.000000,120.000000,120.000000,120.000000
1749018178.835371,97.335896,94.000000,90.000000,0.000000,0.000000,0.000000,0.000000,120.000000,120.000000,120.000000,120.000000
1749018178.872562,96.641448,94.000000,90.000000,0.000000,0.000000,0.000000,0.000000,120.000000,120.000000,120.000000,120.000000
1749018178.904973,96.297201,94.000000,90.000000,0.000000,0.000000,0.000000,0.000000,0.000000,0.000000,0.000000,0.000000
1749018178.937863,96.095320,94.000000,90.000000,0.000000,0.000000,0.000000,0.000000,0.000000,0.000000,0.000000,0.000000
1749018178.972897,96.342817,94.000000,90.000000,0.000000,0.000000,0.000000,0.000000,0.000000,0.000000,0.000000,0.000000
1749018179.007569,95.789883,94.000000,90.000000,0.000000,0.000000,0.000000,0.000000,0.000000,0.000000,0.000000,0.000000
1749018179.037326,94.615446,94.000000,90.000000,0.000000,0.000000,0.000000,0.000000,0.000000,0.000000,0.000000,0.000000
1749018179.069888,94.479134,94.000000,90.000000,0.000000,0.000000,0.000000,0.000000,0.000000,0.000000,0.000000,0.000000
1749018179.103451,93.839393,94.000000,90.000000,0.000000,0.000000,0.000000,0.000000,0.000000,0.000000,0.000000,0.000000
1749018179.136915,93.482664,94.000000,90.000000,0.000000,0.000000,0.000000,0.000000,0.000000,0.000000,0.000000,0.000000
1749018179.180022,93.921818,94.000000,90.000000,0.000000,0.000000,0.000000,0.000000,0.000000,0.000000,0.000000,0.000000
1749018179.211241,92.867452,94.000000,90.000000,0.000000,0.000000,0.000000,0.000000,0.000000,0.000000,0.000000,0.000000
1749018179.238085,93.020834,94.000000,90.000000,0.000000,0.000000,0.000000,0.000000,0.000000,0.000000,0.000000,0.000000
1749018179.275969,93.667009,94.000000,90.000000,0.000000,0.000000,0.000000,0.000000,0.000000,0.000000,0.000000,0.000000
1749018179.305705,93.577995,94.000000,90.000000,0.000000,0.000000,0.000000,0.000000,0.000000,0.000000,0.000000,0.000000
1749018179.338311,93.634779,94.000000,90.000000,0.000000,0.000000,0.000000,0.000000,0.000000,0.000000,0.000000,0.000000
1749018179.374622,94.139002,94.000000,90.000000,0.000000,0.000000,0.000000,0.000000,0.000000,0.000000,0.000000,0.000000
1749018179.402476,94.132518,94.000000,90.000000,0.000000,0.000000,0.000000,0.000000,0.000000,0.000000,0.000000,0.000000
1749018179.453646,93.560624,94.000000,90.000000,0.000000,0.000000,0.000000,0.000000,0.000000,0.000000,0.000000,0.000000
1749018179.470856,93.797794,94.000000,90.000000,0.000000,0.000000,0.000000,0.000000,0.000000,0.000000,0.000000,0.000000
1749018179.501809,93.476863,94.000000,90.000000,0.000000,0.000000,0.000000,0.000000,0.000000,0.000000,0.000000,0.000000
1749018179.533949,93.425565,94.000000,90.000000,0.000000,0.000000,0.000000,0.000000,0.000000,0.000000,0.000000,0.000000
1749018179.571500,93.018524,94.000000,90.000000,0.000000,0.000000,0.000000,0.000000,0.000000,0.000000,0.000000,0.000000
1749018179.602809,93.073411,94.000000,90.000000,0.000000,0.000000,0.000000,0.000000,0.000000,0.000000,0.000000,0.000000
1749018179.636559,94.056869,120.000000,90.000000,0.000000,0.000000,0.000000,0.000000,0.000000,0.000000,0.000000,0.000000
1749018179.671772,93.199322,120.000000,90.000000,0.000000,0.000000,0.000000,0.000000,0.000000,0.000000,0.000000,0.000000
1749018179.705768,93.068800,120.000000,90.000000,0.000000,0.000000,0.000000,0.000000,0.000000,0.000000,0.000000,0.000000
1749018179.736184,93.681665,120.000000,120.000000,0.000000,0.000000,0.000000,0.000000,0.000000,0.000000,0.000000,0.000000
1749018179.770647,94.032439,120.000000,90.000000,0.000000,0.000000,0.000000,0.000000,0.000000,0.000000,0.000000,0.000000
1749018179.823001,94.326870,120.000000,90.000000,0.000000,0.000000,0.000000,0.000000,0.000000,0.000000,0.000000,0.000000
1749018179.840550,94.610971,120.000000,90.000000,0.000000,0.000000,0.000000,0.000000,0.000000,0.000000,0.000000,0.000000
1749018179.869737,93.622515,120.000000,120.000000,0.000000,0.000000,0.000000,0.000000,0.000000,0.000000,0.000000,0.000000
1749018179.902698,93.456639,120.000000,90.000000,80.000000,80.000000,80.000000,80.000000,0.000000,0.000000,0.000000,0.000000
1749018179.935898,94.544922,120.000000,90.000000,80.000000,80.000000,80.000000,80.000000,0.000000,0.000000,0.000000,0.000000
1749018179.973971,94.193193,120.000000,90.000000,80.000000,80.000000,80.000000,80.000000,0.000000,0.000000,0.000000,0.000000
1749018180.011042,93.849564,120.000000,90.000000,80.000000,80.000000,80.000000,80.000000,0.000000,0.000000,0.000000,0.000000
1749018180.044768,93.861837,120.000000,90.000000,80.000000,80.000000,80.000000,80.000000,0.000000,0.000000,0.000000,0.000000
1749018180.074776,93.514598,120.000000,90.000000,80.000000,80.000000,80.000000,80.000000,0.000000,0.000000,0.000000,0.000000
1749018180.102819,93.346430,120.000000,90.000000,80.000000,80.000000,80.000000,80.000000,0.000000,0.000000,0.000000,0.000000
1749018180.135720,94.013647,120.000000,90.000000,80.000000,80.000000,80.000000,80.000000,0.000000,0.000000,0.000000,0.000000
1749018180.170969,94.280309,120.000000,90.000000,80.000000,80.000000,80.000000,80.000000,0.000000,0.000000,0.000000,0.000000
1749018180.204419,93.670094,120.000000,90.000000,80.000000,80.000000,80.000000,80.000000,0.000000,0.000000,0.000000,0.000000
1749018180.236302,94.370609,120.000000,90.000000,80.000000,80.000000,80.000000,80.000000,0.000000,0.000000,0.000000,0.000000
1749018180.277483,95.363526,120.000000,90.000000,80.000000,80.000000,80.000000,80.000000,0.000000,0.000000,0.000000,0.000000
1749018180.308717,96.160297,120.000000,90.000000,80.000000,80.000000,80.000000,80.000000,0.000000,0.000000,0.000000,0.000000
1749018180.340118,96.132949,120.000000,90.000000,80.000000,80.000000,80.000000,80.000000,0.000000,0.000000,0.000000,0.000000
1749018180.373528,96.461232,120.000000,90.000000,80.000000,80.000000,80.000000,80.000000,0.000000,0.000000,0.000000,0.000000
1749018180.406920,97.871866,120.000000,90.000000,80.000000,80.000000,80.000000,80.000000,0.000000,0.000000,0.000000,0.000000
1749018180.438481,97.738144,120.000000,90.000000,80.000000,80.000000,80.000000,80.000000,0.000000,0.000000,0.000000,0.000000
1749018180.474647,97.767583,120.000000,90.000000,80.000000,80.000000,80.000000,80.000000,0.000000,0.000000,0.000000,0.000000
1749018180.507021,98.323219,120.000000,90.000000,80.000000,80.000000,80.000000,80.000000,0.000000,0.000000,0.000000,0.000000
1749018180.541991,98.249736,120.000000,90.000000,80.000000,80.000000,80.000000,80.000000,0.000000,0.000000,0.000000,0.000000
1749018180.577338,98.340744,120.000000,90.000000,80.000000,80.000000,80.000000,80.000000,0.000000,0.000000,0.000000,0.000000
1749018180.608694,99.639296,120.000000,90.000000,80.000000,80.000000,80.000000,80.000000,0.000000,0.000000,0.000000,0.000000
1749018180.640846,100.205531,120.000000,90.000000,80.000000,80.000000,80.000000,80.000000,0.000000,0.000000,0.000000,0.000000
1749018180.676585,101.062093,120.000000,90.000000,80.000000,80.000000,80.000000,80.000000,0.000000,0.000000,0.000000,0.000000
1749018180.706942,102.316814,120.000000,90.000000,80.000000,80.000000,80.000000,80.000000,0.000000,0.000000,0.000000,0.000000
1749018180.740068,102.586000,120.000000,90.000000,80.000000,80.000000,80.000000,80.000000,0.000000,0.000000,0.000000,0.000000
1749018180.772911,102.811641,120.000000,90.000000,80.000000,80.000000,80.000000,80.000000,0.000000,0.000000,0.000000,0.000000
1749018180.808428,103.219614,120.000000,90.000000,80.000000,80.000000,80.000000,80.000000,0.000000,0.000000,0.000000,0.000000
1749018180.842407,103.525269,120.000000,90.000000,80.000000,80.000000,80.000000,80.000000,0.000000,0.000000,0.000000,0.000000
1749018180.875245,104.246611,120.000000,90.000000,80.000000,80.000000,80.000000,80.000000,0.000000,0.000000,0.000000,0.000000
1749018180.907428,103.821192,120.000000,90.000000,80.000000,80.000000,80.000000,80.000000,0.000000,0.000000,0.000000,0.000000
1749018180.939325,104.047549,120.000000,90.000000,80.000000,80.000000,80.000000,80.000000,0.000000,0.000000,0.000000,0.000000
1749018180.970877,104.915077,120.000000,90.000000,80.000000,80.000000,80.000000,80.000000,0.000000,0.000000,0.000000,0.000000
1749018181.003150,105.386717,120.000000,90.000000,80.000000,80.000000,80.000000,80.000000,0.000000,0.000000,0.000000,0.000000
1749018181.035022,105.316660,120.000000,90.000000,80.000000,80.000000,80.000000,80.000000,0.000000,0.000000,0.000000,0.000000
1749018181.075992,106.033256,120.000000,90.000000,80.000000,80.000000,80.000000,80.000000,0.000000,0.000000,0.000000,0.000000
1749018181.105828,106.972230,120.000000,90.000000,80.000000,80.000000,80.000000,80.000000,0.000000,0.000000,0.000000,0.000000
1749018181.139316,107.884423,120.000000,90.000000,80.000000,80.000000,80.000000,80.000000,0.000000,0.000000,0.000000,0.000000
1749018181.176718,109.196224,120.000000,90.000000,80.000000,80.000000,80.000000,80.000000,0.000000,0.000000,0.000000,0.000000
1749018181.209149,109.317268,120.000000,90.000000,80.000000,80.000000,80.000000,80.000000,0.000000,0.000000,0.000000,0.000000
1749018181.242544,109.204600,120.000000,90.000000,80.000000,80.000000,80.000000,80.000000,0.000000,0.000000,0.000000,0.000000
1749018181.276662,109.834896,120.000000,90.000000,80.000000,80.000000,80.000000,80.000000,0.000000,0.000000,0.000000,0.000000
1749018181.309024,110.572404,120.000000,90.000000,80.000000,80.000000,80.000000,80.000000,0.000000,0.000000,0.000000,0.000000
1749018181.338552,110.912064,120.000000,90.000000,80.000000,80.000000,80.000000,80.000000,0.000000,0.000000,0.000000,0.000000
1749018181.375004,111.140324,120.000000,90.000000,80.000000,80.000000,80.000000,80.000000,0.000000,0.000000,0.000000,0.000000
1749018181.407848,111.065948,120.000000,90.000000,80.000000,80.000000,80.000000,80.000000,0.000000,0.000000,0.000000,0.000000
1749018181.437904,111.425609,120.000000,90.000000,80.000000,80.000000,80.000000,80.000000,0.000000,0.000000,0.000000,0.000000
1749018181.476889,111.987142,120.000000,90.000000,80.000000,80.000000,80.000000,80.000000,0.000000,0.000000,0.000000,0.000000
1749018181.508579,112.322582,120.000000,90.000000,80.000000,80.000000,80.000000,80.000000,0.000000,0.000000,0.000000,0.000000
1749018181.540784,112.527989,120.000000,90.000000,80.000000,80.000000,80.000000,80.000000,0.000000,0.000000,0.000000,0.000000
1749018181.576056,113.254219,120.000000,90.000000,80.000000,80.000000,80.000000,80.000000,0.000000,0.000000,0.000000,0.000000
1749018181.608402,113.570818,120.000000,90.000000,80.000000,80.000000,80.000000,80.000000,0.000000,0.000000,0.000000,0.000000
1749018181.642265,114.112073,120.000000,90.000000,80.000000,80.000000,80.000000,80.000000,0.000000,0.000000,0.000000,0.000000
1749018181.673190,114.203840,120.000000,90.000000,80.000000,80.000000,80.000000,80.000000,0.000000,0.000000,0.000000,0.000000
1749018181.702042,114.673687,120.000000,90.000000,80.000000,80.000000,80.000000,80.000000,0.000000,0.000000,0.000000,0.000000
1749018181.738786,115.117879,120.000000,90.000000,80.000000,80.000000,80.000000,80.000000,0.000000,0.000000,0.000000,0.000000
1749018181.772613,116.280749,120.000000,90.000000,80.000000,80.000000,80.000000,80.000000,0.000000,0.000000,0.000000,0.000000
1749018181.808524,116.685856,120.000000,90.000000,80.000000,80.000000,80.000000,80.000000,0.000000,0.000000,0.000000,0.000000
1749018181.839976,116.882070,120.000000,90.000000,80.000000,80.000000,80.000000,80.000000,0.000000,0.000000,0.000000,0.000000
1749018181.875561,116.968461,120.000000,90.000000,80.000000,80.000000,80.000000,80.000000,0.000000,0.000000,0.000000,0.000000
1749018181.908371,117.595714,120.000000,90.000000,0.000000,0.000000,0.000000,0.000000,0.000000,0.000000,0.000000,0.000000
1749018181.939642,118.668610,120.000000,90.000000,0.000000,0.000000,0.000000,0.000000,0.000000,0.000000,0.000000,0.000000
1749018181.975964,120.215310,120.000000,90.000000,0.000000,0.000000,0.000000,0.000000,0.000000,0.000000,0.000000,0.000000
1749018182.009275,121.227333,120.000000,90.000000,0.000000,0.000000,0.000000,0.000000,0.000000,0.000000,0.000000,0.000000
1749018182.034261,121.940451,120.000000,90.000000,0.000000,0.000000,0.000000,0.000000,0.000000,0.000000,0.000000,0.000000
1749018182.070175,122.038339,120.000000,90.000000,0.000000,0.000000,0.000000,0.000000,0.000000,0.000000,0.000000,0.000000
1749018182.101956,123.172626,120.000000,90.000000,0.000000,0.000000,0.000000,0.000000,120.000000,120.000000,120.000000,120.000000
1749018182.137816,123.701880,120.000000,90.000000,0.000000,0.000000,0.000000,0.000000,120.000000,120.000000,120.000000,120.000000
1749018182.177413,123.492838,120.000000,90.000000,0.000000,0.000000,0.000000,0.000000,120.000000,120.000000,120.000000,120.000000
1749018182.210455,123.602152,120.000000,90.000000,0.000000,0.000000,0.000000,0.000000,120.000000,120.000000,120.000000,120.000000
1749018182.238692,123.945997,120.000000,90.000000,0.000000,0.000000,0.000000,0.000000,120.000000,120.000000,120.000000,120.000000
1749018182.272865,124.719357,120.000000,90.000000,0.000000,0.000000,0.000000,0.000000,120.000000,120.000000,120.000000,120.000000
1749018182.303984,125.128455,120.000000,90.000000,0.000000,0.000000,0.000000,0.000000,120.000000,120.000000,120.000000,120.000000
1749018182.338793,125.594291,120.000000,90.000000,0.000000,0.000000,0.000000,0.000000,120.000000,120.000000,120.000000,120.000000
1749018182.370431,125.681578,120.000000,90.000000,0.000000,0.000000,0.000000,0.000000,120.000000,120.000000,120.000000,120.000000
1749018182.423969,125.867084,120.000000,90.000000,0.000000,0.000000,0.000000,0.000000,120.000000,120.000000,120.000000,120.000000
1749018182.442974,126.558040,120.000000,90.000000,0.000000,0.000000,0.000000,0.000000,120.000000,120.000000,120.000000,120.000000
1749018182.469808,126.458812,120.000000,90.000000,0.000000,0.000000,0.000000,0.000000,120.000000,120.000000,120.000000,120.000000
1749018182.501765,126.594123,120.000000,90.000000,0.000000,0.000000,0.000000,0.000000,120.000000,120.000000,120.000000,120.000000
1749018182.534978,126.667638,120.000000,90.000000,0.000000,0.000000,0.000000,0.000000,120.000000,120.000000,120.000000,120.000000
1749018182.594625,127.313338,120.000000,90.000000,0.000000,0.000000,0.000000,0.000000,120.000000,120.000000,120.000000,120.000000
1749018182.616424,127.221924,120.000000,90.000000,0.000000,0.000000,0.000000,0.000000,120.000000,120.000000,120.000000,120.000000
1749018182.637074,126.669464,120.000000,90.000000,0.000000,0.000000,0.000000,0.000000,120.000000,120.000000,120.000000,120.000000
1749018182.669733,126.445106,120.000000,90.000000,0.000000,0.000000,0.000000,0.000000,120.000000,120.000000,120.000000,120.000000
1749018182.701955,125.657657,120.000000,90.000000,0.000000,0.000000,0.000000,0.000000,120.000000,120.000000,120.000000,120.000000
1749018182.735555,125.124847,120.000000,90.000000,0.000000,0.000000,0.000000,0.000000,120.000000,120.000000,120.000000,120.000000
1749018182.774460,124.247784,120.000000,90.000000,0.000000,0.000000,0.000000,0.000000,120.000000,120.000000,120.000000,120.000000
1749018182.806067,123.329593,120.000000,90.000000,0.000000,0.000000,0.000000,0.000000,120.000000,120.000000,120.000000,120.000000
1749018182.839062,121.927464,120.000000,90.000000,0.000000,0.000000,0.000000,0.000000,0.000000,0.000000,0.000000,0.000000
1749018182.875641,121.617589,120.000000,90.000000,0.000000,0.000000,0.000000,0.000000,0.000000,0.000000,0.000000,0.000000
1749018182.906725,120.876237,120.000000,90.000000,0.000000,0.000000,0.000000,0.000000,0.000000,0.000000,0.000000,0.000000
1749018182.939382,119.612526,120.000000,90.000000,0.000000,0.000000,0.000000,0.000000,0.000000,0.000000,0.000000,0.000000
1749018182.975004,120.121090,120.000000,90.000000,0.000000,0.000000,0.000000,0.000000,0.000000,0.000000,0.000000,0.000000
1749018183.006924,120.031647,120.000000,90.000000,0.000000,0.000000,0.000000,0.000000,0.000000,0.000000,0.000000,0.000000
1749018183.038735,120.274362,120.000000,90.000000,0.000000,0.000000,0.000000,0.000000,0.000000,0.000000,0.000000,0.000000
1749018183.074609,119.792211,120.000000,90.000000,0.000000,0.000000,0.000000,0.000000,0.000000,0.000000,0.000000,0.000000
1749018183.105969,119.387616,120.000000,90.000000,0.000000,0.000000,0.000000,0.000000,0.000000,0.000000,0.000000,0.000000
1749018183.139369,118.985527,120.000000,90.000000,0.000000,0.000000,0.000000,0.000000,0.000000,0.000000,0.000000,0.000000
1749018183.176693,118.760959,120.000000,90.000000,0.000000,0.000000,0.000000,0.000000,0.000000,0.000000,0.000000,0.000000
1749018183.208125,118.327610,120.000000,90.000000,0.000000,0.000000,0.000000,0.000000,0.000000,0.000000,0.000000,0.000000
1749018183.238976,117.939392,120.000000,90.000000,0.000000,0.000000,0.000000,0.000000,0.000000,0.000000,0.000000,0.000000
1749018183.271130,117.477781,120.000000,90.000000,80.000000,80.000000,80.000000,80.000000,0.000000,0.000000,0.000000,0.000000
1749018183.302532,116.968607,120.000000,90.000000,80.000000,80.000000,80.000000,80.000000,0.000000,0.000000,0.000000,0.000000
1749018183.335006,116.662349,120.000000,90.000000,80.000000,80.000000,80.000000,80.000000,0.000000,0.000000,0.000000,0.000000
1749018183.371775,116.680291,120.000000,90.000000,80.000000,80.000000,80.000000,80.000000,0.000000,0.000000,0.000000,0.000000
1749018183.405931,116.446138,120.000000,90.000000,80.000000,80.000000,80.000000,80.000000,0.000000,0.000000,0.000000,0.000000
1749018183.438267,116.171220,120.000000,90.000000,80.000000,80.000000,80.000000,80.000000,0.000000,0.000000,0.000000,0.000000
1749018183.474616,116.324693,120.000000,90.000000,80.000000,80.000000,80.000000,80.000000,0.000000,0.000000,0.000000,0.000000
1749018183.506028,116.662065,120.000000,90.000000,80.000000,80.000000,80.000000,80.000000,0.000000,0.000000,0.000000,0.000000
1749018183.539044,116.273998,120.000000,90.000000,80.000000,80.000000,80.000000,80.000000,0.000000,0.000000,0.000000,0.000000
1749018183.576924,115.874581,120.000000,90.000000,80.000000,80.000000,80.000000,80.000000,0.000000,0.000000,0.000000,0.000000
1749018183.601968,115.779666,120.000000,90.000000,80.000000,80.000000,80.000000,80.000000,0.000000,0.000000,0.000000,0.000000
1749018183.634480,116.178862,120.000000,90.000000,80.000000,80.000000,80.000000,80.000000,0.000000,0.000000,0.000000,0.000000
1749018183.671447,115.990060,120.000000,90.000000,80.000000,80.000000,80.000000,80.000000,0.000000,0.000000,0.000000,0.000000
1749018183.703460,115.872877,120.000000,90.000000,80.000000,80.000000,80.000000,80.000000,0.000000,0.000000,0.000000,0.000000
1749018183.738930,116.110151,120.000000,90.000000,80.000000,80.000000,80.000000,80.000000,0.000000,0.000000,0.000000,0.000000
1749018183.775316,116.145960,120.000000,90.000000,80.000000,80.000000,80.000000,80.000000,0.000000,0.000000,0.000000,0.000000
1749018183.807993,116.006904,120.000000,90.000000,80.000000,80.000000,80.000000,80.000000,0.000000,0.000000,0.000000,0.000000
1749018183.839250,116.251147,120.000000,90.000000,80.000000,80.000000,80.000000,80.000000,0.000000,0.000000,0.000000,0.000000
1749018183.878349,116.857743,120.000000,90.000000,80.000000,80.000000,80.000000,80.000000,0.000000,0.000000,0.000000,0.000000
1749018183.909931,117.121009,120.000000,90.000000,80.000000,80.000000,80.000000,80.000000,0.000000,0.000000,0.000000,0.000000
1749018183.937704,117.378627,120.000000,90.000000,80.000000,80.000000,80.000000,80.000000,0.000000,0.000000,0.000000,0.000000
1749018183.969581,117.798779,120.000000,90.000000,0.000000,0.000000,0.000000,0.000000,0.000000,0.000000,0.000000,0.000000
1749018184.002989,118.344854,120.000000,90.000000,0.000000,0.000000,0.000000,0.000000,0.000000,0.000000,0.000000,0.000000
1749018184.036009,118.225946,120.000000,90.000000,0.000000,0.000000,0.000000,0.000000,0.000000,0.000000,0.000000,0.000000
1749018184.074559,118.236163,120.000000,90.000000,0.000000,0.000000,0.000000,0.000000,0.000000,0.000000,0.000000,0.000000
1749018184.104842,117.977106,120.000000,90.000000,0.000000,0.000000,0.000000,0.000000,0.000000,0.000000,0.000000,0.000000
1749018184.139411,118.232602,120.000000,90.000000,0.000000,0.000000,0.000000,0.000000,0.000000,0.000000,0.000000,0.000000
1749018184.176087,118.705634,120.000000,90.000000,0.000000,0.000000,0.000000,0.000000,0.000000,0.000000,0.000000,0.000000
1749018184.208832,118.561152,120.000000,90.000000,0.000000,0.000000,0.000000,0.000000,0.000000,0.000000,0.000000,0.000000
1749018184.256733,119.134055,120.000000,90.000000,0.000000,0.000000,0.000000,0.000000,0.000000,0.000000,0.000000,0.000000
1749018184.279368,118.635640,120.000000,90.000000,0.000000,0.000000,0.000000,0.000000,0.000000,0.000000,0.000000,0.000000
1749018184.304714,118.302695,120.000000,90.000000,0.000000,0.000000,0.000000,0.000000,0.000000,0.000000,0.000000,0.000000
1749018184.334961,118.654901,120.000000,90.000000,0.000000,0.000000,0.000000,0.000000,0.000000,0.000000,0.000000,0.000000
1749018184.370944,119.387547,120.000000,90.000000,0.000000,0.000000,0.000000,0.000000,0.000000,0.000000,0.000000,0.000000
1749018184.405042,119.366996,120.000000,90.000000,0.000000,0.000000,0.000000,0.000000,0.000000,0.000000,0.000000,0.000000
1749018184.439965,118.921170,120.000000,90.000000,0.000000,0.000000,0.000000,0.000000,0.000000,0.000000,0.000000,0.000000
1749018184.476255,119.041954,120.000000,90.000000,0.000000,0.000000,0.000000,0.000000,0.000000,0.000000,0.000000,0.000000
1749018184.507322,118.680199,120.000000,90.000000,0.000000,0.000000,0.000000,0.000000,0.000000,0.000000,0.000000,0.000000
1749018184.541574,119.108963,120.000000,90.000000,0.000000,0.000000,0.000000,0.000000,0.000000,0.000000,0.000000,0.000000
1749018184.575790,119.073462,120.000000,90.000000,0.000000,0.000000,0.000000,0.000000,0.000000,0.000000,0.000000,0.000000
1749018184.608911,119.014587,120.000000,90.000000,0.000000,0.000000,0.000000,0.000000,0.000000,0.000000,0.000000,0.000000
1749018184.636633,119.285523,120.000000,90.000000,0.000000,0.000000,0.000000,0.000000,0.000000,0.000000,0.000000,0.000000
1749018184.668610,120.027769,120.000000,90.000000,0.000000,0.000000,0.000000,0.000000,0.000000,0.000000,0.000000,0.000000
1749018184.702487,120.286958,96.000000,90.000000,0.000000,0.000000,0.000000,0.000000,0.000000,0.000000,0.000000,0.000000
1749018184.735095,119.867034,96.000000,90.000000,0.000000,0.000000,0.000000,0.000000,0.000000,0.000000,0.000000,0.000000
1749018184.779091,119.765129,96.000000,90.000000,0.000000,0.000000,0.000000,0.000000,0.000000,0.000000,0.000000,0.000000
1749018184.811958,119.557766,96.000000,120.000000,0.000000,0.000000,0.000000,0.000000,0.000000,0.000000,0.000000,0.000000
1749018184.837566,119.250078,96.000000,90.000000,0.000000,0.000000,0.000000,0.000000,0.000000,0.000000,0.000000,0.000000
1749018184.891800,119.166671,96.000000,90.000000,0.000000,0.000000,0.000000,0.000000,0.000000,0.000000,0.000000,0.000000
1749018184.914589,119.517892,96.000000,90.000000,0.000000,0.000000,0.000000,0.000000,0.000000,0.000000,0.000000,0.000000
1749018184.938222,119.715583,96.000000,120.000000,0.000000,0.000000,0.000000,0.000000,0.000000,0.000000,0.000000,0.000000
1749018184.971046,119.343623,96.000000,90.000000,0.000000,0.000000,0.000000,0.000000,186.000000,186.000000,186.000000,186.000000
1749018185.003451,119.637214,96.000000,90.000000,0.000000,0.000000,0.000000,0.000000,189.000000,189.000000,189.000000,189.000000
1749018185.038006,119.749226,96.000000,90.000000,0.000000,0.000000,0.000000,0.000000,189.000000,189.000000,189.000000,189.000000
1749018185.077081,119.381453,96.000000,90.000000,0.000000,0.000000,0.000000,0.000000,187.000000,187.000000,187.000000,187.000000
1749018185.109067,119.490597,96.000000,90.000000,0.000000,0.000000,0.000000,0.000000,187.000000,187.000000,187.000000,187.000000
1749018185.142353,119.983492,96.000000,90.000000,0.000000,0.000000,0.000000,0.000000,191.000000,191.000000,191.000000,191.000000
1749018185.176025,119.983176,96.000000,90.000000,0.000000,0.000000,0.000000,0.000000,191.000000,191.000000,191.000000,191.000000
1749018185.209233,120.207283,96.000000,90.000000,0.000000,0.000000,0.000000,0.000000,193.000000,193.000000,193.000000,193.000000
1749018185.240930,119.781179,96.000000,90.000000,0.000000,0.000000,0.000000,0.000000,190.000000,190.000000,190.000000,190.000000
1749018185.277312,119.676328,96.000000,90.000000,0.000000,0.000000,0.000000,0.000000,189.000000,189.000000,189.000000,189.000000
1749018185.307922,119.388447,96.000000,90.000000,0.000000,0.000000,0.000000,0.000000,187.000000,187.000000,187.000000,187.000000
1749018185.337023,119.596602,96.000000,90.000000,0.000000,0.000000,0.000000,0.000000,188.000000,188.000000,188.000000,188.000000
1749018185.372883,119.020711,96.000000,90.000000,0.000000,0.000000,0.000000,0.000000,184.000000,184.000000,184.000000,184.000000
1749018185.409436,118.703083,96.000000,90.000000,0.000000,0.000000,0.000000,0.000000,181.000000,181.000000,181.000000,181.000000
1749018185.441991,118.350915,96.000000,90.000000,0.000000,0.000000,0.000000,0.000000,178.000000,178.000000,178.000000,178.000000
1749018185.475687,118.015237,96.000000,90.000000,0.000000,0.000000,0.000000,0.000000,176.000000,176.000000,176.000000,176.000000
1749018185.506126,118.119859,96.000000,90.000000,0.000000,0.000000,0.000000,0.000000,176.000000,176.000000,176.000000,176.000000
1749018185.534284,118.012658,96.000000,90.000000,0.000000,0.000000,0.000000,0.000000,176.000000,176.000000,176.000000,176.000000
1749018185.570435,117.446925,96.000000,90.000000,0.000000,0.000000,0.000000,0.000000,171.000000,171.000000,171.000000,171.000000
1749018185.603972,116.420623,96.000000,90.000000,0.000000,0.000000,0.000000,0.000000,163.000000,163.000000,163.000000,163.000000
1749018185.637184,115.467926,96.000000,90.000000,0.000000,0.000000,0.000000,0.000000,155.000000,155.000000,155.000000,155.000000
1749018185.675985,115.302391,96.000000,90.000000,0.000000,0.000000,0.000000,0.000000,154.000000,154.000000,154.000000,154.000000
1749018185.706468,114.864452,96.000000,90.000000,0.000000,0.000000,0.000000,0.000000,150.000000,150.000000,150.000000,150.000000
1749018185.739552,113.694257,96.000000,90.000000,0.000000,0.000000,0.000000,0.000000,141.000000,141.000000,141.000000,141.000000
1749018185.774991,112.831528,96.000000,90.000000,0.000000,0.000000,0.000000,0.000000,134.000000,134.000000,134.000000,134.000000
1749018185.806358,112.261422,96.000000,90.000000,0.000000,0.000000,0.000000,0.000000,130.000000,130.000000,130.000000,130.000000
1749018185.840627,110.918123,96.000000,90.000000,0.000000,0.000000,0.000000,0.000000,120.000000,120.000000,120.000000,120.000000
1749018185.872098,110.285779,96.000000,90.000000,0.000000,0.000000,0.000000,0.000000,120.000000,120.000000,120.000000,120.000000
1749018185.902799,110.167422,96.000000,90.000000,0.000000,0.000000,0.000000,0.000000,120.000000,120.000000,120.000000,120.000000
1749018185.934785,109.280175,96.000000,90.000000,0.000000,0.000000,0.000000,0.000000,120.000000,120.000000,120.000000,120.000000
1749018185.975561,108.544447,96.000000,90.000000,0.000000,0.000000,0.000000,0.000000,120.000000,120.000000,120.000000,120.000000
1749018186.005867,108.407262,96.000000,90.000000,0.000000,0.000000,0.000000,0.000000,120.000000,120.000000,120.000000,120.000000
1749018186.039387,108.139444,96.000000,90.000000,0.000000,0.000000,0.000000,0.000000,120.000000,120.000000,120.000000,120.000000
1749018186.074656,106.799264,96.000000,90.000000,0.000000,0.000000,0.000000,0.000000,120.000000,120.000000,120.000000,120.000000
1749018186.106601,105.608033,96.000000,90.000000,0.000000,0.000000,0.000000,0.000000,120.000000,120.000000,120.000000,120.000000
1749018186.154019,105.109707,96.000000,90.000000,0.000000,0.000000,0.000000,0.000000,120.000000,120.000000,120.000000,120.000000
1749018186.170976,104.434657,96.000000,90.000000,0.000000,0.000000,0.000000,0.000000,120.000000,120.000000,120.000000,120.000000
1749018186.203876,103.361815,96.000000,90.000000,0.000000,0.000000,0.000000,0.000000,120.000000,120.000000,120.000000,120.000000
1749018186.233693,102.215513,96.000000,90.000000,0.000000,0.000000,0.000000,0.000000,120.000000,120.000000,120.000000,120.000000
1749018186.269827,101.801919,96.000000,90.000000,0.000000,0.000000,0.000000,0.000000,120.000000,120.000000,120.000000,120.000000
1749018186.306782,100.693924,96.000000,90.000000,0.000000,0.000000,0.000000,0.000000,120.000000,120.000000,120.000000,120.000000
1749018186.338989,100.012277,96.000000,90.000000,0.000000,0.000000,0.000000,0.000000,120.000000,120.000000,120.000000,120.000000
1749018186.373829,100.112345,96.000000,90.000000,0.000000,0.000000,0.000000,0.000000,120.000000,120.000000,120.000000,120.000000
1749018186.405664,99.665029,96.000000,90.000000,0.000000,0.000000,0.000000,0.000000,120.000000,120.000000,120.000000,120.000000
1749018186.439497,99.464599,96.000000,90.000000,0.000000,0.000000,0.000000,0.000000,120.000000,120.000000,120.000000,120.000000
1749018186.476482,99.388639,96.000000,90.000000,0.000000,0.000000,0.000000,0.000000,120.000000,120.000000,120.000000,120.000000
1749018186.507175,99.617088,96.000000,90.000000,0.000000,0.000000,0.000000,0.000000,120.000000,120.000000,120.000000,120.000000
1749018186.543025,98.772966,96.000000,90.000000,0.000000,0.000000,0.000000,0.000000,120.000000,120.000000,120.000000,120.000000
1749018186.570894,98.329225,96.000000,90.000000,0.000000,0.000000,0.000000,0.000000,0.000000,0.000000,0.000000,0.000000
1749018186.601704,97.544779,96.000000,90.000000,0.000000,0.000000,0.000000,0.000000,0.000000,0.000000,0.000000,0.000000
1749018186.634833,97.359582,96.000000,90.000000,0.000000,0.000000,0.000000,0.000000,0.000000,0.000000,0.000000,0.000000
1749018186.674470,96.334378,96.000000,90.000000,0.000000,0.000000,0.000000,0.000000,0.000000,0.000000,0.000000,0.000000
1749018186.707082,95.930681,96.000000,90.000000,0.000000,0.000000,0.000000,0.000000,0.000000,0.000000,0.000000,0.000000
1749018186.745058,95.673157,96.000000,90.000000,0.000000,0.000000,0.000000,0.000000,0.000000,0.000000,0.000000,0.000000
1749018186.777122,94.649840,96.000000,90.000000,0.000000,0.000000,0.000000,0.000000,0.000000,0.000000,0.000000,0.000000
1749018186.805917,94.850231,96.000000,90.000000,0.000000,0.000000,0.000000,0.000000,0.000000,0.000000,0.000000,0.000000
1749018186.837087,94.881450,96.000000,90.000000,0.000000,0.000000,0.000000,0.000000,0.000000,0.000000,0.000000,0.000000
1749018186.876941,94.937544,96.000000,90.000000,0.000000,0.000000,0.000000,0.000000,0.000000,0.000000,0.000000,0.000000
1749018186.910275,94.287522,96.000000,90.000000,0.000000,0.000000,0.000000,0.000000,0.000000,0.000000,0.000000,0.000000
1749018186.936973,93.939562,96.000000,90.000000,0.000000,0.000000,0.000000,0.000000,0.000000,0.000000,0.000000,0.000000
1749018186.971522,93.768316,96.000000,90.000000,0.000000,0.000000,0.000000,0.000000,0.000000,0.000000,0.000000,0.000000
1749018187.022960,93.241313,96.000000,90.000000,80.000000,80.000000,80.000000,80.000000,0.000000,0.000000,0.000000,0.000000
1749018187.040962,93.018176,96.000000,90.000000,80.000000,80.000000,80.000000,80.000000,0.000000,0.000000,0.000000,0.000000
1749018187.069747,93.093689,96.000000,90.000000,80.000000,80.000000,80.000000,80.000000,0.000000,0.000000,0.000000,0.000000
1749018187.102585,92.953989,96.000000,90.000000,80.000000,80.000000,80.000000,80.000000,0.000000,0.000000,0.000000,0.000000
1749018187.136583,92.265363,96.000000,90.000000,80.000000,80.000000,80.000000,80.000000,0.000000,0.000000,0.000000,0.000000
1749018187.173496,92.475163,96.000000,90.000000,80.000000,80.000000,80.000000,80.000000,0.000000,0.000000,0.000000,0.000000
1749018187.206550,91.857181,96.000000,90.000000,80.000000,80.000000,80.000000,80.000000,0.000000,0.000000,0.000000,0.000000
1749018187.239377,91.138643,96.000000,90.000000,80.000000,80.000000,80.000000,80.000000,0.000000,0.000000,0.000000,0.000000
1749018187.273893,91.212531,96.000000,90.000000,80.000000,80.000000,80.000000,80.000000,0.000000,0.000000,0.000000,0.000000
1749018187.305244,91.563210,96.000000,90.000000,80.000000,80.000000,80.000000,80.000000,0.000000,0.000000,0.000000,0.000000
1749018187.357422,91.475441,96.000000,90.000000,80.000000,80.000000,80.000000,80.000000,0.000000,0.000000,0.000000,0.000000
1749018187.375973,90.482322,96.000000,90.000000,80.000000,80.000000,80.000000,80.000000,0.000000,0.000000,0.000000,0.000000
1749018187.401614,90.353254,96.000000,90.000000,80.000000,80.000000,80.000000,80.000000,0.000000,0.000000,0.000000,0.000000
1749018187.433928,90.638692,96.000000,90.000000,80.000000,80.000000,80.000000,80.000000,0.000000,0.000000,0.000000,0.000000
1749018187.470041,91.097101,96.000000,90.000000,80.000000,80.000000,80.000000,80.000000,0.000000,0.000000,0.000000,0.000000
1749018187.502015,91.101795,96.000000,90.000000,80.000000,80.000000,80.000000,80.000000,0.000000,0.000000,0.000000,0.000000
1749018187.536005,90.800541,96.000000,90.000000,80.000000,80.000000,80.000000,80.000000,0.000000,0.000000,0.000000,0.000000
1749018187.573094,90.416218,96.000000,90.000000,80.000000,80.000000,80.000000,80.000000,0.000000,0.000000,0.000000,0.000000
1749018187.604353,90.505777,96.000000,90.000000,80.000000,80.000000,80.000000,80.000000,0.000000,0.000000,0.000000,0.000000
1749018187.637709,91.289506,96.000000,90.000000,80.000000,80.000000,80.000000,80.000000,0.000000,0.000000,0.000000,0.000000
1749018187.674213,91.846158,96.000000,90.000000,80.000000,80.000000,80.000000,80.000000,0.000000,0.000000,0.000000,0.000000
1749018187.706217,92.052722,96.000000,90.000000,80.000000,80.000000,80.000000,80.000000,0.000000,0.000000,0.000000,0.000000
1749018187.738390,92.058166,96.000000,90.000000,80.000000,80.000000,80.000000,80.000000,0.000000,0.000000,0.000000,0.000000
1749018187.775042,92.534285,96.000000,90.000000,80.000000,80.000000,80.000000,80.000000,0.000000,0.000000,0.000000,0.000000
1749018187.805293,93.552965,96.000000,90.000000,0.000000,0.000000,0.000000,0.000000,0.000000,0.000000,0.000000,0.000000
1749018187.835410,93.667054,96.000000,90.000000,0.000000,0.000000,0.000000,0.000000,0.000000,0.000000,0.000000,0.000000
1749018187.871293,93.621003,96.000000,90.000000,0.000000,0.000000,0.000000,0.000000,0.000000,0.000000,0.000000,0.000000
1749018187.926441,93.836052,96.000000,90.000000,0.000000,0.000000,0.000000,0.000000,0.000000,0.000000,0.000000,0.000000
1749018187.948819,94.417350,96.000000,90.000000,0.000000,0.000000,0.000000,0.000000,0.000000,0.000000,0.000000,0.000000
1749018187.975457,94.380627,96.000000,90.000000,0.000000,0.000000,0.000000,0.000000,0.000000,0.000000,0.000000,0.000000
1749018188.020633,94.680696,96.000000,90.000000,0.000000,0.000000,0.000000,0.000000,0.000000,0.000000,0.000000,0.000000
1749018188.037467,94.897195,96.000000,90.000000,0.000000,0.000000,0.000000,0.000000,0.000000,0.000000,0.000000,0.000000
1749018188.069801,94.794843,96.000000,90.000000,0.000000,0.000000,0.000000,0.000000,0.000000,0.000000,0.000000,0.000000
1749018188.103298,95.310384,96.000000,90.000000,0.000000,0.000000,0.000000,0.000000,0.000000,0.000000,0.000000,0.000000
1749018188.135648,96.038712,96.000000,90.000000,0.000000,0.000000,0.000000,0.000000,0.000000,0.000000,0.000000,0.000000
1749018188.170862,96.582110,96.000000,90.000000,0.000000,0.000000,0.000000,0.000000,0.000000,0.000000,0.000000,0.000000
1749018188.202517,95.982802,96.000000,90.000000,0.000000,0.000000,0.000000,0.000000,0.000000,0.000000,0.000000,0.000000
1749018188.237224,96.450604,96.000000,90.000000,0.000000,0.000000,0.000000,0.000000,0.000000,0.000000,0.000000,0.000000
1749018188.273759,97.558268,96.000000,90.000000,0.000000,0.000000,0.000000,0.000000,0.000000,0.000000,0.000000,0.000000
1749018188.305321,96.353869,96.000000,90.000000,0.000000,0.000000,0.000000,0.000000,0.000000,0.000000,0.000000,0.000000
1749018188.337780,96.989355,96.000000,90.000000,0.000000,0.000000,0.000000,0.000000,0.000000,0.000000,0.000000,0.000000
1749018188.373371,97.288349,96.000000,90.000000,0.000000,0.000000,0.000000,0.000000,0.000000,0.000000,0.000000,0.000000
1749018188.404893,97.955465,96.000000,90.000000,0.000000,0.000000,0.000000,0.000000,0.000000,0.000000,0.000000,0.000000
1749018188.436862,97.422426,96.000000,90.000000,0.000000,0.000000,0.000000,0.000000,0.000000,0.000000,0.000000,0.000000
1749018188.474318,98.365721,96.000000,90.000000,0.000000,0.000000,0.000000,0.000000,0.000000,0.000000,0.000000,0.000000
1749018188.502952,97.852622,96.000000,90.000000,0.000000,0.000000,0.000000,0.000000,0.000000,0.000000,0.000000,0.000000
1749018188.534768,98.262902,96.000000,90.000000,0.000000,0.000000,0.000000,0.000000,0.000000,0.000000,0.000000,0.000000
1749018188.573737,98.182406,96.000000,90.000000,0.000000,0.000000,0.000000,0.000000,0.000000,0.000000,0.000000,0.000000
1749018188.604072,98.128557,96.000000,90.000000,0.000000,0.000000,0.000000,0.000000,0.000000,0.000000,0.000000,0.000000
1749018188.637965,98.233780,96.000000,90.000000,0.000000,0.000000,0.000000,0.000000,0.000000,0.000000,0.000000,0.000000
1749018188.676008,97.739879,96.000000,90.000000,0.000000,0.000000,0.000000,0.000000,0.000000,0.000000,0.000000,0.000000
1749018188.711456,98.712288,96.000000,90.000000,0.000000,0.000000,0.000000,0.000000,120.000000,120.000000,120.000000,120.000000
1749018188.746103,98.266984,96.000000,90.000000,0.000000,0.000000,0.000000,0.000000,0.000000,0.000000,0.000000,0.000000
1749018188.777958,97.531861,99.000000,90.000000,0.000000,0.000000,0.000000,0.000000,0.000000,0.000000,0.000000,0.000000
1749018188.806974,98.238041,99.000000,90.000000,0.000000,0.000000,0.000000,0.000000,0.000000,0.000000,0.000000,0.000000
1749018188.837431,98.544162,99.000000,90.000000,0.000000,0.000000,0.000000,0.000000,0.000000,0.000000,0.000000,0.000000
1749018188.870733,98.785215,99.000000,120.000000,0.000000,0.000000,0.000000,0.000000,0.000000,0.000000,0.000000,0.000000
1749018188.904043,98.221495,99.000000,90.000000,0.000000,0.000000,0.000000,0.000000,0.000000,0.000000,0.000000,0.000000
1749018188.950036,98.668592,99.000000,90.000000,0.000000,0.000000,0.000000,0.000000,0.000000,0.000000,0.000000,0.000000
1749018188.986530,98.192399,99.000000,90.000000,0.000000,0.000000,0.000000,0.000000,0.000000,0.000000,0.000000,0.000000
1749018189.019653,98.281211,99.000000,120.000000,0.000000,0.000000,0.000000,0.000000,0.000000,0.000000,0.000000,0.000000
1749018189.051896,98.184602,99.000000,90.000000,0.000000,0.000000,0.000000,0.000000,0.000000,0.000000,0.000000,0.000000
1749018189.087397,98.195268,99.000000,90.000000,0.000000,0.000000,0.000000,0.000000,0.000000,0.000000,0.000000,0.000000
1749018189.119881,98.646586,99.000000,90.000000,0.000000,0.000000,0.000000,0.000000,0.000000,0.000000,0.000000,0.000000
1749018189.148853,98.742539,99.000000,90.000000,0.000000,0.000000,0.000000,0.000000,0.000000,0.000000,0.000000,0.000000
1749018189.174713,98.683388,99.000000,90.000000,0.000000,0.000000,0.000000,0.000000,0.000000,0.000000,0.000000,0.000000
1749018189.206752,98.075439,99.000000,90.000000,0.000000,0.000000,0.000000,0.000000,0.000000,0.000000,0.000000,0.000000
1749018189.241273,98.557814,99.000000,90.000000,0.000000,0.000000,0.000000,0.000000,0.000000,0.000000,0.000000,0.000000
1749018189.274021,98.753911,99.000000,90.000000,0.000000,0.000000,0.000000,0.000000,0.000000,0.000000,0.000000,0.000000
1749018189.305867,99.017535,99.000000,90.000000,0.000000,0.000000,0.000000,0.000000,0.000000,0.000000,0.000000,0.000000
1749018189.338578,98.504466,99.000000,90.000000,0.000000,0.000000,0.000000,0.000000,0.000000,0.000000,0.000000,0.000000
1749018189.374954,98.368742,99.000000,90.000000,0.000000,0.000000,0.000000,0.000000,0.000000,0.000000,0.000000,0.000000
1749018189.406968,98.623182,99.000000,90.000000,0.000000,0.000000,0.000000,0.000000,0.000000,0.000000,0.000000,0.000000
1749018189.440056,98.513265,99.000000,90.000000,0.000000,0.000000,0.000000,0.000000,0.000000,0.000000,0.000000,0.000000
1749018189.477395,98.411647,99.000000,90.000000,0.000000,0.000000,0.000000,0.000000,0.000000,0.000000,0.000000,0.000000
1749018189.509581,99.247399,99.000000,90.000000,0.000000,0.000000,0.000000,0.000000,0.000000,0.000000,0.000000,0.000000
1749018189.545864,99.335291,99.000000,90.000000,0.000000,0.000000,0.000000,0.000000,0.000000,0.000000,0.000000,0.000000
1749018189.578288,99.081653,99.000000,90.000000,0.000000,0.000000,0.000000,0.000000,0.000000,0.000000,0.000000,0.000000
1749018189.609550,99.660693,99.000000,90.000000,0.000000,0.000000,0.000000,0.000000,0.000000,0.000000,0.000000,0.000000
1749018189.641600,100.161109,99.000000,90.000000,0.000000,0.000000,0.000000,0.000000,0.000000,0.000000,0.000000,0.000000
1749018189.677171,99.779668,99.000000,90.000000,0.000000,0.000000,0.000000,0.000000,0.000000,0.000000,0.000000,0.000000
1749018189.707836,99.997410,99.000000,90.000000,0.000000,0.000000,0.000000,0.000000,0.000000,0.000000,0.000000,0.000000
1749018189.745170,100.293706,99.000000,90.000000,0.000000,0.000000,0.000000,0.000000,0.000000,0.000000,0.000000,0.000000
1749018189.775333,101.118414,99.000000,90.000000,0.000000,0.000000,0.000000,0.000000,0.000000,0.000000,0.000000,0.000000
1749018189.804524,101.545008,99.000000,90.000000,0.000000,0.000000,0.000000,0.000000,120.000000,120.000000,120.000000,120.000000
1749018189.836189,101.987709,99.000000,90.000000,0.000000,0.000000,0.000000,0.000000,120.000000,120.000000,120.000000,120.000000
1749018189.872864,102.466525,99.000000,90.000000,0.000000,0.000000,0.000000,0.000000,120.000000,120.000000,120.000000,120.000000
1749018189.909344,102.761679,99.000000,90.000000,0.000000,0.000000,0.000000,0.000000,120.000000,120.000000,120.000000,120.000000
1749018189.944817,103.345144,99.000000,90.000000,0.000000,0.000000,0.000000,0.000000,120.000000,120.000000,120.000000,120.000000
1749018189.975917,104.871080,99.000000,90.000000,0.000000,0.000000,0.000000,0.000000,120.000000,120.000000,120.000000,120.000000
1749018190.005697,105.765396,99.000000,90.000000,0.000000,0.000000,0.000000,0.000000,120.000000,120.000000,120.000000,120.000000
1749018190.039098,105.530855,99.000000,90.000000,0.000000,0.000000,0.000000,0.000000,120.000000,120.000000,120.000000,120.000000
1749018190.073551,105.800303,99.000000,90.000000,0.000000,0.000000,0.000000,0.000000,120.000000,120.000000,120.000000,120.000000
1749018190.102086,105.906539,99.000000,90.000000,0.000000,0.000000,0.000000,0.000000,120.000000,120.000000,120.000000,120.000000
1749018190.135872,106.031099,99.000000,90.000000,0.000000,0.000000,0.000000,0.000000,120.000000,120.000000,120.000000,120.000000
1749018190.172262,106.765324,99.000000,90.000000,0.000000,0.000000,0.000000,0.000000,120.000000,120.000000,120.000000,120.000000
1749018190.205489,107.261261,99.000000,90.000000,0.000000,0.000000,0.000000,0.000000,120.000000,120.000000,120.000000,120.000000
1749018190.238105,108.447321,99.000000,90.000000,0.000000,0.000000,0.000000,0.000000,120.000000,120.000000,120.000000,120.000000
1749018190.274044,109.297393,99.000000,90.000000,0.000000,0.000000,0.000000,0.000000,120.000000,120.000000,120.000000,120.000000
1749018190.306883,110.243132,99.000000,90.000000,0.000000,0.000000,0.000000,0.000000,120.000000,120.000000,120.000000,120.000000
1749018190.338063,110.617567,99.000000,90.000000,0.000000,0.000000,0.000000,0.000000,120.000000,120.000000,120.000000,120.000000
1749018190.374997,110.624653,99.000000,90.000000,0.000000,0.000000,0.000000,0.000000,120.000000,120.000000,120.000000,120.000000
1749018190.409641,110.486611,99.000000,90.000000,0.000000,0.000000,0.000000,0.000000,120.000000,120.000000,120.000000,120.000000
1749018190.440367,111.920537,99.000000,90.000000,0.000000,0.000000,0.000000,0.000000,120.000000,120.000000,120.000000,120.000000
1749018190.471199,112.786876,99.000000,90.000000,0.000000,0.000000,0.000000,0.000000,120.000000,120.000000,120.000000,120.000000
1749018190.502811,112.900591,99.000000,90.000000,0.000000,0.000000,0.000000,0.000000,120.000000,120.000000,120.000000,120.000000
1749018190.534994,112.521403,99.000000,90.000000,0.000000,0.000000,0.000000,0.000000,120.000000,120.000000,120.000000,120.000000
1749018190.572490,111.767963,99.000000,90.000000,0.000000,0.000000,0.000000,0.000000,120.000000,120.000000,120.000000,120.000000
1749018190.606813,111.845617,99.000000,90.000000,0.000000,0.000000,0.000000,0.000000,120.000000,120.000000,120.000000,120.000000
1749018190.635242,112.880286,99.000000,90.000000,0.000000,0.000000,0.000000,0.000000,120.000000,120.000000,120.000000,120.000000
1749018190.671806,113.514332,99.000000,90.000000,0.000000,0.000000,0.000000,0.000000,120.000000,120.000000,120.000000,120.000000
1749018190.703850,113.531001,99.000000,90.000000,0.000000,0.000000,0.000000,0.000000,120.000000,120.000000,120.000000,120.000000
1749018190.736199,113.384688,99.000000,90.000000,0.000000,0.000000,0.000000,0.000000,120.000000,120.000000,120.000000,120.000000
1749018190.775309,113.633001,99.000000,90.000000,0.000000,0.000000,0.000000,0.000000,120.000000,120.000000,120.000000,120.000000
1749018190.802971,114.306920,99.000000,90.000000,0.000000,0.000000,0.000000,0.000000,122.000000,122.000000,122.000000,122.000000
1749018190.835122,114.111694,99.000000,90.000000,0.000000,0.000000,0.000000,0.000000,120.000000,120.000000,120.000000,120.000000
1749018190.872261,113.377805,99.000000,90.000000,0.000000,0.000000,0.000000,0.000000,120.000000,120.000000,120.000000,120.000000
1749018190.903962,114.101863,99.000000,90.000000,0.000000,0.000000,0.000000,0.000000,120.000000,120.000000,120.000000,120.000000
1749018190.938329,114.220531,99.000000,90.000000,0.000000,0.000000,0.000000,0.000000,121.000000,121.000000,121.000000,121.000000
1749018190.977838,113.514689,99.000000,90.000000,0.000000,0.000000,0.000000,0.000000,120.000000,120.000000,120.000000,120.000000
1749018191.008704,113.794822,99.000000,90.000000,0.000000,0.000000,0.000000,0.000000,120.000000,120.000000,120.000000,120.000000
1749018191.040843,112.863344,99.000000,90.000000,0.000000,0.000000,0.000000,0.000000,120.000000,120.000000,120.000000,120.000000
1749018191.077722,112.744810,99.000000,90.000000,0.000000,0.000000,0.000000,0.000000,120.000000,120.000000,120.000000,120.000000
1749018191.108500,113.320789,99.000000,90.000000,0.000000,0.000000,0.000000,0.000000,120.000000,120.000000,120.000000,120.000000
1749018191.136201,113.089111,99.000000,90.000000,0.000000,0.000000,0.000000,0.000000,120.000000,120.000000,120.000000,120.000000
1749018191.185196,112.546699,99.000000,90.000000,0.000000,0.000000,0.000000,0.000000,120.000000,120.000000,120.000000,120.000000
1749018191.211018,113.203832,99.000000,90.000000,0.000000,0.000000,0.000000,0.000000,120.000000,120.000000,120.000000,120.000000
1749018191.242715,113.583397,99.000000,90.000000,0.000000,0.000000,0.000000,0.000000,120.000000,120.000000,120.000000,120.000000
1749018191.275074,113.167501,99.000000,90.000000,0.000000,0.000000,0.000000,0.000000,120.000000,120.000000,120.000000,120.000000
1749018191.305023,112.658452,99.000000,90.000000,0.000000,0.000000,0.000000,0.000000,120.000000,120.000000,120.000000,120.000000
1749018191.337767,112.247492,99.000000,90.000000,0.000000,0.000000,0.000000,0.000000,120.000000,120.000000,120.000000,120.000000
1749018191.373904,112.074638,99.000000,90.000000,0.000000,0.000000,0.000000,0.000000,120.000000,120.000000,120.000000,120.000000
1749018191.402708,111.309741,99.000000,90.000000,0.000000,0.000000,0.000000,0.000000,120.000000,120.000000,120.000000,120.000000
1749018191.438918,110.181047,99.000000,90.000000,0.000000,0.000000,0.000000,0.000000,120.000000,120.000000,120.000000,120.000000
1749018191.472070,109.677712,99.000000,90.000000,0.000000,0.000000,0.000000,0.000000,120.000000,120.000000,120.000000,120.000000
1749018191.503151,108.366735,99.000000,90.000000,0.000000,0.000000,0.000000,0.000000,120.000000,120.000000,120.000000,120.000000
1749018191.534844,107.249266,99.000000,90.000000,0.000000,0.000000,0.000000,0.000000,120.000000,120.000000,120.000000,120.000000
1749018191.576036,106.640389,99.000000,90.000000,0.000000,0.000000,0.000000,0.000000,120.000000,120.000000,120.000000,120.000000
1749018191.608484,106.077567,99.000000,90.000000,0.000000,0.000000,0.000000,0.000000,120.000000,120.000000,120.000000,120.000000
1749018191.640009,105.884996,99.000000,90.000000,0.000000,0.000000,0.000000,0.000000,120.000000,120.000000,120.000000,120.000000
1749018191.679905,106.112151,99.000000,90.000000,0.000000,0.000000,0.000000,0.000000,120.000000,120.000000,120.000000,120.000000
1749018191.709688,105.402552,99.000000,90.000000,0.000000,0.000000,0.000000,0.000000,120.000000,120.000000,120.000000,120.000000
1749018191.743825,105.124654,99.000000,90.000000,0.000000,0.000000,0.000000,0.000000,120.000000,120.000000,120.000000,120.000000
1749018191.773222,105.051865,99.000000,90.000000,0.000000,0.000000,0.000000,0.000000,120.000000,120.000000,120.000000,120.000000
1749018191.805538,104.209070,99.000000,90.000000,0.000000,0.000000,0.000000,0.000000,120.000000,120.000000,120.000000,120.000000
1749018191.835426,103.942510,99.000000,90.000000,0.000000,0.000000,0.000000,0.000000,120.000000,120.000000,120.000000,120.000000
1749018191.875286,104.281039,99.000000,90.000000,0.000000,0.000000,0.000000,0.000000,120.000000,120.000000,120.000000,120.000000
1749018191.906081,104.104281,99.000000,90.000000,0.000000,0.000000,0.000000,0.000000,120.000000,120.000000,120.000000,120.000000
1749018191.938398,103.291439,99.000000,90.000000,0.000000,0.000000,0.000000,0.000000,120.000000,120.000000,120.000000,120.000000
1749018191.974852,102.683860,99.000000,90.000000,0.000000,0.000000,0.000000,0.000000,120.000000,120.000000,120.000000,120.000000
1749018192.007070,102.174754,99.000000,90.000000,0.000000,0.000000,0.000000,0.000000,120.000000,120.000000,120.000000,120.000000
1749018192.039745,102.128607,99.000000,90.000000,0.000000,0.000000,0.000000,0.000000,120.000000,120.000000,120.000000,120.000000
1749018192.076982,101.857739,99.000000,90.000000,0.000000,0.000000,0.000000,0.000000,120.000000,120.000000,120.000000,120.000000
1749018192.104449,102.027583,99.000000,90.000000,0.000000,0.000000,0.000000,0.000000,120.000000,120.000000,120.000000,120.000000
1749018192.133527,101.901441,99.000000,90.000000,0.000000,0.000000,0.000000,0.000000,120.000000,120.000000,120.000000,120.000000
1749018192.171620,101.516568,99.000000,90.000000,0.000000,0.000000,0.000000,0.000000,120.000000,120.000000,120.000000,120.000000
1749018192.203143,101.547704,99.000000,90.000000,0.000000,0.000000,0.000000,0.000000,120.000000,120.000000,120.000000,120.000000
1749018192.235558,101.079896,99.000000,90.000000,0.000000,0.000000,0.000000,0.000000,0.000000,0.000000,0.000000,0.000000
1749018192.270105,101.001146,99.000000,90.000000,0.000000,0.000000,0.000000,0.000000,0.000000,0.000000,0.000000,0.000000
1749018192.305756,100.490055,99.000000,90.000000,0.000000,0.000000,0.000000,0.000000,0.000000,0.000000,0.000000,0.000000
1749018192.337471,99.917351,99.000000,90.000000,0.000000,0.000000,0.000000,0.000000,0.000000,0.000000,0.000000,0.000000
1749018192.369765,100.832603,99.000000,90.000000,0.000000,0.000000,0.000000,0.000000,0.000000,0.000000,0.000000,0.000000
1749018192.399809,99.815482,99.000000,90.000000,0.000000,0.000000,0.000000,0.000000,0.000000,0.000000,0.000000,0.000000
1749018192.435940,98.831177,99.000000,90.000000,0.000000,0.000000,0.000000,0.000000,0.000000,0.000000,0.000000,0.000000
1749018192.474963,98.137953,99.000000,90.000000,0.000000,0.000000,0.000000,0.000000,0.000000,0.000000,0.000000,0.000000
1749018192.506426,97.394868,99.000000,90.000000,0.000000,0.000000,0.000000,0.000000,0.000000,0.000000,0.000000,0.000000
1749018192.538530,96.896192,99.000000,90.000000,0.000000,0.000000,0.000000,0.000000,0.000000,0.000000,0.000000,0.000000
1749018192.576538,96.565915,111.000000,90.000000,0.000000,0.000000,0.000000,0.000000,0.000000,0.000000,0.000000,0.000000
1749018192.608618,96.412123,111.000000,90.000000,0.000000,0.000000,0.000000,0.000000,0.000000,0.000000,0.000000,0.000000
1749018192.637466,96.458585,111.000000,90.000000,0.000000,0.000000,0.000000,0.000000,0.000000,0.000000,0.000000,0.000000
1749018192.675164,95.454012,111.000000,120.000000,0.000000,0.000000,0.000000,0.000000,0.000000,0.000000,0.000000,0.000000
1749018192.702952,95.269810,111.000000,90.000000,0.000000,0.000000,0.000000,0.000000,0.000000,0.000000,0.000000,0.000000
1749018192.731813,96.354775,111.000000,90.000000,0.000000,0.000000,0.000000,0.000000,0.000000,0.000000,0.000000,0.000000
1749018192.772564,96.402848,111.000000,90.000000,0.000000,0.000000,0.000000,0.000000,0.000000,0.000000,0.000000,0.000000
1749018192.807463,96.068401,111.000000,120.000000,0.000000,0.000000,0.000000,0.000000,0.000000,0.000000,0.000000,0.000000
1749018192.837462,96.527898,111.000000,90.000000,80.000000,80.000000,80.000000,80.000000,0.000000,0.000000,0.000000,0.000000
1749018192.876043,95.407230,111.000000,90.000000,80.000000,80.000000,80.000000,80.000000,0.000000,0.000000,0.000000,0.000000
