epoch_time,ankle_angle,goal_angle,servo_command,vibe_command_0,vibe_command_1,vibe_command_2,vibe_command_3,vibe_command_4,vibe_command_5,vibe_command_6,vibe_command_7
1749017462.670065,88.789311,110.000000,90.000000,0.000000,0.000000,0.000000,0.000000,0.000000,0.000000,0.000000,0.000000
1749017462.705681,89.034722,110.000000,90.000000,0.000000,0.000000,0.000000,0.000000,0.000000,0.000000,0.000000,0.000000
1749017462.738618,88.868730,110.000000,90.000000,0.000000,0.000000,0.000000,0.000000,0.000000,0.000000,0.000000,0.000000
1749017462.770905,89.292456,110.000000,90.000000,0.000000,0.000000,0.000000,0.000000,0.000000,0.000000,0.000000,0.000000
1749017462.805837,89.606623,110.000000,90.000000,120.000000,120.000000,120.000000,120.000000,250.000000,250.000000,250.000000,250.000000
1749017462.838291,90.346040,110.000000,90.000000,120.000000,120.000000,120.000000,120.000000,250.000000,250.000000,250.000000,250.000000
1749017462.870471,91.565553,110.000000,90.000000,120.000000,120.000000,120.000000,120.000000,250.000000,250.000000,250.000000,250.000000
1749017462.909072,93.041097,110.000000,90.000000,120.000000,120.000000,120.000000,120.000000,250.000000,250.000000,250.000000,250.000000
1749017462.958427,93.828144,110.000000,90.000000,0.000000,0.000000,0.000000,0.000000,0.000000,0.000000,0.000000,0.000000
1749017462.981482,93.581686,110.000000,90.000000,0.000000,0.000000,0.000000,0.000000,0.000000,0.000000,0.000000,0.000000
1749017463.005695,93.455851,110.000000,90.000000,0.000000,0.000000,0.000000,0.000000,0.000000,0.000000,0.000000,0.000000
1749017463.037230,93.383649,110.000000,90.000000,0.000000,0.000000,0.000000,0.000000,0.000000,0.000000,0.000000,0.000000
1749017463.069786,93.798022,110.000000,90.000000,120.000000,120.000000,120.000000,120.000000,250.000000,250.000000,250.000000,250.000000
1749017463.107432,93.807729,110.000000,90.000000,120.000000,120.000000,120.000000,120.000000,250.000000,250.000000,250.000000,250.000000
1749017463.140972,93.461941,110.000000,90.000000,120.000000,120.000000,120.000000,120.000000,250.000000,250.000000,250.000000,250.000000
1749017463.173107,93.714052,110.000000,90.000000,120.000000,120.000000,120.000000,120.000000,250.000000,250.000000,250.000000,250.000000
1749017463.210590,93.771786,110.000000,90.000000,0.000000,0.000000,0.000000,0.000000,0.000000,0.000000,0.000000,0.000000
1749017463.241509,94.423953,110.000000,90.000000,0.000000,0.000000,0.000000,0.000000,0.000000,0.000000,0.000000,0.000000
1749017463.274896,94.210635,110.000000,90.000000,0.000000,0.000000,0.000000,0.000000,0.000000,0.000000,0.000000,0.000000
1749017463.311295,94.535605,110.000000,90.000000,0.000000,0.000000,0.000000,0.000000,0.000000,0.000000,0.000000,0.000000
1749017463.339808,95.144064,110.000000,90.000000,120.000000,120.000000,120.000000,120.000000,250.000000,250.000000,250.000000,250.000000
1749017463.368153,95.904987,110.000000,90.000000,120.000000,120.000000,120.000000,120.000000,250.000000,250.000000,250.000000,250.000000
1749017463.403157,95.650057,110.000000,90.000000,120.000000,120.000000,120.000000,120.000000,250.000000,250.000000,250.000000,250.000000
1749017463.436922,94.847994,110.000000,90.000000,120.000000,120.000000,120.000000,120.000000,250.000000,250.000000,250.000000,250.000000
1749017463.471117,94.561727,110.000000,90.000000,0.000000,0.000000,0.000000,0.000000,0.000000,0.000000,0.000000,0.000000
1749017463.512588,94.334445,110.000000,90.000000,0.000000,0.000000,0.000000,0.000000,0.000000,0.000000,0.000000,0.000000
1749017463.545347,94.335396,110.000000,90.000000,0.000000,0.000000,0.000000,0.000000,0.000000,0.000000,0.000000,0.000000
1749017463.577107,94.653179,110.000000,90.000000,0.000000,0.000000,0.000000,0.000000,0.000000,0.000000,0.000000,0.000000
1749017463.612993,93.924702,110.000000,90.000000,120.000000,120.000000,120.000000,120.000000,250.000000,250.000000,250.000000,250.000000
1749017463.644017,94.424922,110.000000,90.000000,120.000000,120.000000,120.000000,120.000000,250.000000,250.000000,250.000000,250.000000
1749017463.677881,94.807014,110.000000,90.000000,120.000000,120.000000,120.000000,120.000000,250.000000,250.000000,250.000000,250.000000
1749017463.715127,94.994089,110.000000,90.000000,120.000000,120.000000,120.000000,120.000000,250.000000,250.000000,250.000000,250.000000
1749017463.743594,95.181418,110.000000,90.000000,0.000000,0.000000,0.000000,0.000000,0.000000,0.000000,0.000000,0.000000
1749017463.773220,114.821042,110.000000,90.000000,0.000000,0.000000,0.000000,0.000000,0.000000,0.000000,0.000000,0.000000
1749017463.808707,122.914069,110.000000,90.000000,0.000000,0.000000,0.000000,0.000000,0.000000,0.000000,0.000000,0.000000
1749017463.841127,100.243746,110.000000,90.000000,0.000000,0.000000,0.000000,0.000000,0.000000,0.000000,0.000000,0.000000
1749017463.873827,90.874353,110.000000,90.000000,120.000000,120.000000,120.000000,120.000000,250.000000,250.000000,250.000000,250.000000
1749017463.911973,94.648691,110.000000,90.000000,120.000000,120.000000,120.000000,120.000000,250.000000,250.000000,250.000000,250.000000
1749017463.945799,96.237414,110.000000,90.000000,120.000000,120.000000,120.000000,120.000000,250.000000,250.000000,250.000000,250.000000
1749017463.976496,95.016524,110.000000,90.000000,120.000000,120.000000,120.000000,120.000000,250.000000,250.000000,250.000000,250.000000
1749017464.011895,94.450087,110.000000,90.000000,0.000000,0.000000,0.000000,0.000000,0.000000,0.000000,0.000000,0.000000
1749017464.044558,94.702283,110.000000,90.000000,0.000000,0.000000,0.000000,0.000000,0.000000,0.000000,0.000000,0.000000
1749017464.077340,94.303866,110.000000,90.000000,0.000000,0.000000,0.000000,0.000000,0.000000,0.000000,0.000000,0.000000
1749017464.114332,94.716378,110.000000,90.000000,0.000000,0.000000,0.000000,0.000000,0.000000,0.000000,0.000000,0.000000
1749017464.143089,94.782613,110.000000,90.000000,120.000000,120.000000,120.000000,120.000000,250.000000,250.000000,250.000000,250.000000
1749017464.175838,94.697591,110.000000,90.000000,120.000000,120.000000,120.000000,120.000000,250.000000,250.000000,250.000000,250.000000
1749017464.211857,94.834206,110.000000,90.000000,120.000000,120.000000,120.000000,120.000000,250.000000,250.000000,250.000000,250.000000
1749017464.244333,104.256938,110.000000,90.000000,120.000000,120.000000,120.000000,120.000000,250.000000,250.000000,250.000000,250.000000
1749017464.275440,104.671119,110.000000,90.000000,0.000000,0.000000,0.000000,0.000000,0.000000,0.000000,0.000000,0.000000
1749017464.313602,94.828505,110.000000,90.000000,0.000000,0.000000,0.000000,0.000000,0.000000,0.000000,0.000000,0.000000
1749017464.344109,94.746482,110.000000,90.000000,0.000000,0.000000,0.000000,0.000000,0.000000,0.000000,0.000000,0.000000
1749017464.376850,94.545385,110.000000,90.000000,0.000000,0.000000,0.000000,0.000000,0.000000,0.000000,0.000000,0.000000
1749017464.411789,94.700293,110.000000,90.000000,0.000000,0.000000,0.000000,0.000000,0.000000,0.000000,0.000000,0.000000
1749017464.446033,94.752888,110.000000,90.000000,0.000000,0.000000,0.000000,0.000000,0.000000,0.000000,0.000000,0.000000
1749017464.477390,94.117617,110.000000,90.000000,0.000000,0.000000,0.000000,0.000000,0.000000,0.000000,0.000000,0.000000
1749017464.512953,93.991587,110.000000,90.000000,120.000000,120.000000,120.000000,120.000000,250.000000,250.000000,250.000000,250.000000
1749017464.542681,94.574347,110.000000,90.000000,120.000000,120.000000,120.000000,120.000000,250.000000,250.000000,250.000000,250.000000
1749017464.575753,94.518462,110.000000,90.000000,120.000000,120.000000,120.000000,120.000000,250.000000,250.000000,250.000000,250.000000
1749017464.610050,94.469481,110.000000,90.000000,120.000000,120.000000,120.000000,120.000000,250.000000,250.000000,250.000000,250.000000
1749017464.643732,94.451151,110.000000,90.000000,0.000000,0.000000,0.000000,0.000000,0.000000,0.000000,0.000000,0.000000
1749017464.675697,94.511928,110.000000,90.000000,0.000000,0.000000,0.000000,0.000000,0.000000,0.000000,0.000000,0.000000
1749017464.711822,94.584849,110.000000,90.000000,0.000000,0.000000,0.000000,0.000000,0.000000,0.000000,0.000000,0.000000
1749017464.742794,94.880701,110.000000,90.000000,0.000000,0.000000,0.000000,0.000000,0.000000,0.000000,0.000000,0.000000
1749017464.776699,94.903437,110.000000,90.000000,120.000000,120.000000,120.000000,120.000000,250.000000,250.000000,250.000000,250.000000
1749017464.813282,94.921312,110.000000,90.000000,120.000000,120.000000,120.000000,120.000000,250.000000,250.000000,250.000000,250.000000
1749017464.845973,95.190344,110.000000,90.000000,120.000000,120.000000,120.000000,120.000000,250.000000,250.000000,250.000000,250.000000
1749017464.879536,95.682443,110.000000,90.000000,120.000000,120.000000,120.000000,120.000000,250.000000,250.000000,250.000000,250.000000
1749017464.911040,96.517382,110.000000,90.000000,0.000000,0.000000,0.000000,0.000000,0.000000,0.000000,0.000000,0.000000
1749017464.943774,96.709666,110.000000,90.000000,0.000000,0.000000,0.000000,0.000000,0.000000,0.000000,0.000000,0.000000
1749017464.975580,96.513573,110.000000,90.000000,0.000000,0.000000,0.000000,0.000000,0.000000,0.000000,0.000000,0.000000
1749017465.010889,96.586995,110.000000,90.000000,0.000000,0.000000,0.000000,0.000000,0.000000,0.000000,0.000000,0.000000
1749017465.043667,96.952835,110.000000,90.000000,120.000000,120.000000,120.000000,120.000000,250.000000,250.000000,250.000000,250.000000
1749017465.076071,98.022825,110.000000,90.000000,120.000000,120.000000,120.000000,120.000000,250.000000,250.000000,250.000000,250.000000
1749017465.112372,98.187434,110.000000,90.000000,120.000000,120.000000,120.000000,120.000000,250.000000,250.000000,250.000000,250.000000
1749017465.145000,98.651263,110.000000,90.000000,120.000000,120.000000,120.000000,120.000000,250.000000,250.000000,250.000000,250.000000
1749017465.176886,99.254972,110.000000,90.000000,0.000000,0.000000,0.000000,0.000000,0.000000,0.000000,0.000000,0.000000
1749017465.213820,99.488590,110.000000,90.000000,0.000000,0.000000,0.000000,0.000000,0.000000,0.000000,0.000000,0.000000
1749017465.244387,99.161602,110.000000,90.000000,0.000000,0.000000,0.000000,0.000000,0.000000,0.000000,0.000000,0.000000
1749017465.277058,99.500900,110.000000,90.000000,0.000000,0.000000,0.000000,0.000000,0.000000,0.000000,0.000000,0.000000
1749017465.312480,100.038993,110.000000,90.000000,120.000000,120.000000,120.000000,120.000000,250.000000,250.000000,250.000000,250.000000
1749017465.344522,100.590439,110.000000,90.000000,120.000000,120.000000,120.000000,120.000000,250.000000,250.000000,250.000000,250.000000
1749017465.376819,100.928172,110.000000,90.000000,120.000000,120.000000,120.000000,120.000000,250.000000,250.000000,250.000000,250.000000
1749017465.411720,101.385478,110.000000,90.000000,120.000000,120.000000,120.000000,120.000000,250.000000,250.000000,250.000000,250.000000
1749017465.443574,101.743346,110.000000,90.000000,0.000000,0.000000,0.000000,0.000000,0.000000,0.000000,0.000000,0.000000
1749017465.475596,102.289506,110.000000,90.000000,0.000000,0.000000,0.000000,0.000000,0.000000,0.000000,0.000000,0.000000
1749017465.511111,102.107836,110.000000,90.000000,0.000000,0.000000,0.000000,0.000000,0.000000,0.000000,0.000000,0.000000
1749017465.542802,102.705200,110.000000,90.000000,0.000000,0.000000,0.000000,0.000000,0.000000,0.000000,0.000000,0.000000
1749017465.575992,103.098172,110.000000,90.000000,120.000000,120.000000,120.000000,120.000000,250.000000,250.000000,250.000000,250.000000
1749017465.611805,103.554791,110.000000,90.000000,120.000000,120.000000,120.000000,120.000000,250.000000,250.000000,250.000000,250.000000
1749017465.644349,103.719489,110.000000,90.000000,120.000000,120.000000,120.000000,120.000000,250.000000,250.000000,250.000000,250.000000
1749017465.677262,103.776649,110.000000,90.000000,120.000000,120.000000,120.000000,120.000000,250.000000,250.000000,250.000000,250.000000
1749017465.732795,103.818907,110.000000,90.000000,0.000000,0.000000,0.000000,0.000000,0.000000,0.000000,0.000000,0.000000
1749017465.779320,104.471720,110.000000,90.000000,0.000000,0.000000,0.000000,0.000000,0.000000,0.000000,0.000000,0.000000
1749017465.820918,104.300487,110.000000,90.000000,0.000000,0.000000,0.000000,0.000000,0.000000,0.000000,0.000000,0.000000
1749017465.858186,104.612588,110.000000,90.000000,0.000000,0.000000,0.000000,0.000000,0.000000,0.000000,0.000000,0.000000
1749017465.890973,104.395736,110.000000,90.000000,0.000000,0.000000,0.000000,0.000000,0.000000,0.000000,0.000000,0.000000
1749017465.914552,104.778564,110.000000,90.000000,120.000000,120.000000,120.000000,120.000000,250.000000,250.000000,250.000000,250.000000
1749017465.940665,105.043229,110.000000,90.000000,120.000000,120.000000,120.000000,120.000000,250.000000,250.000000,250.000000,250.000000
1749017465.966452,105.019429,110.000000,90.000000,120.000000,120.000000,120.000000,120.000000,250.000000,250.000000,250.000000,250.000000
1749017466.013050,105.110030,110.000000,90.000000,120.000000,120.000000,120.000000,120.000000,250.000000,250.000000,250.000000,250.000000
1749017466.039363,105.383325,110.000000,90.000000,120.000000,120.000000,120.000000,120.000000,250.000000,250.000000,250.000000,250.000000
1749017466.059766,105.516245,110.000000,90.000000,120.000000,120.000000,120.000000,120.000000,250.000000,250.000000,250.000000,250.000000
1749017466.086248,105.708219,110.000000,90.000000,120.000000,120.000000,120.000000,120.000000,250.000000,250.000000,250.000000,250.000000
1749017466.111776,105.452373,110.000000,90.000000,0.000000,0.000000,0.000000,0.000000,0.000000,0.000000,0.000000,0.000000
1749017466.139923,105.334116,110.000000,90.000000,0.000000,0.000000,0.000000,0.000000,0.000000,0.000000,0.000000,0.000000
1749017466.180669,105.240749,110.000000,90.000000,0.000000,0.000000,0.000000,0.000000,0.000000,0.000000,0.000000,0.000000
1749017466.220050,105.542900,110.000000,90.000000,0.000000,0.000000,0.000000,0.000000,0.000000,0.000000,0.000000,0.000000
1749017466.256025,105.565221,110.000000,90.000000,0.000000,0.000000,0.000000,0.000000,0.000000,0.000000,0.000000,0.000000
1749017466.288165,105.889174,110.000000,90.000000,0.000000,0.000000,0.000000,0.000000,0.000000,0.000000,0.000000,0.000000
1749017466.319700,105.602946,110.000000,90.000000,0.000000,0.000000,0.000000,0.000000,0.000000,0.000000,0.000000,0.000000
1749017466.348996,105.587516,110.000000,90.000000,0.000000,0.000000,0.000000,0.000000,0.000000,0.000000,0.000000,0.000000
1749017466.381053,105.625290,110.000000,90.000000,120.000000,120.000000,120.000000,120.000000,250.000000,250.000000,250.000000,250.000000
1749017466.417170,105.759455,110.000000,90.000000,120.000000,120.000000,120.000000,120.000000,250.000000,250.000000,250.000000,250.000000
1749017466.449530,105.604138,110.000000,90.000000,120.000000,120.000000,120.000000,120.000000,250.000000,250.000000,250.000000,250.000000
1749017466.480448,105.481579,110.000000,90.000000,120.000000,120.000000,120.000000,120.000000,250.000000,250.000000,250.000000,250.000000
1749017466.517845,106.006912,110.000000,90.000000,120.000000,120.000000,120.000000,120.000000,250.000000,250.000000,250.000000,250.000000
1749017466.550221,105.877648,110.000000,90.000000,120.000000,120.000000,120.000000,120.000000,250.000000,250.000000,250.000000,250.000000
1749017466.581938,105.839540,110.000000,90.000000,120.000000,120.000000,120.000000,120.000000,250.000000,250.000000,250.000000,250.000000
1749017466.619923,105.702084,110.000000,90.000000,120.000000,120.000000,120.000000,120.000000,250.000000,250.000000,250.000000,250.000000
1749017466.651878,105.710084,110.000000,90.000000,0.000000,0.000000,0.000000,0.000000,0.000000,0.000000,0.000000,0.000000
1749017466.681269,106.233902,110.000000,90.000000,0.000000,0.000000,0.000000,0.000000,0.000000,0.000000,0.000000,0.000000
1749017466.725134,105.555947,110.000000,90.000000,0.000000,0.000000,0.000000,0.000000,0.000000,0.000000,0.000000,0.000000
1749017466.754198,105.792748,110.000000,90.000000,0.000000,0.000000,0.000000,0.000000,0.000000,0.000000,0.000000,0.000000
1749017466.784653,105.495712,110.000000,90.000000,0.000000,0.000000,0.000000,0.000000,0.000000,0.000000,0.000000,0.000000
1749017466.816988,105.768759,110.000000,90.000000,0.000000,0.000000,0.000000,0.000000,0.000000,0.000000,0.000000,0.000000
1749017466.849520,106.006282,110.000000,90.000000,0.000000,0.000000,0.000000,0.000000,0.000000,0.000000,0.000000,0.000000
1749017466.883174,105.839113,110.000000,90.000000,0.000000,0.000000,0.000000,0.000000,0.000000,0.000000,0.000000,0.000000
1749017466.918024,105.188972,110.000000,90.000000,120.000000,120.000000,120.000000,120.000000,250.000000,250.000000,250.000000,250.000000
1749017466.948205,105.760803,110.000000,90.000000,120.000000,120.000000,120.000000,120.000000,250.000000,250.000000,250.000000,250.000000
1749017466.980944,106.145937,110.000000,90.000000,120.000000,120.000000,120.000000,120.000000,250.000000,250.000000,250.000000,250.000000
1749017467.017077,105.720155,110.000000,90.000000,120.000000,120.000000,120.000000,120.000000,250.000000,250.000000,250.000000,250.000000
1749017467.051144,105.934119,110.000000,90.000000,120.000000,120.000000,120.000000,120.000000,250.000000,250.000000,250.000000,250.000000
1749017467.085532,105.958441,110.000000,90.000000,120.000000,120.000000,120.000000,120.000000,250.000000,250.000000,250.000000,250.000000
1749017467.122000,105.571796,110.000000,90.000000,120.000000,120.000000,120.000000,120.000000,250.000000,250.000000,250.000000,250.000000
1749017467.150942,105.729279,110.000000,90.000000,0.000000,0.000000,0.000000,0.000000,0.000000,0.000000,0.000000,0.000000
1749017467.184423,105.543753,110.000000,90.000000,0.000000,0.000000,0.000000,0.000000,0.000000,0.000000,0.000000,0.000000
1749017467.216278,105.529826,110.000000,90.000000,0.000000,0.000000,0.000000,0.000000,0.000000,0.000000,0.000000,0.000000
1749017467.249926,105.138534,110.000000,90.000000,0.000000,0.000000,0.000000,0.000000,0.000000,0.000000,0.000000,0.000000
1749017467.289641,105.433956,110.000000,90.000000,0.000000,0.000000,0.000000,0.000000,0.000000,0.000000,0.000000,0.000000
1749017467.335890,105.958415,110.000000,90.000000,0.000000,0.000000,0.000000,0.000000,0.000000,0.000000,0.000000,0.000000
1749017467.361440,106.274452,110.000000,90.000000,0.000000,0.000000,0.000000,0.000000,0.000000,0.000000,0.000000,0.000000
1749017467.384177,105.415646,110.000000,90.000000,0.000000,0.000000,0.000000,0.000000,0.000000,0.000000,0.000000,0.000000
1749017467.403290,105.285555,110.000000,90.000000,120.000000,120.000000,120.000000,120.000000,250.000000,250.000000,250.000000,250.000000
1749017467.436993,105.410634,110.000000,90.000000,120.000000,120.000000,120.000000,120.000000,250.000000,250.000000,250.000000,250.000000
1749017467.469342,105.355544,110.000000,90.000000,120.000000,120.000000,120.000000,120.000000,250.000000,250.000000,250.000000,250.000000
1749017467.503419,105.954643,110.000000,90.000000,120.000000,120.000000,120.000000,120.000000,250.000000,250.000000,250.000000,250.000000
1749017467.540488,105.910010,110.000000,90.000000,120.000000,120.000000,120.000000,120.000000,250.000000,250.000000,250.000000,250.000000
1749017467.594113,105.218476,110.000000,90.000000,120.000000,120.000000,120.000000,120.000000,250.000000,250.000000,250.000000,250.000000
1749017467.635819,105.748639,110.000000,90.000000,120.000000,120.000000,120.000000,120.000000,250.000000,250.000000,250.000000,250.000000
1749017467.678796,106.268509,110.000000,90.000000,0.000000,0.000000,0.000000,0.000000,0.000000,0.000000,0.000000,0.000000
1749017467.724151,105.430994,110.000000,90.000000,0.000000,0.000000,0.000000,0.000000,0.000000,0.000000,0.000000,0.000000
1749017467.766515,105.277378,110.000000,90.000000,0.000000,0.000000,0.000000,0.000000,0.000000,0.000000,0.000000,0.000000
1749017467.809663,105.257673,110.000000,90.000000,0.000000,0.000000,0.000000,0.000000,0.000000,0.000000,0.000000,0.000000
1749017467.853261,105.693947,110.000000,90.000000,0.000000,0.000000,0.000000,0.000000,0.000000,0.000000,0.000000,0.000000
1749017467.894591,105.923320,110.000000,90.000000,0.000000,0.000000,0.000000,0.000000,0.000000,0.000000,0.000000,0.000000
1749017467.937508,105.263205,110.000000,90.000000,0.000000,0.000000,0.000000,0.000000,0.000000,0.000000,0.000000,0.000000
1749017467.963760,105.396239,110.000000,90.000000,0.000000,0.000000,0.000000,0.000000,0.000000,0.000000,0.000000,0.000000
1749017467.995518,105.794430,110.000000,90.000000,0.000000,0.000000,0.000000,0.000000,0.000000,0.000000,0.000000,0.000000
1749017468.031056,105.630638,110.000000,90.000000,120.000000,120.000000,120.000000,120.000000,250.000000,250.000000,250.000000,250.000000
1749017468.059918,105.712761,110.000000,90.000000,120.000000,120.000000,120.000000,120.000000,250.000000,250.000000,250.000000,250.000000
1749017468.085523,105.620540,110.000000,90.000000,120.000000,120.000000,120.000000,120.000000,250.000000,250.000000,250.000000,250.000000
1749017468.124533,124.443703,110.000000,90.000000,120.000000,120.000000,120.000000,120.000000,250.000000,250.000000,250.000000,250.000000
1749017468.147831,113.343908,110.000000,90.000000,120.000000,120.000000,120.000000,120.000000,250.000000,250.000000,250.000000,250.000000
1749017468.173771,102.264401,110.000000,90.000000,120.000000,120.000000,120.000000,120.000000,250.000000,250.000000,250.000000,250.000000
1749017468.199322,103.843153,110.000000,90.000000,120.000000,120.000000,120.000000,120.000000,250.000000,250.000000,250.000000,250.000000
1749017468.224996,105.884883,110.000000,90.000000,120.000000,120.000000,120.000000,120.000000,250.000000,250.000000,250.000000,250.000000
1749017468.250019,105.689901,110.000000,90.000000,0.000000,0.000000,0.000000,0.000000,0.000000,0.000000,0.000000,0.000000
1749017468.278992,105.597585,110.000000,90.000000,0.000000,0.000000,0.000000,0.000000,0.000000,0.000000,0.000000,0.000000
1749017468.304694,105.610371,110.000000,90.000000,0.000000,0.000000,0.000000,0.000000,0.000000,0.000000,0.000000,0.000000
1749017468.331065,105.759329,110.000000,90.000000,0.000000,0.000000,0.000000,0.000000,0.000000,0.000000,0.000000,0.000000
1749017468.360304,105.745964,110.000000,90.000000,0.000000,0.000000,0.000000,0.000000,0.000000,0.000000,0.000000,0.000000
1749017468.387393,105.459193,110.000000,90.000000,0.000000,0.000000,0.000000,0.000000,0.000000,0.000000,0.000000,0.000000
1749017468.412092,105.515496,110.000000,90.000000,0.000000,0.000000,0.000000,0.000000,0.000000,0.000000,0.000000,0.000000
1749017468.444130,105.692868,110.000000,90.000000,0.000000,0.000000,0.000000,0.000000,0.000000,0.000000,0.000000,0.000000
1749017468.476138,125.109660,110.000000,90.000000,120.000000,120.000000,120.000000,120.000000,250.000000,250.000000,250.000000,250.000000
1749017468.516416,143.133536,110.000000,90.000000,120.000000,120.000000,120.000000,120.000000,250.000000,250.000000,250.000000,250.000000
1749017468.549665,129.372756,110.000000,90.000000,120.000000,120.000000,120.000000,120.000000,250.000000,250.000000,250.000000,250.000000
1749017468.579750,108.521933,110.000000,90.000000,120.000000,120.000000,120.000000,120.000000,250.000000,250.000000,250.000000,250.000000
1749017468.615925,101.650152,110.000000,90.000000,0.000000,0.000000,0.000000,0.000000,0.000000,0.000000,0.000000,0.000000
1749017468.648668,124.278081,110.000000,90.000000,0.000000,0.000000,0.000000,0.000000,0.000000,0.000000,0.000000,0.000000
1749017468.680113,134.474290,110.000000,90.000000,0.000000,0.000000,0.000000,0.000000,0.000000,0.000000,0.000000,0.000000
1749017468.715855,110.798467,110.000000,90.000000,0.000000,0.000000,0.000000,0.000000,0.000000,0.000000,0.000000,0.000000
1749017468.750486,100.694020,110.000000,90.000000,120.000000,120.000000,120.000000,120.000000,250.000000,250.000000,250.000000,250.000000
1749017468.782087,104.876473,110.000000,90.000000,120.000000,120.000000,120.000000,120.000000,250.000000,250.000000,250.000000,250.000000
1749017468.817010,106.730444,110.000000,90.000000,120.000000,120.000000,120.000000,120.000000,250.000000,250.000000,250.000000,250.000000
1749017468.847534,105.762729,110.000000,90.000000,120.000000,120.000000,120.000000,120.000000,250.000000,250.000000,250.000000,250.000000
1749017468.878790,105.454111,110.000000,90.000000,0.000000,0.000000,0.000000,0.000000,0.000000,0.000000,0.000000,0.000000
1749017468.916781,124.522013,110.000000,90.000000,0.000000,0.000000,0.000000,0.000000,0.000000,0.000000,0.000000,0.000000
1749017468.948189,142.959775,110.000000,90.000000,0.000000,0.000000,0.000000,0.000000,0.000000,0.000000,0.000000,0.000000
1749017468.979462,120.048351,110.000000,90.000000,0.000000,0.000000,0.000000,0.000000,0.000000,0.000000,0.000000,0.000000
1749017469.015172,108.838152,110.000000,90.000000,0.000000,0.000000,0.000000,0.000000,0.000000,0.000000,0.000000,0.000000
1749017469.047174,102.674069,110.000000,90.000000,0.000000,0.000000,0.000000,0.000000,0.000000,0.000000,0.000000,0.000000
1749017469.080620,104.849457,110.000000,90.000000,0.000000,0.000000,0.000000,0.000000,0.000000,0.000000,0.000000,0.000000
1749017469.117619,113.795361,110.000000,90.000000,0.000000,0.000000,0.000000,0.000000,0.000000,0.000000,0.000000,0.000000
1749017469.150827,113.420651,110.000000,90.000000,120.000000,120.000000,120.000000,120.000000,250.000000,250.000000,250.000000,250.000000
1749017469.181958,103.190944,110.000000,90.000000,120.000000,120.000000,120.000000,120.000000,250.000000,250.000000,250.000000,250.000000
1749017469.218536,103.344495,110.000000,90.000000,120.000000,120.000000,120.000000,120.000000,250.000000,250.000000,250.000000,250.000000
1749017469.248203,122.451796,110.000000,90.000000,120.000000,120.000000,120.000000,120.000000,250.000000,250.000000,250.000000,250.000000
1749017469.279844,129.710331,110.000000,90.000000,120.000000,120.000000,120.000000,120.000000,250.000000,250.000000,250.000000,250.000000
1749017469.315982,106.987728,110.000000,90.000000,120.000000,120.000000,120.000000,120.000000,250.000000,250.000000,250.000000,250.000000
1749017469.347899,116.643476,110.000000,90.000000,120.000000,120.000000,120.000000,120.000000,250.000000,250.000000,250.000000,250.000000
1749017469.378961,118.166441,110.000000,90.000000,120.000000,120.000000,120.000000,120.000000,250.000000,250.000000,250.000000,250.000000
1749017469.415054,128.388046,110.000000,90.000000,120.000000,120.000000,120.000000,120.000000,250.000000,250.000000,250.000000,250.000000
1749017469.447244,127.241074,110.000000,90.000000,0.000000,0.000000,0.000000,0.000000,0.000000,0.000000,0.000000,0.000000
1749017469.479961,124.680068,110.000000,90.000000,0.000000,0.000000,0.000000,0.000000,0.000000,0.000000,0.000000,0.000000
1749017469.516654,122.665697,110.000000,90.000000,0.000000,0.000000,0.000000,0.000000,0.000000,0.000000,0.000000,0.000000
1749017469.549500,122.566468,110.000000,90.000000,0.000000,0.000000,0.000000,0.000000,0.000000,0.000000,0.000000,0.000000
1749017469.582453,103.268096,110.000000,90.000000,120.000000,120.000000,120.000000,120.000000,250.000000,250.000000,250.000000,250.000000
1749017469.617088,114.387363,110.000000,90.000000,120.000000,120.000000,120.000000,120.000000,250.000000,250.000000,250.000000,250.000000
1749017469.643702,125.454232,110.000000,90.000000,120.000000,120.000000,120.000000,120.000000,250.000000,250.000000,250.000000,250.000000
1749017469.674896,103.538063,110.000000,90.000000,120.000000,120.000000,120.000000,120.000000,250.000000,250.000000,250.000000,250.000000
1749017469.719138,102.736035,110.000000,90.000000,0.000000,0.000000,0.000000,0.000000,0.000000,0.000000,0.000000,0.000000
1749017469.753103,124.903976,110.000000,90.000000,0.000000,0.000000,0.000000,0.000000,0.000000,0.000000,0.000000,0.000000
1749017469.786927,124.705434,110.000000,90.000000,0.000000,0.000000,0.000000,0.000000,0.000000,0.000000,0.000000,0.000000
1749017469.820110,130.340514,110.000000,90.000000,0.000000,0.000000,0.000000,0.000000,0.000000,0.000000,0.000000,0.000000
1749017469.853082,118.236939,110.000000,90.000000,120.000000,120.000000,120.000000,120.000000,250.000000,250.000000,250.000000,250.000000
1749017469.885156,128.578165,110.000000,90.000000,120.000000,120.000000,120.000000,120.000000,250.000000,250.000000,250.000000,250.000000
1749017469.920969,128.374221,110.000000,90.000000,120.000000,120.000000,120.000000,120.000000,250.000000,250.000000,250.000000,250.000000
1749017469.956122,108.967343,110.000000,90.000000,120.000000,120.000000,120.000000,120.000000,250.000000,250.000000,250.000000,250.000000
1749017469.990576,100.356175,110.000000,90.000000,0.000000,0.000000,0.000000,0.000000,0.000000,0.000000,0.000000,0.000000
1749017470.027578,103.169216,110.000000,90.000000,0.000000,0.000000,0.000000,0.000000,0.000000,0.000000,0.000000,0.000000
1749017470.060263,94.987397,110.000000,90.000000,0.000000,0.000000,0.000000,0.000000,0.000000,0.000000,0.000000,0.000000
1749017470.091904,123.153124,110.000000,90.000000,0.000000,0.000000,0.000000,0.000000,0.000000,0.000000,0.000000,0.000000
1749017470.124007,130.365522,110.000000,90.000000,120.000000,120.000000,120.000000,120.000000,250.000000,250.000000,250.000000,250.000000
1749017470.154907,97.704503,110.000000,90.000000,120.000000,120.000000,120.000000,120.000000,250.000000,250.000000,250.000000,250.000000
1749017470.186536,87.798434,110.000000,90.000000,120.000000,120.000000,120.000000,120.000000,250.000000,250.000000,250.000000,250.000000
1749017470.218734,101.121449,110.000000,90.000000,120.000000,120.000000,120.000000,120.000000,250.000000,250.000000,250.000000,250.000000
1749017470.252385,102.296137,110.000000,90.000000,0.000000,0.000000,0.000000,0.000000,0.000000,0.000000,0.000000,0.000000
1749017470.285061,101.374096,110.000000,90.000000,0.000000,0.000000,0.000000,0.000000,0.000000,0.000000,0.000000,0.000000
1749017470.331149,100.663590,110.000000,90.000000,0.000000,0.000000,0.000000,0.000000,0.000000,0.000000,0.000000,0.000000
1749017470.377154,120.153313,110.000000,90.000000,0.000000,0.000000,0.000000,0.000000,0.000000,0.000000,0.000000,0.000000
1749017470.416409,108.580117,110.000000,90.000000,0.000000,0.000000,0.000000,0.000000,0.000000,0.000000,0.000000,0.000000
1749017470.438566,87.253767,110.000000,90.000000,0.000000,0.000000,0.000000,0.000000,0.000000,0.000000,0.000000,0.000000
1749017470.466079,108.097081,110.000000,90.000000,0.000000,0.000000,0.000000,0.000000,0.000000,0.000000,0.000000,0.000000
1749017470.491101,98.961783,110.000000,90.000000,0.000000,0.000000,0.000000,0.000000,0.000000,0.000000,0.000000,0.000000
1749017470.518150,87.180442,110.000000,90.000000,0.000000,0.000000,0.000000,0.000000,0.000000,0.000000,0.000000,0.000000
1749017470.545532,98.192734,110.000000,90.000000,0.000000,0.000000,0.000000,0.000000,0.000000,0.000000,0.000000,0.000000
1749017470.575914,100.066057,110.000000,90.000000,0.000000,0.000000,0.000000,0.000000,0.000000,0.000000,0.000000,0.000000
1749017470.611378,90.093699,110.000000,90.000000,0.000000,0.000000,0.000000,0.000000,0.000000,0.000000,0.000000,0.000000
1749017470.643328,89.193507,110.000000,90.000000,0.000000,0.000000,0.000000,0.000000,0.000000,0.000000,0.000000,0.000000
1749017470.674869,88.894132,110.000000,90.000000,0.000000,0.000000,0.000000,0.000000,0.000000,0.000000,0.000000,0.000000
1749017470.710977,88.478532,110.000000,90.000000,0.000000,0.000000,0.000000,0.000000,0.000000,0.000000,0.000000,0.000000
1749017470.745388,88.378204,110.000000,90.000000,0.000000,0.000000,0.000000,0.000000,0.000000,0.000000,0.000000,0.000000
1749017470.779034,87.927334,110.000000,90.000000,120.000000,120.000000,120.000000,120.000000,250.000000,250.000000,250.000000,250.000000
1749017470.814009,97.494434,110.000000,90.000000,120.000000,120.000000,120.000000,120.000000,250.000000,250.000000,250.000000,250.000000
1749017470.846520,88.280105,110.000000,90.000000,120.000000,120.000000,120.000000,120.000000,250.000000,250.000000,250.000000,250.000000
1749017470.878005,87.685511,110.000000,90.000000,120.000000,120.000000,120.000000,120.000000,250.000000,250.000000,250.000000,250.000000
1749017470.930891,97.425821,110.000000,90.000000,0.000000,0.000000,0.000000,0.000000,0.000000,0.000000,0.000000,0.000000
1749017470.976253,87.857449,110.000000,90.000000,0.000000,0.000000,0.000000,0.000000,0.000000,0.000000,0.000000,0.000000
1749017471.016605,88.015318,110.000000,90.000000,0.000000,0.000000,0.000000,0.000000,0.000000,0.000000,0.000000,0.000000
1749017471.049916,88.136573,110.000000,90.000000,0.000000,0.000000,0.000000,0.000000,0.000000,0.000000,0.000000,0.000000
1749017471.072460,88.093754,110.000000,90.000000,120.000000,120.000000,120.000000,120.000000,250.000000,250.000000,250.000000,250.000000
1749017471.097251,88.382661,110.000000,90.000000,120.000000,120.000000,120.000000,120.000000,250.000000,250.000000,250.000000,250.000000
1749017471.123755,88.364128,110.000000,90.000000,120.000000,120.000000,120.000000,120.000000,250.000000,250.000000,250.000000,250.000000
1749017471.150704,88.158732,110.000000,90.000000,120.000000,120.000000,120.000000,120.000000,250.000000,250.000000,250.000000,250.000000
1749017471.177348,87.564564,110.000000,90.000000,0.000000,0.000000,0.000000,0.000000,0.000000,0.000000,0.000000,0.000000
1749017471.208269,87.233197,110.000000,90.000000,0.000000,0.000000,0.000000,0.000000,0.000000,0.000000,0.000000,0.000000
1749017471.245119,86.849050,110.000000,90.000000,0.000000,0.000000,0.000000,0.000000,0.000000,0.000000,0.000000,0.000000
1749017471.275124,87.231509,110.000000,90.000000,0.000000,0.000000,0.000000,0.000000,0.000000,0.000000,0.000000,0.000000
1749017471.313409,87.401261,110.000000,90.000000,120.000000,120.000000,120.000000,120.000000,250.000000,250.000000,250.000000,250.000000
1749017471.345137,87.363323,110.000000,90.000000,120.000000,120.000000,120.000000,120.000000,250.000000,250.000000,250.000000,250.000000
1749017471.379371,87.955852,110.000000,90.000000,120.000000,120.000000,120.000000,120.000000,250.000000,250.000000,250.000000,250.000000
1749017471.413889,87.352754,110.000000,90.000000,120.000000,120.000000,120.000000,120.000000,250.000000,250.000000,250.000000,250.000000
1749017471.448944,87.318438,110.000000,90.000000,0.000000,0.000000,0.000000,0.000000,0.000000,0.000000,0.000000,0.000000
1749017471.476835,87.642463,110.000000,90.000000,0.000000,0.000000,0.000000,0.000000,0.000000,0.000000,0.000000,0.000000
1749017471.512978,87.746874,110.000000,90.000000,0.000000,0.000000,0.000000,0.000000,0.000000,0.000000,0.000000,0.000000
1749017471.544616,88.155849,110.000000,90.000000,0.000000,0.000000,0.000000,0.000000,0.000000,0.000000,0.000000,0.000000
1749017471.576780,87.472534,110.000000,90.000000,120.000000,120.000000,120.000000,120.000000,250.000000,250.000000,250.000000,250.000000
1749017471.612065,86.786088,110.000000,90.000000,120.000000,120.000000,120.000000,120.000000,250.000000,250.000000,250.000000,250.000000
1749017471.645107,86.845937,110.000000,90.000000,120.000000,120.000000,120.000000,120.000000,250.000000,250.000000,250.000000,250.000000
1749017471.676595,87.023856,110.000000,90.000000,120.000000,120.000000,120.000000,120.000000,250.000000,250.000000,250.000000,250.000000
1749017471.714164,87.370637,110.000000,90.000000,0.000000,0.000000,0.000000,0.000000,0.000000,0.000000,0.000000,0.000000
1749017471.745763,86.885981,110.000000,90.000000,0.000000,0.000000,0.000000,0.000000,0.000000,0.000000,0.000000,0.000000
1749017471.779985,86.411287,110.000000,90.000000,0.000000,0.000000,0.000000,0.000000,0.000000,0.000000,0.000000,0.000000
1749017471.814954,86.991681,110.000000,90.000000,0.000000,0.000000,0.000000,0.000000,0.000000,0.000000,0.000000,0.000000
1749017471.847741,87.346080,110.000000,90.000000,120.000000,120.000000,120.000000,120.000000,250.000000,250.000000,250.000000,250.000000
1749017471.872964,86.648597,110.000000,90.000000,120.000000,120.000000,120.000000,120.000000,250.000000,250.000000,250.000000,250.000000
1749017471.910454,86.868688,110.000000,90.000000,120.000000,120.000000,120.000000,120.000000,250.000000,250.000000,250.000000,250.000000
1749017471.941617,87.321210,110.000000,90.000000,120.000000,120.000000,120.000000,120.000000,250.000000,250.000000,250.000000,250.000000
1749017471.976821,87.366614,110.000000,90.000000,0.000000,0.000000,0.000000,0.000000,0.000000,0.000000,0.000000,0.000000
1749017472.011562,87.458676,110.000000,90.000000,0.000000,0.000000,0.000000,0.000000,0.000000,0.000000,0.000000,0.000000
1749017472.043064,87.054039,110.000000,90.000000,0.000000,0.000000,0.000000,0.000000,0.000000,0.000000,0.000000,0.000000
1749017472.074910,86.736740,110.000000,90.000000,0.000000,0.000000,0.000000,0.000000,0.000000,0.000000,0.000000,0.000000
1749017472.110528,86.192956,110.000000,90.000000,120.000000,120.000000,120.000000,120.000000,250.000000,250.000000,250.000000,250.000000
1749017472.143710,85.795338,110.000000,90.000000,120.000000,120.000000,120.000000,120.000000,250.000000,250.000000,250.000000,250.000000
1749017472.178334,86.253412,110.000000,90.000000,120.000000,120.000000,120.000000,120.000000,250.000000,250.000000,250.000000,250.000000
1749017472.213645,85.826757,110.000000,90.000000,120.000000,120.000000,120.000000,120.000000,250.000000,250.000000,250.000000,250.000000
1749017472.236211,84.993593,110.000000,90.000000,0.000000,0.000000,0.000000,0.000000,0.000000,0.000000,0.000000,0.000000
1749017472.268512,85.263893,110.000000,90.000000,0.000000,0.000000,0.000000,0.000000,0.000000,0.000000,0.000000,0.000000
1749017472.306620,84.777780,110.000000,90.000000,0.000000,0.000000,0.000000,0.000000,0.000000,0.000000,0.000000,0.000000
1749017472.342087,84.271634,110.000000,90.000000,0.000000,0.000000,0.000000,0.000000,0.000000,0.000000,0.000000,0.000000
1749017472.374717,84.510807,110.000000,90.000000,120.000000,120.000000,120.000000,120.000000,250.000000,250.000000,250.000000,250.000000
1749017472.410135,84.656437,110.000000,90.000000,120.000000,120.000000,120.000000,120.000000,250.000000,250.000000,250.000000,250.000000
1749017472.442044,83.701176,110.000000,90.000000,120.000000,120.000000,120.000000,120.000000,250.000000,250.000000,250.000000,250.000000
1749017472.472851,83.443992,110.000000,90.000000,120.000000,120.000000,120.000000,120.000000,250.000000,250.000000,250.000000,250.000000
1749017472.509630,83.667074,110.000000,90.000000,0.000000,0.000000,0.000000,0.000000,0.000000,0.000000,0.000000,0.000000
1749017472.542885,83.297768,110.000000,90.000000,0.000000,0.000000,0.000000,0.000000,0.000000,0.000000,0.000000,0.000000
1749017472.576746,83.135918,110.000000,90.000000,0.000000,0.000000,0.000000,0.000000,0.000000,0.000000,0.000000,0.000000
1749017472.603858,82.442367,110.000000,90.000000,0.000000,0.000000,0.000000,0.000000,0.000000,0.000000,0.000000,0.000000
1749017472.636999,82.167960,110.000000,90.000000,120.000000,120.000000,120.000000,120.000000,250.000000,250.000000,250.000000,250.000000
1749017472.669217,82.191113,110.000000,90.000000,120.000000,120.000000,120.000000,120.000000,250.000000,250.000000,250.000000,250.000000
1749017472.708771,81.557350,110.000000,90.000000,120.000000,120.000000,120.000000,120.000000,250.000000,250.000000,250.000000,250.000000
1749017472.742404,81.607453,110.000000,90.000000,120.000000,120.000000,120.000000,120.000000,250.000000,250.000000,250.000000,250.000000
1749017472.774857,80.791364,110.000000,90.000000,0.000000,0.000000,0.000000,0.000000,0.000000,0.000000,0.000000,0.000000
1749017472.811622,80.755732,110.000000,90.000000,0.000000,0.000000,0.000000,0.000000,0.000000,0.000000,0.000000,0.000000
1749017472.841560,80.880850,110.000000,90.000000,0.000000,0.000000,0.000000,0.000000,0.000000,0.000000,0.000000,0.000000
1749017472.873720,80.424344,110.000000,90.000000,0.000000,0.000000,0.000000,0.000000,0.000000,0.000000,0.000000,0.000000
1749017472.923440,79.867427,110.000000,90.000000,120.000000,120.000000,120.000000,120.000000,250.000000,250.000000,250.000000,250.000000
1749017472.942944,79.943001,110.000000,90.000000,120.000000,120.000000,120.000000,120.000000,250.000000,250.000000,250.000000,250.000000
1749017472.968872,79.569751,110.000000,90.000000,120.000000,120.000000,120.000000,120.000000,250.000000,250.000000,250.000000,250.000000
1749017473.007542,79.728336,110.000000,90.000000,120.000000,120.000000,120.000000,120.000000,250.000000,250.000000,250.000000,250.000000
1749017473.040325,79.685542,110.000000,90.000000,0.000000,0.000000,0.000000,0.000000,0.000000,0.000000,0.000000,0.000000
1749017473.071621,79.040589,110.000000,90.000000,0.000000,0.000000,0.000000,0.000000,0.000000,0.000000,0.000000,0.000000
1749017473.110424,78.619655,110.000000,90.000000,0.000000,0.000000,0.000000,0.000000,0.000000,0.000000,0.000000,0.000000
1749017473.141913,78.591281,110.000000,90.000000,0.000000,0.000000,0.000000,0.000000,0.000000,0.000000,0.000000,0.000000
1749017473.173938,78.206660,110.000000,90.000000,120.000000,120.000000,120.000000,120.000000,250.000000,250.000000,250.000000,250.000000
1749017473.212032,78.627788,110.000000,90.000000,120.000000,120.000000,120.000000,120.000000,250.000000,250.000000,250.000000,250.000000
1749017473.243736,78.107519,110.000000,90.000000,120.000000,120.000000,120.000000,120.000000,250.000000,250.000000,250.000000,250.000000
1749017473.276539,78.209668,110.000000,90.000000,120.000000,120.000000,120.000000,120.000000,250.000000,250.000000,250.000000,250.000000
1749017473.312113,78.059769,110.000000,90.000000,0.000000,0.000000,0.000000,0.000000,0.000000,0.000000,0.000000,0.000000
1749017473.342638,77.681002,110.000000,90.000000,0.000000,0.000000,0.000000,0.000000,0.000000,0.000000,0.000000,0.000000
1749017473.375624,77.770047,110.000000,90.000000,0.000000,0.000000,0.000000,0.000000,0.000000,0.000000,0.000000,0.000000
1749017473.412804,78.072515,110.000000,90.000000,0.000000,0.000000,0.000000,0.000000,0.000000,0.000000,0.000000,0.000000
1749017473.446813,77.585523,110.000000,90.000000,120.000000,120.000000,120.000000,120.000000,250.000000,250.000000,250.000000,250.000000
1749017473.473702,77.565100,110.000000,90.000000,120.000000,120.000000,120.000000,120.000000,250.000000,250.000000,250.000000,250.000000
1749017473.506508,77.388725,110.000000,90.000000,120.000000,120.000000,120.000000,120.000000,250.000000,250.000000,250.000000,250.000000
1749017473.535846,77.318879,110.000000,90.000000,120.000000,120.000000,120.000000,120.000000,250.000000,250.000000,250.000000,250.000000
1749017473.594879,77.147476,110.000000,90.000000,0.000000,0.000000,0.000000,0.000000,0.000000,0.000000,0.000000,0.000000
1749017473.625963,77.380742,110.000000,90.000000,0.000000,0.000000,0.000000,0.000000,0.000000,0.000000,0.000000,0.000000
1749017473.644331,77.470679,110.000000,90.000000,0.000000,0.000000,0.000000,0.000000,0.000000,0.000000,0.000000,0.000000
1749017473.668457,77.929810,110.000000,90.000000,0.000000,0.000000,0.000000,0.000000,0.000000,0.000000,0.000000,0.000000
1749017473.705173,77.655532,110.000000,90.000000,120.000000,120.000000,120.000000,120.000000,250.000000,250.000000,250.000000,250.000000
1749017473.739809,77.794814,110.000000,90.000000,120.000000,120.000000,120.000000,120.000000,250.000000,250.000000,250.000000,250.000000
1749017473.771986,77.623816,110.000000,90.000000,120.000000,120.000000,120.000000,120.000000,250.000000,250.000000,250.000000,250.000000
1749017473.812024,77.629128,110.000000,90.000000,120.000000,120.000000,120.000000,120.000000,250.000000,250.000000,250.000000,250.000000
1749017473.843837,77.173452,110.000000,90.000000,0.000000,0.000000,0.000000,0.000000,0.000000,0.000000,0.000000,0.000000
1749017473.869600,77.153989,110.000000,90.000000,0.000000,0.000000,0.000000,0.000000,0.000000,0.000000,0.000000,0.000000
1749017473.905889,77.341744,110.000000,90.000000,0.000000,0.000000,0.000000,0.000000,0.000000,0.000000,0.000000,0.000000
1749017473.937771,77.409595,110.000000,90.000000,0.000000,0.000000,0.000000,0.000000,0.000000,0.000000,0.000000,0.000000
1749017473.970866,77.662241,110.000000,90.000000,120.000000,120.000000,120.000000,120.000000,250.000000,250.000000,250.000000,250.000000
1749017474.009136,76.950626,110.000000,90.000000,120.000000,120.000000,120.000000,120.000000,250.000000,250.000000,250.000000,250.000000
1749017474.042038,76.944903,110.000000,90.000000,120.000000,120.000000,120.000000,120.000000,250.000000,250.000000,250.000000,250.000000
1749017474.073829,77.388067,110.000000,90.000000,120.000000,120.000000,120.000000,120.000000,250.000000,250.000000,250.000000,250.000000
1749017474.110832,77.309914,110.000000,90.000000,0.000000,0.000000,0.000000,0.000000,0.000000,0.000000,0.000000,0.000000
1749017474.141757,77.310659,110.000000,90.000000,0.000000,0.000000,0.000000,0.000000,0.000000,0.000000,0.000000,0.000000
1749017474.175644,77.535318,110.000000,90.000000,0.000000,0.000000,0.000000,0.000000,0.000000,0.000000,0.000000,0.000000
1749017474.211987,77.489855,110.000000,90.000000,0.000000,0.000000,0.000000,0.000000,0.000000,0.000000,0.000000,0.000000
1749017474.243922,77.259119,110.000000,90.000000,120.000000,120.000000,120.000000,120.000000,250.000000,250.000000,250.000000,250.000000
1749017474.274975,77.207095,110.000000,90.000000,120.000000,120.000000,120.000000,120.000000,250.000000,250.000000,250.000000,250.000000
1749017474.311087,77.134089,110.000000,90.000000,120.000000,120.000000,120.000000,120.000000,250.000000,250.000000,250.000000,250.000000
1749017474.342757,77.219895,110.000000,90.000000,120.000000,120.000000,120.000000,120.000000,250.000000,250.000000,250.000000,250.000000
1749017474.393962,77.813273,110.000000,90.000000,0.000000,0.000000,0.000000,0.000000,0.000000,0.000000,0.000000,0.000000
1749017474.437062,96.676795,110.000000,90.000000,0.000000,0.000000,0.000000,0.000000,0.000000,0.000000,0.000000,0.000000
1749017474.476095,85.893921,110.000000,90.000000,0.000000,0.000000,0.000000,0.000000,0.000000,0.000000,0.000000,0.000000
1749017474.498574,75.311669,110.000000,90.000000,0.000000,0.000000,0.000000,0.000000,0.000000,0.000000,0.000000,0.000000
1749017474.522669,78.469362,110.000000,90.000000,120.000000,120.000000,120.000000,120.000000,250.000000,250.000000,250.000000,250.000000
1749017474.550760,81.739037,110.000000,90.000000,120.000000,120.000000,120.000000,120.000000,250.000000,250.000000,250.000000,250.000000
1749017474.577057,82.031486,110.000000,90.000000,120.000000,120.000000,120.000000,120.000000,250.000000,250.000000,250.000000,250.000000
1749017474.608363,82.535418,110.000000,90.000000,120.000000,120.000000,120.000000,120.000000,250.000000,250.000000,250.000000,250.000000
1749017474.640495,82.220755,110.000000,90.000000,0.000000,0.000000,0.000000,0.000000,0.000000,0.000000,0.000000,0.000000
1749017474.672614,82.464576,110.000000,90.000000,0.000000,0.000000,0.000000,0.000000,0.000000,0.000000,0.000000,0.000000
1749017474.714140,82.726058,110.000000,90.000000,0.000000,0.000000,0.000000,0.000000,0.000000,0.000000,0.000000,0.000000
1749017474.744903,83.144812,110.000000,90.000000,0.000000,0.000000,0.000000,0.000000,0.000000,0.000000,0.000000,0.000000
1749017474.780121,83.502805,110.000000,90.000000,120.000000,120.000000,120.000000,120.000000,250.000000,250.000000,250.000000,250.000000
1749017474.814427,83.512914,110.000000,90.000000,120.000000,120.000000,120.000000,120.000000,250.000000,250.000000,250.000000,250.000000
1749017474.846552,83.757716,110.000000,90.000000,120.000000,120.000000,120.000000,120.000000,250.000000,250.000000,250.000000,250.000000
1749017474.878570,93.087893,110.000000,90.000000,120.000000,120.000000,120.000000,120.000000,250.000000,250.000000,250.000000,250.000000
1749017474.916908,84.512749,110.000000,90.000000,0.000000,0.000000,0.000000,0.000000,0.000000,0.000000,0.000000,0.000000
1749017474.949005,85.242857,110.000000,90.000000,0.000000,0.000000,0.000000,0.000000,0.000000,0.000000,0.000000,0.000000
1749017474.981001,85.683217,110.000000,90.000000,0.000000,0.000000,0.000000,0.000000,0.000000,0.000000,0.000000,0.000000
1749017475.013753,86.258093,110.000000,90.000000,0.000000,0.000000,0.000000,0.000000,0.000000,0.000000,0.000000,0.000000
1749017475.046602,86.487098,110.000000,90.000000,120.000000,120.000000,120.000000,120.000000,250.000000,250.000000,250.000000,250.000000
1749017475.078057,87.680416,110.000000,90.000000,120.000000,120.000000,120.000000,120.000000,250.000000,250.000000,250.000000,250.000000
1749017475.114134,87.688838,110.000000,90.000000,120.000000,120.000000,120.000000,120.000000,250.000000,250.000000,250.000000,250.000000
1749017475.144543,88.058724,110.000000,90.000000,120.000000,120.000000,120.000000,120.000000,250.000000,250.000000,250.000000,250.000000
1749017475.179476,88.688056,110.000000,90.000000,0.000000,0.000000,0.000000,0.000000,0.000000,0.000000,0.000000,0.000000
1749017475.214113,89.659810,110.000000,90.000000,0.000000,0.000000,0.000000,0.000000,0.000000,0.000000,0.000000,0.000000
1749017475.245832,90.331925,110.000000,90.000000,0.000000,0.000000,0.000000,0.000000,0.000000,0.000000,0.000000,0.000000
1749017475.276666,90.213745,110.000000,90.000000,0.000000,0.000000,0.000000,0.000000,0.000000,0.000000,0.000000,0.000000
1749017475.315265,90.363926,110.000000,90.000000,120.000000,120.000000,120.000000,120.000000,250.000000,250.000000,250.000000,250.000000
1749017475.346037,90.370043,110.000000,90.000000,120.000000,120.000000,120.000000,120.000000,250.000000,250.000000,250.000000,250.000000
1749017475.378973,91.348094,110.000000,90.000000,120.000000,120.000000,120.000000,120.000000,250.000000,250.000000,250.000000,250.000000
1749017475.413906,91.308978,110.000000,90.000000,120.000000,120.000000,120.000000,120.000000,250.000000,250.000000,250.000000,250.000000
1749017475.446805,91.994837,110.000000,90.000000,0.000000,0.000000,0.000000,0.000000,0.000000,0.000000,0.000000,0.000000
1749017475.477655,91.994837,110.000000,90.000000,0.000000,0.000000,0.000000,0.000000,0.000000,0.000000,0.000000,0.000000
1749017475.514498,91.994837,110.000000,90.000000,0.000000,0.000000,0.000000,0.000000,0.000000,0.000000,0.000000,0.000000
1749017475.545791,91.994837,110.000000,90.000000,0.000000,0.000000,0.000000,0.000000,0.000000,0.000000,0.000000,0.000000
1749017475.578859,91.994837,110.000000,90.000000,120.000000,120.000000,120.000000,120.000000,250.000000,250.000000,250.000000,250.000000
1749017475.609540,91.994837,110.000000,90.000000,120.000000,120.000000,120.000000,120.000000,250.000000,250.000000,250.000000,250.000000
1749017475.641916,91.994837,110.000000,90.000000,120.000000,120.000000,120.000000,120.000000,250.000000,250.000000,250.000000,250.000000
1749017475.673132,91.994837,110.000000,90.000000,120.000000,120.000000,120.000000,120.000000,250.000000,250.000000,250.000000,250.000000
1749017475.709554,91.994837,110.000000,90.000000,0.000000,0.000000,0.000000,0.000000,0.000000,0.000000,0.000000,0.000000
1749017475.741070,91.994837,110.000000,90.000000,0.000000,0.000000,0.000000,0.000000,0.000000,0.000000,0.000000,0.000000
1749017475.778394,91.994837,110.000000,90.000000,0.000000,0.000000,0.000000,0.000000,0.000000,0.000000,0.000000,0.000000
1749017475.805016,91.994837,110.000000,90.000000,0.000000,0.000000,0.000000,0.000000,0.000000,0.000000,0.000000,0.000000
1749017475.840651,91.994837,110.000000,90.000000,120.000000,120.000000,120.000000,120.000000,250.000000,250.000000,250.000000,250.000000
1749017475.875072,91.994837,110.000000,90.000000,120.000000,120.000000,120.000000,120.000000,250.000000,250.000000,250.000000,250.000000
1749017475.907971,91.994837,110.000000,90.000000,120.000000,120.000000,120.000000,120.000000,250.000000,250.000000,250.000000,250.000000
1749017475.939800,91.994837,110.000000,90.000000,120.000000,120.000000,120.000000,120.000000,250.000000,250.000000,250.000000,250.000000
1749017475.971922,81.140559,110.000000,90.000000,0.000000,0.000000,0.000000,0.000000,0.000000,0.000000,0.000000,0.000000
1749017476.006756,76.424323,110.000000,90.000000,0.000000,0.000000,0.000000,0.000000,0.000000,0.000000,0.000000,0.000000
1749017476.040715,96.944268,110.000000,90.000000,0.000000,0.000000,0.000000,0.000000,0.000000,0.000000,0.000000,0.000000
1749017476.072064,105.470982,110.000000,90.000000,0.000000,0.000000,0.000000,0.000000,0.000000,0.000000,0.000000,0.000000
1749017476.107225,101.843376,110.000000,90.000000,120.000000,120.000000,120.000000,120.000000,250.000000,250.000000,250.000000,250.000000
1749017476.138803,98.828659,110.000000,90.000000,120.000000,120.000000,120.000000,120.000000,250.000000,250.000000,250.000000,250.000000
1749017476.171484,97.667757,110.000000,90.000000,120.000000,120.000000,120.000000,120.000000,250.000000,250.000000,250.000000,250.000000
1749017476.232994,96.093732,110.000000,90.000000,120.000000,120.000000,120.000000,120.000000,250.000000,250.000000,250.000000,250.000000
1749017476.280697,96.093732,110.000000,90.000000,0.000000,0.000000,0.000000,0.000000,0.000000,0.000000,0.000000,0.000000
1749017476.311432,96.093732,110.000000,90.000000,0.000000,0.000000,0.000000,0.000000,0.000000,0.000000,0.000000,0.000000
1749017476.332542,96.093732,110.000000,90.000000,0.000000,0.000000,0.000000,0.000000,0.000000,0.000000,0.000000,0.000000
1749017476.356887,96.093732,110.000000,90.000000,0.000000,0.000000,0.000000,0.000000,0.000000,0.000000,0.000000,0.000000
1749017476.384643,96.093732,110.000000,90.000000,120.000000,120.000000,120.000000,120.000000,250.000000,250.000000,250.000000,250.000000
1749017476.408718,96.093732,110.000000,90.000000,120.000000,120.000000,120.000000,120.000000,250.000000,250.000000,250.000000,250.000000
1749017476.441962,90.508824,110.000000,90.000000,120.000000,120.000000,120.000000,120.000000,250.000000,250.000000,250.000000,250.000000
1749017476.474045,90.337937,110.000000,90.000000,120.000000,120.000000,120.000000,120.000000,250.000000,250.000000,250.000000,250.000000
1749017476.512779,91.481204,110.000000,90.000000,0.000000,0.000000,0.000000,0.000000,0.000000,0.000000,0.000000,0.000000
1749017476.554016,93.833290,110.000000,90.000000,0.000000,0.000000,0.000000,0.000000,0.000000,0.000000,0.000000,0.000000
1749017476.586800,94.607840,110.000000,90.000000,0.000000,0.000000,0.000000,0.000000,0.000000,0.000000,0.000000,0.000000
1749017476.621154,92.872043,110.000000,90.000000,0.000000,0.000000,0.000000,0.000000,0.000000,0.000000,0.000000,0.000000
1749017476.656053,86.130640,110.000000,90.000000,120.000000,120.000000,120.000000,120.000000,250.000000,250.000000,250.000000,250.000000
1749017476.691228,88.231610,110.000000,90.000000,120.000000,120.000000,120.000000,120.000000,250.000000,250.000000,250.000000,250.000000
1749017476.729080,77.943893,110.000000,90.000000,120.000000,120.000000,120.000000,120.000000,250.000000,250.000000,250.000000,250.000000
1749017476.754456,69.786225,110.000000,90.000000,120.000000,120.000000,120.000000,120.000000,250.000000,250.000000,250.000000,250.000000
1749017476.779840,94.805393,110.000000,90.000000,0.000000,0.000000,0.000000,0.000000,0.000000,0.000000,0.000000,0.000000
1749017476.813242,87.429216,110.000000,90.000000,0.000000,0.000000,0.000000,0.000000,0.000000,0.000000,0.000000,0.000000
1749017476.845396,78.887713,110.000000,90.000000,0.000000,0.000000,0.000000,0.000000,0.000000,0.000000,0.000000,0.000000
1749017476.881989,82.147482,110.000000,90.000000,0.000000,0.000000,0.000000,0.000000,0.000000,0.000000,0.000000,0.000000
1749017476.918898,83.853443,110.000000,90.000000,120.000000,120.000000,120.000000,120.000000,250.000000,250.000000,250.000000,250.000000
1749017476.949603,86.083900,110.000000,90.000000,120.000000,120.000000,120.000000,120.000000,250.000000,250.000000,250.000000,250.000000
1749017476.981485,85.797034,110.000000,90.000000,120.000000,120.000000,120.000000,120.000000,250.000000,250.000000,250.000000,250.000000
1749017477.019512,106.148303,110.000000,90.000000,120.000000,120.000000,120.000000,120.000000,250.000000,250.000000,250.000000,250.000000
1749017477.051882,115.470265,110.000000,90.000000,0.000000,0.000000,0.000000,0.000000,0.000000,0.000000,0.000000,0.000000
1749017477.086268,112.557276,110.000000,90.000000,0.000000,0.000000,0.000000,0.000000,0.000000,0.000000,0.000000,0.000000
1749017477.120098,112.341276,110.000000,90.000000,0.000000,0.000000,0.000000,0.000000,0.000000,0.000000,0.000000,0.000000
1749017477.149295,114.772528,110.000000,90.000000,0.000000,0.000000,0.000000,0.000000,0.000000,0.000000,0.000000,0.000000
1749017477.175859,106.053324,110.000000,90.000000,0.000000,0.000000,0.000000,0.000000,0.000000,0.000000,0.000000,0.000000
1749017477.210774,106.533878,110.000000,90.000000,0.000000,0.000000,0.000000,0.000000,0.000000,0.000000,0.000000,0.000000
1749017477.242760,97.272970,110.000000,90.000000,120.000000,120.000000,120.000000,120.000000,250.000000,250.000000,250.000000,250.000000
1749017477.276517,81.057822,110.000000,90.000000,120.000000,120.000000,120.000000,120.000000,250.000000,250.000000,250.000000,250.000000
1749017477.312643,86.696170,110.000000,90.000000,120.000000,120.000000,120.000000,120.000000,250.000000,250.000000,250.000000,250.000000
1749017477.343726,108.971242,110.000000,90.000000,120.000000,120.000000,120.000000,120.000000,250.000000,250.000000,250.000000,250.000000
1749017477.376131,118.143991,110.000000,90.000000,0.000000,0.000000,0.000000,0.000000,0.000000,0.000000,0.000000,0.000000
1749017477.412427,115.303864,110.000000,90.000000,0.000000,0.000000,0.000000,0.000000,0.000000,0.000000,0.000000,0.000000
1749017477.444389,113.931478,110.000000,90.000000,0.000000,0.000000,0.000000,0.000000,0.000000,0.000000,0.000000,0.000000
1749017477.477433,125.003435,110.000000,90.000000,0.000000,0.000000,0.000000,0.000000,0.000000,0.000000,0.000000,0.000000
1749017477.517357,126.110215,110.000000,90.000000,120.000000,120.000000,120.000000,120.000000,250.000000,250.000000,250.000000,250.000000
1749017477.544602,125.855435,110.000000,90.000000,120.000000,120.000000,120.000000,120.000000,250.000000,250.000000,250.000000,250.000000
1749017477.577240,126.071300,110.000000,90.000000,120.000000,120.000000,120.000000,120.000000,250.000000,250.000000,250.000000,250.000000
1749017477.611545,126.356554,110.000000,90.000000,120.000000,120.000000,120.000000,120.000000,250.000000,250.000000,250.000000,250.000000
1749017477.644013,127.356020,110.000000,90.000000,0.000000,0.000000,0.000000,0.000000,0.000000,0.000000,0.000000,0.000000
1749017477.675765,126.359300,110.000000,90.000000,0.000000,0.000000,0.000000,0.000000,0.000000,0.000000,0.000000,0.000000
1749017477.712108,116.301722,110.000000,90.000000,0.000000,0.000000,0.000000,0.000000,0.000000,0.000000,0.000000,0.000000
1749017477.745382,116.918358,110.000000,90.000000,0.000000,0.000000,0.000000,0.000000,0.000000,0.000000,0.000000,0.000000
1749017477.776845,116.904502,110.000000,90.000000,120.000000,120.000000,120.000000,120.000000,250.000000,250.000000,250.000000,250.000000
1749017477.812529,127.200384,110.000000,90.000000,120.000000,120.000000,120.000000,120.000000,250.000000,250.000000,250.000000,250.000000
1749017477.845421,128.632311,110.000000,90.000000,120.000000,120.000000,120.000000,120.000000,250.000000,250.000000,250.000000,250.000000
1749017477.876711,128.490326,110.000000,90.000000,120.000000,120.000000,120.000000,120.000000,250.000000,250.000000,250.000000,250.000000
1749017477.912288,128.079865,110.000000,90.000000,0.000000,0.000000,0.000000,0.000000,0.000000,0.000000,0.000000,0.000000
1749017477.944411,127.968492,110.000000,90.000000,0.000000,0.000000,0.000000,0.000000,0.000000,0.000000,0.000000,0.000000
1749017477.977018,127.625496,110.000000,90.000000,0.000000,0.000000,0.000000,0.000000,0.000000,0.000000,0.000000,0.000000
1749017478.011946,126.881185,110.000000,90.000000,0.000000,0.000000,0.000000,0.000000,0.000000,0.000000,0.000000,0.000000
1749017478.043026,126.685487,110.000000,90.000000,120.000000,120.000000,120.000000,120.000000,250.000000,250.000000,250.000000,250.000000
1749017478.075901,126.164717,110.000000,90.000000,120.000000,120.000000,120.000000,120.000000,250.000000,250.000000,250.000000,250.000000
1749017478.111901,125.252332,110.000000,90.000000,120.000000,120.000000,120.000000,120.000000,250.000000,250.000000,250.000000,250.000000
1749017478.143657,124.282252,110.000000,90.000000,120.000000,120.000000,120.000000,120.000000,250.000000,250.000000,250.000000,250.000000
1749017478.176995,123.989918,110.000000,90.000000,0.000000,0.000000,0.000000,0.000000,0.000000,0.000000,0.000000,0.000000
1749017478.208894,123.231150,110.000000,90.000000,0.000000,0.000000,0.000000,0.000000,0.000000,0.000000,0.000000,0.000000
1749017478.241467,122.306982,110.000000,90.000000,0.000000,0.000000,0.000000,0.000000,0.000000,0.000000,0.000000,0.000000
1749017478.272994,121.177602,110.000000,90.000000,0.000000,0.000000,0.000000,0.000000,0.000000,0.000000,0.000000,0.000000
1749017478.312853,121.023623,110.000000,90.000000,120.000000,120.000000,120.000000,120.000000,250.000000,250.000000,250.000000,250.000000
1749017478.343854,121.296760,110.000000,90.000000,120.000000,120.000000,120.000000,120.000000,250.000000,250.000000,250.000000,250.000000
1749017478.377223,121.416109,110.000000,90.000000,120.000000,120.000000,120.000000,120.000000,250.000000,250.000000,250.000000,250.000000
1749017478.412013,120.305352,110.000000,90.000000,120.000000,120.000000,120.000000,120.000000,250.000000,250.000000,250.000000,250.000000
1749017478.445770,120.598191,110.000000,90.000000,0.000000,0.000000,0.000000,0.000000,0.000000,0.000000,0.000000,0.000000
1749017478.474507,120.724849,110.000000,90.000000,0.000000,0.000000,0.000000,0.000000,0.000000,0.000000,0.000000,0.000000
1749017478.511386,120.437765,110.000000,90.000000,0.000000,0.000000,0.000000,0.000000,0.000000,0.000000,0.000000,0.000000
1749017478.542661,119.526930,110.000000,90.000000,0.000000,0.000000,0.000000,0.000000,0.000000,0.000000,0.000000,0.000000
1749017478.575955,119.328878,110.000000,90.000000,120.000000,120.000000,120.000000,120.000000,250.000000,250.000000,250.000000,250.000000
1749017478.611421,119.854169,110.000000,90.000000,120.000000,120.000000,120.000000,120.000000,250.000000,250.000000,250.000000,250.000000
1749017478.643734,118.912008,110.000000,90.000000,120.000000,120.000000,120.000000,120.000000,250.000000,250.000000,250.000000,250.000000
1749017478.676657,117.992149,110.000000,90.000000,120.000000,120.000000,120.000000,120.000000,250.000000,250.000000,250.000000,250.000000
1749017478.712560,117.094419,110.000000,90.000000,0.000000,0.000000,0.000000,0.000000,0.000000,0.000000,0.000000,0.000000
1749017478.743834,115.984266,110.000000,90.000000,0.000000,0.000000,0.000000,0.000000,0.000000,0.000000,0.000000,0.000000
1749017478.779636,115.995343,110.000000,90.000000,0.000000,0.000000,0.000000,0.000000,0.000000,0.000000,0.000000,0.000000
1749017478.813574,116.153455,110.000000,90.000000,0.000000,0.000000,0.000000,0.000000,0.000000,0.000000,0.000000,0.000000
1749017478.840796,115.193096,110.000000,90.000000,120.000000,120.000000,120.000000,120.000000,250.000000,250.000000,250.000000,250.000000
1749017478.872451,115.061825,110.000000,90.000000,120.000000,120.000000,120.000000,120.000000,250.000000,250.000000,250.000000,250.000000
1749017478.908840,115.499413,110.000000,90.000000,120.000000,120.000000,120.000000,120.000000,250.000000,250.000000,250.000000,250.000000
1749017478.940124,115.445172,110.000000,90.000000,120.000000,120.000000,120.000000,120.000000,250.000000,250.000000,250.000000,250.000000
1749017478.996073,115.414061,110.000000,90.000000,120.000000,120.000000,120.000000,120.000000,250.000000,250.000000,250.000000,250.000000
1749017479.021681,114.547259,110.000000,90.000000,120.000000,120.000000,120.000000,120.000000,250.000000,250.000000,250.000000,250.000000
1749017479.039240,113.979273,110.000000,90.000000,120.000000,120.000000,120.000000,120.000000,250.000000,250.000000,250.000000,250.000000
1749017479.067946,114.218644,110.000000,90.000000,0.000000,0.000000,0.000000,0.000000,0.000000,0.000000,0.000000,0.000000
1749017479.104407,114.125393,110.000000,90.000000,0.000000,0.000000,0.000000,0.000000,0.000000,0.000000,0.000000,0.000000
1749017479.138799,113.513924,110.000000,90.000000,0.000000,0.000000,0.000000,0.000000,0.000000,0.000000,0.000000,0.000000
1749017479.170721,113.032810,110.000000,90.000000,0.000000,0.000000,0.000000,0.000000,0.000000,0.000000,0.000000,0.000000
1749017479.206973,112.702626,110.000000,90.000000,0.000000,0.000000,0.000000,0.000000,0.000000,0.000000,0.000000,0.000000
1749017479.238623,112.516477,110.000000,90.000000,0.000000,0.000000,0.000000,0.000000,0.000000,0.000000,0.000000,0.000000
1749017479.270708,111.871746,110.000000,90.000000,0.000000,0.000000,0.000000,0.000000,0.000000,0.000000,0.000000,0.000000
1749017479.310567,112.440428,110.000000,90.000000,0.000000,0.000000,0.000000,0.000000,0.000000,0.000000,0.000000,0.000000
1749017479.343547,112.285262,110.000000,90.000000,0.000000,0.000000,0.000000,0.000000,0.000000,0.000000,0.000000,0.000000
1749017479.376853,111.816779,110.000000,90.000000,0.000000,0.000000,0.000000,0.000000,0.000000,0.000000,0.000000,0.000000
1749017479.409828,112.297742,110.000000,90.000000,0.000000,0.000000,0.000000,0.000000,0.000000,0.000000,0.000000,0.000000
1749017479.443667,112.449641,110.000000,90.000000,0.000000,0.000000,0.000000,0.000000,0.000000,0.000000,0.000000,0.000000
1749017479.474803,112.072619,110.000000,90.000000,0.000000,0.000000,0.000000,0.000000,0.000000,0.000000,0.000000,0.000000
1749017479.511933,111.771920,110.000000,90.000000,0.000000,0.000000,0.000000,0.000000,0.000000,0.000000,0.000000,0.000000
1749017479.538002,111.774266,110.000000,90.000000,0.000000,0.000000,0.000000,0.000000,0.000000,0.000000,0.000000,0.000000
1749017479.570702,111.282903,110.000000,90.000000,0.000000,0.000000,0.000000,0.000000,0.000000,0.000000,0.000000,0.000000
1749017479.608434,111.475687,110.000000,90.000000,0.000000,0.000000,0.000000,0.000000,0.000000,0.000000,0.000000,0.000000
1749017479.641627,111.862875,110.000000,90.000000,0.000000,0.000000,0.000000,0.000000,0.000000,0.000000,0.000000,0.000000
1749017479.672639,111.642115,110.000000,90.000000,0.000000,0.000000,0.000000,0.000000,0.000000,0.000000,0.000000,0.000000
1749017479.707586,111.434007,110.000000,90.000000,0.000000,0.000000,0.000000,0.000000,0.000000,0.000000,0.000000,0.000000
1749017479.739977,111.223745,110.000000,90.000000,0.000000,0.000000,0.000000,0.000000,0.000000,0.000000,0.000000,0.000000
1749017479.771590,111.777090,110.000000,90.000000,0.000000,0.000000,0.000000,0.000000,0.000000,0.000000,0.000000,0.000000
1749017479.806787,111.293761,110.000000,90.000000,0.000000,0.000000,0.000000,0.000000,0.000000,0.000000,0.000000,0.000000
1749017479.841274,111.412309,110.000000,90.000000,0.000000,0.000000,0.000000,0.000000,0.000000,0.000000,0.000000,0.000000
1749017479.871843,111.397551,110.000000,90.000000,0.000000,0.000000,0.000000,0.000000,0.000000,0.000000,0.000000,0.000000
1749017479.905771,111.343088,110.000000,90.000000,0.000000,0.000000,0.000000,0.000000,0.000000,0.000000,0.000000,0.000000
1749017479.937480,111.494476,110.000000,90.000000,0.000000,0.000000,0.000000,0.000000,0.000000,0.000000,0.000000,0.000000
1749017479.970703,111.558626,110.000000,90.000000,0.000000,0.000000,0.000000,0.000000,0.000000,0.000000,0.000000,0.000000
1749017480.007440,111.465887,110.000000,90.000000,0.000000,0.000000,0.000000,0.000000,0.000000,0.000000,0.000000,0.000000
1749017480.039849,111.235885,110.000000,90.000000,0.000000,0.000000,0.000000,0.000000,0.000000,0.000000,0.000000,0.000000
1749017480.071886,111.514639,110.000000,90.000000,0.000000,0.000000,0.000000,0.000000,0.000000,0.000000,0.000000,0.000000
1749017480.129104,111.326549,110.000000,90.000000,0.000000,0.000000,0.000000,0.000000,0.000000,0.000000,0.000000,0.000000
1749017480.149413,111.207997,110.000000,90.000000,0.000000,0.000000,0.000000,0.000000,0.000000,0.000000,0.000000,0.000000
1749017480.173413,111.248730,110.000000,90.000000,0.000000,0.000000,0.000000,0.000000,0.000000,0.000000,0.000000,0.000000
1749017480.205832,111.501207,110.000000,90.000000,0.000000,0.000000,0.000000,0.000000,0.000000,0.000000,0.000000,0.000000
1749017480.237379,111.566145,110.000000,90.000000,0.000000,0.000000,0.000000,0.000000,0.000000,0.000000,0.000000,0.000000
1749017480.272159,111.753259,110.000000,90.000000,0.000000,0.000000,0.000000,0.000000,0.000000,0.000000,0.000000,0.000000
1749017480.309067,111.387225,110.000000,90.000000,0.000000,0.000000,0.000000,0.000000,0.000000,0.000000,0.000000,0.000000
1749017480.340785,111.312906,110.000000,90.000000,0.000000,0.000000,0.000000,0.000000,0.000000,0.000000,0.000000,0.000000
1749017480.373850,111.196769,111.000000,90.000000,0.000000,0.000000,0.000000,0.000000,0.000000,0.000000,0.000000,0.000000
1749017480.410014,111.921366,111.000000,90.000000,0.000000,0.000000,0.000000,0.000000,0.000000,0.000000,0.000000,0.000000
1749017480.442934,111.794112,111.000000,90.000000,0.000000,0.000000,0.000000,0.000000,0.000000,0.000000,0.000000,0.000000
1749017480.473343,111.452986,111.000000,90.000000,0.000000,0.000000,0.000000,0.000000,0.000000,0.000000,0.000000,0.000000
1749017480.510665,111.256119,111.000000,90.000000,0.000000,0.000000,0.000000,0.000000,0.000000,0.000000,0.000000,0.000000
1749017480.543284,111.426895,111.000000,90.000000,0.000000,0.000000,0.000000,0.000000,0.000000,0.000000,0.000000,0.000000
1749017480.576341,111.226251,111.000000,90.000000,0.000000,0.000000,0.000000,0.000000,0.000000,0.000000,0.000000,0.000000
1749017480.626348,111.355738,111.000000,90.000000,0.000000,0.000000,0.000000,0.000000,0.000000,0.000000,0.000000,0.000000
1749017480.645267,111.439204,111.000000,120.000000,0.000000,0.000000,0.000000,0.000000,0.000000,0.000000,0.000000,0.000000
1749017480.668250,111.776822,111.000000,90.000000,0.000000,0.000000,0.000000,0.000000,0.000000,0.000000,0.000000,0.000000
1749017480.703841,111.467146,111.000000,90.000000,0.000000,0.000000,0.000000,0.000000,0.000000,0.000000,0.000000,0.000000
1749017480.737509,111.391369,111.000000,90.000000,0.000000,0.000000,0.000000,0.000000,0.000000,0.000000,0.000000,0.000000
1749017480.769256,111.214298,111.000000,120.000000,0.000000,0.000000,0.000000,0.000000,0.000000,0.000000,0.000000,0.000000
1749017480.803792,111.141828,111.000000,90.000000,0.000000,0.000000,0.000000,0.000000,0.000000,0.000000,0.000000,0.000000
1749017480.837962,110.731044,111.000000,90.000000,0.000000,0.000000,0.000000,0.000000,0.000000,0.000000,0.000000,0.000000
1749017480.870031,111.383595,111.000000,90.000000,0.000000,0.000000,0.000000,0.000000,0.000000,0.000000,0.000000,0.000000
1749017480.911057,111.408477,111.000000,90.000000,0.000000,0.000000,0.000000,0.000000,0.000000,0.000000,0.000000,0.000000
1749017480.943415,111.377888,111.000000,90.000000,0.000000,0.000000,0.000000,0.000000,0.000000,0.000000,0.000000,0.000000
1749017480.975537,111.480161,111.000000,90.000000,0.000000,0.000000,0.000000,0.000000,0.000000,0.000000,0.000000,0.000000
1749017481.010540,111.687277,111.000000,90.000000,0.000000,0.000000,0.000000,0.000000,0.000000,0.000000,0.000000,0.000000
1749017481.042061,111.001531,111.000000,90.000000,0.000000,0.000000,0.000000,0.000000,0.000000,0.000000,0.000000,0.000000
1749017481.074939,111.192501,111.000000,90.000000,0.000000,0.000000,0.000000,0.000000,0.000000,0.000000,0.000000,0.000000
1749017481.111977,111.402766,111.000000,90.000000,0.000000,0.000000,0.000000,0.000000,0.000000,0.000000,0.000000,0.000000
1749017481.143206,111.518250,111.000000,90.000000,0.000000,0.000000,0.000000,0.000000,0.000000,0.000000,0.000000,0.000000
1749017481.176064,111.286009,111.000000,90.000000,0.000000,0.000000,0.000000,0.000000,0.000000,0.000000,0.000000,0.000000
1749017481.210725,111.287978,111.000000,90.000000,0.000000,0.000000,0.000000,0.000000,0.000000,0.000000,0.000000,0.000000
1749017481.242886,111.280185,111.000000,90.000000,0.000000,0.000000,0.000000,0.000000,0.000000,0.000000,0.000000,0.000000
1749017481.274802,111.182036,111.000000,90.000000,0.000000,0.000000,0.000000,0.000000,0.000000,0.000000,0.000000,0.000000
1749017481.327115,111.099121,111.000000,90.000000,0.000000,0.000000,0.000000,0.000000,0.000000,0.000000,0.000000,0.000000
1749017481.350953,111.261232,111.000000,90.000000,0.000000,0.000000,0.000000,0.000000,0.000000,0.000000,0.000000,0.000000
1749017481.377928,111.295968,111.000000,90.000000,0.000000,0.000000,0.000000,0.000000,0.000000,0.000000,0.000000,0.000000
1749017481.411775,111.424363,111.000000,90.000000,0.000000,0.000000,0.000000,0.000000,0.000000,0.000000,0.000000,0.000000
1749017481.447242,110.934444,111.000000,90.000000,0.000000,0.000000,0.000000,0.000000,0.000000,0.000000,0.000000,0.000000
1749017481.476963,111.615171,111.000000,90.000000,0.000000,0.000000,0.000000,0.000000,0.000000,0.000000,0.000000,0.000000
1749017481.514794,110.874139,111.000000,90.000000,0.000000,0.000000,0.000000,0.000000,0.000000,0.000000,0.000000,0.000000
1749017481.543992,111.125026,111.000000,90.000000,0.000000,0.000000,0.000000,0.000000,0.000000,0.000000,0.000000,0.000000
1749017481.575813,111.070288,111.000000,90.000000,0.000000,0.000000,0.000000,0.000000,0.000000,0.000000,0.000000,0.000000
1749017481.612920,111.644877,111.000000,90.000000,0.000000,0.000000,0.000000,0.000000,0.000000,0.000000,0.000000,0.000000
1749017481.644626,111.973311,111.000000,90.000000,0.000000,0.000000,0.000000,0.000000,0.000000,0.000000,0.000000,0.000000
1749017481.675932,111.870571,111.000000,90.000000,0.000000,0.000000,0.000000,0.000000,0.000000,0.000000,0.000000,0.000000
1749017481.713253,111.903343,111.000000,90.000000,0.000000,0.000000,0.000000,0.000000,0.000000,0.000000,0.000000,0.000000
1749017481.746583,111.720913,99.000000,90.000000,0.000000,0.000000,0.000000,0.000000,0.000000,0.000000,0.000000,0.000000
1749017481.775498,111.859583,99.000000,90.000000,0.000000,0.000000,0.000000,0.000000,0.000000,0.000000,0.000000,0.000000
1749017481.815904,111.546136,99.000000,90.000000,0.000000,0.000000,0.000000,0.000000,0.000000,0.000000,0.000000,0.000000
1749017481.847491,111.549893,99.000000,120.000000,0.000000,0.000000,0.000000,0.000000,0.000000,0.000000,0.000000,0.000000
1749017481.877689,112.129516,99.000000,90.000000,0.000000,0.000000,0.000000,0.000000,0.000000,0.000000,0.000000,0.000000
1749017481.912138,111.811359,99.000000,90.000000,0.000000,0.000000,0.000000,0.000000,0.000000,0.000000,0.000000,0.000000
1749017481.943918,111.831181,99.000000,90.000000,0.000000,0.000000,0.000000,0.000000,0.000000,0.000000,0.000000,0.000000
1749017481.975911,111.430092,99.000000,120.000000,0.000000,0.000000,0.000000,0.000000,0.000000,0.000000,0.000000,0.000000
1749017482.011817,111.921193,99.000000,90.000000,120.000000,120.000000,120.000000,120.000000,250.000000,250.000000,250.000000,250.000000
1749017482.044928,111.698882,99.000000,90.000000,120.000000,120.000000,120.000000,120.000000,250.000000,250.000000,250.000000,250.000000
1749017482.076955,112.150310,99.000000,90.000000,120.000000,120.000000,120.000000,120.000000,250.000000,250.000000,250.000000,250.000000
1749017482.113078,111.657362,99.000000,90.000000,120.000000,120.000000,120.000000,120.000000,250.000000,250.000000,250.000000,250.000000
1749017482.144043,111.503730,99.000000,90.000000,0.000000,0.000000,0.000000,0.000000,0.000000,0.000000,0.000000,0.000000
1749017482.177819,112.028790,99.000000,90.000000,0.000000,0.000000,0.000000,0.000000,0.000000,0.000000,0.000000,0.000000
1749017482.214082,111.867871,99.000000,90.000000,0.000000,0.000000,0.000000,0.000000,0.000000,0.000000,0.000000,0.000000
1749017482.243849,111.722443,99.000000,90.000000,0.000000,0.000000,0.000000,0.000000,0.000000,0.000000,0.000000,0.000000
1749017482.271790,111.335200,99.000000,90.000000,120.000000,120.000000,120.000000,120.000000,250.000000,250.000000,250.000000,250.000000
1749017482.307586,111.431757,99.000000,90.000000,120.000000,120.000000,120.000000,120.000000,250.000000,250.000000,250.000000,250.000000
1749017482.339961,111.941566,99.000000,90.000000,120.000000,120.000000,120.000000,120.000000,250.000000,250.000000,250.000000,250.000000
1749017482.372203,111.481699,99.000000,90.000000,120.000000,120.000000,120.000000,120.000000,250.000000,250.000000,250.000000,250.000000
1749017482.407934,111.715775,99.000000,90.000000,0.000000,0.000000,0.000000,0.000000,0.000000,0.000000,0.000000,0.000000
1749017482.439982,112.271190,99.000000,90.000000,0.000000,0.000000,0.000000,0.000000,0.000000,0.000000,0.000000,0.000000
1749017482.472945,111.381939,99.000000,90.000000,0.000000,0.000000,0.000000,0.000000,0.000000,0.000000,0.000000,0.000000
1749017482.508963,111.497715,99.000000,90.000000,0.000000,0.000000,0.000000,0.000000,0.000000,0.000000,0.000000,0.000000
1749017482.540850,112.013342,99.000000,90.000000,120.000000,120.000000,120.000000,120.000000,250.000000,250.000000,250.000000,250.000000
1749017482.572889,111.982208,99.000000,90.000000,120.000000,120.000000,120.000000,120.000000,250.000000,250.000000,250.000000,250.000000
1749017482.608230,112.038863,99.000000,90.000000,120.000000,120.000000,120.000000,120.000000,250.000000,250.000000,250.000000,250.000000
1749017482.641184,111.761875,99.000000,90.000000,120.000000,120.000000,120.000000,120.000000,250.000000,250.000000,250.000000,250.000000
1749017482.672944,111.900932,99.000000,90.000000,0.000000,0.000000,0.000000,0.000000,0.000000,0.000000,0.000000,0.000000
1749017482.708527,111.853269,99.000000,90.000000,0.000000,0.000000,0.000000,0.000000,0.000000,0.000000,0.000000,0.000000
1749017482.742657,111.646742,99.000000,90.000000,0.000000,0.000000,0.000000,0.000000,0.000000,0.000000,0.000000,0.000000
1749017482.774552,111.649853,99.000000,90.000000,0.000000,0.000000,0.000000,0.000000,0.000000,0.000000,0.000000,0.000000
1749017482.809824,111.397113,99.000000,90.000000,120.000000,120.000000,120.000000,120.000000,250.000000,250.000000,250.000000,250.000000
1749017482.841977,111.388675,99.000000,90.000000,120.000000,120.000000,120.000000,120.000000,250.000000,250.000000,250.000000,250.000000
1749017482.874773,111.794714,99.000000,90.000000,120.000000,120.000000,120.000000,120.000000,250.000000,250.000000,250.000000,250.000000
1749017482.910456,111.903396,99.000000,90.000000,120.000000,120.000000,120.000000,120.000000,250.000000,250.000000,250.000000,250.000000
1749017482.943380,111.083600,99.000000,90.000000,0.000000,0.000000,0.000000,0.000000,0.000000,0.000000,0.000000,0.000000
1749017482.974628,111.606922,99.000000,90.000000,0.000000,0.000000,0.000000,0.000000,0.000000,0.000000,0.000000,0.000000
1749017483.009334,112.145698,99.000000,90.000000,0.000000,0.000000,0.000000,0.000000,0.000000,0.000000,0.000000,0.000000
1749017483.040969,112.307810,99.000000,90.000000,0.000000,0.000000,0.000000,0.000000,0.000000,0.000000,0.000000,0.000000
1749017483.072911,111.675901,99.000000,90.000000,120.000000,120.000000,120.000000,120.000000,250.000000,250.000000,250.000000,250.000000
1749017483.107223,112.027789,99.000000,90.000000,120.000000,120.000000,120.000000,120.000000,250.000000,250.000000,250.000000,250.000000
1749017483.136946,112.190450,99.000000,90.000000,120.000000,120.000000,120.000000,120.000000,250.000000,250.000000,250.000000,250.000000
1749017483.169294,111.501203,99.000000,90.000000,120.000000,120.000000,120.000000,120.000000,250.000000,250.000000,250.000000,250.000000
1749017483.203700,111.675400,99.000000,90.000000,0.000000,0.000000,0.000000,0.000000,0.000000,0.000000,0.000000,0.000000
1749017483.236478,111.593598,99.000000,90.000000,0.000000,0.000000,0.000000,0.000000,0.000000,0.000000,0.000000,0.000000
1749017483.267609,111.650479,99.000000,90.000000,0.000000,0.000000,0.000000,0.000000,0.000000,0.000000,0.000000,0.000000
1749017483.306066,112.167069,99.000000,90.000000,0.000000,0.000000,0.000000,0.000000,0.000000,0.000000,0.000000,0.000000
1749017483.342410,111.306771,99.000000,90.000000,120.000000,120.000000,120.000000,120.000000,250.000000,250.000000,250.000000,250.000000
1749017483.375868,111.212509,99.000000,90.000000,120.000000,120.000000,120.000000,120.000000,250.000000,250.000000,250.000000,250.000000
1749017483.410784,111.462892,99.000000,90.000000,120.000000,120.000000,120.000000,120.000000,250.000000,250.000000,250.000000,250.000000
1749017483.446934,111.503347,99.000000,90.000000,120.000000,120.000000,120.000000,120.000000,250.000000,250.000000,250.000000,250.000000
1749017483.476944,111.283080,99.000000,90.000000,0.000000,0.000000,0.000000,0.000000,0.000000,0.000000,0.000000,0.000000
1749017483.506714,111.490387,99.000000,90.000000,0.000000,0.000000,0.000000,0.000000,0.000000,0.000000,0.000000,0.000000
1749017483.537827,111.352610,99.000000,90.000000,0.000000,0.000000,0.000000,0.000000,0.000000,0.000000,0.000000,0.000000
1749017483.570966,111.486050,99.000000,90.000000,0.000000,0.000000,0.000000,0.000000,0.000000,0.000000,0.000000,0.000000
1749017483.606654,111.594695,99.000000,90.000000,120.000000,120.000000,120.000000,120.000000,250.000000,250.000000,250.000000,250.000000
1749017483.641557,111.622141,99.000000,90.000000,120.000000,120.000000,120.000000,120.000000,250.000000,250.000000,250.000000,250.000000
1749017483.672190,111.417874,99.000000,90.000000,120.000000,120.000000,120.000000,120.000000,250.000000,250.000000,250.000000,250.000000
1749017483.707897,111.135188,99.000000,90.000000,120.000000,120.000000,120.000000,120.000000,250.000000,250.000000,250.000000,250.000000
1749017483.739991,111.486026,99.000000,90.000000,0.000000,0.000000,0.000000,0.000000,0.000000,0.000000,0.000000,0.000000
1749017483.775293,111.828125,99.000000,90.000000,0.000000,0.000000,0.000000,0.000000,0.000000,0.000000,0.000000,0.000000
1749017483.812572,111.212733,99.000000,90.000000,0.000000,0.000000,0.000000,0.000000,0.000000,0.000000,0.000000,0.000000
1749017483.844647,110.992186,99.000000,90.000000,0.000000,0.000000,0.000000,0.000000,0.000000,0.000000,0.000000,0.000000
1749017483.875228,110.658372,99.000000,90.000000,120.000000,120.000000,120.000000,120.000000,250.000000,250.000000,250.000000,250.000000
1749017483.911465,111.039574,99.000000,90.000000,120.000000,120.000000,120.000000,120.000000,250.000000,250.000000,250.000000,250.000000
1749017483.943607,111.331721,99.000000,90.000000,120.000000,120.000000,120.000000,120.000000,250.000000,250.000000,250.000000,250.000000
1749017483.975266,111.336998,99.000000,90.000000,120.000000,120.000000,120.000000,120.000000,250.000000,250.000000,250.000000,250.000000
1749017484.010833,110.829004,99.000000,90.000000,0.000000,0.000000,0.000000,0.000000,0.000000,0.000000,0.000000,0.000000
1749017484.042923,110.404060,99.000000,90.000000,0.000000,0.000000,0.000000,0.000000,0.000000,0.000000,0.000000,0.000000
1749017484.073553,110.595047,99.000000,90.000000,0.000000,0.000000,0.000000,0.000000,0.000000,0.000000,0.000000,0.000000
1749017484.109813,110.600152,99.000000,90.000000,0.000000,0.000000,0.000000,0.000000,0.000000,0.000000,0.000000,0.000000
1749017484.142689,111.123568,99.000000,90.000000,120.000000,120.000000,120.000000,120.000000,250.000000,250.000000,250.000000,250.000000
1749017484.174946,110.868784,99.000000,90.000000,120.000000,120.000000,120.000000,120.000000,250.000000,250.000000,250.000000,250.000000
1749017484.206894,110.659294,99.000000,90.000000,120.000000,120.000000,120.000000,120.000000,250.000000,250.000000,250.000000,250.000000
1749017484.236624,110.647050,99.000000,90.000000,120.000000,120.000000,120.000000,120.000000,250.000000,250.000000,250.000000,250.000000
1749017484.268639,110.898788,99.000000,90.000000,0.000000,0.000000,0.000000,0.000000,0.000000,0.000000,0.000000,0.000000
1749017484.306023,111.045110,99.000000,90.000000,0.000000,0.000000,0.000000,0.000000,0.000000,0.000000,0.000000,0.000000
1749017484.337692,110.943192,99.000000,90.000000,0.000000,0.000000,0.000000,0.000000,0.000000,0.000000,0.000000,0.000000
1749017484.369799,110.888351,99.000000,90.000000,0.000000,0.000000,0.000000,0.000000,0.000000,0.000000,0.000000,0.000000
1749017484.405194,111.361018,99.000000,90.000000,120.000000,120.000000,120.000000,120.000000,250.000000,250.000000,250.000000,250.000000
1749017484.437580,111.827926,99.000000,90.000000,120.000000,120.000000,120.000000,120.000000,250.000000,250.000000,250.000000,250.000000
1749017484.469865,110.905991,99.000000,90.000000,120.000000,120.000000,120.000000,120.000000,250.000000,250.000000,250.000000,250.000000
1749017484.506476,111.142889,99.000000,90.000000,120.000000,120.000000,120.000000,120.000000,250.000000,250.000000,250.000000,250.000000
1749017484.541297,111.272077,99.000000,90.000000,0.000000,0.000000,0.000000,0.000000,0.000000,0.000000,0.000000,0.000000
1749017484.569098,110.480469,99.000000,90.000000,0.000000,0.000000,0.000000,0.000000,0.000000,0.000000,0.000000,0.000000
1749017484.604262,110.811568,99.000000,90.000000,0.000000,0.000000,0.000000,0.000000,0.000000,0.000000,0.000000,0.000000
1749017484.637028,111.711667,99.000000,90.000000,0.000000,0.000000,0.000000,0.000000,0.000000,0.000000,0.000000,0.000000
1749017484.670275,111.675575,99.000000,90.000000,120.000000,120.000000,120.000000,120.000000,250.000000,250.000000,250.000000,250.000000
1749017484.707796,110.505911,99.000000,90.000000,120.000000,120.000000,120.000000,120.000000,250.000000,250.000000,250.000000,250.000000
1749017484.739358,110.908704,99.000000,90.000000,120.000000,120.000000,120.000000,120.000000,250.000000,250.000000,250.000000,250.000000
1749017484.789335,111.057739,99.000000,90.000000,120.000000,120.000000,120.000000,120.000000,250.000000,250.000000,250.000000,250.000000
1749017484.807533,110.578899,99.000000,90.000000,0.000000,0.000000,0.000000,0.000000,0.000000,0.000000,0.000000,0.000000
1749017484.839854,110.690576,99.000000,90.000000,0.000000,0.000000,0.000000,0.000000,0.000000,0.000000,0.000000,0.000000
1749017484.871446,111.038889,99.000000,90.000000,0.000000,0.000000,0.000000,0.000000,0.000000,0.000000,0.000000,0.000000
1749017484.907775,111.167937,99.000000,90.000000,0.000000,0.000000,0.000000,0.000000,0.000000,0.000000,0.000000,0.000000
1749017484.939036,110.941991,99.000000,90.000000,120.000000,120.000000,120.000000,120.000000,250.000000,250.000000,250.000000,250.000000
1749017484.970800,110.091034,99.000000,90.000000,120.000000,120.000000,120.000000,120.000000,250.000000,250.000000,250.000000,250.000000
1749017485.007739,110.252552,99.000000,90.000000,120.000000,120.000000,120.000000,120.000000,250.000000,250.000000,250.000000,250.000000
1749017485.040519,110.832324,99.000000,90.000000,120.000000,120.000000,120.000000,120.000000,250.000000,250.000000,250.000000,250.000000
1749017485.073063,110.969575,99.000000,90.000000,0.000000,0.000000,0.000000,0.000000,0.000000,0.000000,0.000000,0.000000
1749017485.108617,111.236729,99.000000,90.000000,0.000000,0.000000,0.000000,0.000000,0.000000,0.000000,0.000000,0.000000
1749017485.140740,111.019606,99.000000,90.000000,0.000000,0.000000,0.000000,0.000000,0.000000,0.000000,0.000000,0.000000
1749017485.173659,110.590947,99.000000,90.000000,0.000000,0.000000,0.000000,0.000000,0.000000,0.000000,0.000000,0.000000
1749017485.225400,110.994815,99.000000,90.000000,120.000000,120.000000,120.000000,120.000000,250.000000,250.000000,250.000000,250.000000
1749017485.245722,110.978207,99.000000,90.000000,120.000000,120.000000,120.000000,120.000000,250.000000,250.000000,250.000000,250.000000
1749017485.274624,110.725355,99.000000,90.000000,120.000000,120.000000,120.000000,120.000000,250.000000,250.000000,250.000000,250.000000
1749017485.309486,109.987443,99.000000,90.000000,120.000000,120.000000,120.000000,120.000000,250.000000,250.000000,250.000000,250.000000
1749017485.338635,109.434879,99.000000,90.000000,0.000000,0.000000,0.000000,0.000000,0.000000,0.000000,0.000000,0.000000
1749017485.371099,110.598793,99.000000,90.000000,0.000000,0.000000,0.000000,0.000000,0.000000,0.000000,0.000000,0.000000
1749017485.407904,110.471459,99.000000,90.000000,0.000000,0.000000,0.000000,0.000000,0.000000,0.000000,0.000000,0.000000
1749017485.439516,109.155505,99.000000,90.000000,0.000000,0.000000,0.000000,0.000000,0.000000,0.000000,0.000000,0.000000
1749017485.468953,109.882313,99.000000,90.000000,120.000000,120.000000,120.000000,120.000000,250.000000,250.000000,250.000000,250.000000
1749017485.505390,110.182711,99.000000,90.000000,120.000000,120.000000,120.000000,120.000000,250.000000,250.000000,250.000000,250.000000
1749017485.537778,110.248103,99.000000,90.000000,120.000000,120.000000,120.000000,120.000000,250.000000,250.000000,250.000000,250.000000
1749017485.570724,109.787125,99.000000,90.000000,120.000000,120.000000,120.000000,120.000000,250.000000,250.000000,250.000000,250.000000
1749017485.608833,109.098377,99.000000,90.000000,0.000000,0.000000,0.000000,0.000000,0.000000,0.000000,0.000000,0.000000
1749017485.640031,108.948556,99.000000,90.000000,0.000000,0.000000,0.000000,0.000000,0.000000,0.000000,0.000000,0.000000
1749017485.670882,108.614778,99.000000,90.000000,0.000000,0.000000,0.000000,0.000000,0.000000,0.000000,0.000000,0.000000
1749017485.711377,108.081604,99.000000,90.000000,0.000000,0.000000,0.000000,0.000000,0.000000,0.000000,0.000000,0.000000
1749017485.742031,107.604251,99.000000,90.000000,120.000000,120.000000,120.000000,120.000000,250.000000,250.000000,250.000000,250.000000
1749017485.776098,106.703662,99.000000,90.000000,120.000000,120.000000,120.000000,120.000000,250.000000,250.000000,250.000000,250.000000
1749017485.806440,106.904777,99.000000,90.000000,120.000000,120.000000,120.000000,120.000000,250.000000,250.000000,250.000000,250.000000
1749017485.865778,107.340206,99.000000,90.000000,120.000000,120.000000,120.000000,120.000000,250.000000,250.000000,250.000000,250.000000
1749017485.909458,106.483372,99.000000,90.000000,0.000000,0.000000,0.000000,0.000000,0.000000,0.000000,0.000000,0.000000
1749017485.949157,105.635673,99.000000,90.000000,0.000000,0.000000,0.000000,0.000000,0.000000,0.000000,0.000000,0.000000
1749017485.972324,105.828506,99.000000,90.000000,0.000000,0.000000,0.000000,0.000000,0.000000,0.000000,0.000000,0.000000
1749017485.999089,105.650023,99.000000,90.000000,0.000000,0.000000,0.000000,0.000000,0.000000,0.000000,0.000000,0.000000
1749017486.025027,105.839098,99.000000,90.000000,120.000000,120.000000,120.000000,120.000000,250.000000,250.000000,250.000000,250.000000
1749017486.051382,105.077439,99.000000,90.000000,120.000000,120.000000,120.000000,120.000000,250.000000,250.000000,250.000000,250.000000
1749017486.095821,104.539925,99.000000,90.000000,120.000000,120.000000,120.000000,120.000000,250.000000,250.000000,250.000000,250.000000
1749017486.142355,104.593420,99.000000,90.000000,120.000000,120.000000,120.000000,120.000000,250.000000,250.000000,250.000000,250.000000
1749017486.188186,104.365354,99.000000,90.000000,0.000000,0.000000,0.000000,0.000000,0.000000,0.000000,0.000000,0.000000
1749017486.235212,104.202098,99.000000,90.000000,0.000000,0.000000,0.000000,0.000000,0.000000,0.000000,0.000000,0.000000
1749017486.268088,103.983619,99.000000,90.000000,0.000000,0.000000,0.000000,0.000000,0.000000,0.000000,0.000000,0.000000
1749017486.289065,103.406063,99.000000,90.000000,0.000000,0.000000,0.000000,0.000000,0.000000,0.000000,0.000000,0.000000
1749017486.314118,103.219169,99.000000,90.000000,0.000000,0.000000,0.000000,0.000000,0.000000,0.000000,0.000000,0.000000
1749017486.340766,102.758000,99.000000,90.000000,0.000000,0.000000,0.000000,0.000000,0.000000,0.000000,0.000000,0.000000
1749017486.367466,102.308685,99.000000,90.000000,120.000000,120.000000,120.000000,120.000000,250.000000,250.000000,250.000000,250.000000
1749017486.395474,102.016343,99.000000,90.000000,120.000000,120.000000,120.000000,120.000000,250.000000,250.000000,250.000000,250.000000
1749017486.420104,102.061881,99.000000,90.000000,120.000000,120.000000,120.000000,120.000000,250.000000,250.000000,250.000000,250.000000
1749017486.449976,101.700257,99.000000,90.000000,120.000000,120.000000,120.000000,120.000000,250.000000,250.000000,250.000000,250.000000
1749017486.475260,101.344828,99.000000,90.000000,120.000000,120.000000,120.000000,120.000000,250.000000,250.000000,250.000000,250.000000
1749017486.514396,101.298681,99.000000,90.000000,120.000000,120.000000,120.000000,120.000000,250.000000,250.000000,250.000000,250.000000
1749017486.553531,101.146169,99.000000,90.000000,120.000000,120.000000,120.000000,120.000000,250.000000,250.000000,250.000000,250.000000
1749017486.588886,100.906009,99.000000,90.000000,120.000000,120.000000,120.000000,120.000000,250.000000,250.000000,250.000000,250.000000
1749017486.624359,100.637354,99.000000,90.000000,120.000000,120.000000,120.000000,120.000000,250.000000,250.000000,250.000000,250.000000
1749017486.660729,100.284380,99.000000,90.000000,120.000000,120.000000,120.000000,120.000000,250.000000,250.000000,250.000000,250.000000
1749017486.692120,99.793664,99.000000,90.000000,0.000000,0.000000,0.000000,0.000000,0.000000,0.000000,0.000000,0.000000
1749017486.723771,100.026576,99.000000,90.000000,0.000000,0.000000,0.000000,0.000000,0.000000,0.000000,0.000000,0.000000
1749017486.756044,100.052483,99.000000,90.000000,0.000000,0.000000,0.000000,0.000000,0.000000,0.000000,0.000000,0.000000
1749017486.790203,99.747244,99.000000,90.000000,0.000000,0.000000,0.000000,0.000000,0.000000,0.000000,0.000000,0.000000
1749017486.823341,99.703651,99.000000,90.000000,0.000000,0.000000,0.000000,0.000000,0.000000,0.000000,0.000000,0.000000
1749017486.856492,99.304759,99.000000,90.000000,0.000000,0.000000,0.000000,0.000000,0.000000,0.000000,0.000000,0.000000
1749017486.888983,99.141255,99.000000,90.000000,0.000000,0.000000,0.000000,0.000000,0.000000,0.000000,0.000000,0.000000
1749017486.922470,98.686107,99.000000,90.000000,0.000000,0.000000,0.000000,0.000000,0.000000,0.000000,0.000000,0.000000
1749017486.954331,98.385117,99.000000,90.000000,0.000000,0.000000,0.000000,0.000000,0.000000,0.000000,0.000000,0.000000
1749017486.986946,98.659095,99.000000,90.000000,0.000000,0.000000,0.000000,0.000000,0.000000,0.000000,0.000000,0.000000
1749017487.025752,98.541324,99.000000,90.000000,0.000000,0.000000,0.000000,0.000000,0.000000,0.000000,0.000000,0.000000
1749017487.054929,98.245256,99.000000,90.000000,0.000000,0.000000,0.000000,0.000000,0.000000,0.000000,0.000000,0.000000
1749017487.078046,98.005571,99.000000,90.000000,0.000000,0.000000,0.000000,0.000000,0.000000,0.000000,0.000000,0.000000
1749017487.107611,97.907779,99.000000,90.000000,0.000000,0.000000,0.000000,0.000000,0.000000,0.000000,0.000000,0.000000
1749017487.139790,97.960815,99.000000,90.000000,0.000000,0.000000,0.000000,0.000000,0.000000,0.000000,0.000000,0.000000
1749017487.172986,98.333459,99.000000,90.000000,0.000000,0.000000,0.000000,0.000000,0.000000,0.000000,0.000000,0.000000
1749017487.212833,98.177291,99.000000,90.000000,0.000000,0.000000,0.000000,0.000000,0.000000,0.000000,0.000000,0.000000
1749017487.265385,97.945942,99.000000,90.000000,0.000000,0.000000,0.000000,0.000000,0.000000,0.000000,0.000000,0.000000
1749017487.308480,97.800435,99.000000,90.000000,0.000000,0.000000,0.000000,0.000000,0.000000,0.000000,0.000000,0.000000
1749017487.339019,97.876169,99.000000,90.000000,0.000000,0.000000,0.000000,0.000000,0.000000,0.000000,0.000000,0.000000
1749017487.369829,98.054398,99.000000,90.000000,0.000000,0.000000,0.000000,0.000000,0.000000,0.000000,0.000000,0.000000
1749017487.400323,97.504957,99.000000,90.000000,0.000000,0.000000,0.000000,0.000000,0.000000,0.000000,0.000000,0.000000
1749017487.432432,97.666371,99.000000,90.000000,0.000000,0.000000,0.000000,0.000000,0.000000,0.000000,0.000000,0.000000
1749017487.463778,97.836645,99.000000,90.000000,0.000000,0.000000,0.000000,0.000000,0.000000,0.000000,0.000000,0.000000
1749017487.493137,97.839326,99.000000,90.000000,0.000000,0.000000,0.000000,0.000000,0.000000,0.000000,0.000000,0.000000
1749017487.523177,97.713626,99.000000,90.000000,0.000000,0.000000,0.000000,0.000000,0.000000,0.000000,0.000000,0.000000
1749017487.554020,97.713165,99.000000,90.000000,0.000000,0.000000,0.000000,0.000000,0.000000,0.000000,0.000000,0.000000
1749017487.583689,97.337215,99.000000,90.000000,0.000000,0.000000,0.000000,0.000000,0.000000,0.000000,0.000000,0.000000
1749017487.612002,97.680265,99.000000,90.000000,0.000000,0.000000,0.000000,0.000000,0.000000,0.000000,0.000000,0.000000
1749017487.644701,97.889842,99.000000,90.000000,0.000000,0.000000,0.000000,0.000000,0.000000,0.000000,0.000000,0.000000
1749017487.677727,97.847479,99.000000,90.000000,0.000000,0.000000,0.000000,0.000000,0.000000,0.000000,0.000000,0.000000
1749017487.712501,97.699991,99.000000,90.000000,0.000000,0.000000,0.000000,0.000000,0.000000,0.000000,0.000000,0.000000
1749017487.743902,97.309325,99.000000,90.000000,0.000000,0.000000,0.000000,0.000000,0.000000,0.000000,0.000000,0.000000
1749017487.776234,97.656597,99.000000,90.000000,0.000000,0.000000,0.000000,0.000000,0.000000,0.000000,0.000000,0.000000
1749017487.811829,97.279723,99.000000,90.000000,0.000000,0.000000,0.000000,0.000000,0.000000,0.000000,0.000000,0.000000
1749017487.844959,96.819897,88.000000,90.000000,0.000000,0.000000,0.000000,0.000000,0.000000,0.000000,0.000000,0.000000
1749017487.876602,97.674224,88.000000,90.000000,0.000000,0.000000,0.000000,0.000000,0.000000,0.000000,0.000000,0.000000
1749017487.913003,97.628687,88.000000,90.000000,0.000000,0.000000,0.000000,0.000000,0.000000,0.000000,0.000000,0.000000
1749017487.946135,97.400392,88.000000,90.000000,0.000000,0.000000,0.000000,0.000000,0.000000,0.000000,0.000000,0.000000
1749017487.978017,97.403757,88.000000,90.000000,0.000000,0.000000,0.000000,0.000000,0.000000,0.000000,0.000000,0.000000
1749017488.013985,97.447374,88.000000,90.000000,0.000000,0.000000,0.000000,0.000000,0.000000,0.000000,0.000000,0.000000
1749017488.044867,97.258538,88.000000,90.000000,0.000000,0.000000,0.000000,0.000000,0.000000,0.000000,0.000000,0.000000
1749017488.076750,97.439313,88.000000,120.000000,0.000000,0.000000,0.000000,0.000000,0.000000,0.000000,0.000000,0.000000
1749017488.112726,97.433971,88.000000,90.000000,0.000000,0.000000,0.000000,0.000000,0.000000,0.000000,0.000000,0.000000
1749017488.144245,97.435255,88.000000,90.000000,0.000000,0.000000,0.000000,0.000000,0.000000,0.000000,0.000000,0.000000
1749017488.176115,97.429796,88.000000,90.000000,0.000000,0.000000,0.000000,0.000000,0.000000,0.000000,0.000000,0.000000
1749017488.211610,97.247693,88.000000,120.000000,0.000000,0.000000,0.000000,0.000000,0.000000,0.000000,0.000000,0.000000
1749017488.244344,97.770083,88.000000,90.000000,120.000000,120.000000,120.000000,120.000000,250.000000,250.000000,250.000000,250.000000
1749017488.276076,97.594116,88.000000,90.000000,120.000000,120.000000,120.000000,120.000000,250.000000,250.000000,250.000000,250.000000
1749017488.312849,97.209032,88.000000,90.000000,120.000000,120.000000,120.000000,120.000000,250.000000,250.000000,250.000000,250.000000
1749017488.347408,97.636732,88.000000,90.000000,120.000000,120.000000,120.000000,120.000000,250.000000,250.000000,250.000000,250.000000
1749017488.379843,97.377307,88.000000,90.000000,0.000000,0.000000,0.000000,0.000000,0.000000,0.000000,0.000000,0.000000
1749017488.413651,97.242946,88.000000,90.000000,0.000000,0.000000,0.000000,0.000000,0.000000,0.000000,0.000000,0.000000
1749017488.445770,97.248456,88.000000,90.000000,0.000000,0.000000,0.000000,0.000000,0.000000,0.000000,0.000000,0.000000
1749017488.476068,97.277884,88.000000,90.000000,0.000000,0.000000,0.000000,0.000000,0.000000,0.000000,0.000000,0.000000
1749017488.513358,97.281446,88.000000,90.000000,120.000000,120.000000,120.000000,120.000000,250.000000,250.000000,250.000000,250.000000
1749017488.545550,97.227637,88.000000,90.000000,120.000000,120.000000,120.000000,120.000000,250.000000,250.000000,250.000000,250.000000
1749017488.577652,97.206829,88.000000,90.000000,120.000000,120.000000,120.000000,120.000000,250.000000,250.000000,250.000000,250.000000
1749017488.612007,97.264821,88.000000,90.000000,120.000000,120.000000,120.000000,120.000000,250.000000,250.000000,250.000000,250.000000
1749017488.644017,97.283147,88.000000,90.000000,0.000000,0.000000,0.000000,0.000000,0.000000,0.000000,0.000000,0.000000
1749017488.675801,97.267756,88.000000,90.000000,0.000000,0.000000,0.000000,0.000000,0.000000,0.000000,0.000000,0.000000
1749017488.712016,97.433931,88.000000,90.000000,0.000000,0.000000,0.000000,0.000000,0.000000,0.000000,0.000000,0.000000
1749017488.746051,97.442014,88.000000,90.000000,0.000000,0.000000,0.000000,0.000000,0.000000,0.000000,0.000000,0.000000
1749017488.778160,96.323781,88.000000,90.000000,120.000000,120.000000,120.000000,120.000000,250.000000,250.000000,250.000000,250.000000
1749017488.830746,96.759831,88.000000,90.000000,120.000000,120.000000,120.000000,120.000000,250.000000,250.000000,250.000000,250.000000
1749017488.868056,97.332678,88.000000,90.000000,120.000000,120.000000,120.000000,120.000000,250.000000,250.000000,250.000000,250.000000
1749017488.891930,97.388950,88.000000,90.000000,120.000000,120.000000,120.000000,120.000000,250.000000,250.000000,250.000000,250.000000
1749017488.918403,97.261555,88.000000,90.000000,0.000000,0.000000,0.000000,0.000000,0.000000,0.000000,0.000000,0.000000
1749017488.945132,97.257341,88.000000,90.000000,0.000000,0.000000,0.000000,0.000000,0.000000,0.000000,0.000000,0.000000
1749017488.977007,97.278265,88.000000,90.000000,0.000000,0.000000,0.000000,0.000000,0.000000,0.000000,0.000000,0.000000
1749017489.012129,97.255542,88.000000,90.000000,0.000000,0.000000,0.000000,0.000000,0.000000,0.000000,0.000000,0.000000
1749017489.044935,97.241069,88.000000,90.000000,120.000000,120.000000,120.000000,120.000000,250.000000,250.000000,250.000000,250.000000
1749017489.075617,97.026715,88.000000,90.000000,120.000000,120.000000,120.000000,120.000000,250.000000,250.000000,250.000000,250.000000
1749017489.115729,97.177121,88.000000,90.000000,120.000000,120.000000,120.000000,120.000000,250.000000,250.000000,250.000000,250.000000
1749017489.146196,97.589949,88.000000,90.000000,120.000000,120.000000,120.000000,120.000000,250.000000,250.000000,250.000000,250.000000
1749017489.176034,97.407967,88.000000,90.000000,0.000000,0.000000,0.000000,0.000000,0.000000,0.000000,0.000000,0.000000
1749017489.212700,97.173162,88.000000,90.000000,0.000000,0.000000,0.000000,0.000000,0.000000,0.000000,0.000000,0.000000
1749017489.245579,96.708137,88.000000,90.000000,0.000000,0.000000,0.000000,0.000000,0.000000,0.000000,0.000000,0.000000
1749017489.276770,97.095740,88.000000,90.000000,0.000000,0.000000,0.000000,0.000000,0.000000,0.000000,0.000000,0.000000
1749017489.312580,97.223356,88.000000,90.000000,120.000000,120.000000,120.000000,120.000000,250.000000,250.000000,250.000000,250.000000
1749017489.344992,97.205561,88.000000,90.000000,120.000000,120.000000,120.000000,120.000000,250.000000,250.000000,250.000000,250.000000
1749017489.376647,97.910134,88.000000,90.000000,120.000000,120.000000,120.000000,120.000000,250.000000,250.000000,250.000000,250.000000
1749017489.412167,97.498023,88.000000,90.000000,120.000000,120.000000,120.000000,120.000000,250.000000,250.000000,250.000000,250.000000
1749017489.444847,97.094456,88.000000,90.000000,0.000000,0.000000,0.000000,0.000000,0.000000,0.000000,0.000000,0.000000
1749017489.477590,97.867516,88.000000,90.000000,0.000000,0.000000,0.000000,0.000000,0.000000,0.000000,0.000000,0.000000
1749017489.518799,97.899041,88.000000,90.000000,0.000000,0.000000,0.000000,0.000000,0.000000,0.000000,0.000000,0.000000
1749017489.545951,97.516333,88.000000,90.000000,0.000000,0.000000,0.000000,0.000000,0.000000,0.000000,0.000000,0.000000
1749017489.576972,97.632404,88.000000,90.000000,120.000000,120.000000,120.000000,120.000000,250.000000,250.000000,250.000000,250.000000
1749017489.612524,97.815948,88.000000,90.000000,120.000000,120.000000,120.000000,120.000000,250.000000,250.000000,250.000000,250.000000
1749017489.644726,97.994936,88.000000,90.000000,120.000000,120.000000,120.000000,120.000000,250.000000,250.000000,250.000000,250.000000
1749017489.677079,98.038641,88.000000,90.000000,120.000000,120.000000,120.000000,120.000000,250.000000,250.000000,250.000000,250.000000
1749017489.713724,98.342091,88.000000,90.000000,0.000000,0.000000,0.000000,0.000000,0.000000,0.000000,0.000000,0.000000
1749017489.745369,98.493530,88.000000,90.000000,0.000000,0.000000,0.000000,0.000000,0.000000,0.000000,0.000000,0.000000
1749017489.778148,98.443737,88.000000,90.000000,0.000000,0.000000,0.000000,0.000000,0.000000,0.000000,0.000000,0.000000
1749017489.812010,98.412313,88.000000,90.000000,0.000000,0.000000,0.000000,0.000000,0.000000,0.000000,0.000000,0.000000
1749017489.844922,99.038786,88.000000,90.000000,120.000000,120.000000,120.000000,120.000000,250.000000,250.000000,250.000000,250.000000
1749017489.877129,98.935719,88.000000,90.000000,120.000000,120.000000,120.000000,120.000000,250.000000,250.000000,250.000000,250.000000
1749017489.911993,98.620858,88.000000,90.000000,120.000000,120.000000,120.000000,120.000000,250.000000,250.000000,250.000000,250.000000
1749017489.942995,99.113046,88.000000,90.000000,120.000000,120.000000,120.000000,120.000000,250.000000,250.000000,250.000000,250.000000
1749017489.976936,99.213742,88.000000,90.000000,0.000000,0.000000,0.000000,0.000000,0.000000,0.000000,0.000000,0.000000
1749017490.012624,98.671898,88.000000,90.000000,0.000000,0.000000,0.000000,0.000000,0.000000,0.000000,0.000000,0.000000
1749017490.044777,99.853824,88.000000,90.000000,0.000000,0.000000,0.000000,0.000000,0.000000,0.000000,0.000000,0.000000
1749017490.076663,100.235502,88.000000,90.000000,0.000000,0.000000,0.000000,0.000000,0.000000,0.000000,0.000000,0.000000
1749017490.113377,100.124039,88.000000,90.000000,120.000000,120.000000,120.000000,120.000000,250.000000,250.000000,250.000000,250.000000
1749017490.144722,100.285643,88.000000,90.000000,120.000000,120.000000,120.000000,120.000000,250.000000,250.000000,250.000000,250.000000
1749017490.178117,100.622313,88.000000,90.000000,120.000000,120.000000,120.000000,120.000000,250.000000,250.000000,250.000000,250.000000
1749017490.212477,100.843450,88.000000,90.000000,120.000000,120.000000,120.000000,120.000000,250.000000,250.000000,250.000000,250.000000
1749017490.245034,100.607123,88.000000,90.000000,0.000000,0.000000,0.000000,0.000000,0.000000,0.000000,0.000000,0.000000
1749017490.276932,100.357788,88.000000,90.000000,0.000000,0.000000,0.000000,0.000000,0.000000,0.000000,0.000000,0.000000
1749017490.312751,100.482172,88.000000,90.000000,0.000000,0.000000,0.000000,0.000000,0.000000,0.000000,0.000000,0.000000
1749017490.344414,100.926825,88.000000,90.000000,0.000000,0.000000,0.000000,0.000000,0.000000,0.000000,0.000000,0.000000
1749017490.376458,101.074710,88.000000,90.000000,120.000000,120.000000,120.000000,120.000000,250.000000,250.000000,250.000000,250.000000
1749017490.409954,101.242965,88.000000,90.000000,120.000000,120.000000,120.000000,120.000000,250.000000,250.000000,250.000000,250.000000
1749017490.437392,101.279776,88.000000,90.000000,120.000000,120.000000,120.000000,120.000000,250.000000,250.000000,250.000000,250.000000
1749017490.469953,101.198748,88.000000,90.000000,120.000000,120.000000,120.000000,120.000000,250.000000,250.000000,250.000000,250.000000
1749017490.503968,101.749617,88.000000,90.000000,0.000000,0.000000,0.000000,0.000000,0.000000,0.000000,0.000000,0.000000
1749017490.536635,101.218294,88.000000,90.000000,0.000000,0.000000,0.000000,0.000000,0.000000,0.000000,0.000000,0.000000
1749017490.569404,102.227680,88.000000,90.000000,0.000000,0.000000,0.000000,0.000000,0.000000,0.000000,0.000000,0.000000
1749017490.606855,103.000721,88.000000,90.000000,0.000000,0.000000,0.000000,0.000000,0.000000,0.000000,0.000000,0.000000
1749017490.643023,102.574463,88.000000,90.000000,120.000000,120.000000,120.000000,120.000000,250.000000,250.000000,250.000000,250.000000
1749017490.677359,103.098560,88.000000,90.000000,120.000000,120.000000,120.000000,120.000000,250.000000,250.000000,250.000000,250.000000
1749017490.711897,103.199713,88.000000,90.000000,120.000000,120.000000,120.000000,120.000000,250.000000,250.000000,250.000000,250.000000
1749017490.744348,103.206458,88.000000,90.000000,120.000000,120.000000,120.000000,120.000000,250.000000,250.000000,250.000000,250.000000
1749017490.773168,102.997818,88.000000,90.000000,0.000000,0.000000,0.000000,0.000000,0.000000,0.000000,0.000000,0.000000
1749017490.806487,103.469834,88.000000,90.000000,0.000000,0.000000,0.000000,0.000000,0.000000,0.000000,0.000000,0.000000
1749017490.838304,104.476180,88.000000,90.000000,0.000000,0.000000,0.000000,0.000000,0.000000,0.000000,0.000000,0.000000
1749017490.870535,104.651888,88.000000,90.000000,0.000000,0.000000,0.000000,0.000000,0.000000,0.000000,0.000000,0.000000
1749017490.906711,104.359685,88.000000,90.000000,120.000000,120.000000,120.000000,120.000000,250.000000,250.000000,250.000000,250.000000
1749017490.938212,104.244532,88.000000,90.000000,120.000000,120.000000,120.000000,120.000000,250.000000,250.000000,250.000000,250.000000
1749017490.970687,104.605253,88.000000,90.000000,120.000000,120.000000,120.000000,120.000000,250.000000,250.000000,250.000000,250.000000
1749017491.008981,104.717678,88.000000,90.000000,120.000000,120.000000,120.000000,120.000000,250.000000,250.000000,250.000000,250.000000
1749017491.040120,105.995692,88.000000,90.000000,0.000000,0.000000,0.000000,0.000000,0.000000,0.000000,0.000000,0.000000
1749017491.074815,105.997854,88.000000,90.000000,0.000000,0.000000,0.000000,0.000000,0.000000,0.000000,0.000000,0.000000
1749017491.114341,105.824331,88.000000,90.000000,0.000000,0.000000,0.000000,0.000000,0.000000,0.000000,0.000000,0.000000
1749017491.144430,106.283188,88.000000,90.000000,0.000000,0.000000,0.000000,0.000000,0.000000,0.000000,0.000000,0.000000
1749017491.169703,106.976086,88.000000,90.000000,120.000000,120.000000,120.000000,120.000000,250.000000,250.000000,250.000000,250.000000
1749017491.203618,106.991160,88.000000,90.000000,120.000000,120.000000,120.000000,120.000000,250.000000,250.000000,250.000000,250.000000
1749017491.235960,107.714041,88.000000,90.000000,120.000000,120.000000,120.000000,120.000000,250.000000,250.000000,250.000000,250.000000
1749017491.269938,108.496885,88.000000,90.000000,120.000000,120.000000,120.000000,120.000000,250.000000,250.000000,250.000000,250.000000
1749017491.307366,109.237857,88.000000,90.000000,0.000000,0.000000,0.000000,0.000000,0.000000,0.000000,0.000000,0.000000
1749017491.339910,109.180111,88.000000,90.000000,0.000000,0.000000,0.000000,0.000000,0.000000,0.000000,0.000000,0.000000
1749017491.373250,109.432019,88.000000,90.000000,0.000000,0.000000,0.000000,0.000000,0.000000,0.000000,0.000000,0.000000
1749017491.407031,108.430054,88.000000,90.000000,0.000000,0.000000,0.000000,0.000000,0.000000,0.000000,0.000000,0.000000
1749017491.439400,108.270002,88.000000,90.000000,120.000000,120.000000,120.000000,120.000000,250.000000,250.000000,250.000000,250.000000
1749017491.471691,108.677186,88.000000,90.000000,120.000000,120.000000,120.000000,120.000000,250.000000,250.000000,250.000000,250.000000
1749017491.504862,110.032780,88.000000,90.000000,120.000000,120.000000,120.000000,120.000000,250.000000,250.000000,250.000000,250.000000
1749017491.536364,110.608077,88.000000,90.000000,120.000000,120.000000,120.000000,120.000000,250.000000,250.000000,250.000000,250.000000
1749017491.571066,110.420595,88.000000,90.000000,0.000000,0.000000,0.000000,0.000000,0.000000,0.000000,0.000000,0.000000
1749017491.611401,109.921725,88.000000,90.000000,0.000000,0.000000,0.000000,0.000000,0.000000,0.000000,0.000000,0.000000
1749017491.641439,110.074681,88.000000,90.000000,0.000000,0.000000,0.000000,0.000000,0.000000,0.000000,0.000000,0.000000
1749017491.673609,110.309342,88.000000,90.000000,0.000000,0.000000,0.000000,0.000000,0.000000,0.000000,0.000000,0.000000
1749017491.709061,111.802257,88.000000,90.000000,120.000000,120.000000,120.000000,120.000000,250.000000,250.000000,250.000000,250.000000
1749017491.738573,112.104271,88.000000,90.000000,120.000000,120.000000,120.000000,120.000000,250.000000,250.000000,250.000000,250.000000
1749017491.771845,112.182770,88.000000,90.000000,120.000000,120.000000,120.000000,120.000000,250.000000,250.000000,250.000000,250.000000
1749017491.826669,112.517692,88.000000,90.000000,120.000000,120.000000,120.000000,120.000000,250.000000,250.000000,250.000000,250.000000
1749017491.848691,113.389047,88.000000,90.000000,0.000000,0.000000,0.000000,0.000000,0.000000,0.000000,0.000000,0.000000
1749017491.872492,113.250394,88.000000,90.000000,0.000000,0.000000,0.000000,0.000000,0.000000,0.000000,0.000000,0.000000
1749017491.905823,112.634258,88.000000,90.000000,0.000000,0.000000,0.000000,0.000000,0.000000,0.000000,0.000000,0.000000
1749017491.938790,112.861671,88.000000,90.000000,0.000000,0.000000,0.000000,0.000000,0.000000,0.000000,0.000000,0.000000
1749017491.973006,113.331392,88.000000,90.000000,120.000000,120.000000,120.000000,120.000000,250.000000,250.000000,250.000000,250.000000
1749017492.008645,113.691603,88.000000,90.000000,120.000000,120.000000,120.000000,120.000000,250.000000,250.000000,250.000000,250.000000
1749017492.043680,113.437817,88.000000,90.000000,120.000000,120.000000,120.000000,120.000000,250.000000,250.000000,250.000000,250.000000
1749017492.074521,113.259804,88.000000,90.000000,120.000000,120.000000,120.000000,120.000000,250.000000,250.000000,250.000000,250.000000
1749017492.110130,113.074361,88.000000,90.000000,0.000000,0.000000,0.000000,0.000000,0.000000,0.000000,0.000000,0.000000
1749017492.142898,113.634798,88.000000,90.000000,0.000000,0.000000,0.000000,0.000000,0.000000,0.000000,0.000000,0.000000
1749017492.176337,114.395866,88.000000,90.000000,0.000000,0.000000,0.000000,0.000000,0.000000,0.000000,0.000000,0.000000
1749017492.210755,114.862760,88.000000,90.000000,0.000000,0.000000,0.000000,0.000000,0.000000,0.000000,0.000000,0.000000
1749017492.243365,116.347836,88.000000,90.000000,120.000000,120.000000,120.000000,120.000000,250.000000,250.000000,250.000000,250.000000
1749017492.274024,117.345299,88.000000,90.000000,120.000000,120.000000,120.000000,120.000000,250.000000,250.000000,250.000000,250.000000
1749017492.307420,117.221530,88.000000,90.000000,120.000000,120.000000,120.000000,120.000000,250.000000,250.000000,250.000000,250.000000
1749017492.340533,117.399197,88.000000,90.000000,120.000000,120.000000,120.000000,120.000000,250.000000,250.000000,250.000000,250.000000
1749017492.372079,117.101123,88.000000,90.000000,0.000000,0.000000,0.000000,0.000000,0.000000,0.000000,0.000000,0.000000
1749017492.407959,117.295267,88.000000,90.000000,0.000000,0.000000,0.000000,0.000000,0.000000,0.000000,0.000000,0.000000
1749017492.440537,117.165257,88.000000,90.000000,0.000000,0.000000,0.000000,0.000000,0.000000,0.000000,0.000000,0.000000
1749017492.472894,116.634089,88.000000,90.000000,0.000000,0.000000,0.000000,0.000000,0.000000,0.000000,0.000000,0.000000
1749017492.508663,117.530290,88.000000,90.000000,120.000000,120.000000,120.000000,120.000000,250.000000,250.000000,250.000000,250.000000
1749017492.542904,118.476632,88.000000,90.000000,120.000000,120.000000,120.000000,120.000000,250.000000,250.000000,250.000000,250.000000
1749017492.572808,118.839897,88.000000,90.000000,120.000000,120.000000,120.000000,120.000000,250.000000,250.000000,250.000000,250.000000
1749017492.608011,119.236888,88.000000,90.000000,120.000000,120.000000,120.000000,120.000000,250.000000,250.000000,250.000000,250.000000
1749017492.640041,119.348253,88.000000,90.000000,0.000000,0.000000,0.000000,0.000000,0.000000,0.000000,0.000000,0.000000
1749017492.670987,119.537069,88.000000,90.000000,0.000000,0.000000,0.000000,0.000000,0.000000,0.000000,0.000000,0.000000
1749017492.707988,120.942989,88.000000,90.000000,0.000000,0.000000,0.000000,0.000000,0.000000,0.000000,0.000000,0.000000
1749017492.738851,121.622779,88.000000,90.000000,0.000000,0.000000,0.000000,0.000000,0.000000,0.000000,0.000000,0.000000
1749017492.768442,121.539320,88.000000,90.000000,120.000000,120.000000,120.000000,120.000000,250.000000,250.000000,250.000000,250.000000
1749017492.805240,122.332337,88.000000,90.000000,120.000000,120.000000,120.000000,120.000000,250.000000,250.000000,250.000000,250.000000
1749017492.836873,122.768824,88.000000,90.000000,120.000000,120.000000,120.000000,120.000000,250.000000,250.000000,250.000000,250.000000
1749017492.868360,122.542385,88.000000,90.000000,120.000000,120.000000,120.000000,120.000000,250.000000,250.000000,250.000000,250.000000
1749017492.907315,103.539359,88.000000,90.000000,0.000000,0.000000,0.000000,0.000000,0.000000,0.000000,0.000000,0.000000
1749017492.940516,95.447720,88.000000,90.000000,0.000000,0.000000,0.000000,0.000000,0.000000,0.000000,0.000000,0.000000
1749017492.972770,99.327366,88.000000,90.000000,0.000000,0.000000,0.000000,0.000000,0.000000,0.000000,0.000000,0.000000
1749017493.008239,101.091559,88.000000,90.000000,0.000000,0.000000,0.000000,0.000000,0.000000,0.000000,0.000000,0.000000
1749017493.040517,120.129467,88.000000,90.000000,120.000000,120.000000,120.000000,120.000000,250.000000,250.000000,250.000000,250.000000
1749017493.072587,109.395227,88.000000,90.000000,120.000000,120.000000,120.000000,120.000000,250.000000,250.000000,250.000000,250.000000
1749017493.106805,117.692013,88.000000,90.000000,120.000000,120.000000,120.000000,120.000000,250.000000,250.000000,250.000000,250.000000
1749017493.135772,127.971234,88.000000,90.000000,120.000000,120.000000,120.000000,120.000000,250.000000,250.000000,250.000000,250.000000
1749017493.168860,127.105205,88.000000,90.000000,0.000000,0.000000,0.000000,0.000000,0.000000,0.000000,0.000000,0.000000
1749017493.207128,125.704856,88.000000,90.000000,0.000000,0.000000,0.000000,0.000000,0.000000,0.000000,0.000000,0.000000
1749017493.240639,107.068254,88.000000,90.000000,0.000000,0.000000,0.000000,0.000000,0.000000,0.000000,0.000000,0.000000
1749017493.273150,119.086568,88.000000,90.000000,0.000000,0.000000,0.000000,0.000000,0.000000,0.000000,0.000000,0.000000
1749017493.310906,111.720944,88.000000,90.000000,120.000000,120.000000,120.000000,120.000000,250.000000,250.000000,250.000000,250.000000
1749017493.342755,101.554341,88.000000,90.000000,120.000000,120.000000,120.000000,120.000000,250.000000,250.000000,250.000000,250.000000
1749017493.374988,93.696491,88.000000,90.000000,120.000000,120.000000,120.000000,120.000000,250.000000,250.000000,250.000000,250.000000
1749017493.410531,95.173406,88.000000,90.000000,120.000000,120.000000,120.000000,120.000000,250.000000,250.000000,250.000000,250.000000
1749017493.444411,95.034024,88.000000,90.000000,0.000000,0.000000,0.000000,0.000000,0.000000,0.000000,0.000000,0.000000
1749017493.472327,94.950095,88.000000,90.000000,0.000000,0.000000,0.000000,0.000000,0.000000,0.000000,0.000000,0.000000
1749017493.505924,104.234469,88.000000,90.000000,0.000000,0.000000,0.000000,0.000000,0.000000,0.000000,0.000000,0.000000
1749017493.536926,94.922420,88.000000,90.000000,0.000000,0.000000,0.000000,0.000000,0.000000,0.000000,0.000000,0.000000
1749017493.570456,104.691984,88.000000,90.000000,120.000000,120.000000,120.000000,120.000000,250.000000,250.000000,250.000000,250.000000
1749017493.606388,104.713685,88.000000,90.000000,120.000000,120.000000,120.000000,120.000000,250.000000,250.000000,250.000000,250.000000
1749017493.639758,104.245780,88.000000,90.000000,120.000000,120.000000,120.000000,120.000000,250.000000,250.000000,250.000000,250.000000
1749017493.670663,103.823882,88.000000,90.000000,120.000000,120.000000,120.000000,120.000000,250.000000,250.000000,250.000000,250.000000
1749017493.709932,93.282527,88.000000,90.000000,0.000000,0.000000,0.000000,0.000000,0.000000,0.000000,0.000000,0.000000
1749017493.742438,101.528695,88.000000,90.000000,0.000000,0.000000,0.000000,0.000000,0.000000,0.000000,0.000000,0.000000
1749017493.773701,91.761447,88.000000,90.000000,0.000000,0.000000,0.000000,0.000000,0.000000,0.000000,0.000000,0.000000
1749017493.810560,90.589517,88.000000,90.000000,0.000000,0.000000,0.000000,0.000000,0.000000,0.000000,0.000000,0.000000
1749017493.836936,90.228216,88.000000,90.000000,0.000000,0.000000,0.000000,0.000000,0.000000,0.000000,0.000000,0.000000
1749017493.868398,89.792350,88.000000,90.000000,0.000000,0.000000,0.000000,0.000000,0.000000,0.000000,0.000000,0.000000
1749017493.907327,89.482113,88.000000,90.000000,0.000000,0.000000,0.000000,0.000000,0.000000,0.000000,0.000000,0.000000
1749017493.940244,88.811763,88.000000,90.000000,0.000000,0.000000,0.000000,0.000000,0.000000,0.000000,0.000000,0.000000
1749017493.972468,87.456605,88.000000,90.000000,0.000000,0.000000,0.000000,0.000000,0.000000,0.000000,0.000000,0.000000
1749017494.007972,86.580397,88.000000,90.000000,0.000000,0.000000,0.000000,0.000000,0.000000,0.000000,0.000000,0.000000
1749017494.041046,105.687367,88.000000,90.000000,0.000000,0.000000,0.000000,0.000000,0.000000,0.000000,0.000000,0.000000
1749017494.073336,112.521417,88.000000,90.000000,0.000000,0.000000,0.000000,0.000000,0.000000,0.000000,0.000000,0.000000
1749017494.109569,110.266120,88.000000,90.000000,0.000000,0.000000,0.000000,0.000000,0.000000,0.000000,0.000000,0.000000
1749017494.144138,137.987067,88.000000,90.000000,0.000000,0.000000,0.000000,0.000000,0.000000,0.000000,0.000000,0.000000
1749017494.173389,150.218115,88.000000,90.000000,0.000000,0.000000,0.000000,0.000000,0.000000,0.000000,0.000000,0.000000
1749017494.206403,150.218115,88.000000,90.000000,0.000000,0.000000,0.000000,0.000000,0.000000,0.000000,0.000000,0.000000
1749017494.237766,150.218115,88.000000,90.000000,0.000000,0.000000,0.000000,0.000000,0.000000,0.000000,0.000000,0.000000
1749017494.270869,140.662126,88.000000,90.000000,0.000000,0.000000,0.000000,0.000000,0.000000,0.000000,0.000000,0.000000
1749017494.313459,111.531306,88.000000,90.000000,0.000000,0.000000,0.000000,0.000000,0.000000,0.000000,0.000000,0.000000
1749017494.344151,98.482962,88.000000,90.000000,0.000000,0.000000,0.000000,0.000000,0.000000,0.000000,0.000000,0.000000
1749017494.376873,100.778167,88.000000,90.000000,120.000000,120.000000,120.000000,120.000000,250.000000,250.000000,250.000000,250.000000
1749017494.411550,103.693108,88.000000,90.000000,120.000000,120.000000,120.000000,120.000000,250.000000,250.000000,250.000000,250.000000
1749017494.444014,105.638236,88.000000,90.000000,120.000000,120.000000,120.000000,120.000000,250.000000,250.000000,250.000000,250.000000
1749017494.475768,105.231354,88.000000,90.000000,120.000000,120.000000,120.000000,120.000000,250.000000,250.000000,250.000000,250.000000
1749017494.506542,105.231354,88.000000,90.000000,0.000000,0.000000,0.000000,0.000000,0.000000,0.000000,0.000000,0.000000
1749017494.539684,105.231354,88.000000,90.000000,0.000000,0.000000,0.000000,0.000000,0.000000,0.000000,0.000000,0.000000
1749017494.571918,105.231354,88.000000,90.000000,0.000000,0.000000,0.000000,0.000000,0.000000,0.000000,0.000000,0.000000
1749017494.607599,105.231354,88.000000,90.000000,0.000000,0.000000,0.000000,0.000000,0.000000,0.000000,0.000000,0.000000
1749017494.638910,105.231354,88.000000,90.000000,120.000000,120.000000,120.000000,120.000000,250.000000,250.000000,250.000000,250.000000
1749017494.671910,106.734233,88.000000,90.000000,120.000000,120.000000,120.000000,120.000000,250.000000,250.000000,250.000000,250.000000
1749017494.708627,106.994411,88.000000,90.000000,120.000000,120.000000,120.000000,120.000000,250.000000,250.000000,250.000000,250.000000
1749017494.740006,114.824028,88.000000,90.000000,120.000000,120.000000,120.000000,120.000000,250.000000,250.000000,250.000000,250.000000
1749017494.772901,114.128404,88.000000,90.000000,0.000000,0.000000,0.000000,0.000000,0.000000,0.000000,0.000000,0.000000
1749017494.808067,114.830801,88.000000,90.000000,0.000000,0.000000,0.000000,0.000000,0.000000,0.000000,0.000000,0.000000
1749017494.840657,128.298665,88.000000,90.000000,0.000000,0.000000,0.000000,0.000000,0.000000,0.000000,0.000000,0.000000
1749017494.871468,128.251985,88.000000,90.000000,0.000000,0.000000,0.000000,0.000000,0.000000,0.000000,0.000000,0.000000
1749017494.907992,127.342353,88.000000,90.000000,120.000000,120.000000,120.000000,120.000000,250.000000,250.000000,250.000000,250.000000
1749017494.940096,115.467954,88.000000,90.000000,120.000000,120.000000,120.000000,120.000000,250.000000,250.000000,250.000000,250.000000
1749017494.973272,113.075289,88.000000,90.000000,120.000000,120.000000,120.000000,120.000000,250.000000,250.000000,250.000000,250.000000
1749017495.013894,110.426001,88.000000,90.000000,120.000000,120.000000,120.000000,120.000000,250.000000,250.000000,250.000000,250.000000
1749017495.040998,111.879955,88.000000,90.000000,0.000000,0.000000,0.000000,0.000000,0.000000,0.000000,0.000000,0.000000
1749017495.070739,112.499102,88.000000,90.000000,0.000000,0.000000,0.000000,0.000000,0.000000,0.000000,0.000000,0.000000
1749017495.104946,112.224387,88.000000,90.000000,0.000000,0.000000,0.000000,0.000000,0.000000,0.000000,0.000000,0.000000
1749017495.135958,112.707410,88.000000,90.000000,0.000000,0.000000,0.000000,0.000000,0.000000,0.000000,0.000000,0.000000
1749017495.169967,111.383824,88.000000,90.000000,120.000000,120.000000,120.000000,120.000000,250.000000,250.000000,250.000000,250.000000
1749017495.206118,110.506581,88.000000,90.000000,120.000000,120.000000,120.000000,120.000000,250.000000,250.000000,250.000000,250.000000
1749017495.238104,110.335730,88.000000,90.000000,120.000000,120.000000,120.000000,120.000000,250.000000,250.000000,250.000000,250.000000
1749017495.270857,111.741818,88.000000,90.000000,120.000000,120.000000,120.000000,120.000000,250.000000,250.000000,250.000000,250.000000
1749017495.305913,112.838046,88.000000,90.000000,0.000000,0.000000,0.000000,0.000000,0.000000,0.000000,0.000000,0.000000
1749017495.338448,114.492140,88.000000,90.000000,0.000000,0.000000,0.000000,0.000000,0.000000,0.000000,0.000000,0.000000
1749017495.371616,118.044802,88.000000,90.000000,0.000000,0.000000,0.000000,0.000000,0.000000,0.000000,0.000000,0.000000
1749017495.407923,119.425980,88.000000,90.000000,0.000000,0.000000,0.000000,0.000000,0.000000,0.000000,0.000000,0.000000
1749017495.437374,120.793579,88.000000,90.000000,120.000000,120.000000,120.000000,120.000000,250.000000,250.000000,250.000000,250.000000
1749017495.468523,121.165096,88.000000,90.000000,120.000000,120.000000,120.000000,120.000000,250.000000,250.000000,250.000000,250.000000
1749017495.506423,122.904002,88.000000,90.000000,120.000000,120.000000,120.000000,120.000000,250.000000,250.000000,250.000000,250.000000
1749017495.538078,122.835255,88.000000,90.000000,120.000000,120.000000,120.000000,120.000000,250.000000,250.000000,250.000000,250.000000
1749017495.571764,123.345697,88.000000,90.000000,0.000000,0.000000,0.000000,0.000000,0.000000,0.000000,0.000000,0.000000
1749017495.609123,122.796297,88.000000,90.000000,0.000000,0.000000,0.000000,0.000000,0.000000,0.000000,0.000000,0.000000
1749017495.640857,122.254439,88.000000,90.000000,0.000000,0.000000,0.000000,0.000000,0.000000,0.000000,0.000000,0.000000
1749017495.672199,121.698515,88.000000,90.000000,0.000000,0.000000,0.000000,0.000000,0.000000,0.000000,0.000000,0.000000
1749017495.710079,122.122190,88.000000,90.000000,120.000000,120.000000,120.000000,120.000000,250.000000,250.000000,250.000000,250.000000
1749017495.743445,122.967642,88.000000,90.000000,120.000000,120.000000,120.000000,120.000000,250.000000,250.000000,250.000000,250.000000
1749017495.771881,122.496375,88.000000,90.000000,120.000000,120.000000,120.000000,120.000000,250.000000,250.000000,250.000000,250.000000
1749017495.805206,122.530082,88.000000,90.000000,120.000000,120.000000,120.000000,120.000000,250.000000,250.000000,250.000000,250.000000
1749017495.838465,121.809360,88.000000,90.000000,0.000000,0.000000,0.000000,0.000000,0.000000,0.000000,0.000000,0.000000
1749017495.870567,120.652508,88.000000,90.000000,0.000000,0.000000,0.000000,0.000000,0.000000,0.000000,0.000000,0.000000
1749017495.910261,120.158771,88.000000,90.000000,0.000000,0.000000,0.000000,0.000000,0.000000,0.000000,0.000000,0.000000
1749017495.946640,119.044746,88.000000,90.000000,0.000000,0.000000,0.000000,0.000000,0.000000,0.000000,0.000000,0.000000
1749017495.977947,117.025598,88.000000,90.000000,120.000000,120.000000,120.000000,120.000000,250.000000,250.000000,250.000000,250.000000
1749017496.014109,116.541060,88.000000,90.000000,120.000000,120.000000,120.000000,120.000000,250.000000,250.000000,250.000000,250.000000
1749017496.044560,115.451713,88.000000,90.000000,120.000000,120.000000,120.000000,120.000000,250.000000,250.000000,250.000000,250.000000
1749017496.070713,113.982896,88.000000,90.000000,120.000000,120.000000,120.000000,120.000000,250.000000,250.000000,250.000000,250.000000
1749017496.108914,113.171368,88.000000,90.000000,0.000000,0.000000,0.000000,0.000000,0.000000,0.000000,0.000000,0.000000
1749017496.139733,112.367377,88.000000,90.000000,0.000000,0.000000,0.000000,0.000000,0.000000,0.000000,0.000000,0.000000
1749017496.171102,111.486390,88.000000,90.000000,0.000000,0.000000,0.000000,0.000000,0.000000,0.000000,0.000000,0.000000
1749017496.207618,110.131331,88.000000,90.000000,0.000000,0.000000,0.000000,0.000000,0.000000,0.000000,0.000000,0.000000
1749017496.238757,109.280538,88.000000,90.000000,120.000000,120.000000,120.000000,120.000000,250.000000,250.000000,250.000000,250.000000
1749017496.272252,107.920439,88.000000,90.000000,120.000000,120.000000,120.000000,120.000000,250.000000,250.000000,250.000000,250.000000
1749017496.310215,106.199022,88.000000,90.000000,120.000000,120.000000,120.000000,120.000000,250.000000,250.000000,250.000000,250.000000
1749017496.342911,105.813059,88.000000,90.000000,120.000000,120.000000,120.000000,120.000000,250.000000,250.000000,250.000000,250.000000
1749017496.374028,105.319075,88.000000,90.000000,0.000000,0.000000,0.000000,0.000000,0.000000,0.000000,0.000000,0.000000
1749017496.410413,104.710944,88.000000,90.000000,0.000000,0.000000,0.000000,0.000000,0.000000,0.000000,0.000000,0.000000
1749017496.444269,102.298274,88.000000,90.000000,0.000000,0.000000,0.000000,0.000000,0.000000,0.000000,0.000000,0.000000
1749017496.475528,102.348531,88.000000,90.000000,0.000000,0.000000,0.000000,0.000000,0.000000,0.000000,0.000000,0.000000
1749017496.508978,100.816765,88.000000,90.000000,120.000000,120.000000,120.000000,120.000000,250.000000,250.000000,250.000000,250.000000
1749017496.540530,99.605013,88.000000,90.000000,120.000000,120.000000,120.000000,120.000000,250.000000,250.000000,250.000000,250.000000
1749017496.573581,99.578876,88.000000,90.000000,120.000000,120.000000,120.000000,120.000000,250.000000,250.000000,250.000000,250.000000
1749017496.613551,98.596809,88.000000,90.000000,120.000000,120.000000,120.000000,120.000000,250.000000,250.000000,250.000000,250.000000
1749017496.648440,97.009410,88.000000,90.000000,0.000000,0.000000,0.000000,0.000000,0.000000,0.000000,0.000000,0.000000
1749017496.678382,95.595046,88.000000,90.000000,0.000000,0.000000,0.000000,0.000000,0.000000,0.000000,0.000000,0.000000
1749017496.714542,93.852635,88.000000,90.000000,0.000000,0.000000,0.000000,0.000000,0.000000,0.000000,0.000000,0.000000
1749017496.748922,94.720074,88.000000,90.000000,0.000000,0.000000,0.000000,0.000000,0.000000,0.000000,0.000000,0.000000
1749017496.779045,94.786501,88.000000,90.000000,120.000000,120.000000,120.000000,120.000000,250.000000,250.000000,250.000000,250.000000
1749017496.815032,93.478783,88.000000,90.000000,120.000000,120.000000,120.000000,120.000000,250.000000,250.000000,250.000000,250.000000
1749017496.846928,93.548496,88.000000,90.000000,120.000000,120.000000,120.000000,120.000000,250.000000,250.000000,250.000000,250.000000
1749017496.879138,92.339171,88.000000,90.000000,120.000000,120.000000,120.000000,120.000000,250.000000,250.000000,250.000000,250.000000
1749017496.915015,91.244426,88.000000,90.000000,0.000000,0.000000,0.000000,0.000000,0.000000,0.000000,0.000000,0.000000
1749017496.946181,91.920531,88.000000,90.000000,0.000000,0.000000,0.000000,0.000000,0.000000,0.000000,0.000000,0.000000
1749017496.978964,90.735507,88.000000,90.000000,0.000000,0.000000,0.000000,0.000000,0.000000,0.000000,0.000000,0.000000
1749017497.015907,89.718682,88.000000,90.000000,0.000000,0.000000,0.000000,0.000000,0.000000,0.000000,0.000000,0.000000
1749017497.047258,89.584163,88.000000,90.000000,0.000000,0.000000,0.000000,0.000000,0.000000,0.000000,0.000000,0.000000
1749017497.077986,89.761780,88.000000,90.000000,0.000000,0.000000,0.000000,0.000000,0.000000,0.000000,0.000000,0.000000
1749017497.110138,88.430855,88.000000,90.000000,0.000000,0.000000,0.000000,0.000000,0.000000,0.000000,0.000000,0.000000
1749017497.143405,87.590338,88.000000,90.000000,0.000000,0.000000,0.000000,0.000000,0.000000,0.000000,0.000000,0.000000
1749017497.175313,86.805711,88.000000,90.000000,0.000000,0.000000,0.000000,0.000000,0.000000,0.000000,0.000000,0.000000
1749017497.211336,87.442974,88.000000,90.000000,0.000000,0.000000,0.000000,0.000000,0.000000,0.000000,0.000000,0.000000
1749017497.243082,87.326441,88.000000,90.000000,0.000000,0.000000,0.000000,0.000000,0.000000,0.000000,0.000000,0.000000
1749017497.274618,86.381400,88.000000,90.000000,0.000000,0.000000,0.000000,0.000000,0.000000,0.000000,0.000000,0.000000
1749017497.311026,86.318649,88.000000,90.000000,0.000000,0.000000,0.000000,0.000000,0.000000,0.000000,0.000000,0.000000
1749017497.344510,85.576014,88.000000,90.000000,0.000000,0.000000,0.000000,0.000000,0.000000,0.000000,0.000000,0.000000
1749017497.377434,85.664734,88.000000,90.000000,0.000000,0.000000,0.000000,0.000000,0.000000,0.000000,0.000000,0.000000
1749017497.411169,85.418342,88.000000,90.000000,0.000000,0.000000,0.000000,0.000000,0.000000,0.000000,0.000000,0.000000
1749017497.442032,85.296641,88.000000,90.000000,0.000000,0.000000,0.000000,0.000000,0.000000,0.000000,0.000000,0.000000
1749017497.473964,84.583174,88.000000,90.000000,0.000000,0.000000,0.000000,0.000000,0.000000,0.000000,0.000000,0.000000
1749017497.517560,84.509168,88.000000,90.000000,0.000000,0.000000,0.000000,0.000000,0.000000,0.000000,0.000000,0.000000
1749017497.550021,85.551831,88.000000,90.000000,0.000000,0.000000,0.000000,0.000000,0.000000,0.000000,0.000000,0.000000
1749017497.582959,84.923000,88.000000,90.000000,0.000000,0.000000,0.000000,0.000000,0.000000,0.000000,0.000000,0.000000
1749017497.618172,86.064992,88.000000,90.000000,0.000000,0.000000,0.000000,0.000000,0.000000,0.000000,0.000000,0.000000
1749017497.651135,85.688321,88.000000,90.000000,0.000000,0.000000,0.000000,0.000000,0.000000,0.000000,0.000000,0.000000
1749017497.681930,85.049210,88.000000,90.000000,120.000000,120.000000,120.000000,120.000000,250.000000,250.000000,250.000000,250.000000
1749017497.718007,84.839288,88.000000,90.000000,120.000000,120.000000,120.000000,120.000000,250.000000,250.000000,250.000000,250.000000
1749017497.746125,83.934248,88.000000,90.000000,120.000000,120.000000,120.000000,120.000000,250.000000,250.000000,250.000000,250.000000
1749017497.772585,84.311414,88.000000,90.000000,120.000000,120.000000,120.000000,120.000000,250.000000,250.000000,250.000000,250.000000
1749017497.805375,84.079759,88.000000,90.000000,120.000000,120.000000,120.000000,120.000000,250.000000,250.000000,250.000000,250.000000
1749017497.837494,84.302770,88.000000,90.000000,120.000000,120.000000,120.000000,120.000000,250.000000,250.000000,250.000000,250.000000
1749017497.869389,84.651660,88.000000,90.000000,120.000000,120.000000,120.000000,120.000000,250.000000,250.000000,250.000000,250.000000
1749017497.908320,84.651844,88.000000,90.000000,120.000000,120.000000,120.000000,120.000000,250.000000,250.000000,250.000000,250.000000
1749017497.940537,84.487101,88.000000,90.000000,120.000000,120.000000,120.000000,120.000000,250.000000,250.000000,250.000000,250.000000
1749017497.972362,83.923105,88.000000,90.000000,120.000000,120.000000,120.000000,120.000000,250.000000,250.000000,250.000000,250.000000
1749017498.009230,84.125725,88.000000,90.000000,0.000000,0.000000,0.000000,0.000000,0.000000,0.000000,0.000000,0.000000
1749017498.041181,84.552990,88.000000,90.000000,0.000000,0.000000,0.000000,0.000000,0.000000,0.000000,0.000000,0.000000
1749017498.077059,85.257460,88.000000,90.000000,0.000000,0.000000,0.000000,0.000000,0.000000,0.000000,0.000000,0.000000
1749017498.114892,84.569551,88.000000,90.000000,0.000000,0.000000,0.000000,0.000000,0.000000,0.000000,0.000000,0.000000
1749017498.142250,84.391780,88.000000,90.000000,0.000000,0.000000,0.000000,0.000000,0.000000,0.000000,0.000000,0.000000
1749017498.171215,84.309574,88.000000,90.000000,0.000000,0.000000,0.000000,0.000000,0.000000,0.000000,0.000000,0.000000
1749017498.205518,83.442947,88.000000,90.000000,0.000000,0.000000,0.000000,0.000000,0.000000,0.000000,0.000000,0.000000
1749017498.238127,83.757677,88.000000,90.000000,0.000000,0.000000,0.000000,0.000000,0.000000,0.000000,0.000000,0.000000
1749017498.270975,83.219895,88.000000,90.000000,0.000000,0.000000,0.000000,0.000000,0.000000,0.000000,0.000000,0.000000
1749017498.312438,84.226670,88.000000,90.000000,120.000000,120.000000,120.000000,120.000000,250.000000,250.000000,250.000000,250.000000
1749017498.344995,84.941890,88.000000,90.000000,120.000000,120.000000,120.000000,120.000000,250.000000,250.000000,250.000000,250.000000
1749017498.376866,84.161516,88.000000,90.000000,120.000000,120.000000,120.000000,120.000000,250.000000,250.000000,250.000000,250.000000
1749017498.413718,84.296190,88.000000,90.000000,120.000000,120.000000,120.000000,120.000000,250.000000,250.000000,250.000000,250.000000
1749017498.443958,84.123494,88.000000,90.000000,120.000000,120.000000,120.000000,120.000000,250.000000,250.000000,250.000000,250.000000
1749017498.473898,84.526997,88.000000,90.000000,120.000000,120.000000,120.000000,120.000000,250.000000,250.000000,250.000000,250.000000
1749017498.510663,84.774916,88.000000,90.000000,120.000000,120.000000,120.000000,120.000000,250.000000,250.000000,250.000000,250.000000
1749017498.540944,84.673064,88.000000,90.000000,120.000000,120.000000,120.000000,120.000000,250.000000,250.000000,250.000000,250.000000
1749017498.575660,84.544156,88.000000,90.000000,120.000000,120.000000,120.000000,120.000000,250.000000,250.000000,250.000000,250.000000
1749017498.608735,84.904715,88.000000,90.000000,0.000000,0.000000,0.000000,0.000000,0.000000,0.000000,0.000000,0.000000
1749017498.641957,84.452509,88.000000,90.000000,0.000000,0.000000,0.000000,0.000000,0.000000,0.000000,0.000000,0.000000
1749017498.674644,84.101581,88.000000,90.000000,0.000000,0.000000,0.000000,0.000000,0.000000,0.000000,0.000000,0.000000
1749017498.711004,84.142055,88.000000,90.000000,0.000000,0.000000,0.000000,0.000000,0.000000,0.000000,0.000000,0.000000
1749017498.742313,83.854886,88.000000,90.000000,0.000000,0.000000,0.000000,0.000000,0.000000,0.000000,0.000000,0.000000
1749017498.775970,84.379573,88.000000,90.000000,0.000000,0.000000,0.000000,0.000000,0.000000,0.000000,0.000000,0.000000
1749017498.811211,85.129613,88.000000,90.000000,0.000000,0.000000,0.000000,0.000000,0.000000,0.000000,0.000000,0.000000
1749017498.847135,85.204409,88.000000,90.000000,0.000000,0.000000,0.000000,0.000000,0.000000,0.000000,0.000000,0.000000
1749017498.876669,86.099661,88.000000,90.000000,0.000000,0.000000,0.000000,0.000000,0.000000,0.000000,0.000000,0.000000
1749017498.912544,86.004337,88.000000,90.000000,0.000000,0.000000,0.000000,0.000000,0.000000,0.000000,0.000000,0.000000
1749017498.944919,86.062246,88.000000,90.000000,0.000000,0.000000,0.000000,0.000000,0.000000,0.000000,0.000000,0.000000
1749017498.977997,86.209835,88.000000,90.000000,0.000000,0.000000,0.000000,0.000000,0.000000,0.000000,0.000000,0.000000
1749017499.011817,86.084351,88.000000,90.000000,0.000000,0.000000,0.000000,0.000000,0.000000,0.000000,0.000000,0.000000
1749017499.044883,86.687268,88.000000,90.000000,0.000000,0.000000,0.000000,0.000000,0.000000,0.000000,0.000000,0.000000
1749017499.076343,87.323366,88.000000,90.000000,0.000000,0.000000,0.000000,0.000000,0.000000,0.000000,0.000000,0.000000
1749017499.112051,86.805564,88.000000,90.000000,0.000000,0.000000,0.000000,0.000000,0.000000,0.000000,0.000000,0.000000
1749017499.142926,87.500692,88.000000,90.000000,0.000000,0.000000,0.000000,0.000000,0.000000,0.000000,0.000000,0.000000
1749017499.175796,87.441472,88.000000,90.000000,0.000000,0.000000,0.000000,0.000000,0.000000,0.000000,0.000000,0.000000
1749017499.210782,87.292258,88.000000,90.000000,0.000000,0.000000,0.000000,0.000000,0.000000,0.000000,0.000000,0.000000
1749017499.243639,87.359891,88.000000,90.000000,0.000000,0.000000,0.000000,0.000000,0.000000,0.000000,0.000000,0.000000
1749017499.275733,87.987636,88.000000,90.000000,0.000000,0.000000,0.000000,0.000000,0.000000,0.000000,0.000000,0.000000
1749017499.311913,88.131223,88.000000,90.000000,0.000000,0.000000,0.000000,0.000000,0.000000,0.000000,0.000000,0.000000
1749017499.343863,88.468048,88.000000,90.000000,0.000000,0.000000,0.000000,0.000000,0.000000,0.000000,0.000000,0.000000
1749017499.377796,88.283065,88.000000,90.000000,0.000000,0.000000,0.000000,0.000000,0.000000,0.000000,0.000000,0.000000
1749017499.413384,89.094573,88.000000,90.000000,0.000000,0.000000,0.000000,0.000000,0.000000,0.000000,0.000000,0.000000
1749017499.444511,89.326922,88.000000,90.000000,0.000000,0.000000,0.000000,0.000000,0.000000,0.000000,0.000000,0.000000
1749017499.475848,89.099258,88.000000,90.000000,0.000000,0.000000,0.000000,0.000000,0.000000,0.000000,0.000000,0.000000
1749017499.512096,89.483150,88.000000,90.000000,0.000000,0.000000,0.000000,0.000000,0.000000,0.000000,0.000000,0.000000
1749017499.544722,89.625277,92.000000,90.000000,0.000000,0.000000,0.000000,0.000000,0.000000,0.000000,0.000000,0.000000
1749017499.576292,89.453825,92.000000,90.000000,0.000000,0.000000,0.000000,0.000000,0.000000,0.000000,0.000000,0.000000
1749017499.610942,89.445244,92.000000,90.000000,0.000000,0.000000,0.000000,0.000000,0.000000,0.000000,0.000000,0.000000
1749017499.642945,89.613494,92.000000,90.000000,0.000000,0.000000,0.000000,0.000000,0.000000,0.000000,0.000000,0.000000
1749017499.673131,89.755906,92.000000,90.000000,0.000000,0.000000,0.000000,0.000000,0.000000,0.000000,0.000000,0.000000
1749017499.709168,89.950758,92.000000,90.000000,0.000000,0.000000,0.000000,0.000000,0.000000,0.000000,0.000000,0.000000
1749017499.740082,89.901896,92.000000,90.000000,0.000000,0.000000,0.000000,0.000000,0.000000,0.000000,0.000000,0.000000
1749017499.770515,89.777648,92.000000,90.000000,0.000000,0.000000,0.000000,0.000000,0.000000,0.000000,0.000000,0.000000
1749017499.803931,89.803441,92.000000,90.000000,0.000000,0.000000,0.000000,0.000000,0.000000,0.000000,0.000000,0.000000
1749017499.838781,89.827480,92.000000,90.000000,0.000000,0.000000,0.000000,0.000000,0.000000,0.000000,0.000000,0.000000
1749017499.889611,90.169075,92.000000,90.000000,0.000000,0.000000,0.000000,0.000000,0.000000,0.000000,0.000000,0.000000
1749017499.908662,90.131433,92.000000,120.000000,0.000000,0.000000,0.000000,0.000000,0.000000,0.000000,0.000000,0.000000
1749017499.938962,90.125429,92.000000,90.000000,0.000000,0.000000,0.000000,0.000000,0.000000,0.000000,0.000000,0.000000
1749017499.971666,90.482562,92.000000,90.000000,0.000000,0.000000,0.000000,0.000000,0.000000,0.000000,0.000000,0.000000
1749017500.007470,90.304998,92.000000,90.000000,0.000000,0.000000,0.000000,0.000000,0.000000,0.000000,0.000000,0.000000
1749017500.038776,90.077168,92.000000,120.000000,0.000000,0.000000,0.000000,0.000000,0.000000,0.000000,0.000000,0.000000
1749017500.071515,90.272632,92.000000,90.000000,0.000000,0.000000,0.000000,0.000000,0.000000,0.000000,0.000000,0.000000
1749017500.106299,90.622104,92.000000,90.000000,0.000000,0.000000,0.000000,0.000000,0.000000,0.000000,0.000000,0.000000
1749017500.135949,89.662338,92.000000,90.000000,0.000000,0.000000,0.000000,0.000000,0.000000,0.000000,0.000000,0.000000
1749017500.168931,89.944228,92.000000,90.000000,0.000000,0.000000,0.000000,0.000000,0.000000,0.000000,0.000000,0.000000
1749017500.206806,90.294821,92.000000,90.000000,0.000000,0.000000,0.000000,0.000000,0.000000,0.000000,0.000000,0.000000
1749017500.239993,90.533769,92.000000,90.000000,0.000000,0.000000,0.000000,0.000000,0.000000,0.000000,0.000000,0.000000
1749017500.271512,90.469636,92.000000,90.000000,0.000000,0.000000,0.000000,0.000000,0.000000,0.000000,0.000000,0.000000
1749017500.309274,90.717049,92.000000,90.000000,0.000000,0.000000,0.000000,0.000000,0.000000,0.000000,0.000000,0.000000
1749017500.339730,90.621713,92.000000,90.000000,0.000000,0.000000,0.000000,0.000000,0.000000,0.000000,0.000000,0.000000
1749017500.372883,90.709035,92.000000,90.000000,0.000000,0.000000,0.000000,0.000000,0.000000,0.000000,0.000000,0.000000
1749017500.411503,90.583750,92.000000,90.000000,0.000000,0.000000,0.000000,0.000000,0.000000,0.000000,0.000000,0.000000
1749017500.445887,90.323070,92.000000,90.000000,0.000000,0.000000,0.000000,0.000000,0.000000,0.000000,0.000000,0.000000
1749017500.476421,90.373326,92.000000,90.000000,0.000000,0.000000,0.000000,0.000000,0.000000,0.000000,0.000000,0.000000
1749017500.510498,90.341079,92.000000,90.000000,0.000000,0.000000,0.000000,0.000000,0.000000,0.000000,0.000000,0.000000
1749017500.543321,90.365967,92.000000,90.000000,0.000000,0.000000,0.000000,0.000000,0.000000,0.000000,0.000000,0.000000
1749017500.575270,90.821183,92.000000,90.000000,0.000000,0.000000,0.000000,0.000000,0.000000,0.000000,0.000000,0.000000
1749017500.611015,90.451326,92.000000,90.000000,0.000000,0.000000,0.000000,0.000000,0.000000,0.000000,0.000000,0.000000
1749017500.643979,90.262889,92.000000,90.000000,0.000000,0.000000,0.000000,0.000000,0.000000,0.000000,0.000000,0.000000
1749017500.674711,90.718178,92.000000,90.000000,0.000000,0.000000,0.000000,0.000000,0.000000,0.000000,0.000000,0.000000
1749017500.711471,91.149658,92.000000,90.000000,0.000000,0.000000,0.000000,0.000000,0.000000,0.000000,0.000000,0.000000
1749017500.743113,91.345699,92.000000,90.000000,0.000000,0.000000,0.000000,0.000000,0.000000,0.000000,0.000000,0.000000
1749017500.776560,90.955085,92.000000,90.000000,0.000000,0.000000,0.000000,0.000000,0.000000,0.000000,0.000000,0.000000
1749017500.813727,90.539400,92.000000,90.000000,0.000000,0.000000,0.000000,0.000000,0.000000,0.000000,0.000000,0.000000
1749017500.845970,91.142457,92.000000,90.000000,0.000000,0.000000,0.000000,0.000000,0.000000,0.000000,0.000000,0.000000
1749017500.871768,91.541011,92.000000,90.000000,0.000000,0.000000,0.000000,0.000000,0.000000,0.000000,0.000000,0.000000
1749017500.907948,91.752516,92.000000,90.000000,0.000000,0.000000,0.000000,0.000000,0.000000,0.000000,0.000000,0.000000
1749017500.939403,91.630055,92.000000,90.000000,0.000000,0.000000,0.000000,0.000000,0.000000,0.000000,0.000000,0.000000
1749017500.972092,91.624489,120.000000,90.000000,0.000000,0.000000,0.000000,0.000000,0.000000,0.000000,0.000000,0.000000
1749017501.010067,92.164181,120.000000,90.000000,0.000000,0.000000,0.000000,0.000000,0.000000,0.000000,0.000000,0.000000
1749017501.042612,92.811069,120.000000,90.000000,0.000000,0.000000,0.000000,0.000000,0.000000,0.000000,0.000000,0.000000
1749017501.074903,94.161435,120.000000,90.000000,0.000000,0.000000,0.000000,0.000000,0.000000,0.000000,0.000000,0.000000
1749017501.113912,94.016751,120.000000,90.000000,0.000000,0.000000,0.000000,0.000000,0.000000,0.000000,0.000000,0.000000
1749017501.145789,94.817590,120.000000,90.000000,0.000000,0.000000,0.000000,0.000000,0.000000,0.000000,0.000000,0.000000
1749017501.179419,95.233360,120.000000,90.000000,0.000000,0.000000,0.000000,0.000000,0.000000,0.000000,0.000000,0.000000
1749017501.215496,95.369870,120.000000,90.000000,0.000000,0.000000,0.000000,0.000000,0.000000,0.000000,0.000000,0.000000
1749017501.245059,95.555016,120.000000,90.000000,0.000000,0.000000,0.000000,0.000000,0.000000,0.000000,0.000000,0.000000
1749017501.277373,96.970524,120.000000,90.000000,0.000000,0.000000,0.000000,0.000000,0.000000,0.000000,0.000000,0.000000
1749017501.311397,98.480335,120.000000,90.000000,0.000000,0.000000,0.000000,0.000000,0.000000,0.000000,0.000000,0.000000
1749017501.343985,99.641252,120.000000,90.000000,0.000000,0.000000,0.000000,0.000000,0.000000,0.000000,0.000000,0.000000
1749017501.376366,101.007269,120.000000,90.000000,0.000000,0.000000,0.000000,0.000000,0.000000,0.000000,0.000000,0.000000
1749017501.412720,100.559569,120.000000,90.000000,0.000000,0.000000,0.000000,0.000000,0.000000,0.000000,0.000000,0.000000
1749017501.445377,100.216361,120.000000,120.000000,0.000000,0.000000,0.000000,0.000000,0.000000,0.000000,0.000000,0.000000
1749017501.476821,101.471368,120.000000,90.000000,0.000000,0.000000,0.000000,0.000000,0.000000,0.000000,0.000000,0.000000
1749017501.513453,101.529388,120.000000,90.000000,0.000000,0.000000,0.000000,0.000000,0.000000,0.000000,0.000000,0.000000
1749017501.546517,102.384123,120.000000,90.000000,0.000000,0.000000,0.000000,0.000000,0.000000,0.000000,0.000000,0.000000
1749017501.577992,103.915760,120.000000,120.000000,0.000000,0.000000,0.000000,0.000000,0.000000,0.000000,0.000000,0.000000
1749017501.613635,104.779242,120.000000,90.000000,120.000000,120.000000,120.000000,120.000000,250.000000,250.000000,250.000000,250.000000
1749017501.645045,105.137973,120.000000,90.000000,120.000000,120.000000,120.000000,120.000000,250.000000,250.000000,250.000000,250.000000
1749017501.677749,105.715740,120.000000,90.000000,120.000000,120.000000,120.000000,120.000000,250.000000,250.000000,250.000000,250.000000
1749017501.712262,106.715241,120.000000,90.000000,120.000000,120.000000,120.000000,120.000000,250.000000,250.000000,250.000000,250.000000
1749017501.744117,107.670894,120.000000,90.000000,0.000000,0.000000,0.000000,0.000000,0.000000,0.000000,0.000000,0.000000
1749017501.775657,108.653630,120.000000,90.000000,0.000000,0.000000,0.000000,0.000000,0.000000,0.000000,0.000000,0.000000
1749017501.811857,108.980461,120.000000,90.000000,0.000000,0.000000,0.000000,0.000000,0.000000,0.000000,0.000000,0.000000
1749017501.845221,109.873906,120.000000,90.000000,0.000000,0.000000,0.000000,0.000000,0.000000,0.000000,0.000000,0.000000
1749017501.876064,110.200580,120.000000,90.000000,120.000000,120.000000,120.000000,120.000000,250.000000,250.000000,250.000000,250.000000
1749017501.912917,110.223208,120.000000,90.000000,120.000000,120.000000,120.000000,120.000000,250.000000,250.000000,250.000000,250.000000
1749017501.944740,111.015626,120.000000,90.000000,120.000000,120.000000,120.000000,120.000000,250.000000,250.000000,250.000000,250.000000
1749017501.977052,110.603415,120.000000,90.000000,120.000000,120.000000,120.000000,120.000000,250.000000,250.000000,250.000000,250.000000
1749017502.013687,112.621452,120.000000,90.000000,0.000000,0.000000,0.000000,0.000000,0.000000,0.000000,0.000000,0.000000
1749017502.044569,114.269022,120.000000,90.000000,0.000000,0.000000,0.000000,0.000000,0.000000,0.000000,0.000000,0.000000
1749017502.078422,114.925270,120.000000,90.000000,0.000000,0.000000,0.000000,0.000000,0.000000,0.000000,0.000000,0.000000
1749017502.118303,114.999241,120.000000,90.000000,0.000000,0.000000,0.000000,0.000000,0.000000,0.000000,0.000000,0.000000
1749017502.139884,115.596435,120.000000,90.000000,120.000000,120.000000,120.000000,120.000000,250.000000,250.000000,250.000000,250.000000
1749017502.171319,117.045053,120.000000,90.000000,120.000000,120.000000,120.000000,120.000000,250.000000,250.000000,250.000000,250.000000
1749017502.206851,116.961448,120.000000,90.000000,120.000000,120.000000,120.000000,120.000000,250.000000,250.000000,250.000000,250.000000
1749017502.238958,117.128890,120.000000,90.000000,120.000000,120.000000,120.000000,120.000000,250.000000,250.000000,250.000000,250.000000
1749017502.270601,117.409242,120.000000,90.000000,120.000000,120.000000,120.000000,120.000000,250.000000,250.000000,250.000000,250.000000
1749017502.308903,118.334292,120.000000,90.000000,120.000000,120.000000,120.000000,120.000000,250.000000,250.000000,250.000000,250.000000
1749017502.340705,119.419677,120.000000,90.000000,120.000000,120.000000,120.000000,120.000000,250.000000,250.000000,250.000000,250.000000
1749017502.373276,118.963148,120.000000,90.000000,120.000000,120.000000,120.000000,120.000000,250.000000,250.000000,250.000000,250.000000
1749017502.409269,118.891535,120.000000,90.000000,0.000000,0.000000,0.000000,0.000000,0.000000,0.000000,0.000000,0.000000
1749017502.441294,119.516820,120.000000,90.000000,0.000000,0.000000,0.000000,0.000000,0.000000,0.000000,0.000000,0.000000
1749017502.476942,121.690984,120.000000,90.000000,0.000000,0.000000,0.000000,0.000000,0.000000,0.000000,0.000000,0.000000
1749017502.507480,121.563879,120.000000,90.000000,0.000000,0.000000,0.000000,0.000000,0.000000,0.000000,0.000000,0.000000
1749017502.538880,122.617924,120.000000,90.000000,0.000000,0.000000,0.000000,0.000000,0.000000,0.000000,0.000000,0.000000
1749017502.572213,122.744660,120.000000,90.000000,0.000000,0.000000,0.000000,0.000000,0.000000,0.000000,0.000000,0.000000
1749017502.610213,123.246182,120.000000,90.000000,0.000000,0.000000,0.000000,0.000000,0.000000,0.000000,0.000000,0.000000
1749017502.641699,123.716426,120.000000,90.000000,0.000000,0.000000,0.000000,0.000000,0.000000,0.000000,0.000000,0.000000
1749017502.674109,123.311338,120.000000,90.000000,0.000000,0.000000,0.000000,0.000000,0.000000,0.000000,0.000000,0.000000
1749017502.709859,122.758566,120.000000,90.000000,0.000000,0.000000,0.000000,0.000000,0.000000,0.000000,0.000000,0.000000
1749017502.741950,122.247934,120.000000,90.000000,0.000000,0.000000,0.000000,0.000000,0.000000,0.000000,0.000000,0.000000
1749017502.774897,121.335492,120.000000,90.000000,0.000000,0.000000,0.000000,0.000000,0.000000,0.000000,0.000000,0.000000
1749017502.812234,122.019662,120.000000,90.000000,0.000000,0.000000,0.000000,0.000000,0.000000,0.000000,0.000000,0.000000
1749017502.841279,121.034486,120.000000,90.000000,0.000000,0.000000,0.000000,0.000000,0.000000,0.000000,0.000000,0.000000
1749017502.868358,120.019423,120.000000,90.000000,0.000000,0.000000,0.000000,0.000000,0.000000,0.000000,0.000000,0.000000
1749017502.905103,119.922824,120.000000,90.000000,0.000000,0.000000,0.000000,0.000000,0.000000,0.000000,0.000000,0.000000
1749017502.936818,119.705028,120.000000,90.000000,0.000000,0.000000,0.000000,0.000000,0.000000,0.000000,0.000000,0.000000
1749017502.972927,118.102287,120.000000,90.000000,0.000000,0.000000,0.000000,0.000000,0.000000,0.000000,0.000000,0.000000
1749017503.010759,118.035323,120.000000,90.000000,0.000000,0.000000,0.000000,0.000000,0.000000,0.000000,0.000000,0.000000
1749017503.041476,117.049727,120.000000,90.000000,0.000000,0.000000,0.000000,0.000000,0.000000,0.000000,0.000000,0.000000
1749017503.073766,116.702932,120.000000,90.000000,0.000000,0.000000,0.000000,0.000000,0.000000,0.000000,0.000000,0.000000
1749017503.109972,116.207107,120.000000,90.000000,0.000000,0.000000,0.000000,0.000000,0.000000,0.000000,0.000000,0.000000
1749017503.141991,115.122391,120.000000,90.000000,0.000000,0.000000,0.000000,0.000000,0.000000,0.000000,0.000000,0.000000
1749017503.171399,114.179249,120.000000,90.000000,0.000000,0.000000,0.000000,0.000000,0.000000,0.000000,0.000000,0.000000
1749017503.204430,113.924213,120.000000,90.000000,0.000000,0.000000,0.000000,0.000000,0.000000,0.000000,0.000000,0.000000
1749017503.236192,112.986043,120.000000,90.000000,0.000000,0.000000,0.000000,0.000000,0.000000,0.000000,0.000000,0.000000
1749017503.271546,112.795164,120.000000,90.000000,120.000000,120.000000,120.000000,120.000000,250.000000,250.000000,250.000000,250.000000
1749017503.311238,111.894889,120.000000,90.000000,120.000000,120.000000,120.000000,120.000000,250.000000,250.000000,250.000000,250.000000
1749017503.343900,110.790426,120.000000,90.000000,120.000000,120.000000,120.000000,120.000000,250.000000,250.000000,250.000000,250.000000
1749017503.375478,110.590640,120.000000,90.000000,120.000000,120.000000,120.000000,120.000000,250.000000,250.000000,250.000000,250.000000
1749017503.411904,110.135011,120.000000,90.000000,0.000000,0.000000,0.000000,0.000000,0.000000,0.000000,0.000000,0.000000
1749017503.444237,109.649175,120.000000,90.000000,0.000000,0.000000,0.000000,0.000000,0.000000,0.000000,0.000000,0.000000
1749017503.474869,109.582222,120.000000,90.000000,0.000000,0.000000,0.000000,0.000000,0.000000,0.000000,0.000000,0.000000
1749017503.511584,108.346811,120.000000,90.000000,0.000000,0.000000,0.000000,0.000000,0.000000,0.000000,0.000000,0.000000
1749017503.544549,108.805774,120.000000,90.000000,120.000000,120.000000,120.000000,120.000000,250.000000,250.000000,250.000000,250.000000
1749017503.574661,108.718184,120.000000,90.000000,120.000000,120.000000,120.000000,120.000000,250.000000,250.000000,250.000000,250.000000
1749017503.609951,107.712157,120.000000,90.000000,120.000000,120.000000,120.000000,120.000000,250.000000,250.000000,250.000000,250.000000
1749017503.643982,106.018724,120.000000,90.000000,120.000000,120.000000,120.000000,120.000000,250.000000,250.000000,250.000000,250.000000
1749017503.675772,106.071635,120.000000,90.000000,0.000000,0.000000,0.000000,0.000000,0.000000,0.000000,0.000000,0.000000
1749017503.711983,105.660490,120.000000,90.000000,0.000000,0.000000,0.000000,0.000000,0.000000,0.000000,0.000000,0.000000
1749017503.744004,104.355191,120.000000,90.000000,0.000000,0.000000,0.000000,0.000000,0.000000,0.000000,0.000000,0.000000
1749017503.776878,103.782255,120.000000,90.000000,0.000000,0.000000,0.000000,0.000000,0.000000,0.000000,0.000000,0.000000
1749017503.811405,103.947596,120.000000,90.000000,120.000000,120.000000,120.000000,120.000000,250.000000,250.000000,250.000000,250.000000
1749017503.843778,103.904176,120.000000,90.000000,120.000000,120.000000,120.000000,120.000000,250.000000,250.000000,250.000000,250.000000
1749017503.875055,102.466121,120.000000,90.000000,120.000000,120.000000,120.000000,120.000000,250.000000,250.000000,250.000000,250.000000
1749017503.909934,102.589360,120.000000,90.000000,120.000000,120.000000,120.000000,120.000000,250.000000,250.000000,250.000000,250.000000
1749017503.942876,102.336584,120.000000,90.000000,0.000000,0.000000,0.000000,0.000000,0.000000,0.000000,0.000000,0.000000
1749017503.975092,101.712170,120.000000,90.000000,0.000000,0.000000,0.000000,0.000000,0.000000,0.000000,0.000000,0.000000
1749017504.010131,101.793504,120.000000,90.000000,0.000000,0.000000,0.000000,0.000000,0.000000,0.000000,0.000000,0.000000
1749017504.043562,100.974984,120.000000,90.000000,0.000000,0.000000,0.000000,0.000000,0.000000,0.000000,0.000000,0.000000
1749017504.074725,101.638167,120.000000,90.000000,120.000000,120.000000,120.000000,120.000000,250.000000,250.000000,250.000000,250.000000
1749017504.111681,100.309770,120.000000,90.000000,120.000000,120.000000,120.000000,120.000000,250.000000,250.000000,250.000000,250.000000
1749017504.143495,99.144573,120.000000,90.000000,120.000000,120.000000,120.000000,120.000000,250.000000,250.000000,250.000000,250.000000
1749017504.175982,99.225767,120.000000,90.000000,120.000000,120.000000,120.000000,120.000000,250.000000,250.000000,250.000000,250.000000
1749017504.211006,98.914612,120.000000,90.000000,0.000000,0.000000,0.000000,0.000000,0.000000,0.000000,0.000000,0.000000
1749017504.243771,98.056606,120.000000,90.000000,0.000000,0.000000,0.000000,0.000000,0.000000,0.000000,0.000000,0.000000
1749017504.274902,98.439319,120.000000,90.000000,0.000000,0.000000,0.000000,0.000000,0.000000,0.000000,0.000000,0.000000
1749017504.311435,98.279309,120.000000,90.000000,0.000000,0.000000,0.000000,0.000000,0.000000,0.000000,0.000000,0.000000
1749017504.342661,97.636164,120.000000,90.000000,120.000000,120.000000,120.000000,120.000000,250.000000,250.000000,250.000000,250.000000
1749017504.374634,97.242253,120.000000,90.000000,120.000000,120.000000,120.000000,120.000000,250.000000,250.000000,250.000000,250.000000
1749017504.410845,96.102733,120.000000,90.000000,120.000000,120.000000,120.000000,120.000000,250.000000,250.000000,250.000000,250.000000
1749017504.443044,96.172418,120.000000,90.000000,120.000000,120.000000,120.000000,120.000000,250.000000,250.000000,250.000000,250.000000
1749017504.470751,95.375023,120.000000,90.000000,0.000000,0.000000,0.000000,0.000000,0.000000,0.000000,0.000000,0.000000
1749017504.504665,94.874448,120.000000,90.000000,0.000000,0.000000,0.000000,0.000000,0.000000,0.000000,0.000000,0.000000
1749017504.537881,95.126038,120.000000,90.000000,0.000000,0.000000,0.000000,0.000000,0.000000,0.000000,0.000000,0.000000
1749017504.573441,94.287890,120.000000,90.000000,0.000000,0.000000,0.000000,0.000000,0.000000,0.000000,0.000000,0.000000
1749017504.614120,94.287396,120.000000,90.000000,120.000000,120.000000,120.000000,120.000000,250.000000,250.000000,250.000000,250.000000
1749017504.647824,94.502777,120.000000,90.000000,120.000000,120.000000,120.000000,120.000000,250.000000,250.000000,250.000000,250.000000
1749017504.677834,94.664431,120.000000,90.000000,120.000000,120.000000,120.000000,120.000000,250.000000,250.000000,250.000000,250.000000
1749017504.714879,93.898507,120.000000,90.000000,120.000000,120.000000,120.000000,120.000000,250.000000,250.000000,250.000000,250.000000
1749017504.745731,94.755887,120.000000,90.000000,0.000000,0.000000,0.000000,0.000000,0.000000,0.000000,0.000000,0.000000
1749017504.780007,94.743149,120.000000,90.000000,0.000000,0.000000,0.000000,0.000000,0.000000,0.000000,0.000000,0.000000
1749017504.814214,94.848730,120.000000,90.000000,0.000000,0.000000,0.000000,0.000000,0.000000,0.000000,0.000000,0.000000
1749017504.846464,95.039139,120.000000,90.000000,0.000000,0.000000,0.000000,0.000000,0.000000,0.000000,0.000000,0.000000
1749017504.876876,94.964114,120.000000,90.000000,120.000000,120.000000,120.000000,120.000000,250.000000,250.000000,250.000000,250.000000
1749017504.914737,95.649866,120.000000,90.000000,120.000000,120.000000,120.000000,120.000000,250.000000,250.000000,250.000000,250.000000
1749017504.946943,95.115504,120.000000,90.000000,120.000000,120.000000,120.000000,120.000000,250.000000,250.000000,250.000000,250.000000
1749017504.977828,95.657221,120.000000,90.000000,120.000000,120.000000,120.000000,120.000000,250.000000,250.000000,250.000000,250.000000
1749017505.013964,96.800025,120.000000,90.000000,0.000000,0.000000,0.000000,0.000000,0.000000,0.000000,0.000000,0.000000
1749017505.047902,97.036548,120.000000,90.000000,0.000000,0.000000,0.000000,0.000000,0.000000,0.000000,0.000000,0.000000
1749017505.077704,97.122658,120.000000,90.000000,0.000000,0.000000,0.000000,0.000000,0.000000,0.000000,0.000000,0.000000
1749017505.114984,98.019335,120.000000,90.000000,0.000000,0.000000,0.000000,0.000000,0.000000,0.000000,0.000000,0.000000
1749017505.145456,98.055341,120.000000,90.000000,120.000000,120.000000,120.000000,120.000000,250.000000,250.000000,250.000000,250.000000
1749017505.182084,98.147973,120.000000,90.000000,120.000000,120.000000,120.000000,120.000000,250.000000,250.000000,250.000000,250.000000
1749017505.214268,99.140214,120.000000,90.000000,120.000000,120.000000,120.000000,120.000000,250.000000,250.000000,250.000000,250.000000
1749017505.246604,99.430636,120.000000,90.000000,120.000000,120.000000,120.000000,120.000000,250.000000,250.000000,250.000000,250.000000
1749017505.278130,99.542735,120.000000,90.000000,0.000000,0.000000,0.000000,0.000000,0.000000,0.000000,0.000000,0.000000
1749017505.312559,100.121416,120.000000,90.000000,0.000000,0.000000,0.000000,0.000000,0.000000,0.000000,0.000000,0.000000
1749017505.345369,100.615047,120.000000,90.000000,0.000000,0.000000,0.000000,0.000000,0.000000,0.000000,0.000000,0.000000
1749017505.377713,100.798179,120.000000,90.000000,0.000000,0.000000,0.000000,0.000000,0.000000,0.000000,0.000000,0.000000
1749017505.415307,101.652981,120.000000,90.000000,120.000000,120.000000,120.000000,120.000000,250.000000,250.000000,250.000000,250.000000
1749017505.444710,102.864455,120.000000,90.000000,120.000000,120.000000,120.000000,120.000000,250.000000,250.000000,250.000000,250.000000
1749017505.477654,102.762820,120.000000,90.000000,120.000000,120.000000,120.000000,120.000000,250.000000,250.000000,250.000000,250.000000
1749017505.514054,102.417758,120.000000,90.000000,120.000000,120.000000,120.000000,120.000000,250.000000,250.000000,250.000000,250.000000
1749017505.550017,103.549168,120.000000,90.000000,0.000000,0.000000,0.000000,0.000000,0.000000,0.000000,0.000000,0.000000
1749017505.581537,104.797016,120.000000,90.000000,0.000000,0.000000,0.000000,0.000000,0.000000,0.000000,0.000000,0.000000
1749017505.615623,104.168374,120.000000,90.000000,0.000000,0.000000,0.000000,0.000000,0.000000,0.000000,0.000000,0.000000
1749017505.646868,105.101685,120.000000,90.000000,0.000000,0.000000,0.000000,0.000000,0.000000,0.000000,0.000000,0.000000
1749017505.677796,106.082268,120.000000,90.000000,120.000000,120.000000,120.000000,120.000000,250.000000,250.000000,250.000000,250.000000
1749017505.714012,106.682510,120.000000,90.000000,120.000000,120.000000,120.000000,120.000000,250.000000,250.000000,250.000000,250.000000
1749017505.745748,106.659650,120.000000,90.000000,120.000000,120.000000,120.000000,120.000000,250.000000,250.000000,250.000000,250.000000
1749017505.777592,105.605076,120.000000,90.000000,120.000000,120.000000,120.000000,120.000000,250.000000,250.000000,250.000000,250.000000
1749017505.811907,105.846791,120.000000,90.000000,0.000000,0.000000,0.000000,0.000000,0.000000,0.000000,0.000000,0.000000
1749017505.844872,106.778573,120.000000,90.000000,0.000000,0.000000,0.000000,0.000000,0.000000,0.000000,0.000000,0.000000
1749017505.876986,107.276722,120.000000,90.000000,0.000000,0.000000,0.000000,0.000000,0.000000,0.000000,0.000000,0.000000
1749017505.914468,107.575768,120.000000,90.000000,0.000000,0.000000,0.000000,0.000000,0.000000,0.000000,0.000000,0.000000
1749017505.951803,107.540270,120.000000,90.000000,120.000000,120.000000,120.000000,120.000000,250.000000,250.000000,250.000000,250.000000
1749017505.979218,107.992250,120.000000,90.000000,120.000000,120.000000,120.000000,120.000000,250.000000,250.000000,250.000000,250.000000
1749017506.009796,109.592457,120.000000,90.000000,120.000000,120.000000,120.000000,120.000000,250.000000,250.000000,250.000000,250.000000
1749017506.042978,110.456093,120.000000,90.000000,120.000000,120.000000,120.000000,120.000000,250.000000,250.000000,250.000000,250.000000
1749017506.074236,110.511433,120.000000,90.000000,0.000000,0.000000,0.000000,0.000000,0.000000,0.000000,0.000000,0.000000
1749017506.113055,112.328446,120.000000,90.000000,0.000000,0.000000,0.000000,0.000000,0.000000,0.000000,0.000000,0.000000
1749017506.144693,112.648381,120.000000,90.000000,0.000000,0.000000,0.000000,0.000000,0.000000,0.000000,0.000000,0.000000
1749017506.177452,112.172718,120.000000,90.000000,0.000000,0.000000,0.000000,0.000000,0.000000,0.000000,0.000000,0.000000
1749017506.211948,112.948248,120.000000,90.000000,120.000000,120.000000,120.000000,120.000000,250.000000,250.000000,250.000000,250.000000
1749017506.243983,112.037598,120.000000,90.000000,120.000000,120.000000,120.000000,120.000000,250.000000,250.000000,250.000000,250.000000
1749017506.275948,112.198407,120.000000,90.000000,120.000000,120.000000,120.000000,120.000000,250.000000,250.000000,250.000000,250.000000
1749017506.314031,112.947625,120.000000,90.000000,120.000000,120.000000,120.000000,120.000000,250.000000,250.000000,250.000000,250.000000
1749017506.339767,113.602799,120.000000,90.000000,0.000000,0.000000,0.000000,0.000000,0.000000,0.000000,0.000000,0.000000
1749017506.371724,113.085214,120.000000,90.000000,0.000000,0.000000,0.000000,0.000000,0.000000,0.000000,0.000000,0.000000
1749017506.409513,113.246588,120.000000,90.000000,0.000000,0.000000,0.000000,0.000000,0.000000,0.000000,0.000000,0.000000
1749017506.443570,113.880808,120.000000,90.000000,0.000000,0.000000,0.000000,0.000000,0.000000,0.000000,0.000000,0.000000
1749017506.476835,114.342884,120.000000,90.000000,0.000000,0.000000,0.000000,0.000000,0.000000,0.000000,0.000000,0.000000
1749017506.511740,114.922753,120.000000,90.000000,120.000000,120.000000,120.000000,120.000000,250.000000,250.000000,250.000000,250.000000
1749017506.543427,116.272932,120.000000,90.000000,120.000000,120.000000,120.000000,120.000000,250.000000,250.000000,250.000000,250.000000
1749017506.574939,117.493541,120.000000,90.000000,120.000000,120.000000,120.000000,120.000000,250.000000,250.000000,250.000000,250.000000
1749017506.609595,117.235433,120.000000,90.000000,120.000000,120.000000,120.000000,120.000000,250.000000,250.000000,250.000000,250.000000
1749017506.642951,117.129205,120.000000,90.000000,120.000000,120.000000,120.000000,120.000000,250.000000,250.000000,250.000000,250.000000
1749017506.674237,117.408135,120.000000,90.000000,120.000000,120.000000,120.000000,120.000000,250.000000,250.000000,250.000000,250.000000
1749017506.707950,117.362981,120.000000,90.000000,120.000000,120.000000,120.000000,120.000000,250.000000,250.000000,250.000000,250.000000
1749017506.739992,117.902918,120.000000,90.000000,0.000000,0.000000,0.000000,0.000000,0.000000,0.000000,0.000000,0.000000
1749017506.773341,118.303530,120.000000,90.000000,0.000000,0.000000,0.000000,0.000000,0.000000,0.000000,0.000000,0.000000
1749017506.809681,118.482952,120.000000,90.000000,0.000000,0.000000,0.000000,0.000000,0.000000,0.000000,0.000000,0.000000
1749017506.841175,117.692072,120.000000,90.000000,0.000000,0.000000,0.000000,0.000000,0.000000,0.000000,0.000000,0.000000
1749017506.873522,118.495367,120.000000,90.000000,0.000000,0.000000,0.000000,0.000000,0.000000,0.000000,0.000000,0.000000
1749017506.904803,118.742410,120.000000,90.000000,0.000000,0.000000,0.000000,0.000000,0.000000,0.000000,0.000000,0.000000
1749017506.936395,118.959184,120.000000,90.000000,0.000000,0.000000,0.000000,0.000000,0.000000,0.000000,0.000000,0.000000
1749017506.967930,119.794646,120.000000,90.000000,0.000000,0.000000,0.000000,0.000000,0.000000,0.000000,0.000000,0.000000
1749017507.004978,119.846317,120.000000,90.000000,0.000000,0.000000,0.000000,0.000000,0.000000,0.000000,0.000000,0.000000
1749017507.040448,120.468945,120.000000,90.000000,0.000000,0.000000,0.000000,0.000000,0.000000,0.000000,0.000000,0.000000
1749017507.071784,121.812833,120.000000,90.000000,0.000000,0.000000,0.000000,0.000000,0.000000,0.000000,0.000000,0.000000
1749017507.107526,122.817251,120.000000,90.000000,120.000000,120.000000,120.000000,120.000000,250.000000,250.000000,250.000000,250.000000
1749017507.140461,123.356160,120.000000,90.000000,120.000000,120.000000,120.000000,120.000000,250.000000,250.000000,250.000000,250.000000
1749017507.172962,124.348889,120.000000,90.000000,120.000000,120.000000,120.000000,120.000000,250.000000,250.000000,250.000000,250.000000
1749017507.209517,124.723293,120.000000,90.000000,120.000000,120.000000,120.000000,120.000000,250.000000,250.000000,250.000000,250.000000
1749017507.242420,124.241578,120.000000,90.000000,120.000000,120.000000,120.000000,120.000000,250.000000,250.000000,250.000000,250.000000
1749017507.273196,124.188506,120.000000,90.000000,120.000000,120.000000,120.000000,120.000000,250.000000,250.000000,250.000000,250.000000
1749017507.309525,123.528805,120.000000,90.000000,120.000000,120.000000,120.000000,120.000000,250.000000,250.000000,250.000000,250.000000
1749017507.340762,123.772932,120.000000,90.000000,120.000000,120.000000,120.000000,120.000000,250.000000,250.000000,250.000000,250.000000
1749017507.373038,123.659072,120.000000,90.000000,120.000000,120.000000,120.000000,120.000000,250.000000,250.000000,250.000000,250.000000
1749017507.410941,124.391458,120.000000,90.000000,120.000000,120.000000,120.000000,120.000000,250.000000,250.000000,250.000000,250.000000
1749017507.443526,124.926832,120.000000,90.000000,0.000000,0.000000,0.000000,0.000000,0.000000,0.000000,0.000000,0.000000
1749017507.476041,123.965811,120.000000,90.000000,0.000000,0.000000,0.000000,0.000000,0.000000,0.000000,0.000000,0.000000
1749017507.510439,124.750757,120.000000,90.000000,0.000000,0.000000,0.000000,0.000000,0.000000,0.000000,0.000000,0.000000
1749017507.541888,125.327021,120.000000,90.000000,0.000000,0.000000,0.000000,0.000000,0.000000,0.000000,0.000000,0.000000
1749017507.576448,125.676088,120.000000,90.000000,0.000000,0.000000,0.000000,0.000000,0.000000,0.000000,0.000000,0.000000
1749017507.612959,125.880925,120.000000,90.000000,0.000000,0.000000,0.000000,0.000000,0.000000,0.000000,0.000000,0.000000
1749017507.643842,126.372312,120.000000,90.000000,0.000000,0.000000,0.000000,0.000000,0.000000,0.000000,0.000000,0.000000
1749017507.675942,126.090589,120.000000,90.000000,120.000000,120.000000,120.000000,120.000000,250.000000,250.000000,250.000000,250.000000
1749017507.711486,124.978277,120.000000,90.000000,120.000000,120.000000,120.000000,120.000000,250.000000,250.000000,250.000000,250.000000
1749017507.742654,124.446164,120.000000,90.000000,120.000000,120.000000,120.000000,120.000000,250.000000,250.000000,250.000000,250.000000
1749017507.776990,123.750526,120.000000,90.000000,120.000000,120.000000,120.000000,120.000000,250.000000,250.000000,250.000000,250.000000
1749017507.811031,122.442888,120.000000,90.000000,120.000000,120.000000,120.000000,120.000000,250.000000,250.000000,250.000000,250.000000
1749017507.843981,121.483642,120.000000,90.000000,0.000000,0.000000,0.000000,0.000000,0.000000,0.000000,0.000000,0.000000
1749017507.875062,121.364207,120.000000,90.000000,0.000000,0.000000,0.000000,0.000000,0.000000,0.000000,0.000000,0.000000
1749017507.910432,122.227266,120.000000,90.000000,0.000000,0.000000,0.000000,0.000000,0.000000,0.000000,0.000000,0.000000
1749017507.943333,121.455083,120.000000,90.000000,0.000000,0.000000,0.000000,0.000000,0.000000,0.000000,0.000000,0.000000
1749017507.975355,120.940630,120.000000,90.000000,0.000000,0.000000,0.000000,0.000000,0.000000,0.000000,0.000000,0.000000
1749017508.008492,120.758842,120.000000,90.000000,0.000000,0.000000,0.000000,0.000000,0.000000,0.000000,0.000000,0.000000
1749017508.040498,120.602722,120.000000,90.000000,0.000000,0.000000,0.000000,0.000000,0.000000,0.000000,0.000000,0.000000
1749017508.072773,120.148061,120.000000,90.000000,0.000000,0.000000,0.000000,0.000000,0.000000,0.000000,0.000000,0.000000
1749017508.108682,121.105656,120.000000,90.000000,0.000000,0.000000,0.000000,0.000000,0.000000,0.000000,0.000000,0.000000
1749017508.139589,120.974197,120.000000,90.000000,0.000000,0.000000,0.000000,0.000000,0.000000,0.000000,0.000000,0.000000
1749017508.172437,119.851872,120.000000,90.000000,0.000000,0.000000,0.000000,0.000000,0.000000,0.000000,0.000000,0.000000
1749017508.212119,119.961310,120.000000,90.000000,0.000000,0.000000,0.000000,0.000000,0.000000,0.000000,0.000000,0.000000
1749017508.245171,120.330028,120.000000,90.000000,0.000000,0.000000,0.000000,0.000000,0.000000,0.000000,0.000000,0.000000
1749017508.277398,119.394021,97.000000,90.000000,0.000000,0.000000,0.000000,0.000000,0.000000,0.000000,0.000000,0.000000
1749017508.314588,118.310511,97.000000,90.000000,0.000000,0.000000,0.000000,0.000000,0.000000,0.000000,0.000000,0.000000
1749017508.346887,117.806248,97.000000,90.000000,0.000000,0.000000,0.000000,0.000000,0.000000,0.000000,0.000000,0.000000
1749017508.376862,118.105834,97.000000,90.000000,0.000000,0.000000,0.000000,0.000000,0.000000,0.000000,0.000000,0.000000
1749017508.410903,117.383935,97.000000,90.000000,0.000000,0.000000,0.000000,0.000000,0.000000,0.000000,0.000000,0.000000
1749017508.444682,117.148140,97.000000,90.000000,0.000000,0.000000,0.000000,0.000000,0.000000,0.000000,0.000000,0.000000
1749017508.476695,117.259071,97.000000,90.000000,0.000000,0.000000,0.000000,0.000000,0.000000,0.000000,0.000000,0.000000
1749017508.512452,117.419726,97.000000,90.000000,0.000000,0.000000,0.000000,0.000000,0.000000,0.000000,0.000000,0.000000
1749017508.545362,117.116328,97.000000,90.000000,0.000000,0.000000,0.000000,0.000000,0.000000,0.000000,0.000000,0.000000
1749017508.576105,117.135546,97.000000,90.000000,0.000000,0.000000,0.000000,0.000000,0.000000,0.000000,0.000000,0.000000
1749017508.611998,117.393092,97.000000,90.000000,0.000000,0.000000,0.000000,0.000000,0.000000,0.000000,0.000000,0.000000
1749017508.647505,117.494074,97.000000,90.000000,0.000000,0.000000,0.000000,0.000000,0.000000,0.000000,0.000000,0.000000
1749017508.676639,117.386103,97.000000,90.000000,0.000000,0.000000,0.000000,0.000000,0.000000,0.000000,0.000000,0.000000
1749017508.706542,117.744100,97.000000,90.000000,0.000000,0.000000,0.000000,0.000000,0.000000,0.000000,0.000000,0.000000
1749017508.736621,117.424035,97.000000,90.000000,0.000000,0.000000,0.000000,0.000000,0.000000,0.000000,0.000000,0.000000
1749017508.797485,117.111979,97.000000,90.000000,0.000000,0.000000,0.000000,0.000000,0.000000,0.000000,0.000000,0.000000
1749017508.842079,117.424640,97.000000,120.000000,0.000000,0.000000,0.000000,0.000000,0.000000,0.000000,0.000000,0.000000
1749017508.876829,116.960007,97.000000,90.000000,0.000000,0.000000,0.000000,0.000000,0.000000,0.000000,0.000000,0.000000
1749017508.895190,116.762981,97.000000,90.000000,0.000000,0.000000,0.000000,0.000000,0.000000,0.000000,0.000000,0.000000
1749017508.918524,116.537100,97.000000,90.000000,0.000000,0.000000,0.000000,0.000000,0.000000,0.000000,0.000000,0.000000
1749017508.943134,117.050455,97.000000,120.000000,0.000000,0.000000,0.000000,0.000000,0.000000,0.000000,0.000000,0.000000
1749017508.969773,117.039635,97.000000,90.000000,120.000000,120.000000,120.000000,120.000000,250.000000,250.000000,250.000000,250.000000
1749017509.004924,117.682543,97.000000,90.000000,120.000000,120.000000,120.000000,120.000000,250.000000,250.000000,250.000000,250.000000
1749017509.040257,117.128790,97.000000,90.000000,120.000000,120.000000,120.000000,120.000000,250.000000,250.000000,250.000000,250.000000
1749017509.072842,116.606565,97.000000,90.000000,120.000000,120.000000,120.000000,120.000000,250.000000,250.000000,250.000000,250.000000
1749017509.110386,116.393732,97.000000,90.000000,0.000000,0.000000,0.000000,0.000000,0.000000,0.000000,0.000000,0.000000
1749017509.142916,116.206622,97.000000,90.000000,0.000000,0.000000,0.000000,0.000000,0.000000,0.000000,0.000000,0.000000
1749017509.176572,116.851025,97.000000,90.000000,0.000000,0.000000,0.000000,0.000000,0.000000,0.000000,0.000000,0.000000
1749017509.212958,116.531791,97.000000,90.000000,0.000000,0.000000,0.000000,0.000000,0.000000,0.000000,0.000000,0.000000
1749017509.243852,116.740290,97.000000,90.000000,120.000000,120.000000,120.000000,120.000000,250.000000,250.000000,250.000000,250.000000
1749017509.276019,116.266487,97.000000,90.000000,120.000000,120.000000,120.000000,120.000000,250.000000,250.000000,250.000000,250.000000
1749017509.310974,115.877926,97.000000,90.000000,120.000000,120.000000,120.000000,120.000000,250.000000,250.000000,250.000000,250.000000
1749017509.341968,115.817855,97.000000,90.000000,120.000000,120.000000,120.000000,120.000000,250.000000,250.000000,250.000000,250.000000
1749017509.375209,115.746539,97.000000,90.000000,0.000000,0.000000,0.000000,0.000000,0.000000,0.000000,0.000000,0.000000
1749017509.411899,117.302233,97.000000,90.000000,0.000000,0.000000,0.000000,0.000000,0.000000,0.000000,0.000000,0.000000
1749017509.443090,118.416748,97.000000,90.000000,0.000000,0.000000,0.000000,0.000000,0.000000,0.000000,0.000000,0.000000
1749017509.475783,119.100666,97.000000,90.000000,0.000000,0.000000,0.000000,0.000000,0.000000,0.000000,0.000000,0.000000
1749017509.511874,119.527848,97.000000,90.000000,120.000000,120.000000,120.000000,120.000000,250.000000,250.000000,250.000000,250.000000
1749017509.543867,120.231674,97.000000,90.000000,120.000000,120.000000,120.000000,120.000000,250.000000,250.000000,250.000000,250.000000
1749017509.575978,120.335014,97.000000,90.000000,120.000000,120.000000,120.000000,120.000000,250.000000,250.000000,250.000000,250.000000
1749017509.612972,120.018142,97.000000,90.000000,120.000000,120.000000,120.000000,120.000000,250.000000,250.000000,250.000000,250.000000
1749017509.645697,120.986016,97.000000,90.000000,0.000000,0.000000,0.000000,0.000000,0.000000,0.000000,0.000000,0.000000
1749017509.675313,121.677532,97.000000,90.000000,0.000000,0.000000,0.000000,0.000000,0.000000,0.000000,0.000000,0.000000
1749017509.711181,122.119464,97.000000,90.000000,0.000000,0.000000,0.000000,0.000000,0.000000,0.000000,0.000000,0.000000
1749017509.741402,122.749035,97.000000,90.000000,0.000000,0.000000,0.000000,0.000000,0.000000,0.000000,0.000000,0.000000
1749017509.773731,123.107047,97.000000,90.000000,120.000000,120.000000,120.000000,120.000000,250.000000,250.000000,250.000000,250.000000
1749017509.809767,123.292271,97.000000,90.000000,120.000000,120.000000,120.000000,120.000000,250.000000,250.000000,250.000000,250.000000
1749017509.842915,123.262933,97.000000,90.000000,120.000000,120.000000,120.000000,120.000000,250.000000,250.000000,250.000000,250.000000
1749017509.875260,123.902052,97.000000,90.000000,120.000000,120.000000,120.000000,120.000000,250.000000,250.000000,250.000000,250.000000
1749017509.911579,124.470835,97.000000,90.000000,0.000000,0.000000,0.000000,0.000000,0.000000,0.000000,0.000000,0.000000
1749017509.943331,125.120337,97.000000,90.000000,0.000000,0.000000,0.000000,0.000000,0.000000,0.000000,0.000000,0.000000
1749017509.977778,125.738897,97.000000,90.000000,0.000000,0.000000,0.000000,0.000000,0.000000,0.000000,0.000000,0.000000
1749017510.012522,126.619583,97.000000,90.000000,0.000000,0.000000,0.000000,0.000000,0.000000,0.000000,0.000000,0.000000
1749017510.042533,127.014183,97.000000,90.000000,120.000000,120.000000,120.000000,120.000000,250.000000,250.000000,250.000000,250.000000
1749017510.070496,126.618185,97.000000,90.000000,120.000000,120.000000,120.000000,120.000000,250.000000,250.000000,250.000000,250.000000
1749017510.107197,126.861877,97.000000,90.000000,120.000000,120.000000,120.000000,120.000000,250.000000,250.000000,250.000000,250.000000
1749017510.143384,127.596607,97.000000,90.000000,120.000000,120.000000,120.000000,120.000000,250.000000,250.000000,250.000000,250.000000
1749017510.175843,127.673654,97.000000,90.000000,0.000000,0.000000,0.000000,0.000000,0.000000,0.000000,0.000000,0.000000
1749017510.211910,128.490152,97.000000,90.000000,0.000000,0.000000,0.000000,0.000000,0.000000,0.000000,0.000000,0.000000
1749017510.243325,128.890312,97.000000,90.000000,0.000000,0.000000,0.000000,0.000000,0.000000,0.000000,0.000000,0.000000
1749017510.275990,129.599568,97.000000,90.000000,0.000000,0.000000,0.000000,0.000000,0.000000,0.000000,0.000000,0.000000
1749017510.313028,129.345793,97.000000,90.000000,120.000000,120.000000,120.000000,120.000000,250.000000,250.000000,250.000000,250.000000
1749017510.347484,128.865738,97.000000,90.000000,120.000000,120.000000,120.000000,120.000000,250.000000,250.000000,250.000000,250.000000
1749017510.380656,129.381014,97.000000,90.000000,120.000000,120.000000,120.000000,120.000000,250.000000,250.000000,250.000000,250.000000
1749017510.411781,130.047992,97.000000,90.000000,120.000000,120.000000,120.000000,120.000000,250.000000,250.000000,250.000000,250.000000
1749017510.443035,129.888289,97.000000,90.000000,0.000000,0.000000,0.000000,0.000000,0.000000,0.000000,0.000000,0.000000
1749017510.475292,130.049103,97.000000,90.000000,0.000000,0.000000,0.000000,0.000000,0.000000,0.000000,0.000000,0.000000
1749017510.511989,130.846719,97.000000,90.000000,0.000000,0.000000,0.000000,0.000000,0.000000,0.000000,0.000000,0.000000
1749017510.543902,130.949147,97.000000,90.000000,0.000000,0.000000,0.000000,0.000000,0.000000,0.000000,0.000000,0.000000
1749017510.576180,130.222391,97.000000,90.000000,120.000000,120.000000,120.000000,120.000000,250.000000,250.000000,250.000000,250.000000
1749017510.611135,130.685312,97.000000,90.000000,120.000000,120.000000,120.000000,120.000000,250.000000,250.000000,250.000000,250.000000
1749017510.642553,130.637348,97.000000,90.000000,120.000000,120.000000,120.000000,120.000000,250.000000,250.000000,250.000000,250.000000
1749017510.675718,130.975019,97.000000,90.000000,120.000000,120.000000,120.000000,120.000000,250.000000,250.000000,250.000000,250.000000
1749017510.714237,130.937163,97.000000,90.000000,0.000000,0.000000,0.000000,0.000000,0.000000,0.000000,0.000000,0.000000
1749017510.744346,130.356230,97.000000,90.000000,0.000000,0.000000,0.000000,0.000000,0.000000,0.000000,0.000000,0.000000
1749017510.778617,129.809425,97.000000,90.000000,0.000000,0.000000,0.000000,0.000000,0.000000,0.000000,0.000000,0.000000
1749017510.811893,130.086830,97.000000,90.000000,0.000000,0.000000,0.000000,0.000000,0.000000,0.000000,0.000000,0.000000
1749017510.844811,129.343195,97.000000,90.000000,120.000000,120.000000,120.000000,120.000000,250.000000,250.000000,250.000000,250.000000
1749017510.876714,128.018317,97.000000,90.000000,120.000000,120.000000,120.000000,120.000000,250.000000,250.000000,250.000000,250.000000
1749017510.912041,127.085925,97.000000,90.000000,120.000000,120.000000,120.000000,120.000000,250.000000,250.000000,250.000000,250.000000
1749017510.944945,127.086665,97.000000,90.000000,120.000000,120.000000,120.000000,120.000000,250.000000,250.000000,250.000000,250.000000
1749017510.975351,127.530639,97.000000,90.000000,0.000000,0.000000,0.000000,0.000000,0.000000,0.000000,0.000000,0.000000
1749017511.011878,127.136885,97.000000,90.000000,0.000000,0.000000,0.000000,0.000000,0.000000,0.000000,0.000000,0.000000
1749017511.043360,126.389950,97.000000,90.000000,0.000000,0.000000,0.000000,0.000000,0.000000,0.000000,0.000000,0.000000
1749017511.075316,126.674127,97.000000,90.000000,0.000000,0.000000,0.000000,0.000000,0.000000,0.000000,0.000000,0.000000
1749017511.106378,125.579524,97.000000,90.000000,120.000000,120.000000,120.000000,120.000000,250.000000,250.000000,250.000000,250.000000
1749017511.135939,124.634290,97.000000,90.000000,120.000000,120.000000,120.000000,120.000000,250.000000,250.000000,250.000000,250.000000
1749017511.170076,123.905445,97.000000,90.000000,120.000000,120.000000,120.000000,120.000000,250.000000,250.000000,250.000000,250.000000
1749017511.207774,122.506191,97.000000,90.000000,120.000000,120.000000,120.000000,120.000000,250.000000,250.000000,250.000000,250.000000
1749017511.239331,122.275601,97.000000,90.000000,0.000000,0.000000,0.000000,0.000000,0.000000,0.000000,0.000000,0.000000
1749017511.272067,121.618268,97.000000,90.000000,0.000000,0.000000,0.000000,0.000000,0.000000,0.000000,0.000000,0.000000
1749017511.311019,120.309567,97.000000,90.000000,0.000000,0.000000,0.000000,0.000000,0.000000,0.000000,0.000000,0.000000
1749017511.344106,119.279615,97.000000,90.000000,0.000000,0.000000,0.000000,0.000000,0.000000,0.000000,0.000000,0.000000
1749017511.375249,118.404017,97.000000,90.000000,120.000000,120.000000,120.000000,120.000000,250.000000,250.000000,250.000000,250.000000
1749017511.411026,118.512272,97.000000,90.000000,120.000000,120.000000,120.000000,120.000000,250.000000,250.000000,250.000000,250.000000
1749017511.442484,118.375010,97.000000,90.000000,120.000000,120.000000,120.000000,120.000000,250.000000,250.000000,250.000000,250.000000
1749017511.473963,117.603392,97.000000,90.000000,120.000000,120.000000,120.000000,120.000000,250.000000,250.000000,250.000000,250.000000
1749017511.507961,116.992464,97.000000,90.000000,0.000000,0.000000,0.000000,0.000000,0.000000,0.000000,0.000000,0.000000
1749017511.540484,115.805918,97.000000,90.000000,0.000000,0.000000,0.000000,0.000000,0.000000,0.000000,0.000000,0.000000
1749017511.572505,115.336963,97.000000,90.000000,0.000000,0.000000,0.000000,0.000000,0.000000,0.000000,0.000000,0.000000
1749017511.634347,114.828735,97.000000,90.000000,0.000000,0.000000,0.000000,0.000000,0.000000,0.000000,0.000000,0.000000
1749017511.671296,113.963374,97.000000,90.000000,120.000000,120.000000,120.000000,120.000000,250.000000,250.000000,250.000000,250.000000
1749017511.692767,112.628304,97.000000,90.000000,120.000000,120.000000,120.000000,120.000000,250.000000,250.000000,250.000000,250.000000
1749017511.720161,112.676335,97.000000,90.000000,120.000000,120.000000,120.000000,120.000000,250.000000,250.000000,250.000000,250.000000
1749017511.743780,111.645724,97.000000,90.000000,120.000000,120.000000,120.000000,120.000000,250.000000,250.000000,250.000000,250.000000
1749017511.773228,111.123766,97.000000,90.000000,0.000000,0.000000,0.000000,0.000000,0.000000,0.000000,0.000000,0.000000
1749017511.811717,110.583154,97.000000,90.000000,0.000000,0.000000,0.000000,0.000000,0.000000,0.000000,0.000000,0.000000
1749017511.843051,110.635772,97.000000,90.000000,0.000000,0.000000,0.000000,0.000000,0.000000,0.000000,0.000000,0.000000
1749017511.875037,109.864840,97.000000,90.000000,0.000000,0.000000,0.000000,0.000000,0.000000,0.000000,0.000000,0.000000
1749017511.911133,109.671294,97.000000,90.000000,120.000000,120.000000,120.000000,120.000000,250.000000,250.000000,250.000000,250.000000
1749017511.943088,109.261168,97.000000,90.000000,120.000000,120.000000,120.000000,120.000000,250.000000,250.000000,250.000000,250.000000
1749017511.976235,109.106809,97.000000,90.000000,120.000000,120.000000,120.000000,120.000000,250.000000,250.000000,250.000000,250.000000
1749017512.012786,107.986438,97.000000,90.000000,120.000000,120.000000,120.000000,120.000000,250.000000,250.000000,250.000000,250.000000
1749017512.048390,107.868582,97.000000,90.000000,0.000000,0.000000,0.000000,0.000000,0.000000,0.000000,0.000000,0.000000
1749017512.077139,107.061788,97.000000,90.000000,0.000000,0.000000,0.000000,0.000000,0.000000,0.000000,0.000000,0.000000
1749017512.106779,106.354237,97.000000,90.000000,0.000000,0.000000,0.000000,0.000000,0.000000,0.000000,0.000000,0.000000
1749017512.139164,106.083977,97.000000,90.000000,0.000000,0.000000,0.000000,0.000000,0.000000,0.000000,0.000000,0.000000
1749017512.172262,106.216029,97.000000,90.000000,120.000000,120.000000,120.000000,120.000000,250.000000,250.000000,250.000000,250.000000
1749017512.210301,105.736902,97.000000,90.000000,120.000000,120.000000,120.000000,120.000000,250.000000,250.000000,250.000000,250.000000
1749017512.242306,105.484879,97.000000,90.000000,120.000000,120.000000,120.000000,120.000000,250.000000,250.000000,250.000000,250.000000
1749017512.273429,104.274289,97.000000,90.000000,120.000000,120.000000,120.000000,120.000000,250.000000,250.000000,250.000000,250.000000
1749017512.308885,104.029259,97.000000,90.000000,0.000000,0.000000,0.000000,0.000000,0.000000,0.000000,0.000000,0.000000
1749017512.341912,103.729369,97.000000,90.000000,0.000000,0.000000,0.000000,0.000000,0.000000,0.000000,0.000000,0.000000
1749017512.375100,103.818419,97.000000,90.000000,0.000000,0.000000,0.000000,0.000000,0.000000,0.000000,0.000000,0.000000
1749017512.410733,103.378878,97.000000,90.000000,0.000000,0.000000,0.000000,0.000000,0.000000,0.000000,0.000000,0.000000
1749017512.447562,102.789428,97.000000,90.000000,120.000000,120.000000,120.000000,120.000000,250.000000,250.000000,250.000000,250.000000
1749017512.474449,102.210449,97.000000,90.000000,120.000000,120.000000,120.000000,120.000000,250.000000,250.000000,250.000000,250.000000
1749017512.511065,101.629386,97.000000,90.000000,120.000000,120.000000,120.000000,120.000000,250.000000,250.000000,250.000000,250.000000
1749017512.541511,101.105476,97.000000,90.000000,120.000000,120.000000,120.000000,120.000000,250.000000,250.000000,250.000000,250.000000
1749017512.576650,100.822168,97.000000,90.000000,120.000000,120.000000,120.000000,120.000000,250.000000,250.000000,250.000000,250.000000
1749017512.610880,101.006857,97.000000,90.000000,120.000000,120.000000,120.000000,120.000000,250.000000,250.000000,250.000000,250.000000
1749017512.643093,100.075662,97.000000,90.000000,0.000000,0.000000,0.000000,0.000000,0.000000,0.000000,0.000000,0.000000
1749017512.674046,100.017602,97.000000,90.000000,0.000000,0.000000,0.000000,0.000000,0.000000,0.000000,0.000000,0.000000
1749017512.713243,100.291034,97.000000,90.000000,0.000000,0.000000,0.000000,0.000000,0.000000,0.000000,0.000000,0.000000
1749017512.743563,99.908882,97.000000,90.000000,0.000000,0.000000,0.000000,0.000000,0.000000,0.000000,0.000000,0.000000
1749017512.778699,99.964040,97.000000,90.000000,0.000000,0.000000,0.000000,0.000000,0.000000,0.000000,0.000000,0.000000
1749017512.813719,99.499223,97.000000,90.000000,0.000000,0.000000,0.000000,0.000000,0.000000,0.000000,0.000000,0.000000
1749017512.845963,98.936816,97.000000,90.000000,0.000000,0.000000,0.000000,0.000000,0.000000,0.000000,0.000000,0.000000
1749017512.877257,98.575301,97.000000,90.000000,0.000000,0.000000,0.000000,0.000000,0.000000,0.000000,0.000000,0.000000
1749017512.912991,98.607381,97.000000,90.000000,0.000000,0.000000,0.000000,0.000000,0.000000,0.000000,0.000000,0.000000
1749017512.945250,98.449601,97.000000,90.000000,0.000000,0.000000,0.000000,0.000000,0.000000,0.000000,0.000000,0.000000
1749017512.977716,98.283941,97.000000,90.000000,0.000000,0.000000,0.000000,0.000000,0.000000,0.000000,0.000000,0.000000
1749017513.012882,98.081786,97.000000,90.000000,0.000000,0.000000,0.000000,0.000000,0.000000,0.000000,0.000000,0.000000
1749017513.045079,98.172376,97.000000,90.000000,0.000000,0.000000,0.000000,0.000000,0.000000,0.000000,0.000000,0.000000
1749017513.077249,97.778010,97.000000,90.000000,0.000000,0.000000,0.000000,0.000000,0.000000,0.000000,0.000000,0.000000
1749017513.113043,97.036050,97.000000,90.000000,0.000000,0.000000,0.000000,0.000000,0.000000,0.000000,0.000000,0.000000
1749017513.147867,97.151953,97.000000,90.000000,0.000000,0.000000,0.000000,0.000000,0.000000,0.000000,0.000000,0.000000
1749017513.179621,97.147598,97.000000,90.000000,0.000000,0.000000,0.000000,0.000000,0.000000,0.000000,0.000000,0.000000
1749017513.212725,97.511405,97.000000,90.000000,0.000000,0.000000,0.000000,0.000000,0.000000,0.000000,0.000000,0.000000
1749017513.244985,97.504459,97.000000,90.000000,0.000000,0.000000,0.000000,0.000000,0.000000,0.000000,0.000000,0.000000
1749017513.276085,97.377317,97.000000,90.000000,0.000000,0.000000,0.000000,0.000000,0.000000,0.000000,0.000000,0.000000
1749017513.312992,97.247128,97.000000,90.000000,0.000000,0.000000,0.000000,0.000000,0.000000,0.000000,0.000000,0.000000
1749017513.344660,97.127512,97.000000,90.000000,0.000000,0.000000,0.000000,0.000000,0.000000,0.000000,0.000000,0.000000
1749017513.377547,97.256038,97.000000,90.000000,0.000000,0.000000,0.000000,0.000000,0.000000,0.000000,0.000000,0.000000
1749017513.412698,97.188826,97.000000,90.000000,0.000000,0.000000,0.000000,0.000000,0.000000,0.000000,0.000000,0.000000
1749017513.446015,97.320262,97.000000,90.000000,0.000000,0.000000,0.000000,0.000000,0.000000,0.000000,0.000000,0.000000
1749017513.477995,97.507518,97.000000,90.000000,0.000000,0.000000,0.000000,0.000000,0.000000,0.000000,0.000000,0.000000
1749017513.513554,97.752084,97.000000,90.000000,0.000000,0.000000,0.000000,0.000000,0.000000,0.000000,0.000000,0.000000
1749017513.545709,97.193949,97.000000,90.000000,0.000000,0.000000,0.000000,0.000000,0.000000,0.000000,0.000000,0.000000
1749017513.577845,97.283947,97.000000,90.000000,0.000000,0.000000,0.000000,0.000000,0.000000,0.000000,0.000000,0.000000
1749017513.612784,97.096697,97.000000,90.000000,0.000000,0.000000,0.000000,0.000000,0.000000,0.000000,0.000000,0.000000
1749017513.644344,96.760710,97.000000,90.000000,0.000000,0.000000,0.000000,0.000000,0.000000,0.000000,0.000000,0.000000
1749017513.675401,96.777393,97.000000,90.000000,0.000000,0.000000,0.000000,0.000000,0.000000,0.000000,0.000000,0.000000
1749017513.724985,97.263325,97.000000,90.000000,0.000000,0.000000,0.000000,0.000000,0.000000,0.000000,0.000000,0.000000
1749017513.749580,97.334059,97.000000,90.000000,0.000000,0.000000,0.000000,0.000000,0.000000,0.000000,0.000000,0.000000
1749017513.776985,97.408771,97.000000,90.000000,0.000000,0.000000,0.000000,0.000000,0.000000,0.000000,0.000000,0.000000
1749017513.813658,97.821895,97.000000,90.000000,0.000000,0.000000,0.000000,0.000000,0.000000,0.000000,0.000000,0.000000
1749017513.844925,97.333776,97.000000,90.000000,0.000000,0.000000,0.000000,0.000000,0.000000,0.000000,0.000000,0.000000
1749017513.877115,97.036273,97.000000,90.000000,0.000000,0.000000,0.000000,0.000000,0.000000,0.000000,0.000000,0.000000
1749017513.912775,97.249069,97.000000,90.000000,0.000000,0.000000,0.000000,0.000000,0.000000,0.000000,0.000000,0.000000
1749017513.945525,97.198154,97.000000,90.000000,0.000000,0.000000,0.000000,0.000000,0.000000,0.000000,0.000000,0.000000
1749017513.977911,96.684561,97.000000,90.000000,0.000000,0.000000,0.000000,0.000000,0.000000,0.000000,0.000000,0.000000
1749017514.012902,96.719437,97.000000,90.000000,0.000000,0.000000,0.000000,0.000000,0.000000,0.000000,0.000000,0.000000
1749017514.045789,97.497879,97.000000,90.000000,0.000000,0.000000,0.000000,0.000000,0.000000,0.000000,0.000000,0.000000
1749017514.078600,97.524841,97.000000,90.000000,0.000000,0.000000,0.000000,0.000000,0.000000,0.000000,0.000000,0.000000
1749017514.108863,96.902438,97.000000,90.000000,0.000000,0.000000,0.000000,0.000000,0.000000,0.000000,0.000000,0.000000
1749017514.139255,96.005334,97.000000,90.000000,0.000000,0.000000,0.000000,0.000000,0.000000,0.000000,0.000000,0.000000
1749017514.171429,96.795787,93.000000,90.000000,0.000000,0.000000,0.000000,0.000000,0.000000,0.000000,0.000000,0.000000
1749017514.205967,97.551692,93.000000,90.000000,0.000000,0.000000,0.000000,0.000000,0.000000,0.000000,0.000000,0.000000
1749017514.240458,97.261112,93.000000,90.000000,0.000000,0.000000,0.000000,0.000000,0.000000,0.000000,0.000000,0.000000
1749017514.272907,96.756737,93.000000,90.000000,0.000000,0.000000,0.000000,0.000000,0.000000,0.000000,0.000000,0.000000
1749017514.308457,96.741807,93.000000,90.000000,0.000000,0.000000,0.000000,0.000000,0.000000,0.000000,0.000000,0.000000
1749017514.341356,96.585199,93.000000,90.000000,0.000000,0.000000,0.000000,0.000000,0.000000,0.000000,0.000000,0.000000
1749017514.374182,96.521160,93.000000,90.000000,0.000000,0.000000,0.000000,0.000000,0.000000,0.000000,0.000000,0.000000
1749017514.407943,96.424392,93.000000,90.000000,0.000000,0.000000,0.000000,0.000000,0.000000,0.000000,0.000000,0.000000
1749017514.442607,96.734339,93.000000,120.000000,0.000000,0.000000,0.000000,0.000000,0.000000,0.000000,0.000000,0.000000
1749017514.477923,96.770479,93.000000,90.000000,0.000000,0.000000,0.000000,0.000000,0.000000,0.000000,0.000000,0.000000
1749017514.509471,97.044784,93.000000,90.000000,0.000000,0.000000,0.000000,0.000000,0.000000,0.000000,0.000000,0.000000
1749017514.540871,97.460585,93.000000,90.000000,0.000000,0.000000,0.000000,0.000000,0.000000,0.000000,0.000000,0.000000
1749017514.572761,97.145672,93.000000,120.000000,0.000000,0.000000,0.000000,0.000000,0.000000,0.000000,0.000000,0.000000
1749017514.608036,96.654176,93.000000,90.000000,120.000000,120.000000,120.000000,120.000000,250.000000,250.000000,250.000000,250.000000
1749017514.640945,96.786562,93.000000,90.000000,120.000000,120.000000,120.000000,120.000000,250.000000,250.000000,250.000000,250.000000
1749017514.673052,97.181947,93.000000,90.000000,120.000000,120.000000,120.000000,120.000000,250.000000,250.000000,250.000000,250.000000
1749017514.709053,97.354253,93.000000,90.000000,120.000000,120.000000,120.000000,120.000000,250.000000,250.000000,250.000000,250.000000
1749017514.740991,96.624418,93.000000,90.000000,120.000000,120.000000,120.000000,120.000000,250.000000,250.000000,250.000000,250.000000
1749017514.774203,96.490663,93.000000,90.000000,120.000000,120.000000,120.000000,120.000000,250.000000,250.000000,250.000000,250.000000
1749017514.815481,96.426664,93.000000,90.000000,120.000000,120.000000,120.000000,120.000000,250.000000,250.000000,250.000000,250.000000
1749017514.845061,95.823570,93.000000,90.000000,120.000000,120.000000,120.000000,120.000000,250.000000,250.000000,250.000000,250.000000
1749017514.873719,96.829601,93.000000,90.000000,120.000000,120.000000,120.000000,120.000000,250.000000,250.000000,250.000000,250.000000
1749017514.908437,97.364431,93.000000,90.000000,0.000000,0.000000,0.000000,0.000000,0.000000,0.000000,0.000000,0.000000
1749017514.940925,96.676654,93.000000,90.000000,0.000000,0.000000,0.000000,0.000000,0.000000,0.000000,0.000000,0.000000
1749017514.972776,96.961694,93.000000,90.000000,0.000000,0.000000,0.000000,0.000000,0.000000,0.000000,0.000000,0.000000
1749017515.008900,97.682030,93.000000,90.000000,0.000000,0.000000,0.000000,0.000000,0.000000,0.000000,0.000000,0.000000
1749017515.041659,97.684030,93.000000,90.000000,0.000000,0.000000,0.000000,0.000000,0.000000,0.000000,0.000000,0.000000
1749017515.074705,97.895482,93.000000,90.000000,0.000000,0.000000,0.000000,0.000000,0.000000,0.000000,0.000000,0.000000
1749017515.109949,97.577456,93.000000,90.000000,0.000000,0.000000,0.000000,0.000000,0.000000,0.000000,0.000000,0.000000
1749017515.141833,97.527103,93.000000,90.000000,0.000000,0.000000,0.000000,0.000000,0.000000,0.000000,0.000000,0.000000
1749017515.178371,97.718910,93.000000,90.000000,120.000000,120.000000,120.000000,120.000000,250.000000,250.000000,250.000000,250.000000
1749017515.211122,97.046784,93.000000,90.000000,120.000000,120.000000,120.000000,120.000000,250.000000,250.000000,250.000000,250.000000
1749017515.239013,97.902558,93.000000,90.000000,120.000000,120.000000,120.000000,120.000000,250.000000,250.000000,250.000000,250.000000
1749017515.270988,98.543069,93.000000,90.000000,120.000000,120.000000,120.000000,120.000000,250.000000,250.000000,250.000000,250.000000
1749017515.306387,99.103626,93.000000,90.000000,120.000000,120.000000,120.000000,120.000000,250.000000,250.000000,250.000000,250.000000
1749017515.338886,101.337160,93.000000,90.000000,120.000000,120.000000,120.000000,120.000000,250.000000,250.000000,250.000000,250.000000
1749017515.376997,101.216638,93.000000,90.000000,120.000000,120.000000,120.000000,120.000000,250.000000,250.000000,250.000000,250.000000
1749017515.411074,101.704373,93.000000,90.000000,0.000000,0.000000,0.000000,0.000000,0.000000,0.000000,0.000000,0.000000
1749017515.438971,102.799095,93.000000,90.000000,0.000000,0.000000,0.000000,0.000000,0.000000,0.000000,0.000000,0.000000
1749017515.472070,103.625550,93.000000,90.000000,0.000000,0.000000,0.000000,0.000000,0.000000,0.000000,0.000000,0.000000
1749017515.507722,103.208944,93.000000,90.000000,0.000000,0.000000,0.000000,0.000000,0.000000,0.000000,0.000000,0.000000
1749017515.541899,103.680227,93.000000,90.000000,120.000000,120.000000,120.000000,120.000000,250.000000,250.000000,250.000000,250.000000
1749017515.573618,104.105791,93.000000,90.000000,120.000000,120.000000,120.000000,120.000000,250.000000,250.000000,250.000000,250.000000
1749017515.608204,103.864687,93.000000,90.000000,120.000000,120.000000,120.000000,120.000000,250.000000,250.000000,250.000000,250.000000
1749017515.640403,104.235130,93.000000,90.000000,120.000000,120.000000,120.000000,120.000000,250.000000,250.000000,250.000000,250.000000
1749017515.672901,104.680758,93.000000,90.000000,0.000000,0.000000,0.000000,0.000000,0.000000,0.000000,0.000000,0.000000
1749017515.710401,105.526690,93.000000,90.000000,0.000000,0.000000,0.000000,0.000000,0.000000,0.000000,0.000000,0.000000
1749017515.740860,107.373268,93.000000,90.000000,0.000000,0.000000,0.000000,0.000000,0.000000,0.000000,0.000000,0.000000
1749017515.774644,107.090662,93.000000,90.000000,0.000000,0.000000,0.000000,0.000000,0.000000,0.000000,0.000000,0.000000
1749017515.808997,108.899355,93.000000,90.000000,120.000000,120.000000,120.000000,120.000000,250.000000,250.000000,250.000000,250.000000
1749017515.841033,109.935211,93.000000,90.000000,120.000000,120.000000,120.000000,120.000000,250.000000,250.000000,250.000000,250.000000
1749017515.872915,109.651522,93.000000,90.000000,120.000000,120.000000,120.000000,120.000000,250.000000,250.000000,250.000000,250.000000
1749017515.908770,110.041376,93.000000,90.000000,120.000000,120.000000,120.000000,120.000000,250.000000,250.000000,250.000000,250.000000
1749017515.941051,110.788590,93.000000,90.000000,0.000000,0.000000,0.000000,0.000000,0.000000,0.000000,0.000000,0.000000
1749017515.974322,111.285051,93.000000,90.000000,0.000000,0.000000,0.000000,0.000000,0.000000,0.000000,0.000000,0.000000
1749017516.010424,111.419061,93.000000,90.000000,0.000000,0.000000,0.000000,0.000000,0.000000,0.000000,0.000000,0.000000
1749017516.060448,111.417833,93.000000,90.000000,0.000000,0.000000,0.000000,0.000000,0.000000,0.000000,0.000000,0.000000
1749017516.083205,111.886691,93.000000,90.000000,120.000000,120.000000,120.000000,120.000000,250.000000,250.000000,250.000000,250.000000
1749017516.106665,112.566067,93.000000,90.000000,120.000000,120.000000,120.000000,120.000000,250.000000,250.000000,250.000000,250.000000
1749017516.137928,112.692431,93.000000,90.000000,120.000000,120.000000,120.000000,120.000000,250.000000,250.000000,250.000000,250.000000
1749017516.171021,113.508501,93.000000,90.000000,120.000000,120.000000,120.000000,120.000000,250.000000,250.000000,250.000000,250.000000
1749017516.208074,113.945483,93.000000,90.000000,0.000000,0.000000,0.000000,0.000000,0.000000,0.000000,0.000000,0.000000
1749017516.241488,113.734863,93.000000,90.000000,0.000000,0.000000,0.000000,0.000000,0.000000,0.000000,0.000000,0.000000
1749017516.271730,115.562793,93.000000,90.000000,0.000000,0.000000,0.000000,0.000000,0.000000,0.000000,0.000000,0.000000
1749017516.307957,115.208979,93.000000,90.000000,0.000000,0.000000,0.000000,0.000000,0.000000,0.000000,0.000000,0.000000
1749017516.340120,115.864013,93.000000,90.000000,120.000000,120.000000,120.000000,120.000000,250.000000,250.000000,250.000000,250.000000
1749017516.372553,117.376368,93.000000,90.000000,120.000000,120.000000,120.000000,120.000000,250.000000,250.000000,250.000000,250.000000
1749017516.409281,117.180477,93.000000,90.000000,120.000000,120.000000,120.000000,120.000000,250.000000,250.000000,250.000000,250.000000
1749017516.441864,118.046418,93.000000,90.000000,120.000000,120.000000,120.000000,120.000000,250.000000,250.000000,250.000000,250.000000
1749017516.468531,118.248225,93.000000,90.000000,0.000000,0.000000,0.000000,0.000000,0.000000,0.000000,0.000000,0.000000
1749017516.505452,118.512613,93.000000,90.000000,0.000000,0.000000,0.000000,0.000000,0.000000,0.000000,0.000000,0.000000
1749017516.537962,118.846601,93.000000,90.000000,0.000000,0.000000,0.000000,0.000000,0.000000,0.000000,0.000000,0.000000
1749017516.598001,119.298112,93.000000,90.000000,0.000000,0.000000,0.000000,0.000000,0.000000,0.000000,0.000000,0.000000
1749017516.639337,119.220920,93.000000,90.000000,120.000000,120.000000,120.000000,120.000000,250.000000,250.000000,250.000000,250.000000
1749017516.669915,120.089909,93.000000,90.000000,120.000000,120.000000,120.000000,120.000000,250.000000,250.000000,250.000000,250.000000
1749017516.698821,120.000768,93.000000,90.000000,120.000000,120.000000,120.000000,120.000000,250.000000,250.000000,250.000000,250.000000
1749017516.718895,120.210556,93.000000,90.000000,120.000000,120.000000,120.000000,120.000000,250.000000,250.000000,250.000000,250.000000
1749017516.742987,121.128942,93.000000,90.000000,0.000000,0.000000,0.000000,0.000000,0.000000,0.000000,0.000000,0.000000
1749017516.772989,120.111448,93.000000,90.000000,0.000000,0.000000,0.000000,0.000000,0.000000,0.000000,0.000000,0.000000
1749017516.807714,121.069648,93.000000,90.000000,0.000000,0.000000,0.000000,0.000000,0.000000,0.000000,0.000000,0.000000
1749017516.837017,122.804155,93.000000,90.000000,0.000000,0.000000,0.000000,0.000000,0.000000,0.000000,0.000000,0.000000
1749017516.870347,123.611030,93.000000,90.000000,120.000000,120.000000,120.000000,120.000000,250.000000,250.000000,250.000000,250.000000
1749017516.907348,124.093220,93.000000,90.000000,120.000000,120.000000,120.000000,120.000000,250.000000,250.000000,250.000000,250.000000
1749017516.938922,123.489810,93.000000,90.000000,120.000000,120.000000,120.000000,120.000000,250.000000,250.000000,250.000000,250.000000
1749017516.995166,124.080636,93.000000,90.000000,120.000000,120.000000,120.000000,120.000000,250.000000,250.000000,250.000000,250.000000
1749017517.024106,124.477055,93.000000,90.000000,0.000000,0.000000,0.000000,0.000000,0.000000,0.000000,0.000000,0.000000
1749017517.054114,124.589716,93.000000,90.000000,0.000000,0.000000,0.000000,0.000000,0.000000,0.000000,0.000000,0.000000
1749017517.083690,124.394355,93.000000,90.000000,0.000000,0.000000,0.000000,0.000000,0.000000,0.000000,0.000000,0.000000
1749017517.112780,125.655926,93.000000,90.000000,0.000000,0.000000,0.000000,0.000000,0.000000,0.000000,0.000000,0.000000
1749017517.140725,126.219618,93.000000,90.000000,120.000000,120.000000,120.000000,120.000000,250.000000,250.000000,250.000000,250.000000
1749017517.172447,126.130748,93.000000,90.000000,120.000000,120.000000,120.000000,120.000000,250.000000,250.000000,250.000000,250.000000
1749017517.206472,127.091729,93.000000,90.000000,120.000000,120.000000,120.000000,120.000000,250.000000,250.000000,250.000000,250.000000
1749017517.238230,127.226736,93.000000,90.000000,120.000000,120.000000,120.000000,120.000000,250.000000,250.000000,250.000000,250.000000
1749017517.270638,127.986401,93.000000,90.000000,0.000000,0.000000,0.000000,0.000000,0.000000,0.000000,0.000000,0.000000
1749017517.308335,128.652834,93.000000,90.000000,0.000000,0.000000,0.000000,0.000000,0.000000,0.000000,0.000000,0.000000
1749017517.340464,128.743200,93.000000,90.000000,0.000000,0.000000,0.000000,0.000000,0.000000,0.000000,0.000000,0.000000
1749017517.373746,129.104743,93.000000,90.000000,0.000000,0.000000,0.000000,0.000000,0.000000,0.000000,0.000000,0.000000
1749017517.411610,129.991369,93.000000,90.000000,120.000000,120.000000,120.000000,120.000000,250.000000,250.000000,250.000000,250.000000
1749017517.440958,130.185149,93.000000,90.000000,120.000000,120.000000,120.000000,120.000000,250.000000,250.000000,250.000000,250.000000
1749017517.475805,130.026441,93.000000,90.000000,120.000000,120.000000,120.000000,120.000000,250.000000,250.000000,250.000000,250.000000
1749017517.511415,130.378819,93.000000,90.000000,120.000000,120.000000,120.000000,120.000000,250.000000,250.000000,250.000000,250.000000
1749017517.539207,130.944650,93.000000,90.000000,0.000000,0.000000,0.000000,0.000000,0.000000,0.000000,0.000000,0.000000
1749017517.571389,131.493205,93.000000,90.000000,0.000000,0.000000,0.000000,0.000000,0.000000,0.000000,0.000000,0.000000
1749017517.608404,131.471622,93.000000,90.000000,0.000000,0.000000,0.000000,0.000000,0.000000,0.000000,0.000000,0.000000
1749017517.640005,131.275484,93.000000,90.000000,0.000000,0.000000,0.000000,0.000000,0.000000,0.000000,0.000000,0.000000
1749017517.671835,131.933927,93.000000,90.000000,120.000000,120.000000,120.000000,120.000000,250.000000,250.000000,250.000000,250.000000
1749017517.708449,132.175375,93.000000,90.000000,120.000000,120.000000,120.000000,120.000000,250.000000,250.000000,250.000000,250.000000
1749017517.744009,132.109053,93.000000,90.000000,120.000000,120.000000,120.000000,120.000000,250.000000,250.000000,250.000000,250.000000
1749017517.776695,131.998815,93.000000,90.000000,120.000000,120.000000,120.000000,120.000000,250.000000,250.000000,250.000000,250.000000
1749017517.813588,132.481875,93.000000,90.000000,0.000000,0.000000,0.000000,0.000000,0.000000,0.000000,0.000000,0.000000
1749017517.846352,132.816830,93.000000,90.000000,0.000000,0.000000,0.000000,0.000000,0.000000,0.000000,0.000000,0.000000
1749017517.877916,132.827120,93.000000,90.000000,0.000000,0.000000,0.000000,0.000000,0.000000,0.000000,0.000000,0.000000
1749017517.911698,132.697884,93.000000,90.000000,0.000000,0.000000,0.000000,0.000000,0.000000,0.000000,0.000000,0.000000
1749017517.941264,133.868086,93.000000,90.000000,120.000000,120.000000,120.000000,120.000000,250.000000,250.000000,250.000000,250.000000
1749017517.974267,133.673000,93.000000,90.000000,120.000000,120.000000,120.000000,120.000000,250.000000,250.000000,250.000000,250.000000
1749017518.009040,134.575891,93.000000,90.000000,120.000000,120.000000,120.000000,120.000000,250.000000,250.000000,250.000000,250.000000
1749017518.042822,134.169929,93.000000,90.000000,120.000000,120.000000,120.000000,120.000000,250.000000,250.000000,250.000000,250.000000
1749017518.073845,134.341096,93.000000,90.000000,0.000000,0.000000,0.000000,0.000000,0.000000,0.000000,0.000000,0.000000
1749017518.108737,134.352009,93.000000,90.000000,0.000000,0.000000,0.000000,0.000000,0.000000,0.000000,0.000000,0.000000
1749017518.143068,135.118904,93.000000,90.000000,0.000000,0.000000,0.000000,0.000000,0.000000,0.000000,0.000000,0.000000
1749017518.176266,134.362104,93.000000,90.000000,0.000000,0.000000,0.000000,0.000000,0.000000,0.000000,0.000000,0.000000
1749017518.212138,133.892832,93.000000,90.000000,120.000000,120.000000,120.000000,120.000000,250.000000,250.000000,250.000000,250.000000
1749017518.244487,134.360665,93.000000,90.000000,120.000000,120.000000,120.000000,120.000000,250.000000,250.000000,250.000000,250.000000
1749017518.276950,134.746006,93.000000,90.000000,120.000000,120.000000,120.000000,120.000000,250.000000,250.000000,250.000000,250.000000
1749017518.312826,134.211252,93.000000,90.000000,120.000000,120.000000,120.000000,120.000000,250.000000,250.000000,250.000000,250.000000
1749017518.343797,133.797691,93.000000,90.000000,0.000000,0.000000,0.000000,0.000000,0.000000,0.000000,0.000000,0.000000
1749017518.376871,132.558372,93.000000,90.000000,0.000000,0.000000,0.000000,0.000000,0.000000,0.000000,0.000000,0.000000
1749017518.412065,131.385212,93.000000,90.000000,0.000000,0.000000,0.000000,0.000000,0.000000,0.000000,0.000000,0.000000
1749017518.444759,130.152017,93.000000,90.000000,0.000000,0.000000,0.000000,0.000000,0.000000,0.000000,0.000000,0.000000
1749017518.475234,130.091795,93.000000,90.000000,120.000000,120.000000,120.000000,120.000000,250.000000,250.000000,250.000000,250.000000
1749017518.511515,127.967740,93.000000,90.000000,120.000000,120.000000,120.000000,120.000000,250.000000,250.000000,250.000000,250.000000
1749017518.542816,128.201580,93.000000,90.000000,120.000000,120.000000,120.000000,120.000000,250.000000,250.000000,250.000000,250.000000
1749017518.576630,127.822263,93.000000,90.000000,120.000000,120.000000,120.000000,120.000000,250.000000,250.000000,250.000000,250.000000
1749017518.611791,126.852866,93.000000,90.000000,0.000000,0.000000,0.000000,0.000000,0.000000,0.000000,0.000000,0.000000
1749017518.643975,125.743475,93.000000,90.000000,0.000000,0.000000,0.000000,0.000000,0.000000,0.000000,0.000000,0.000000
1749017518.673835,125.434253,93.000000,90.000000,0.000000,0.000000,0.000000,0.000000,0.000000,0.000000,0.000000,0.000000
1749017518.711916,125.547708,93.000000,90.000000,0.000000,0.000000,0.000000,0.000000,0.000000,0.000000,0.000000,0.000000
1749017518.744005,124.937187,93.000000,90.000000,120.000000,120.000000,120.000000,120.000000,250.000000,250.000000,250.000000,250.000000
1749017518.778262,123.525379,93.000000,90.000000,120.000000,120.000000,120.000000,120.000000,250.000000,250.000000,250.000000,250.000000
1749017518.807955,121.930031,93.000000,90.000000,120.000000,120.000000,120.000000,120.000000,250.000000,250.000000,250.000000,250.000000
1749017518.838515,120.267606,93.000000,90.000000,120.000000,120.000000,120.000000,120.000000,250.000000,250.000000,250.000000,250.000000
1749017518.871961,119.188274,93.000000,90.000000,0.000000,0.000000,0.000000,0.000000,0.000000,0.000000,0.000000,0.000000
1749017518.911325,117.774406,93.000000,90.000000,0.000000,0.000000,0.000000,0.000000,0.000000,0.000000,0.000000,0.000000
1749017518.942740,116.691154,93.000000,90.000000,0.000000,0.000000,0.000000,0.000000,0.000000,0.000000,0.000000,0.000000
1749017518.975359,115.226997,93.000000,90.000000,0.000000,0.000000,0.000000,0.000000,0.000000,0.000000,0.000000,0.000000
1749017519.027589,114.894651,93.000000,90.000000,120.000000,120.000000,120.000000,120.000000,250.000000,250.000000,250.000000,250.000000
1749017519.058139,114.889876,93.000000,90.000000,120.000000,120.000000,120.000000,120.000000,250.000000,250.000000,250.000000,250.000000
1749017519.087837,113.761801,93.000000,90.000000,120.000000,120.000000,120.000000,120.000000,250.000000,250.000000,250.000000,250.000000
1749017519.111368,112.268506,93.000000,90.000000,120.000000,120.000000,120.000000,120.000000,250.000000,250.000000,250.000000,250.000000
1749017519.140319,111.192966,93.000000,90.000000,0.000000,0.000000,0.000000,0.000000,0.000000,0.000000,0.000000,0.000000
1749017519.171954,110.980514,93.000000,90.000000,0.000000,0.000000,0.000000,0.000000,0.000000,0.000000,0.000000,0.000000
1749017519.207637,110.428121,93.000000,90.000000,0.000000,0.000000,0.000000,0.000000,0.000000,0.000000,0.000000,0.000000
1749017519.239259,109.219803,93.000000,90.000000,0.000000,0.000000,0.000000,0.000000,0.000000,0.000000,0.000000,0.000000
1749017519.275745,107.784266,93.000000,90.000000,120.000000,120.000000,120.000000,120.000000,250.000000,250.000000,250.000000,250.000000
1749017519.311848,107.327494,93.000000,90.000000,120.000000,120.000000,120.000000,120.000000,250.000000,250.000000,250.000000,250.000000
1749017519.342999,106.579522,93.000000,90.000000,120.000000,120.000000,120.000000,120.000000,250.000000,250.000000,250.000000,250.000000
1749017519.376370,105.326942,93.000000,90.000000,120.000000,120.000000,120.000000,120.000000,250.000000,250.000000,250.000000,250.000000
1749017519.411148,104.641214,93.000000,90.000000,0.000000,0.000000,0.000000,0.000000,0.000000,0.000000,0.000000,0.000000
1749017519.441969,104.038607,93.000000,90.000000,0.000000,0.000000,0.000000,0.000000,0.000000,0.000000,0.000000,0.000000
1749017519.474807,103.963597,93.000000,90.000000,0.000000,0.000000,0.000000,0.000000,0.000000,0.000000,0.000000,0.000000
1749017519.510251,103.871796,93.000000,90.000000,0.000000,0.000000,0.000000,0.000000,0.000000,0.000000,0.000000,0.000000
1749017519.543051,103.114644,93.000000,90.000000,120.000000,120.000000,120.000000,120.000000,250.000000,250.000000,250.000000,250.000000
1749017519.575631,102.586118,93.000000,90.000000,120.000000,120.000000,120.000000,120.000000,250.000000,250.000000,250.000000,250.000000
1749017519.610518,102.378284,93.000000,90.000000,120.000000,120.000000,120.000000,120.000000,250.000000,250.000000,250.000000,250.000000
1749017519.644064,101.778646,93.000000,90.000000,120.000000,120.000000,120.000000,120.000000,250.000000,250.000000,250.000000,250.000000
1749017519.675709,100.983855,93.000000,90.000000,0.000000,0.000000,0.000000,0.000000,0.000000,0.000000,0.000000,0.000000
1749017519.714960,100.651280,93.000000,90.000000,0.000000,0.000000,0.000000,0.000000,0.000000,0.000000,0.000000,0.000000
1749017519.746109,99.514318,93.000000,90.000000,0.000000,0.000000,0.000000,0.000000,0.000000,0.000000,0.000000,0.000000
1749017519.778801,99.378902,93.000000,90.000000,0.000000,0.000000,0.000000,0.000000,0.000000,0.000000,0.000000,0.000000
1749017519.815053,99.110916,93.000000,90.000000,120.000000,120.000000,120.000000,120.000000,250.000000,250.000000,250.000000,250.000000
1749017519.849376,98.231386,93.000000,90.000000,120.000000,120.000000,120.000000,120.000000,250.000000,250.000000,250.000000,250.000000
1749017519.881926,97.414556,93.000000,90.000000,120.000000,120.000000,120.000000,120.000000,250.000000,250.000000,250.000000,250.000000
1749017519.914656,97.541727,93.000000,90.000000,120.000000,120.000000,120.000000,120.000000,250.000000,250.000000,250.000000,250.000000
1749017519.945143,98.096600,93.000000,90.000000,120.000000,120.000000,120.000000,120.000000,250.000000,250.000000,250.000000,250.000000
1749017519.977501,97.345544,93.000000,90.000000,0.000000,0.000000,0.000000,0.000000,0.000000,0.000000,0.000000,0.000000
1749017520.014108,96.311934,93.000000,90.000000,0.000000,0.000000,0.000000,0.000000,0.000000,0.000000,0.000000,0.000000
1749017520.046878,95.917573,93.000000,90.000000,0.000000,0.000000,0.000000,0.000000,0.000000,0.000000,0.000000,0.000000
1749017520.077155,96.230331,93.000000,90.000000,0.000000,0.000000,0.000000,0.000000,0.000000,0.000000,0.000000,0.000000
1749017520.114157,95.783044,93.000000,90.000000,0.000000,0.000000,0.000000,0.000000,0.000000,0.000000,0.000000,0.000000
1749017520.145799,94.856781,93.000000,90.000000,0.000000,0.000000,0.000000,0.000000,0.000000,0.000000,0.000000,0.000000
1749017520.180407,94.902195,93.000000,90.000000,0.000000,0.000000,0.000000,0.000000,0.000000,0.000000,0.000000,0.000000
1749017520.215457,94.460171,93.000000,90.000000,0.000000,0.000000,0.000000,0.000000,0.000000,0.000000,0.000000,0.000000
1749017520.253814,94.783782,93.000000,90.000000,0.000000,0.000000,0.000000,0.000000,0.000000,0.000000,0.000000,0.000000
1749017520.279347,94.518352,93.000000,90.000000,0.000000,0.000000,0.000000,0.000000,0.000000,0.000000,0.000000,0.000000
1749017520.314002,93.994900,93.000000,90.000000,0.000000,0.000000,0.000000,0.000000,0.000000,0.000000,0.000000,0.000000
1749017520.346111,94.210960,93.000000,90.000000,0.000000,0.000000,0.000000,0.000000,0.000000,0.000000,0.000000,0.000000
1749017520.377691,94.106325,93.000000,90.000000,0.000000,0.000000,0.000000,0.000000,0.000000,0.000000,0.000000,0.000000
1749017520.413923,93.126152,93.000000,90.000000,0.000000,0.000000,0.000000,0.000000,0.000000,0.000000,0.000000,0.000000
1749017520.445770,92.512882,93.000000,90.000000,0.000000,0.000000,0.000000,0.000000,0.000000,0.000000,0.000000,0.000000
1749017520.477501,92.541025,93.000000,90.000000,0.000000,0.000000,0.000000,0.000000,0.000000,0.000000,0.000000,0.000000
1749017520.514982,92.310048,93.000000,90.000000,0.000000,0.000000,0.000000,0.000000,0.000000,0.000000,0.000000,0.000000
1749017520.545140,92.163614,93.000000,90.000000,0.000000,0.000000,0.000000,0.000000,0.000000,0.000000,0.000000,0.000000
1749017520.579208,91.686349,93.000000,90.000000,0.000000,0.000000,0.000000,0.000000,0.000000,0.000000,0.000000,0.000000
1749017520.615503,91.175688,93.000000,90.000000,0.000000,0.000000,0.000000,0.000000,0.000000,0.000000,0.000000,0.000000
1749017520.646021,91.209702,93.000000,90.000000,0.000000,0.000000,0.000000,0.000000,0.000000,0.000000,0.000000,0.000000
1749017520.677421,91.099747,93.000000,90.000000,0.000000,0.000000,0.000000,0.000000,0.000000,0.000000,0.000000,0.000000
1749017520.714534,90.967122,93.000000,90.000000,0.000000,0.000000,0.000000,0.000000,0.000000,0.000000,0.000000,0.000000
1749017520.745562,90.664659,93.000000,90.000000,0.000000,0.000000,0.000000,0.000000,0.000000,0.000000,0.000000,0.000000
1749017520.776789,90.384595,93.000000,90.000000,0.000000,0.000000,0.000000,0.000000,0.000000,0.000000,0.000000,0.000000
1749017520.812877,90.143899,93.000000,90.000000,0.000000,0.000000,0.000000,0.000000,0.000000,0.000000,0.000000,0.000000
1749017520.845978,90.084726,93.000000,90.000000,0.000000,0.000000,0.000000,0.000000,0.000000,0.000000,0.000000,0.000000
1749017520.876585,89.816476,93.000000,90.000000,0.000000,0.000000,0.000000,0.000000,0.000000,0.000000,0.000000,0.000000
1749017520.905402,89.881047,93.000000,90.000000,0.000000,0.000000,0.000000,0.000000,0.000000,0.000000,0.000000,0.000000
1749017520.938666,89.957271,93.000000,90.000000,0.000000,0.000000,0.000000,0.000000,0.000000,0.000000,0.000000,0.000000
1749017520.970444,89.823024,93.000000,90.000000,0.000000,0.000000,0.000000,0.000000,0.000000,0.000000,0.000000,0.000000
1749017521.009173,90.094648,93.000000,90.000000,0.000000,0.000000,0.000000,0.000000,0.000000,0.000000,0.000000,0.000000
1749017521.040994,89.931371,93.000000,90.000000,120.000000,120.000000,120.000000,120.000000,250.000000,250.000000,250.000000,250.000000
1749017521.073255,89.886664,93.000000,90.000000,120.000000,120.000000,120.000000,120.000000,250.000000,250.000000,250.000000,250.000000
1749017521.110247,90.219040,93.000000,90.000000,120.000000,120.000000,120.000000,120.000000,250.000000,250.000000,250.000000,250.000000
1749017521.141504,90.899874,93.000000,90.000000,120.000000,120.000000,120.000000,120.000000,250.000000,250.000000,250.000000,250.000000
1749017521.178534,90.590336,93.000000,90.000000,120.000000,120.000000,120.000000,120.000000,250.000000,250.000000,250.000000,250.000000
1749017521.206894,89.787867,93.000000,90.000000,120.000000,120.000000,120.000000,120.000000,250.000000,250.000000,250.000000,250.000000
1749017521.238351,90.048291,93.000000,90.000000,120.000000,120.000000,120.000000,120.000000,250.000000,250.000000,250.000000,250.000000
1749017521.269944,89.974344,93.000000,90.000000,120.000000,120.000000,120.000000,120.000000,250.000000,250.000000,250.000000,250.000000
1749017521.307559,89.900236,93.000000,90.000000,120.000000,120.000000,120.000000,120.000000,250.000000,250.000000,250.000000,250.000000
1749017521.339813,90.210574,93.000000,90.000000,120.000000,120.000000,120.000000,120.000000,250.000000,250.000000,250.000000,250.000000
1749017521.372578,90.086821,93.000000,90.000000,0.000000,0.000000,0.000000,0.000000,0.000000,0.000000,0.000000,0.000000
1749017521.408557,90.546754,93.000000,90.000000,0.000000,0.000000,0.000000,0.000000,0.000000,0.000000,0.000000,0.000000
1749017521.440951,90.192223,93.000000,90.000000,0.000000,0.000000,0.000000,0.000000,0.000000,0.000000,0.000000,0.000000
1749017521.473230,90.333505,93.000000,90.000000,0.000000,0.000000,0.000000,0.000000,0.000000,0.000000,0.000000,0.000000
1749017521.514529,90.450878,93.000000,90.000000,0.000000,0.000000,0.000000,0.000000,0.000000,0.000000,0.000000,0.000000
1749017521.547350,90.197612,93.000000,90.000000,0.000000,0.000000,0.000000,0.000000,0.000000,0.000000,0.000000,0.000000
1749017521.579628,90.512152,93.000000,90.000000,0.000000,0.000000,0.000000,0.000000,0.000000,0.000000,0.000000,0.000000
1749017521.613910,90.978368,93.000000,90.000000,0.000000,0.000000,0.000000,0.000000,0.000000,0.000000,0.000000,0.000000
1749017521.644399,90.793297,93.000000,90.000000,0.000000,0.000000,0.000000,0.000000,0.000000,0.000000,0.000000,0.000000
1749017521.676467,90.250648,93.000000,90.000000,0.000000,0.000000,0.000000,0.000000,0.000000,0.000000,0.000000,0.000000
1749017521.712407,90.985256,93.000000,90.000000,0.000000,0.000000,0.000000,0.000000,0.000000,0.000000,0.000000,0.000000
1749017521.745154,90.572701,93.000000,90.000000,0.000000,0.000000,0.000000,0.000000,0.000000,0.000000,0.000000,0.000000
1749017521.776594,90.300803,93.000000,90.000000,0.000000,0.000000,0.000000,0.000000,0.000000,0.000000,0.000000,0.000000
1749017521.812820,91.053041,93.000000,90.000000,0.000000,0.000000,0.000000,0.000000,0.000000,0.000000,0.000000,0.000000
1749017521.845073,91.457864,93.000000,90.000000,0.000000,0.000000,0.000000,0.000000,0.000000,0.000000,0.000000,0.000000
1749017521.877794,92.135746,93.000000,90.000000,0.000000,0.000000,0.000000,0.000000,0.000000,0.000000,0.000000,0.000000
1749017521.913826,91.515479,93.000000,90.000000,0.000000,0.000000,0.000000,0.000000,0.000000,0.000000,0.000000,0.000000
1749017521.946229,91.593229,93.000000,90.000000,0.000000,0.000000,0.000000,0.000000,0.000000,0.000000,0.000000,0.000000
1749017521.978943,91.685227,93.000000,90.000000,0.000000,0.000000,0.000000,0.000000,0.000000,0.000000,0.000000,0.000000
1749017522.013455,91.539131,93.000000,90.000000,0.000000,0.000000,0.000000,0.000000,0.000000,0.000000,0.000000,0.000000
1749017522.044743,91.683757,93.000000,90.000000,0.000000,0.000000,0.000000,0.000000,0.000000,0.000000,0.000000,0.000000
1749017522.076555,92.250636,93.000000,90.000000,0.000000,0.000000,0.000000,0.000000,0.000000,0.000000,0.000000,0.000000
1749017522.111646,92.574375,93.000000,90.000000,0.000000,0.000000,0.000000,0.000000,0.000000,0.000000,0.000000,0.000000
1749017522.144421,92.618952,93.000000,90.000000,0.000000,0.000000,0.000000,0.000000,0.000000,0.000000,0.000000,0.000000
1749017522.175641,92.117952,93.000000,90.000000,0.000000,0.000000,0.000000,0.000000,0.000000,0.000000,0.000000,0.000000
1749017522.213755,91.980832,93.000000,90.000000,0.000000,0.000000,0.000000,0.000000,0.000000,0.000000,0.000000,0.000000
1749017522.246002,92.292020,93.000000,90.000000,0.000000,0.000000,0.000000,0.000000,0.000000,0.000000,0.000000,0.000000
1749017522.280761,92.332406,113.000000,90.000000,0.000000,0.000000,0.000000,0.000000,0.000000,0.000000,0.000000,0.000000
1749017522.315816,92.070484,113.000000,90.000000,0.000000,0.000000,0.000000,0.000000,0.000000,0.000000,0.000000,0.000000
1749017522.346032,92.394660,113.000000,90.000000,0.000000,0.000000,0.000000,0.000000,0.000000,0.000000,0.000000,0.000000
1749017522.377805,92.394672,113.000000,90.000000,0.000000,0.000000,0.000000,0.000000,0.000000,0.000000,0.000000,0.000000
1749017522.413043,92.758514,113.000000,90.000000,0.000000,0.000000,0.000000,0.000000,0.000000,0.000000,0.000000,0.000000
1749017522.445215,92.635969,113.000000,90.000000,0.000000,0.000000,0.000000,0.000000,0.000000,0.000000,0.000000,0.000000
1749017522.476008,92.486567,113.000000,90.000000,0.000000,0.000000,0.000000,0.000000,0.000000,0.000000,0.000000,0.000000
1749017522.512631,92.192539,113.000000,90.000000,0.000000,0.000000,0.000000,0.000000,0.000000,0.000000,0.000000,0.000000
1749017522.543969,92.605347,113.000000,90.000000,0.000000,0.000000,0.000000,0.000000,0.000000,0.000000,0.000000,0.000000
1749017522.576490,92.774165,113.000000,90.000000,0.000000,0.000000,0.000000,0.000000,0.000000,0.000000,0.000000,0.000000
1749017522.612910,93.190873,113.000000,120.000000,0.000000,0.000000,0.000000,0.000000,0.000000,0.000000,0.000000,0.000000
1749017522.644973,93.110256,113.000000,90.000000,0.000000,0.000000,0.000000,0.000000,0.000000,0.000000,0.000000,0.000000
1749017522.678567,92.864475,113.000000,90.000000,0.000000,0.000000,0.000000,0.000000,0.000000,0.000000,0.000000,0.000000
1749017522.715039,92.877950,113.000000,90.000000,0.000000,0.000000,0.000000,0.000000,0.000000,0.000000,0.000000,0.000000
1749017522.745259,92.668617,113.000000,120.000000,0.000000,0.000000,0.000000,0.000000,0.000000,0.000000,0.000000,0.000000
1749017522.778159,92.933146,113.000000,90.000000,120.000000,120.000000,120.000000,120.000000,250.000000,250.000000,250.000000,250.000000
1749017522.813015,93.293247,113.000000,90.000000,120.000000,120.000000,120.000000,120.000000,250.000000,250.000000,250.000000,250.000000
1749017522.845160,92.893312,113.000000,90.000000,120.000000,120.000000,120.000000,120.000000,250.000000,250.000000,250.000000,250.000000
1749017522.877750,93.214057,113.000000,90.000000,120.000000,120.000000,120.000000,120.000000,250.000000,250.000000,250.000000,250.000000
1749017522.913040,93.303883,113.000000,90.000000,0.000000,0.000000,0.000000,0.000000,0.000000,0.000000,0.000000,0.000000
1749017522.945636,92.965510,113.000000,90.000000,0.000000,0.000000,0.000000,0.000000,0.000000,0.000000,0.000000,0.000000
1749017522.976810,92.955434,113.000000,90.000000,0.000000,0.000000,0.000000,0.000000,0.000000,0.000000,0.000000,0.000000
1749017523.012199,92.943761,113.000000,90.000000,0.000000,0.000000,0.000000,0.000000,0.000000,0.000000,0.000000,0.000000
1749017523.045374,93.775103,113.000000,90.000000,120.000000,120.000000,120.000000,120.000000,250.000000,250.000000,250.000000,250.000000
1749017523.077955,93.719560,113.000000,90.000000,120.000000,120.000000,120.000000,120.000000,250.000000,250.000000,250.000000,250.000000
1749017523.113455,93.378588,113.000000,90.000000,120.000000,120.000000,120.000000,120.000000,250.000000,250.000000,250.000000,250.000000
1749017523.144948,93.261567,113.000000,90.000000,120.000000,120.000000,120.000000,120.000000,250.000000,250.000000,250.000000,250.000000
1749017523.178659,93.755656,113.000000,90.000000,0.000000,0.000000,0.000000,0.000000,0.000000,0.000000,0.000000,0.000000
1749017523.213021,93.983421,113.000000,90.000000,0.000000,0.000000,0.000000,0.000000,0.000000,0.000000,0.000000,0.000000
1749017523.246056,94.065605,113.000000,90.000000,0.000000,0.000000,0.000000,0.000000,0.000000,0.000000,0.000000,0.000000
1749017523.277065,93.866686,113.000000,90.000000,0.000000,0.000000,0.000000,0.000000,0.000000,0.000000,0.000000,0.000000
1749017523.312962,94.905835,113.000000,90.000000,120.000000,120.000000,120.000000,120.000000,250.000000,250.000000,250.000000,250.000000
1749017523.346368,96.326462,113.000000,90.000000,120.000000,120.000000,120.000000,120.000000,250.000000,250.000000,250.000000,250.000000
1749017523.375759,97.280297,113.000000,90.000000,120.000000,120.000000,120.000000,120.000000,250.000000,250.000000,250.000000,250.000000
1749017523.412135,97.700148,113.000000,90.000000,120.000000,120.000000,120.000000,120.000000,250.000000,250.000000,250.000000,250.000000
1749017523.444653,98.044976,113.000000,90.000000,0.000000,0.000000,0.000000,0.000000,0.000000,0.000000,0.000000,0.000000
1749017523.476382,98.223670,113.000000,90.000000,0.000000,0.000000,0.000000,0.000000,0.000000,0.000000,0.000000,0.000000
1749017523.512436,99.675767,113.000000,90.000000,0.000000,0.000000,0.000000,0.000000,0.000000,0.000000,0.000000,0.000000
1749017523.542123,99.348089,113.000000,90.000000,0.000000,0.000000,0.000000,0.000000,0.000000,0.000000,0.000000,0.000000
1749017523.575202,99.730437,113.000000,90.000000,120.000000,120.000000,120.000000,120.000000,250.000000,250.000000,250.000000,250.000000
1749017523.607414,100.607690,113.000000,90.000000,120.000000,120.000000,120.000000,120.000000,250.000000,250.000000,250.000000,250.000000
1749017523.637409,100.336072,113.000000,90.000000,120.000000,120.000000,120.000000,120.000000,250.000000,250.000000,250.000000,250.000000
1749017523.669041,99.638352,113.000000,90.000000,120.000000,120.000000,120.000000,120.000000,250.000000,250.000000,250.000000,250.000000
1749017523.731095,99.586237,113.000000,90.000000,0.000000,0.000000,0.000000,0.000000,0.000000,0.000000,0.000000,0.000000
1749017523.761662,100.294209,113.000000,90.000000,0.000000,0.000000,0.000000,0.000000,0.000000,0.000000,0.000000,0.000000
1749017523.792566,100.999319,113.000000,90.000000,0.000000,0.000000,0.000000,0.000000,0.000000,0.000000,0.000000,0.000000
1749017523.822731,101.372544,113.000000,90.000000,0.000000,0.000000,0.000000,0.000000,0.000000,0.000000,0.000000,0.000000
1749017523.852025,102.068553,113.000000,90.000000,120.000000,120.000000,120.000000,120.000000,250.000000,250.000000,250.000000,250.000000
1749017523.879862,102.756816,113.000000,90.000000,120.000000,120.000000,120.000000,120.000000,250.000000,250.000000,250.000000,250.000000
1749017523.909016,102.416436,113.000000,90.000000,120.000000,120.000000,120.000000,120.000000,250.000000,250.000000,250.000000,250.000000
1749017523.943005,102.761163,113.000000,90.000000,120.000000,120.000000,120.000000,120.000000,250.000000,250.000000,250.000000,250.000000
1749017523.975480,103.144878,113.000000,90.000000,0.000000,0.000000,0.000000,0.000000,0.000000,0.000000,0.000000,0.000000
1749017524.008032,103.233810,113.000000,90.000000,0.000000,0.000000,0.000000,0.000000,0.000000,0.000000,0.000000,0.000000
1749017524.040566,103.955072,113.000000,90.000000,0.000000,0.000000,0.000000,0.000000,0.000000,0.000000,0.000000,0.000000
1749017524.075358,104.454117,113.000000,90.000000,0.000000,0.000000,0.000000,0.000000,0.000000,0.000000,0.000000,0.000000
1749017524.115136,103.574196,113.000000,90.000000,120.000000,120.000000,120.000000,120.000000,250.000000,250.000000,250.000000,250.000000
1749017524.146991,104.546464,113.000000,90.000000,120.000000,120.000000,120.000000,120.000000,250.000000,250.000000,250.000000,250.000000
1749017524.178072,105.898527,113.000000,90.000000,120.000000,120.000000,120.000000,120.000000,250.000000,250.000000,250.000000,250.000000
1749017524.213953,106.204295,113.000000,90.000000,120.000000,120.000000,120.000000,120.000000,250.000000,250.000000,250.000000,250.000000
1749017524.245618,105.773532,113.000000,90.000000,0.000000,0.000000,0.000000,0.000000,0.000000,0.000000,0.000000,0.000000
1749017524.277052,106.140224,113.000000,90.000000,0.000000,0.000000,0.000000,0.000000,0.000000,0.000000,0.000000,0.000000
1749017524.310946,106.677144,113.000000,90.000000,0.000000,0.000000,0.000000,0.000000,0.000000,0.000000,0.000000,0.000000
1749017524.340878,106.543227,113.000000,90.000000,0.000000,0.000000,0.000000,0.000000,0.000000,0.000000,0.000000,0.000000
1749017524.369970,106.554829,113.000000,90.000000,120.000000,120.000000,120.000000,120.000000,250.000000,250.000000,250.000000,250.000000
1749017524.407049,106.946489,113.000000,90.000000,120.000000,120.000000,120.000000,120.000000,250.000000,250.000000,250.000000,250.000000
1749017524.440740,107.580385,113.000000,90.000000,120.000000,120.000000,120.000000,120.000000,250.000000,250.000000,250.000000,250.000000
1749017524.473414,108.108331,113.000000,90.000000,120.000000,120.000000,120.000000,120.000000,250.000000,250.000000,250.000000,250.000000
1749017524.513538,108.432533,113.000000,90.000000,120.000000,120.000000,120.000000,120.000000,250.000000,250.000000,250.000000,250.000000
1749017524.546810,108.778696,113.000000,90.000000,0.000000,0.000000,0.000000,0.000000,0.000000,0.000000,0.000000,0.000000
1749017524.581138,109.133046,113.000000,90.000000,0.000000,0.000000,0.000000,0.000000,0.000000,0.000000,0.000000,0.000000
1749017524.613872,109.934048,113.000000,90.000000,0.000000,0.000000,0.000000,0.000000,0.000000,0.000000,0.000000,0.000000
1749017524.646808,110.698115,113.000000,90.000000,0.000000,0.000000,0.000000,0.000000,0.000000,0.000000,0.000000,0.000000
1749017524.680933,111.697978,113.000000,90.000000,0.000000,0.000000,0.000000,0.000000,0.000000,0.000000,0.000000,0.000000
1749017524.716508,111.604240,113.000000,90.000000,0.000000,0.000000,0.000000,0.000000,0.000000,0.000000,0.000000,0.000000
1749017524.744799,112.045111,113.000000,90.000000,0.000000,0.000000,0.000000,0.000000,0.000000,0.000000,0.000000,0.000000
1749017524.778003,111.547924,113.000000,90.000000,0.000000,0.000000,0.000000,0.000000,0.000000,0.000000,0.000000,0.000000
1749017524.813541,110.896017,113.000000,90.000000,0.000000,0.000000,0.000000,0.000000,0.000000,0.000000,0.000000,0.000000
1749017524.846339,112.261325,113.000000,90.000000,0.000000,0.000000,0.000000,0.000000,0.000000,0.000000,0.000000,0.000000
1749017524.877940,112.910505,113.000000,90.000000,0.000000,0.000000,0.000000,0.000000,0.000000,0.000000,0.000000,0.000000
1749017524.915725,112.228926,113.000000,90.000000,0.000000,0.000000,0.000000,0.000000,0.000000,0.000000,0.000000,0.000000
1749017524.946010,112.515783,113.000000,90.000000,0.000000,0.000000,0.000000,0.000000,0.000000,0.000000,0.000000,0.000000
1749017524.978769,113.684902,113.000000,90.000000,0.000000,0.000000,0.000000,0.000000,0.000000,0.000000,0.000000,0.000000
1749017525.013419,114.100777,113.000000,90.000000,0.000000,0.000000,0.000000,0.000000,0.000000,0.000000,0.000000,0.000000
1749017525.047967,114.540664,113.000000,90.000000,0.000000,0.000000,0.000000,0.000000,0.000000,0.000000,0.000000,0.000000
1749017525.081356,114.820822,113.000000,90.000000,0.000000,0.000000,0.000000,0.000000,0.000000,0.000000,0.000000,0.000000
1749017525.114026,115.747655,113.000000,90.000000,0.000000,0.000000,0.000000,0.000000,0.000000,0.000000,0.000000,0.000000
1749017525.143483,116.223741,113.000000,90.000000,0.000000,0.000000,0.000000,0.000000,0.000000,0.000000,0.000000,0.000000
1749017525.174370,116.027790,113.000000,90.000000,120.000000,120.000000,120.000000,120.000000,250.000000,250.000000,250.000000,250.000000
1749017525.207028,115.828114,113.000000,90.000000,120.000000,120.000000,120.000000,120.000000,250.000000,250.000000,250.000000,250.000000
1749017525.236017,115.380522,113.000000,90.000000,120.000000,120.000000,120.000000,120.000000,250.000000,250.000000,250.000000,250.000000
1749017525.268936,115.079544,113.000000,90.000000,120.000000,120.000000,120.000000,120.000000,250.000000,250.000000,250.000000,250.000000
1749017525.305138,115.727725,113.000000,90.000000,120.000000,120.000000,120.000000,120.000000,250.000000,250.000000,250.000000,250.000000
1749017525.341004,115.968701,113.000000,90.000000,120.000000,120.000000,120.000000,120.000000,250.000000,250.000000,250.000000,250.000000
1749017525.390883,115.177936,113.000000,90.000000,120.000000,120.000000,120.000000,120.000000,250.000000,250.000000,250.000000,250.000000
1749017525.430135,115.601439,113.000000,90.000000,120.000000,120.000000,120.000000,120.000000,250.000000,250.000000,250.000000,250.000000
1749017525.471019,115.787713,113.000000,90.000000,120.000000,120.000000,120.000000,120.000000,250.000000,250.000000,250.000000,250.000000
1749017525.509856,116.055774,113.000000,90.000000,120.000000,120.000000,120.000000,120.000000,250.000000,250.000000,250.000000,250.000000
1749017525.550307,115.766098,113.000000,90.000000,0.000000,0.000000,0.000000,0.000000,0.000000,0.000000,0.000000,0.000000
1749017525.589660,116.113294,113.000000,90.000000,0.000000,0.000000,0.000000,0.000000,0.000000,0.000000,0.000000,0.000000
1749017525.629965,116.537387,113.000000,90.000000,0.000000,0.000000,0.000000,0.000000,0.000000,0.000000,0.000000,0.000000
1749017525.666021,116.621220,113.000000,90.000000,0.000000,0.000000,0.000000,0.000000,0.000000,0.000000,0.000000,0.000000
1749017525.692879,116.559401,113.000000,90.000000,0.000000,0.000000,0.000000,0.000000,0.000000,0.000000,0.000000,0.000000
1749017525.716028,116.159919,113.000000,90.000000,0.000000,0.000000,0.000000,0.000000,0.000000,0.000000,0.000000,0.000000
1749017525.741182,116.299467,113.000000,90.000000,0.000000,0.000000,0.000000,0.000000,0.000000,0.000000,0.000000,0.000000
1749017525.766727,115.719746,113.000000,90.000000,0.000000,0.000000,0.000000,0.000000,0.000000,0.000000,0.000000,0.000000
1749017525.792662,115.506502,113.000000,90.000000,0.000000,0.000000,0.000000,0.000000,0.000000,0.000000,0.000000,0.000000
1749017525.818247,115.812428,113.000000,90.000000,0.000000,0.000000,0.000000,0.000000,0.000000,0.000000,0.000000,0.000000
1749017525.843528,115.482734,113.000000,90.000000,0.000000,0.000000,0.000000,0.000000,0.000000,0.000000,0.000000,0.000000
1749017525.876882,114.887310,113.000000,90.000000,0.000000,0.000000,0.000000,0.000000,0.000000,0.000000,0.000000,0.000000
1749017525.912081,114.001465,113.000000,90.000000,0.000000,0.000000,0.000000,0.000000,0.000000,0.000000,0.000000,0.000000
1749017525.947079,113.147771,113.000000,90.000000,0.000000,0.000000,0.000000,0.000000,0.000000,0.000000,0.000000,0.000000
1749017525.980849,113.700971,113.000000,90.000000,0.000000,0.000000,0.000000,0.000000,0.000000,0.000000,0.000000,0.000000
1749017526.016970,113.368193,113.000000,90.000000,0.000000,0.000000,0.000000,0.000000,0.000000,0.000000,0.000000,0.000000
1749017526.048966,112.987853,113.000000,90.000000,0.000000,0.000000,0.000000,0.000000,0.000000,0.000000,0.000000,0.000000
1749017526.080183,113.017693,113.000000,90.000000,0.000000,0.000000,0.000000,0.000000,0.000000,0.000000,0.000000,0.000000
1749017526.114366,112.710761,113.000000,90.000000,0.000000,0.000000,0.000000,0.000000,0.000000,0.000000,0.000000,0.000000
1749017526.149000,112.782550,113.000000,90.000000,0.000000,0.000000,0.000000,0.000000,0.000000,0.000000,0.000000,0.000000
1749017526.180113,112.758632,113.000000,90.000000,0.000000,0.000000,0.000000,0.000000,0.000000,0.000000,0.000000,0.000000
1749017526.214790,113.220129,113.000000,90.000000,0.000000,0.000000,0.000000,0.000000,0.000000,0.000000,0.000000,0.000000
1749017526.248520,113.073838,113.000000,90.000000,0.000000,0.000000,0.000000,0.000000,0.000000,0.000000,0.000000,0.000000
1749017526.279710,112.538335,113.000000,90.000000,0.000000,0.000000,0.000000,0.000000,0.000000,0.000000,0.000000,0.000000
1749017526.316251,112.137270,113.000000,90.000000,0.000000,0.000000,0.000000,0.000000,0.000000,0.000000,0.000000,0.000000
1749017526.348510,111.777067,113.000000,90.000000,0.000000,0.000000,0.000000,0.000000,0.000000,0.000000,0.000000,0.000000
1749017526.379296,111.801132,113.000000,90.000000,0.000000,0.000000,0.000000,0.000000,0.000000,0.000000,0.000000,0.000000
1749017526.415693,111.230004,113.000000,90.000000,0.000000,0.000000,0.000000,0.000000,0.000000,0.000000,0.000000,0.000000
1749017526.448719,111.591427,113.000000,90.000000,0.000000,0.000000,0.000000,0.000000,0.000000,0.000000,0.000000,0.000000
1749017526.480760,110.792841,113.000000,90.000000,0.000000,0.000000,0.000000,0.000000,0.000000,0.000000,0.000000,0.000000
1749017526.514886,111.623516,113.000000,90.000000,0.000000,0.000000,0.000000,0.000000,0.000000,0.000000,0.000000,0.000000
1749017526.546918,111.655647,113.000000,90.000000,0.000000,0.000000,0.000000,0.000000,0.000000,0.000000,0.000000,0.000000
1749017526.579182,111.095264,113.000000,90.000000,0.000000,0.000000,0.000000,0.000000,0.000000,0.000000,0.000000,0.000000
1749017526.614706,110.912875,113.000000,90.000000,0.000000,0.000000,0.000000,0.000000,0.000000,0.000000,0.000000,0.000000
1749017526.647296,110.514889,114.000000,90.000000,0.000000,0.000000,0.000000,0.000000,0.000000,0.000000,0.000000,0.000000
1749017526.678829,111.244999,114.000000,90.000000,0.000000,0.000000,0.000000,0.000000,0.000000,0.000000,0.000000,0.000000
1749017526.715580,111.138046,114.000000,90.000000,0.000000,0.000000,0.000000,0.000000,0.000000,0.000000,0.000000,0.000000
1749017526.748713,111.065790,114.000000,90.000000,0.000000,0.000000,0.000000,0.000000,0.000000,0.000000,0.000000,0.000000
1749017526.780099,110.484682,114.000000,120.000000,0.000000,0.000000,0.000000,0.000000,0.000000,0.000000,0.000000,0.000000
1749017526.819146,110.381354,114.000000,90.000000,0.000000,0.000000,0.000000,0.000000,0.000000,0.000000,0.000000,0.000000
1749017526.849872,110.914604,114.000000,90.000000,0.000000,0.000000,0.000000,0.000000,0.000000,0.000000,0.000000,0.000000
1749017526.879473,110.784724,114.000000,90.000000,0.000000,0.000000,0.000000,0.000000,0.000000,0.000000,0.000000,0.000000
1749017526.916229,110.589244,114.000000,120.000000,0.000000,0.000000,0.000000,0.000000,0.000000,0.000000,0.000000,0.000000
1749017526.947065,110.133412,114.000000,90.000000,120.000000,120.000000,120.000000,120.000000,250.000000,250.000000,250.000000,250.000000
1749017526.979052,111.385075,114.000000,90.000000,120.000000,120.000000,120.000000,120.000000,250.000000,250.000000,250.000000,250.000000
1749017527.013525,110.685164,114.000000,90.000000,120.000000,120.000000,120.000000,120.000000,250.000000,250.000000,250.000000,250.000000
1749017527.046600,110.153854,114.000000,90.000000,120.000000,120.000000,120.000000,120.000000,250.000000,250.000000,250.000000,250.000000
1749017527.078778,109.938526,114.000000,90.000000,120.000000,120.000000,120.000000,120.000000,250.000000,250.000000,250.000000,250.000000
1749017527.116095,109.924130,114.000000,90.000000,120.000000,120.000000,120.000000,120.000000,250.000000,250.000000,250.000000,250.000000
1749017527.147385,110.035674,114.000000,90.000000,120.000000,120.000000,120.000000,120.000000,250.000000,250.000000,250.000000,250.000000
1749017527.180999,110.470992,114.000000,90.000000,120.000000,120.000000,120.000000,120.000000,250.000000,250.000000,250.000000,250.000000
1749017527.217525,110.365441,114.000000,90.000000,120.000000,120.000000,120.000000,120.000000,250.000000,250.000000,250.000000,250.000000
1749017527.248578,109.776723,114.000000,90.000000,0.000000,0.000000,0.000000,0.000000,0.000000,0.000000,0.000000,0.000000
1749017527.280108,110.715219,114.000000,90.000000,0.000000,0.000000,0.000000,0.000000,0.000000,0.000000,0.000000,0.000000
1749017527.315979,110.732461,114.000000,90.000000,0.000000,0.000000,0.000000,0.000000,0.000000,0.000000,0.000000,0.000000
1749017527.347196,109.922747,114.000000,90.000000,0.000000,0.000000,0.000000,0.000000,0.000000,0.000000,0.000000,0.000000
1749017527.379534,110.079613,114.000000,90.000000,0.000000,0.000000,0.000000,0.000000,0.000000,0.000000,0.000000,0.000000
1749017527.414378,109.954572,114.000000,90.000000,0.000000,0.000000,0.000000,0.000000,0.000000,0.000000,0.000000,0.000000
1749017527.447056,110.972800,114.000000,90.000000,0.000000,0.000000,0.000000,0.000000,0.000000,0.000000,0.000000,0.000000
1749017527.478603,110.135271,114.000000,90.000000,0.000000,0.000000,0.000000,0.000000,0.000000,0.000000,0.000000,0.000000
1749017527.516513,110.660349,114.000000,90.000000,120.000000,120.000000,120.000000,120.000000,250.000000,250.000000,250.000000,250.000000
1749017527.546482,110.166197,114.000000,90.000000,120.000000,120.000000,120.000000,120.000000,250.000000,250.000000,250.000000,250.000000
1749017527.580877,110.682776,114.000000,90.000000,120.000000,120.000000,120.000000,120.000000,250.000000,250.000000,250.000000,250.000000
1749017527.619610,110.467069,114.000000,90.000000,120.000000,120.000000,120.000000,120.000000,250.000000,250.000000,250.000000,250.000000
1749017527.648312,110.350460,114.000000,90.000000,120.000000,120.000000,120.000000,120.000000,250.000000,250.000000,250.000000,250.000000
1749017527.679004,109.917503,114.000000,90.000000,120.000000,120.000000,120.000000,120.000000,250.000000,250.000000,250.000000,250.000000
1749017527.715145,109.264630,114.000000,90.000000,120.000000,120.000000,120.000000,120.000000,250.000000,250.000000,250.000000,250.000000
1749017527.747731,108.515268,114.000000,90.000000,120.000000,120.000000,120.000000,120.000000,250.000000,250.000000,250.000000,250.000000
1749017527.779641,107.507295,114.000000,90.000000,120.000000,120.000000,120.000000,120.000000,250.000000,250.000000,250.000000,250.000000
1749017527.813959,106.697901,114.000000,90.000000,0.000000,0.000000,0.000000,0.000000,0.000000,0.000000,0.000000,0.000000
1749017527.849031,105.993419,114.000000,90.000000,0.000000,0.000000,0.000000,0.000000,0.000000,0.000000,0.000000,0.000000
1749017527.879875,104.973818,114.000000,90.000000,0.000000,0.000000,0.000000,0.000000,0.000000,0.000000,0.000000,0.000000
1749017527.914788,105.257565,114.000000,90.000000,0.000000,0.000000,0.000000,0.000000,0.000000,0.000000,0.000000,0.000000
1749017527.946542,104.865684,114.000000,90.000000,120.000000,120.000000,120.000000,120.000000,250.000000,250.000000,250.000000,250.000000
1749017527.985133,105.195160,114.000000,90.000000,120.000000,120.000000,120.000000,120.000000,250.000000,250.000000,250.000000,250.000000
1749017528.014822,104.767120,114.000000,90.000000,120.000000,120.000000,120.000000,120.000000,250.000000,250.000000,250.000000,250.000000
1749017528.047720,104.922936,114.000000,90.000000,120.000000,120.000000,120.000000,120.000000,250.000000,250.000000,250.000000,250.000000
1749017528.079151,104.268711,114.000000,90.000000,0.000000,0.000000,0.000000,0.000000,0.000000,0.000000,0.000000,0.000000
1749017528.115901,103.598087,114.000000,90.000000,0.000000,0.000000,0.000000,0.000000,0.000000,0.000000,0.000000,0.000000
1749017528.147133,102.629168,114.000000,90.000000,0.000000,0.000000,0.000000,0.000000,0.000000,0.000000,0.000000,0.000000
1749017528.180544,102.677546,114.000000,90.000000,0.000000,0.000000,0.000000,0.000000,0.000000,0.000000,0.000000,0.000000
1749017528.215721,101.801728,114.000000,90.000000,120.000000,120.000000,120.000000,120.000000,250.000000,250.000000,250.000000,250.000000
1749017528.247088,101.045698,114.000000,90.000000,120.000000,120.000000,120.000000,120.000000,250.000000,250.000000,250.000000,250.000000
1749017528.279844,100.343151,114.000000,90.000000,120.000000,120.000000,120.000000,120.000000,250.000000,250.000000,250.000000,250.000000
1749017528.316559,99.537577,114.000000,90.000000,120.000000,120.000000,120.000000,120.000000,250.000000,250.000000,250.000000,250.000000
1749017528.346583,98.792671,114.000000,90.000000,0.000000,0.000000,0.000000,0.000000,0.000000,0.000000,0.000000,0.000000
1749017528.379016,98.819860,114.000000,90.000000,0.000000,0.000000,0.000000,0.000000,0.000000,0.000000,0.000000,0.000000
1749017528.414366,98.094830,114.000000,90.000000,0.000000,0.000000,0.000000,0.000000,0.000000,0.000000,0.000000,0.000000
1749017528.446625,97.626942,114.000000,90.000000,0.000000,0.000000,0.000000,0.000000,0.000000,0.000000,0.000000,0.000000
1749017528.475882,97.754241,114.000000,90.000000,120.000000,120.000000,120.000000,120.000000,250.000000,250.000000,250.000000,250.000000
1749017528.512534,97.907614,114.000000,90.000000,120.000000,120.000000,120.000000,120.000000,250.000000,250.000000,250.000000,250.000000
1749017528.545857,96.909806,114.000000,90.000000,120.000000,120.000000,120.000000,120.000000,250.000000,250.000000,250.000000,250.000000
1749017528.579715,96.574786,114.000000,90.000000,120.000000,120.000000,120.000000,120.000000,250.000000,250.000000,250.000000,250.000000
1749017528.610822,96.492590,114.000000,90.000000,0.000000,0.000000,0.000000,0.000000,0.000000,0.000000,0.000000,0.000000
1749017528.643811,96.170789,114.000000,90.000000,0.000000,0.000000,0.000000,0.000000,0.000000,0.000000,0.000000,0.000000
1749017528.675908,95.734550,114.000000,90.000000,0.000000,0.000000,0.000000,0.000000,0.000000,0.000000,0.000000,0.000000
1749017528.710984,95.920318,114.000000,90.000000,0.000000,0.000000,0.000000,0.000000,0.000000,0.000000,0.000000,0.000000
1749017528.745949,95.401710,114.000000,90.000000,120.000000,120.000000,120.000000,120.000000,250.000000,250.000000,250.000000,250.000000
1749017528.778030,94.802397,114.000000,90.000000,120.000000,120.000000,120.000000,120.000000,250.000000,250.000000,250.000000,250.000000
1749017528.814131,94.519531,114.000000,90.000000,120.000000,120.000000,120.000000,120.000000,250.000000,250.000000,250.000000,250.000000
1749017528.845597,94.428708,114.000000,90.000000,120.000000,120.000000,120.000000,120.000000,250.000000,250.000000,250.000000,250.000000
1749017528.877959,94.157087,114.000000,90.000000,0.000000,0.000000,0.000000,0.000000,0.000000,0.000000,0.000000,0.000000
1749017528.914374,93.662238,114.000000,90.000000,0.000000,0.000000,0.000000,0.000000,0.000000,0.000000,0.000000,0.000000
1749017528.943974,93.751067,114.000000,90.000000,0.000000,0.000000,0.000000,0.000000,0.000000,0.000000,0.000000,0.000000
1749017528.969247,93.599802,114.000000,90.000000,0.000000,0.000000,0.000000,0.000000,0.000000,0.000000,0.000000,0.000000
1749017529.005953,92.781172,114.000000,90.000000,120.000000,120.000000,120.000000,120.000000,250.000000,250.000000,250.000000,250.000000
1749017529.038611,92.555381,114.000000,90.000000,120.000000,120.000000,120.000000,120.000000,250.000000,250.000000,250.000000,250.000000
1749017529.071693,92.264360,114.000000,90.000000,120.000000,120.000000,120.000000,120.000000,250.000000,250.000000,250.000000,250.000000
1749017529.110989,92.076057,114.000000,90.000000,120.000000,120.000000,120.000000,120.000000,250.000000,250.000000,250.000000,250.000000
1749017529.142781,91.868687,114.000000,90.000000,0.000000,0.000000,0.000000,0.000000,0.000000,0.000000,0.000000,0.000000
1749017529.182032,91.490484,114.000000,90.000000,0.000000,0.000000,0.000000,0.000000,0.000000,0.000000,0.000000,0.000000
1749017529.216240,91.115215,114.000000,90.000000,0.000000,0.000000,0.000000,0.000000,0.000000,0.000000,0.000000,0.000000
1749017529.245000,90.304628,114.000000,90.000000,0.000000,0.000000,0.000000,0.000000,0.000000,0.000000,0.000000,0.000000
1749017529.271489,90.077003,114.000000,90.000000,120.000000,120.000000,120.000000,120.000000,250.000000,250.000000,250.000000,250.000000
1749017529.305223,89.525856,114.000000,90.000000,120.000000,120.000000,120.000000,120.000000,250.000000,250.000000,250.000000,250.000000
1749017529.337420,89.337278,114.000000,90.000000,120.000000,120.000000,120.000000,120.000000,250.000000,250.000000,250.000000,250.000000
1749017529.371962,89.115001,114.000000,90.000000,120.000000,120.000000,120.000000,120.000000,250.000000,250.000000,250.000000,250.000000
1749017529.410314,88.983715,114.000000,90.000000,0.000000,0.000000,0.000000,0.000000,0.000000,0.000000,0.000000,0.000000
1749017529.442398,88.875450,114.000000,90.000000,0.000000,0.000000,0.000000,0.000000,0.000000,0.000000,0.000000,0.000000
1749017529.474834,88.024900,114.000000,90.000000,0.000000,0.000000,0.000000,0.000000,0.000000,0.000000,0.000000,0.000000
1749017529.513610,87.489853,114.000000,90.000000,0.000000,0.000000,0.000000,0.000000,0.000000,0.000000,0.000000,0.000000
1749017529.541226,87.514251,114.000000,90.000000,120.000000,120.000000,120.000000,120.000000,250.000000,250.000000,250.000000,250.000000
1749017529.574383,87.111976,114.000000,90.000000,120.000000,120.000000,120.000000,120.000000,250.000000,250.000000,250.000000,250.000000
1749017529.611115,86.365752,114.000000,90.000000,120.000000,120.000000,120.000000,120.000000,250.000000,250.000000,250.000000,250.000000
1749017529.641949,86.143561,114.000000,90.000000,120.000000,120.000000,120.000000,120.000000,250.000000,250.000000,250.000000,250.000000
1749017529.673699,86.059571,114.000000,90.000000,0.000000,0.000000,0.000000,0.000000,0.000000,0.000000,0.000000,0.000000
1749017529.710419,85.431681,114.000000,90.000000,0.000000,0.000000,0.000000,0.000000,0.000000,0.000000,0.000000,0.000000
1749017529.741361,85.496660,114.000000,90.000000,0.000000,0.000000,0.000000,0.000000,0.000000,0.000000,0.000000,0.000000
1749017529.774411,84.818049,114.000000,90.000000,0.000000,0.000000,0.000000,0.000000,0.000000,0.000000,0.000000,0.000000
1749017529.809724,83.126145,114.000000,90.000000,120.000000,120.000000,120.000000,120.000000,250.000000,250.000000,250.000000,250.000000
1749017529.841588,83.934056,114.000000,90.000000,120.000000,120.000000,120.000000,120.000000,250.000000,250.000000,250.000000,250.000000
1749017529.873962,83.326306,114.000000,90.000000,120.000000,120.000000,120.000000,120.000000,250.000000,250.000000,250.000000,250.000000
1749017529.909214,83.604888,114.000000,90.000000,120.000000,120.000000,120.000000,120.000000,250.000000,250.000000,250.000000,250.000000
1749017529.942167,83.261938,114.000000,90.000000,0.000000,0.000000,0.000000,0.000000,0.000000,0.000000,0.000000,0.000000
1749017529.975733,83.736252,114.000000,90.000000,0.000000,0.000000,0.000000,0.000000,0.000000,0.000000,0.000000,0.000000
1749017530.011876,83.698701,114.000000,90.000000,0.000000,0.000000,0.000000,0.000000,0.000000,0.000000,0.000000,0.000000
1749017530.040020,83.341273,114.000000,90.000000,0.000000,0.000000,0.000000,0.000000,0.000000,0.000000,0.000000,0.000000
1749017530.071824,83.018495,114.000000,90.000000,120.000000,120.000000,120.000000,120.000000,250.000000,250.000000,250.000000,250.000000
1749017530.109859,82.666630,114.000000,90.000000,120.000000,120.000000,120.000000,120.000000,250.000000,250.000000,250.000000,250.000000
1749017530.141747,82.892686,114.000000,90.000000,120.000000,120.000000,120.000000,120.000000,250.000000,250.000000,250.000000,250.000000
1749017530.174857,83.774670,114.000000,90.000000,120.000000,120.000000,120.000000,120.000000,250.000000,250.000000,250.000000,250.000000
1749017530.210390,84.553173,114.000000,90.000000,0.000000,0.000000,0.000000,0.000000,0.000000,0.000000,0.000000,0.000000
1749017530.243061,85.506540,114.000000,90.000000,0.000000,0.000000,0.000000,0.000000,0.000000,0.000000,0.000000,0.000000
1749017530.275560,85.829247,114.000000,90.000000,0.000000,0.000000,0.000000,0.000000,0.000000,0.000000,0.000000,0.000000
1749017530.311983,87.419001,114.000000,90.000000,0.000000,0.000000,0.000000,0.000000,0.000000,0.000000,0.000000,0.000000
1749017530.343765,88.227798,114.000000,90.000000,120.000000,120.000000,120.000000,120.000000,250.000000,250.000000,250.000000,250.000000
1749017530.375640,69.942332,114.000000,90.000000,120.000000,120.000000,120.000000,120.000000,250.000000,250.000000,250.000000,250.000000
1749017530.411703,81.196612,114.000000,90.000000,120.000000,120.000000,120.000000,120.000000,250.000000,250.000000,250.000000,250.000000
1749017530.444030,94.577038,114.000000,90.000000,120.000000,120.000000,120.000000,120.000000,250.000000,250.000000,250.000000,250.000000
1749017530.475493,93.081953,114.000000,90.000000,0.000000,0.000000,0.000000,0.000000,0.000000,0.000000,0.000000,0.000000
1749017530.510545,90.839794,114.000000,90.000000,0.000000,0.000000,0.000000,0.000000,0.000000,0.000000,0.000000,0.000000
1749017530.547083,90.687911,114.000000,90.000000,0.000000,0.000000,0.000000,0.000000,0.000000,0.000000,0.000000,0.000000
1749017530.581007,91.373846,114.000000,90.000000,0.000000,0.000000,0.000000,0.000000,0.000000,0.000000,0.000000,0.000000
1749017530.616228,91.695217,114.000000,90.000000,120.000000,120.000000,120.000000,120.000000,250.000000,250.000000,250.000000,250.000000
1749017530.640760,92.611991,114.000000,90.000000,120.000000,120.000000,120.000000,120.000000,250.000000,250.000000,250.000000,250.000000
1749017530.672030,93.319631,114.000000,90.000000,120.000000,120.000000,120.000000,120.000000,250.000000,250.000000,250.000000,250.000000
1749017530.710909,94.451310,114.000000,90.000000,120.000000,120.000000,120.000000,120.000000,250.000000,250.000000,250.000000,250.000000
1749017530.742031,94.941139,114.000000,90.000000,0.000000,0.000000,0.000000,0.000000,0.000000,0.000000,0.000000,0.000000
1749017530.768945,95.814141,114.000000,90.000000,0.000000,0.000000,0.000000,0.000000,0.000000,0.000000,0.000000,0.000000
1749017530.805287,98.054764,114.000000,90.000000,0.000000,0.000000,0.000000,0.000000,0.000000,0.000000,0.000000,0.000000
1749017530.841966,89.886067,114.000000,90.000000,0.000000,0.000000,0.000000,0.000000,0.000000,0.000000,0.000000,0.000000
1749017530.890123,99.822628,114.000000,90.000000,120.000000,120.000000,120.000000,120.000000,250.000000,250.000000,250.000000,250.000000
1749017530.927267,101.357439,114.000000,90.000000,120.000000,120.000000,120.000000,120.000000,250.000000,250.000000,250.000000,250.000000
1749017530.958289,101.910633,114.000000,90.000000,120.000000,120.000000,120.000000,120.000000,250.000000,250.000000,250.000000,250.000000
1749017530.991582,102.150799,114.000000,90.000000,120.000000,120.000000,120.000000,120.000000,250.000000,250.000000,250.000000,250.000000
1749017531.022364,102.011259,114.000000,90.000000,0.000000,0.000000,0.000000,0.000000,0.000000,0.000000,0.000000,0.000000
1749017531.053539,101.846938,114.000000,90.000000,0.000000,0.000000,0.000000,0.000000,0.000000,0.000000,0.000000,0.000000
1749017531.083845,102.098117,114.000000,90.000000,0.000000,0.000000,0.000000,0.000000,0.000000,0.000000,0.000000,0.000000
1749017531.119145,103.063068,114.000000,90.000000,0.000000,0.000000,0.000000,0.000000,0.000000,0.000000,0.000000,0.000000
1749017531.150886,104.439512,114.000000,90.000000,120.000000,120.000000,120.000000,120.000000,250.000000,250.000000,250.000000,250.000000
1749017531.183037,105.467529,114.000000,90.000000,120.000000,120.000000,120.000000,120.000000,250.000000,250.000000,250.000000,250.000000
1749017531.217959,105.463277,114.000000,90.000000,120.000000,120.000000,120.000000,120.000000,250.000000,250.000000,250.000000,250.000000
1749017531.251230,106.049252,114.000000,90.000000,120.000000,120.000000,120.000000,120.000000,250.000000,250.000000,250.000000,250.000000
1749017531.281816,107.401509,114.000000,90.000000,0.000000,0.000000,0.000000,0.000000,0.000000,0.000000,0.000000,0.000000
1749017531.322440,108.454689,114.000000,90.000000,0.000000,0.000000,0.000000,0.000000,0.000000,0.000000,0.000000,0.000000
1749017531.355998,108.733158,114.000000,90.000000,0.000000,0.000000,0.000000,0.000000,0.000000,0.000000,0.000000,0.000000
1749017531.389696,109.816422,114.000000,90.000000,0.000000,0.000000,0.000000,0.000000,0.000000,0.000000,0.000000,0.000000
1749017531.419796,111.129408,114.000000,90.000000,0.000000,0.000000,0.000000,0.000000,0.000000,0.000000,0.000000,0.000000
1749017531.450652,111.584257,114.000000,90.000000,0.000000,0.000000,0.000000,0.000000,0.000000,0.000000,0.000000,0.000000
1749017531.481997,111.992308,114.000000,90.000000,0.000000,0.000000,0.000000,0.000000,0.000000,0.000000,0.000000,0.000000
1749017531.518915,112.111148,114.000000,90.000000,0.000000,0.000000,0.000000,0.000000,0.000000,0.000000,0.000000,0.000000
1749017531.550535,112.947720,114.000000,90.000000,0.000000,0.000000,0.000000,0.000000,0.000000,0.000000,0.000000,0.000000
1749017531.582722,113.006244,114.000000,90.000000,0.000000,0.000000,0.000000,0.000000,0.000000,0.000000,0.000000,0.000000
1749017531.619165,113.308433,114.000000,90.000000,0.000000,0.000000,0.000000,0.000000,0.000000,0.000000,0.000000,0.000000
1749017531.649052,113.835493,114.000000,90.000000,0.000000,0.000000,0.000000,0.000000,0.000000,0.000000,0.000000,0.000000
1749017531.683745,114.407015,114.000000,90.000000,0.000000,0.000000,0.000000,0.000000,0.000000,0.000000,0.000000,0.000000
1749017531.722124,115.594655,114.000000,90.000000,0.000000,0.000000,0.000000,0.000000,0.000000,0.000000,0.000000,0.000000
1749017531.754139,115.806911,114.000000,90.000000,0.000000,0.000000,0.000000,0.000000,0.000000,0.000000,0.000000,0.000000
1749017531.788470,115.926307,114.000000,90.000000,0.000000,0.000000,0.000000,0.000000,0.000000,0.000000,0.000000,0.000000
1749017531.820046,116.111362,114.000000,90.000000,0.000000,0.000000,0.000000,0.000000,0.000000,0.000000,0.000000,0.000000
1749017531.850726,117.173240,114.000000,90.000000,0.000000,0.000000,0.000000,0.000000,0.000000,0.000000,0.000000,0.000000
1749017531.883089,118.551282,114.000000,90.000000,0.000000,0.000000,0.000000,0.000000,0.000000,0.000000,0.000000,0.000000
1749017531.919239,118.203374,114.000000,90.000000,0.000000,0.000000,0.000000,0.000000,0.000000,0.000000,0.000000,0.000000
1749017531.952032,117.722651,114.000000,90.000000,0.000000,0.000000,0.000000,0.000000,0.000000,0.000000,0.000000,0.000000
1749017531.983597,118.085696,114.000000,90.000000,0.000000,0.000000,0.000000,0.000000,0.000000,0.000000,0.000000,0.000000
1749017532.020026,119.031735,114.000000,90.000000,0.000000,0.000000,0.000000,0.000000,0.000000,0.000000,0.000000,0.000000
1749017532.052065,118.386785,114.000000,90.000000,0.000000,0.000000,0.000000,0.000000,0.000000,0.000000,0.000000,0.000000
1749017532.082558,118.541357,114.000000,90.000000,0.000000,0.000000,0.000000,0.000000,0.000000,0.000000,0.000000,0.000000
1749017532.120660,117.874555,114.000000,90.000000,0.000000,0.000000,0.000000,0.000000,0.000000,0.000000,0.000000,0.000000
1749017532.153013,118.641159,114.000000,90.000000,0.000000,0.000000,0.000000,0.000000,0.000000,0.000000,0.000000,0.000000
1749017532.184514,120.094094,114.000000,90.000000,120.000000,120.000000,120.000000,120.000000,250.000000,250.000000,250.000000,250.000000
1749017532.219316,119.334281,114.000000,90.000000,120.000000,120.000000,120.000000,120.000000,250.000000,250.000000,250.000000,250.000000
1749017532.250884,119.125973,114.000000,90.000000,120.000000,120.000000,120.000000,120.000000,250.000000,250.000000,250.000000,250.000000
1749017532.282000,119.467636,114.000000,90.000000,120.000000,120.000000,120.000000,120.000000,250.000000,250.000000,250.000000,250.000000
1749017532.318654,119.382458,114.000000,90.000000,120.000000,120.000000,120.000000,120.000000,250.000000,250.000000,250.000000,250.000000
1749017532.350958,119.959041,114.000000,90.000000,0.000000,0.000000,0.000000,0.000000,0.000000,0.000000,0.000000,0.000000
1749017532.381550,119.265114,114.000000,90.000000,0.000000,0.000000,0.000000,0.000000,0.000000,0.000000,0.000000,0.000000
1749017532.418267,118.885671,114.000000,90.000000,0.000000,0.000000,0.000000,0.000000,0.000000,0.000000,0.000000,0.000000
1749017532.451048,118.998955,114.000000,90.000000,0.000000,0.000000,0.000000,0.000000,0.000000,0.000000,0.000000,0.000000
1749017532.482366,118.946771,114.000000,90.000000,0.000000,0.000000,0.000000,0.000000,0.000000,0.000000,0.000000,0.000000
1749017532.520331,118.827262,114.000000,90.000000,0.000000,0.000000,0.000000,0.000000,0.000000,0.000000,0.000000,0.000000
1749017532.552548,119.749888,114.000000,90.000000,120.000000,120.000000,120.000000,120.000000,250.000000,250.000000,250.000000,250.000000
1749017532.584000,119.389408,114.000000,90.000000,120.000000,120.000000,120.000000,120.000000,250.000000,250.000000,250.000000,250.000000
1749017532.623066,119.904049,114.000000,90.000000,120.000000,120.000000,120.000000,120.000000,250.000000,250.000000,250.000000,250.000000
1749017532.652565,120.404258,114.000000,90.000000,120.000000,120.000000,120.000000,120.000000,250.000000,250.000000,250.000000,250.000000
1749017532.684126,119.576876,114.000000,90.000000,120.000000,120.000000,120.000000,120.000000,250.000000,250.000000,250.000000,250.000000
1749017532.719479,119.649655,114.000000,90.000000,120.000000,120.000000,120.000000,120.000000,250.000000,250.000000,250.000000,250.000000
1749017532.750744,120.468618,114.000000,90.000000,0.000000,0.000000,0.000000,0.000000,0.000000,0.000000,0.000000,0.000000
1749017532.782955,120.407387,114.000000,90.000000,0.000000,0.000000,0.000000,0.000000,0.000000,0.000000,0.000000,0.000000
1749017532.818141,119.925909,114.000000,90.000000,0.000000,0.000000,0.000000,0.000000,0.000000,0.000000,0.000000,0.000000
1749017532.850554,119.526865,114.000000,90.000000,0.000000,0.000000,0.000000,0.000000,0.000000,0.000000,0.000000,0.000000
1749017532.882885,119.351184,114.000000,90.000000,0.000000,0.000000,0.000000,0.000000,0.000000,0.000000,0.000000,0.000000
1749017532.919095,119.710920,114.000000,90.000000,120.000000,120.000000,120.000000,120.000000,250.000000,250.000000,250.000000,250.000000
1749017532.951051,119.059838,114.000000,90.000000,120.000000,120.000000,120.000000,120.000000,250.000000,250.000000,250.000000,250.000000
1749017532.982906,118.609241,114.000000,90.000000,120.000000,120.000000,120.000000,120.000000,250.000000,250.000000,250.000000,250.000000
1749017533.019084,119.385725,114.000000,90.000000,120.000000,120.000000,120.000000,120.000000,250.000000,250.000000,250.000000,250.000000
1749017533.051915,118.354773,114.000000,90.000000,120.000000,120.000000,120.000000,120.000000,250.000000,250.000000,250.000000,250.000000
1749017533.082127,118.224687,114.000000,90.000000,120.000000,120.000000,120.000000,120.000000,250.000000,250.000000,250.000000,250.000000
1749017533.118575,118.711444,114.000000,90.000000,0.000000,0.000000,0.000000,0.000000,0.000000,0.000000,0.000000,0.000000
1749017533.149935,116.880684,114.000000,90.000000,0.000000,0.000000,0.000000,0.000000,0.000000,0.000000,0.000000,0.000000
1749017533.183154,116.687162,114.000000,90.000000,0.000000,0.000000,0.000000,0.000000,0.000000,0.000000,0.000000,0.000000
1749017533.217470,117.145218,114.000000,90.000000,0.000000,0.000000,0.000000,0.000000,0.000000,0.000000,0.000000,0.000000
1749017533.253051,115.917968,114.000000,90.000000,0.000000,0.000000,0.000000,0.000000,0.000000,0.000000,0.000000,0.000000
1749017533.283755,114.997675,114.000000,90.000000,0.000000,0.000000,0.000000,0.000000,0.000000,0.000000,0.000000,0.000000
1749017533.319212,115.355444,114.000000,90.000000,0.000000,0.000000,0.000000,0.000000,0.000000,0.000000,0.000000,0.000000
1749017533.349919,115.421901,114.000000,90.000000,0.000000,0.000000,0.000000,0.000000,0.000000,0.000000,0.000000,0.000000
1749017533.382808,115.329871,114.000000,90.000000,0.000000,0.000000,0.000000,0.000000,0.000000,0.000000,0.000000,0.000000
1749017533.418290,114.161975,114.000000,90.000000,0.000000,0.000000,0.000000,0.000000,0.000000,0.000000,0.000000,0.000000
1749017533.451100,114.048534,114.000000,90.000000,0.000000,0.000000,0.000000,0.000000,0.000000,0.000000,0.000000,0.000000
1749017533.483021,114.306977,114.000000,90.000000,0.000000,0.000000,0.000000,0.000000,0.000000,0.000000,0.000000,0.000000
1749017533.521961,114.247213,114.000000,90.000000,0.000000,0.000000,0.000000,0.000000,0.000000,0.000000,0.000000,0.000000
1749017533.555077,113.968341,114.000000,90.000000,0.000000,0.000000,0.000000,0.000000,0.000000,0.000000,0.000000,0.000000
1749017533.587871,113.801127,114.000000,90.000000,0.000000,0.000000,0.000000,0.000000,0.000000,0.000000,0.000000,0.000000
1749017533.618697,113.409373,114.000000,90.000000,0.000000,0.000000,0.000000,0.000000,0.000000,0.000000,0.000000,0.000000
1749017533.650950,113.644783,114.000000,90.000000,0.000000,0.000000,0.000000,0.000000,0.000000,0.000000,0.000000,0.000000
1749017533.682045,113.273198,114.000000,90.000000,0.000000,0.000000,0.000000,0.000000,0.000000,0.000000,0.000000,0.000000
1749017533.719011,112.512238,114.000000,90.000000,0.000000,0.000000,0.000000,0.000000,0.000000,0.000000,0.000000,0.000000
1749017533.751774,112.436619,114.000000,90.000000,0.000000,0.000000,0.000000,0.000000,0.000000,0.000000,0.000000,0.000000
1749017533.783542,112.739082,114.000000,90.000000,0.000000,0.000000,0.000000,0.000000,0.000000,0.000000,0.000000,0.000000
1749017533.818487,112.681475,114.000000,90.000000,0.000000,0.000000,0.000000,0.000000,0.000000,0.000000,0.000000,0.000000
1749017533.851570,112.332335,114.000000,90.000000,0.000000,0.000000,0.000000,0.000000,0.000000,0.000000,0.000000,0.000000
1749017533.879967,112.046042,114.000000,90.000000,0.000000,0.000000,0.000000,0.000000,0.000000,0.000000,0.000000,0.000000
1749017533.914456,111.980265,114.000000,90.000000,0.000000,0.000000,0.000000,0.000000,0.000000,0.000000,0.000000,0.000000
1749017533.945540,111.886138,114.000000,90.000000,0.000000,0.000000,0.000000,0.000000,0.000000,0.000000,0.000000,0.000000
1749017533.977996,112.219683,114.000000,90.000000,0.000000,0.000000,0.000000,0.000000,0.000000,0.000000,0.000000,0.000000
1749017534.012981,112.012584,114.000000,90.000000,0.000000,0.000000,0.000000,0.000000,0.000000,0.000000,0.000000,0.000000
1749017534.045723,112.542815,114.000000,90.000000,0.000000,0.000000,0.000000,0.000000,0.000000,0.000000,0.000000,0.000000
1749017534.077604,112.541248,114.000000,90.000000,0.000000,0.000000,0.000000,0.000000,0.000000,0.000000,0.000000,0.000000
1749017534.114826,112.212959,114.000000,90.000000,0.000000,0.000000,0.000000,0.000000,0.000000,0.000000,0.000000,0.000000
1749017534.144370,112.462500,114.000000,90.000000,0.000000,0.000000,0.000000,0.000000,0.000000,0.000000,0.000000,0.000000
1749017534.177828,111.953944,114.000000,90.000000,0.000000,0.000000,0.000000,0.000000,0.000000,0.000000,0.000000,0.000000
1749017534.223448,111.640918,128.000000,90.000000,0.000000,0.000000,0.000000,0.000000,0.000000,0.000000,0.000000,0.000000
1749017534.259893,111.535343,128.000000,90.000000,0.000000,0.000000,0.000000,0.000000,0.000000,0.000000,0.000000,0.000000
1749017534.297288,111.524489,128.000000,90.000000,0.000000,0.000000,0.000000,0.000000,0.000000,0.000000,0.000000,0.000000
1749017534.336041,111.633932,128.000000,90.000000,0.000000,0.000000,0.000000,0.000000,0.000000,0.000000,0.000000,0.000000
1749017534.371999,112.340315,128.000000,90.000000,0.000000,0.000000,0.000000,0.000000,0.000000,0.000000,0.000000,0.000000
1749017534.404860,112.016401,128.000000,90.000000,0.000000,0.000000,0.000000,0.000000,0.000000,0.000000,0.000000,0.000000
1749017534.427165,112.005437,128.000000,90.000000,0.000000,0.000000,0.000000,0.000000,0.000000,0.000000,0.000000,0.000000
1749017534.453803,111.683268,128.000000,90.000000,0.000000,0.000000,0.000000,0.000000,0.000000,0.000000,0.000000,0.000000
1749017534.480193,111.716564,128.000000,90.000000,0.000000,0.000000,0.000000,0.000000,0.000000,0.000000,0.000000,0.000000
1749017534.510864,112.073654,128.000000,90.000000,0.000000,0.000000,0.000000,0.000000,0.000000,0.000000,0.000000,0.000000
1749017534.545954,111.925516,128.000000,90.000000,0.000000,0.000000,0.000000,0.000000,0.000000,0.000000,0.000000,0.000000
1749017534.584777,112.037560,128.000000,90.000000,0.000000,0.000000,0.000000,0.000000,0.000000,0.000000,0.000000,0.000000
1749017534.618142,112.149559,128.000000,90.000000,0.000000,0.000000,0.000000,0.000000,0.000000,0.000000,0.000000,0.000000
1749017534.650755,111.262837,128.000000,120.000000,0.000000,0.000000,0.000000,0.000000,0.000000,0.000000,0.000000,0.000000
1749017534.682077,111.969807,128.000000,90.000000,0.000000,0.000000,0.000000,0.000000,0.000000,0.000000,0.000000,0.000000
1749017534.721152,111.872468,128.000000,90.000000,0.000000,0.000000,0.000000,0.000000,0.000000,0.000000,0.000000,0.000000
1749017534.752764,111.463687,128.000000,90.000000,0.000000,0.000000,0.000000,0.000000,0.000000,0.000000,0.000000,0.000000
1749017534.786541,111.034747,128.000000,120.000000,0.000000,0.000000,0.000000,0.000000,0.000000,0.000000,0.000000,0.000000
1749017534.817063,111.893409,128.000000,90.000000,120.000000,120.000000,120.000000,120.000000,250.000000,250.000000,250.000000,250.000000
1749017534.841192,111.779101,128.000000,90.000000,120.000000,120.000000,120.000000,120.000000,250.000000,250.000000,250.000000,250.000000
1749017534.874155,111.403009,128.000000,90.000000,120.000000,120.000000,120.000000,120.000000,250.000000,250.000000,250.000000,250.000000
1749017534.912587,111.116942,128.000000,90.000000,120.000000,120.000000,120.000000,120.000000,250.000000,250.000000,250.000000,250.000000
1749017534.947163,111.609229,128.000000,90.000000,0.000000,0.000000,0.000000,0.000000,0.000000,0.000000,0.000000,0.000000
1749017534.984609,111.745997,128.000000,90.000000,0.000000,0.000000,0.000000,0.000000,0.000000,0.000000,0.000000,0.000000
1749017535.022616,111.634186,128.000000,90.000000,0.000000,0.000000,0.000000,0.000000,0.000000,0.000000,0.000000,0.000000
1749017535.054772,111.954317,128.000000,90.000000,0.000000,0.000000,0.000000,0.000000,0.000000,0.000000,0.000000,0.000000
1749017535.086622,111.567665,128.000000,90.000000,120.000000,120.000000,120.000000,120.000000,250.000000,250.000000,250.000000,250.000000
1749017535.123701,111.319153,128.000000,90.000000,120.000000,120.000000,120.000000,120.000000,250.000000,250.000000,250.000000,250.000000
1749017535.159202,111.830440,128.000000,90.000000,120.000000,120.000000,120.000000,120.000000,250.000000,250.000000,250.000000,250.000000
1749017535.186894,110.960438,128.000000,90.000000,120.000000,120.000000,120.000000,120.000000,250.000000,250.000000,250.000000,250.000000
1749017535.214532,111.289496,128.000000,90.000000,0.000000,0.000000,0.000000,0.000000,0.000000,0.000000,0.000000,0.000000
1749017535.245662,111.401006,128.000000,90.000000,0.000000,0.000000,0.000000,0.000000,0.000000,0.000000,0.000000,0.000000
1749017535.277589,111.667817,128.000000,90.000000,0.000000,0.000000,0.000000,0.000000,0.000000,0.000000,0.000000,0.000000
1749017535.313553,111.317589,128.000000,90.000000,0.000000,0.000000,0.000000,0.000000,0.000000,0.000000,0.000000,0.000000
1749017535.345458,111.156093,128.000000,90.000000,120.000000,120.000000,120.000000,120.000000,250.000000,250.000000,250.000000,250.000000
1749017535.378445,111.417367,128.000000,90.000000,120.000000,120.000000,120.000000,120.000000,250.000000,250.000000,250.000000,250.000000
1749017535.413897,111.909838,128.000000,90.000000,120.000000,120.000000,120.000000,120.000000,250.000000,250.000000,250.000000,250.000000
1749017535.445906,111.738942,128.000000,90.000000,120.000000,120.000000,120.000000,120.000000,250.000000,250.000000,250.000000,250.000000
1749017535.477969,111.552716,128.000000,90.000000,0.000000,0.000000,0.000000,0.000000,0.000000,0.000000,0.000000,0.000000
1749017535.515031,111.627021,128.000000,90.000000,0.000000,0.000000,0.000000,0.000000,0.000000,0.000000,0.000000,0.000000
1749017535.545933,110.203540,128.000000,90.000000,0.000000,0.000000,0.000000,0.000000,0.000000,0.000000,0.000000,0.000000
1749017535.578475,110.091457,128.000000,90.000000,0.000000,0.000000,0.000000,0.000000,0.000000,0.000000,0.000000,0.000000
1749017535.613614,108.985312,128.000000,90.000000,120.000000,120.000000,120.000000,120.000000,250.000000,250.000000,250.000000,250.000000
1749017535.646394,108.045151,128.000000,90.000000,120.000000,120.000000,120.000000,120.000000,250.000000,250.000000,250.000000,250.000000
1749017535.677582,108.253395,128.000000,90.000000,120.000000,120.000000,120.000000,120.000000,250.000000,250.000000,250.000000,250.000000
1749017535.713487,107.628767,128.000000,90.000000,120.000000,120.000000,120.000000,120.000000,250.000000,250.000000,250.000000,250.000000
1749017535.744739,107.487655,128.000000,90.000000,0.000000,0.000000,0.000000,0.000000,0.000000,0.000000,0.000000,0.000000
1749017535.777987,107.671924,128.000000,90.000000,0.000000,0.000000,0.000000,0.000000,0.000000,0.000000,0.000000,0.000000
1749017535.814868,107.588141,128.000000,90.000000,0.000000,0.000000,0.000000,0.000000,0.000000,0.000000,0.000000,0.000000
1749017535.844868,107.530523,128.000000,90.000000,0.000000,0.000000,0.000000,0.000000,0.000000,0.000000,0.000000,0.000000
1749017535.877835,107.681503,128.000000,90.000000,120.000000,120.000000,120.000000,120.000000,250.000000,250.000000,250.000000,250.000000
1749017535.914480,107.512749,128.000000,90.000000,120.000000,120.000000,120.000000,120.000000,250.000000,250.000000,250.000000,250.000000
1749017535.946456,107.612175,128.000000,90.000000,120.000000,120.000000,120.000000,120.000000,250.000000,250.000000,250.000000,250.000000
1749017535.979070,107.593069,128.000000,90.000000,120.000000,120.000000,120.000000,120.000000,250.000000,250.000000,250.000000,250.000000
1749017536.014137,107.058598,128.000000,90.000000,0.000000,0.000000,0.000000,0.000000,0.000000,0.000000,0.000000,0.000000
1749017536.047563,107.428655,128.000000,90.000000,0.000000,0.000000,0.000000,0.000000,0.000000,0.000000,0.000000,0.000000
1749017536.080077,107.491792,128.000000,90.000000,0.000000,0.000000,0.000000,0.000000,0.000000,0.000000,0.000000,0.000000
1749017536.112789,108.160526,128.000000,90.000000,0.000000,0.000000,0.000000,0.000000,0.000000,0.000000,0.000000,0.000000
1749017536.142841,108.243742,128.000000,90.000000,120.000000,120.000000,120.000000,120.000000,250.000000,250.000000,250.000000,250.000000
1749017536.174048,108.220482,128.000000,90.000000,120.000000,120.000000,120.000000,120.000000,250.000000,250.000000,250.000000,250.000000
1749017536.209562,108.941234,128.000000,90.000000,120.000000,120.000000,120.000000,120.000000,250.000000,250.000000,250.000000,250.000000
1749017536.241815,109.108771,128.000000,90.000000,120.000000,120.000000,120.000000,120.000000,250.000000,250.000000,250.000000,250.000000
1749017536.274690,109.216593,128.000000,90.000000,0.000000,0.000000,0.000000,0.000000,0.000000,0.000000,0.000000,0.000000
1749017536.309717,109.858346,128.000000,90.000000,0.000000,0.000000,0.000000,0.000000,0.000000,0.000000,0.000000,0.000000
1749017536.342756,110.587363,128.000000,90.000000,0.000000,0.000000,0.000000,0.000000,0.000000,0.000000,0.000000,0.000000
1749017536.374795,111.056534,128.000000,90.000000,0.000000,0.000000,0.000000,0.000000,0.000000,0.000000,0.000000,0.000000
1749017536.409884,111.504534,128.000000,90.000000,120.000000,120.000000,120.000000,120.000000,250.000000,250.000000,250.000000,250.000000
1749017536.446729,111.493430,128.000000,90.000000,120.000000,120.000000,120.000000,120.000000,250.000000,250.000000,250.000000,250.000000
1749017536.479867,111.906741,128.000000,90.000000,120.000000,120.000000,120.000000,120.000000,250.000000,250.000000,250.000000,250.000000
1749017536.516743,112.345945,128.000000,90.000000,120.000000,120.000000,120.000000,120.000000,250.000000,250.000000,250.000000,250.000000
1749017536.543950,113.750338,128.000000,90.000000,0.000000,0.000000,0.000000,0.000000,0.000000,0.000000,0.000000,0.000000
1749017536.578094,114.436766,128.000000,90.000000,0.000000,0.000000,0.000000,0.000000,0.000000,0.000000,0.000000,0.000000
1749017536.611854,115.205043,128.000000,90.000000,0.000000,0.000000,0.000000,0.000000,0.000000,0.000000,0.000000,0.000000
1749017536.644236,115.393646,128.000000,90.000000,0.000000,0.000000,0.000000,0.000000,0.000000,0.000000,0.000000,0.000000
1749017536.676314,116.191787,128.000000,90.000000,120.000000,120.000000,120.000000,120.000000,250.000000,250.000000,250.000000,250.000000
1749017536.712843,117.058676,128.000000,90.000000,120.000000,120.000000,120.000000,120.000000,250.000000,250.000000,250.000000,250.000000
1749017536.744929,117.255172,128.000000,90.000000,120.000000,120.000000,120.000000,120.000000,250.000000,250.000000,250.000000,250.000000
1749017536.777272,117.728735,128.000000,90.000000,120.000000,120.000000,120.000000,120.000000,250.000000,250.000000,250.000000,250.000000
1749017536.812880,118.542884,128.000000,90.000000,0.000000,0.000000,0.000000,0.000000,0.000000,0.000000,0.000000,0.000000
1749017536.847840,118.752093,128.000000,90.000000,0.000000,0.000000,0.000000,0.000000,0.000000,0.000000,0.000000,0.000000
1749017536.881939,119.298066,128.000000,90.000000,0.000000,0.000000,0.000000,0.000000,0.000000,0.000000,0.000000,0.000000
1749017536.913484,120.117901,128.000000,90.000000,0.000000,0.000000,0.000000,0.000000,0.000000,0.000000,0.000000,0.000000
1749017536.944520,121.630218,128.000000,90.000000,120.000000,120.000000,120.000000,120.000000,250.000000,250.000000,250.000000,250.000000
1749017536.978427,122.817638,128.000000,90.000000,120.000000,120.000000,120.000000,120.000000,250.000000,250.000000,250.000000,250.000000
1749017537.011454,123.546916,128.000000,90.000000,120.000000,120.000000,120.000000,120.000000,250.000000,250.000000,250.000000,250.000000
1749017537.046962,123.676958,128.000000,90.000000,120.000000,120.000000,120.000000,120.000000,250.000000,250.000000,250.000000,250.000000
1749017537.075621,123.879192,128.000000,90.000000,120.000000,120.000000,120.000000,120.000000,250.000000,250.000000,250.000000,250.000000
1749017537.114483,124.115674,128.000000,90.000000,0.000000,0.000000,0.000000,0.000000,0.000000,0.000000,0.000000,0.000000
1749017537.145610,125.177486,128.000000,90.000000,0.000000,0.000000,0.000000,0.000000,0.000000,0.000000,0.000000,0.000000
1749017537.178255,125.817354,128.000000,90.000000,0.000000,0.000000,0.000000,0.000000,0.000000,0.000000,0.000000,0.000000
1749017537.214883,125.201396,128.000000,90.000000,0.000000,0.000000,0.000000,0.000000,0.000000,0.000000,0.000000,0.000000
1749017537.244827,125.911277,128.000000,90.000000,0.000000,0.000000,0.000000,0.000000,0.000000,0.000000,0.000000,0.000000
1749017537.278388,126.620326,128.000000,90.000000,0.000000,0.000000,0.000000,0.000000,0.000000,0.000000,0.000000,0.000000
1749017537.314173,126.623591,128.000000,90.000000,0.000000,0.000000,0.000000,0.000000,0.000000,0.000000,0.000000,0.000000
1749017537.344997,126.762385,128.000000,90.000000,0.000000,0.000000,0.000000,0.000000,0.000000,0.000000,0.000000,0.000000
1749017537.376703,126.904075,128.000000,90.000000,0.000000,0.000000,0.000000,0.000000,0.000000,0.000000,0.000000,0.000000
1749017537.411744,127.993771,128.000000,90.000000,0.000000,0.000000,0.000000,0.000000,0.000000,0.000000,0.000000,0.000000
1749017537.444758,128.739198,128.000000,90.000000,0.000000,0.000000,0.000000,0.000000,0.000000,0.000000,0.000000,0.000000
1749017537.475563,128.909999,128.000000,90.000000,0.000000,0.000000,0.000000,0.000000,0.000000,0.000000,0.000000,0.000000
1749017537.512581,129.695910,128.000000,90.000000,0.000000,0.000000,0.000000,0.000000,0.000000,0.000000,0.000000,0.000000
1749017537.544556,129.585197,128.000000,90.000000,0.000000,0.000000,0.000000,0.000000,0.000000,0.000000,0.000000,0.000000
1749017537.577912,129.623968,128.000000,90.000000,0.000000,0.000000,0.000000,0.000000,0.000000,0.000000,0.000000,0.000000
1749017537.615081,129.876729,128.000000,90.000000,0.000000,0.000000,0.000000,0.000000,0.000000,0.000000,0.000000,0.000000
1749017537.648338,130.630953,128.000000,90.000000,0.000000,0.000000,0.000000,0.000000,0.000000,0.000000,0.000000,0.000000
1749017537.677250,130.018065,128.000000,90.000000,0.000000,0.000000,0.000000,0.000000,0.000000,0.000000,0.000000,0.000000
1749017537.715104,130.412150,128.000000,90.000000,0.000000,0.000000,0.000000,0.000000,0.000000,0.000000,0.000000,0.000000
1749017537.743972,130.767502,128.000000,90.000000,0.000000,0.000000,0.000000,0.000000,0.000000,0.000000,0.000000,0.000000
1749017537.777819,130.090046,128.000000,90.000000,0.000000,0.000000,0.000000,0.000000,0.000000,0.000000,0.000000,0.000000
1749017537.813156,129.783582,128.000000,90.000000,0.000000,0.000000,0.000000,0.000000,0.000000,0.000000,0.000000,0.000000
1749017537.844571,130.218060,128.000000,90.000000,0.000000,0.000000,0.000000,0.000000,0.000000,0.000000,0.000000,0.000000
1749017537.876169,130.325868,128.000000,90.000000,0.000000,0.000000,0.000000,0.000000,0.000000,0.000000,0.000000,0.000000
1749017537.912471,130.525301,128.000000,90.000000,0.000000,0.000000,0.000000,0.000000,0.000000,0.000000,0.000000,0.000000
1749017537.944996,130.187451,128.000000,90.000000,0.000000,0.000000,0.000000,0.000000,0.000000,0.000000,0.000000,0.000000
1749017537.977968,130.424354,128.000000,90.000000,0.000000,0.000000,0.000000,0.000000,0.000000,0.000000,0.000000,0.000000
1749017538.012645,130.683513,128.000000,90.000000,0.000000,0.000000,0.000000,0.000000,0.000000,0.000000,0.000000,0.000000
1749017538.045615,129.525527,128.000000,90.000000,0.000000,0.000000,0.000000,0.000000,0.000000,0.000000,0.000000,0.000000
1749017538.078119,128.480390,128.000000,90.000000,0.000000,0.000000,0.000000,0.000000,0.000000,0.000000,0.000000,0.000000
1749017538.113626,128.541472,128.000000,90.000000,0.000000,0.000000,0.000000,0.000000,0.000000,0.000000,0.000000,0.000000
1749017538.144953,127.606927,128.000000,90.000000,0.000000,0.000000,0.000000,0.000000,0.000000,0.000000,0.000000,0.000000
1749017538.177884,127.635913,128.000000,90.000000,0.000000,0.000000,0.000000,0.000000,0.000000,0.000000,0.000000,0.000000
1749017538.213137,127.481614,128.000000,90.000000,0.000000,0.000000,0.000000,0.000000,0.000000,0.000000,0.000000,0.000000
1749017538.244298,127.308691,128.000000,90.000000,0.000000,0.000000,0.000000,0.000000,0.000000,0.000000,0.000000,0.000000
1749017538.276435,126.308748,128.000000,90.000000,0.000000,0.000000,0.000000,0.000000,0.000000,0.000000,0.000000,0.000000
1749017538.312449,126.236740,128.000000,90.000000,0.000000,0.000000,0.000000,0.000000,0.000000,0.000000,0.000000,0.000000
1749017538.343893,125.836722,128.000000,90.000000,0.000000,0.000000,0.000000,0.000000,0.000000,0.000000,0.000000,0.000000
1749017538.377481,124.799803,128.000000,90.000000,0.000000,0.000000,0.000000,0.000000,0.000000,0.000000,0.000000,0.000000
1749017538.412911,124.174495,128.000000,90.000000,0.000000,0.000000,0.000000,0.000000,0.000000,0.000000,0.000000,0.000000
1749017538.444987,124.657391,128.000000,90.000000,0.000000,0.000000,0.000000,0.000000,0.000000,0.000000,0.000000,0.000000
1749017538.477895,123.549988,128.000000,90.000000,0.000000,0.000000,0.000000,0.000000,0.000000,0.000000,0.000000,0.000000
1749017538.512611,121.977701,128.000000,90.000000,0.000000,0.000000,0.000000,0.000000,0.000000,0.000000,0.000000,0.000000
1749017538.542239,120.955829,128.000000,90.000000,0.000000,0.000000,0.000000,0.000000,0.000000,0.000000,0.000000,0.000000
1749017538.571954,120.589444,128.000000,90.000000,0.000000,0.000000,0.000000,0.000000,0.000000,0.000000,0.000000,0.000000
1749017538.607181,119.530169,128.000000,90.000000,0.000000,0.000000,0.000000,0.000000,0.000000,0.000000,0.000000,0.000000
1749017538.639379,118.538859,128.000000,90.000000,0.000000,0.000000,0.000000,0.000000,0.000000,0.000000,0.000000,0.000000
1749017538.673093,118.508326,128.000000,90.000000,120.000000,120.000000,120.000000,120.000000,250.000000,250.000000,250.000000,250.000000
1749017538.708496,117.335058,128.000000,90.000000,120.000000,120.000000,120.000000,120.000000,250.000000,250.000000,250.000000,250.000000
1749017538.742079,115.930351,128.000000,90.000000,120.000000,120.000000,120.000000,120.000000,250.000000,250.000000,250.000000,250.000000
1749017538.774939,115.934574,128.000000,90.000000,120.000000,120.000000,120.000000,120.000000,250.000000,250.000000,250.000000,250.000000
1749017538.811811,114.991154,128.000000,90.000000,0.000000,0.000000,0.000000,0.000000,0.000000,0.000000,0.000000,0.000000
1749017538.842998,113.002262,128.000000,90.000000,0.000000,0.000000,0.000000,0.000000,0.000000,0.000000,0.000000,0.000000
1749017538.877280,112.323845,128.000000,90.000000,0.000000,0.000000,0.000000,0.000000,0.000000,0.000000,0.000000,0.000000
1749017538.910340,112.371841,128.000000,90.000000,0.000000,0.000000,0.000000,0.000000,0.000000,0.000000,0.000000,0.000000
1749017538.937931,111.433336,128.000000,90.000000,120.000000,120.000000,120.000000,120.000000,250.000000,250.000000,250.000000,250.000000
1749017538.969706,110.736650,128.000000,90.000000,120.000000,120.000000,120.000000,120.000000,250.000000,250.000000,250.000000,250.000000
1749017539.008430,109.984515,128.000000,90.000000,120.000000,120.000000,120.000000,120.000000,250.000000,250.000000,250.000000,250.000000
1749017539.044463,109.456751,128.000000,90.000000,120.000000,120.000000,120.000000,120.000000,250.000000,250.000000,250.000000,250.000000
1749017539.075582,109.036928,128.000000,90.000000,0.000000,0.000000,0.000000,0.000000,0.000000,0.000000,0.000000,0.000000
1749017539.114982,108.614407,128.000000,90.000000,0.000000,0.000000,0.000000,0.000000,0.000000,0.000000,0.000000,0.000000
1749017539.145065,108.363289,128.000000,90.000000,0.000000,0.000000,0.000000,0.000000,0.000000,0.000000,0.000000,0.000000
1749017539.177820,107.357688,128.000000,90.000000,0.000000,0.000000,0.000000,0.000000,0.000000,0.000000,0.000000,0.000000
1749017539.215574,107.160609,128.000000,90.000000,120.000000,120.000000,120.000000,120.000000,250.000000,250.000000,250.000000,250.000000
1749017539.248063,107.678417,128.000000,90.000000,120.000000,120.000000,120.000000,120.000000,250.000000,250.000000,250.000000,250.000000
1749017539.282330,107.686544,128.000000,90.000000,120.000000,120.000000,120.000000,120.000000,250.000000,250.000000,250.000000,250.000000
1749017539.310946,107.190462,128.000000,90.000000,120.000000,120.000000,120.000000,120.000000,250.000000,250.000000,250.000000,250.000000
1749017539.342015,107.670413,128.000000,90.000000,0.000000,0.000000,0.000000,0.000000,0.000000,0.000000,0.000000,0.000000
1749017539.374734,108.615672,128.000000,90.000000,0.000000,0.000000,0.000000,0.000000,0.000000,0.000000,0.000000,0.000000
1749017539.410053,110.215010,128.000000,90.000000,0.000000,0.000000,0.000000,0.000000,0.000000,0.000000,0.000000,0.000000
1749017539.442324,111.756560,128.000000,90.000000,0.000000,0.000000,0.000000,0.000000,0.000000,0.000000,0.000000,0.000000
1749017539.474867,112.800656,128.000000,90.000000,120.000000,120.000000,120.000000,120.000000,250.000000,250.000000,250.000000,250.000000
1749017539.511013,113.788159,128.000000,90.000000,120.000000,120.000000,120.000000,120.000000,250.000000,250.000000,250.000000,250.000000
1749017539.542058,115.046131,128.000000,90.000000,120.000000,120.000000,120.000000,120.000000,250.000000,250.000000,250.000000,250.000000
1749017539.574857,115.767706,128.000000,90.000000,120.000000,120.000000,120.000000,120.000000,250.000000,250.000000,250.000000,250.000000
1749017539.611317,115.830628,128.000000,90.000000,0.000000,0.000000,0.000000,0.000000,0.000000,0.000000,0.000000,0.000000
1749017539.640769,116.345176,128.000000,90.000000,0.000000,0.000000,0.000000,0.000000,0.000000,0.000000,0.000000,0.000000
1749017539.668441,117.462089,128.000000,90.000000,0.000000,0.000000,0.000000,0.000000,0.000000,0.000000,0.000000,0.000000
1749017539.705216,118.178192,128.000000,90.000000,0.000000,0.000000,0.000000,0.000000,0.000000,0.000000,0.000000,0.000000
1749017539.739042,118.841701,128.000000,90.000000,120.000000,120.000000,120.000000,120.000000,250.000000,250.000000,250.000000,250.000000
1749017539.770954,119.667169,128.000000,90.000000,120.000000,120.000000,120.000000,120.000000,250.000000,250.000000,250.000000,250.000000
1749017539.809489,120.299197,128.000000,90.000000,120.000000,120.000000,120.000000,120.000000,250.000000,250.000000,250.000000,250.000000
1749017539.845708,120.980026,128.000000,90.000000,120.000000,120.000000,120.000000,120.000000,250.000000,250.000000,250.000000,250.000000
1749017539.877810,122.636687,128.000000,90.000000,0.000000,0.000000,0.000000,0.000000,0.000000,0.000000,0.000000,0.000000
1749017539.913200,124.138555,128.000000,90.000000,0.000000,0.000000,0.000000,0.000000,0.000000,0.000000,0.000000,0.000000
1749017539.944078,124.741592,128.000000,90.000000,0.000000,0.000000,0.000000,0.000000,0.000000,0.000000,0.000000,0.000000
1749017539.977870,125.617617,128.000000,90.000000,0.000000,0.000000,0.000000,0.000000,0.000000,0.000000,0.000000,0.000000
1749017540.008953,125.986119,128.000000,90.000000,0.000000,0.000000,0.000000,0.000000,0.000000,0.000000,0.000000,0.000000
1749017540.038792,126.394540,128.000000,90.000000,0.000000,0.000000,0.000000,0.000000,0.000000,0.000000,0.000000,0.000000
1749017540.071977,126.817216,128.000000,90.000000,0.000000,0.000000,0.000000,0.000000,0.000000,0.000000,0.000000,0.000000
1749017540.108965,126.987618,128.000000,90.000000,0.000000,0.000000,0.000000,0.000000,0.000000,0.000000,0.000000,0.000000
1749017540.142837,127.725606,128.000000,90.000000,0.000000,0.000000,0.000000,0.000000,0.000000,0.000000,0.000000,0.000000
1749017540.175866,127.143601,128.000000,90.000000,0.000000,0.000000,0.000000,0.000000,0.000000,0.000000,0.000000,0.000000
1749017540.211991,128.018797,128.000000,90.000000,0.000000,0.000000,0.000000,0.000000,0.000000,0.000000,0.000000,0.000000
1749017540.242957,128.725646,128.000000,90.000000,0.000000,0.000000,0.000000,0.000000,0.000000,0.000000,0.000000,0.000000
1749017540.276605,128.735687,128.000000,90.000000,0.000000,0.000000,0.000000,0.000000,0.000000,0.000000,0.000000,0.000000
1749017540.312144,129.281347,107.000000,90.000000,0.000000,0.000000,0.000000,0.000000,0.000000,0.000000,0.000000,0.000000
1749017540.345025,130.069927,107.000000,90.000000,0.000000,0.000000,0.000000,0.000000,0.000000,0.000000,0.000000,0.000000
1749017540.375394,130.424839,107.000000,90.000000,0.000000,0.000000,0.000000,0.000000,0.000000,0.000000,0.000000,0.000000
1749017540.409776,129.478566,107.000000,90.000000,0.000000,0.000000,0.000000,0.000000,0.000000,0.000000,0.000000,0.000000
1749017540.443286,129.775736,107.000000,90.000000,0.000000,0.000000,0.000000,0.000000,0.000000,0.000000,0.000000,0.000000
1749017540.474954,130.454017,107.000000,90.000000,0.000000,0.000000,0.000000,0.000000,0.000000,0.000000,0.000000,0.000000
1749017540.510615,130.936588,107.000000,90.000000,0.000000,0.000000,0.000000,0.000000,0.000000,0.000000,0.000000,0.000000
1749017540.544387,131.008601,107.000000,90.000000,0.000000,0.000000,0.000000,0.000000,0.000000,0.000000,0.000000,0.000000
1749017540.575708,129.937206,107.000000,90.000000,0.000000,0.000000,0.000000,0.000000,0.000000,0.000000,0.000000,0.000000
1749017540.611725,130.257357,107.000000,120.000000,0.000000,0.000000,0.000000,0.000000,0.000000,0.000000,0.000000,0.000000
1749017540.644094,130.195350,107.000000,90.000000,0.000000,0.000000,0.000000,0.000000,0.000000,0.000000,0.000000,0.000000
1749017540.675939,130.587025,107.000000,90.000000,0.000000,0.000000,0.000000,0.000000,0.000000,0.000000,0.000000,0.000000
1749017540.712570,130.518184,107.000000,90.000000,0.000000,0.000000,0.000000,0.000000,0.000000,0.000000,0.000000,0.000000
1749017540.744157,130.525851,107.000000,120.000000,0.000000,0.000000,0.000000,0.000000,0.000000,0.000000,0.000000,0.000000
1749017540.777352,130.753952,107.000000,90.000000,120.000000,120.000000,120.000000,120.000000,250.000000,250.000000,250.000000,250.000000
1749017540.811614,130.865925,107.000000,90.000000,120.000000,120.000000,120.000000,120.000000,250.000000,250.000000,250.000000,250.000000
1749017540.843414,130.653647,107.000000,90.000000,120.000000,120.000000,120.000000,120.000000,250.000000,250.000000,250.000000,250.000000
1749017540.875937,130.097460,107.000000,90.000000,120.000000,120.000000,120.000000,120.000000,250.000000,250.000000,250.000000,250.000000
1749017540.909420,130.337310,107.000000,90.000000,0.000000,0.000000,0.000000,0.000000,0.000000,0.000000,0.000000,0.000000
1749017540.938588,131.046564,107.000000,90.000000,0.000000,0.000000,0.000000,0.000000,0.000000,0.000000,0.000000,0.000000
1749017540.970946,131.108860,107.000000,90.000000,0.000000,0.000000,0.000000,0.000000,0.000000,0.000000,0.000000,0.000000
1749017541.007388,130.964846,107.000000,90.000000,0.000000,0.000000,0.000000,0.000000,0.000000,0.000000,0.000000,0.000000
1749017541.039952,130.738134,107.000000,90.000000,120.000000,120.000000,120.000000,120.000000,250.000000,250.000000,250.000000,250.000000
1749017541.073041,131.075321,107.000000,90.000000,120.000000,120.000000,120.000000,120.000000,250.000000,250.000000,250.000000,250.000000
1749017541.115988,131.053310,107.000000,90.000000,120.000000,120.000000,120.000000,120.000000,250.000000,250.000000,250.000000,250.000000
1749017541.147118,130.798333,107.000000,90.000000,120.000000,120.000000,120.000000,120.000000,250.000000,250.000000,250.000000,250.000000
1749017541.179688,130.470195,107.000000,90.000000,0.000000,0.000000,0.000000,0.000000,0.000000,0.000000,0.000000,0.000000
1749017541.215971,129.737601,107.000000,90.000000,0.000000,0.000000,0.000000,0.000000,0.000000,0.000000,0.000000,0.000000
1749017541.247982,128.883788,107.000000,90.000000,0.000000,0.000000,0.000000,0.000000,0.000000,0.000000,0.000000,0.000000
1749017541.280185,127.882168,107.000000,90.000000,0.000000,0.000000,0.000000,0.000000,0.000000,0.000000,0.000000,0.000000
1749017541.318652,127.112207,107.000000,90.000000,120.000000,120.000000,120.000000,120.000000,250.000000,250.000000,250.000000,250.000000
1749017541.339493,125.858850,107.000000,90.000000,120.000000,120.000000,120.000000,120.000000,250.000000,250.000000,250.000000,250.000000
1749017541.372117,125.466820,107.000000,90.000000,120.000000,120.000000,120.000000,120.000000,250.000000,250.000000,250.000000,250.000000
1749017541.408126,126.621404,107.000000,90.000000,120.000000,120.000000,120.000000,120.000000,250.000000,250.000000,250.000000,250.000000
1749017541.440330,125.566543,107.000000,90.000000,0.000000,0.000000,0.000000,0.000000,0.000000,0.000000,0.000000,0.000000
1749017541.472288,123.953216,107.000000,90.000000,0.000000,0.000000,0.000000,0.000000,0.000000,0.000000,0.000000,0.000000
1749017541.511072,123.632748,107.000000,90.000000,0.000000,0.000000,0.000000,0.000000,0.000000,0.000000,0.000000,0.000000
1749017541.541726,123.327038,107.000000,90.000000,0.000000,0.000000,0.000000,0.000000,0.000000,0.000000,0.000000,0.000000
1749017541.575458,122.510270,107.000000,90.000000,120.000000,120.000000,120.000000,120.000000,250.000000,250.000000,250.000000,250.000000
1749017541.611696,122.150242,107.000000,90.000000,120.000000,120.000000,120.000000,120.000000,250.000000,250.000000,250.000000,250.000000
1749017541.644789,121.911414,107.000000,90.000000,120.000000,120.000000,120.000000,120.000000,250.000000,250.000000,250.000000,250.000000
1749017541.675635,120.606705,107.000000,90.000000,120.000000,120.000000,120.000000,120.000000,250.000000,250.000000,250.000000,250.000000
1749017541.710949,118.774161,107.000000,90.000000,0.000000,0.000000,0.000000,0.000000,0.000000,0.000000,0.000000,0.000000
1749017541.741774,117.284478,107.000000,90.000000,0.000000,0.000000,0.000000,0.000000,0.000000,0.000000,0.000000,0.000000
1749017541.774779,116.756753,107.000000,90.000000,0.000000,0.000000,0.000000,0.000000,0.000000,0.000000,0.000000,0.000000
1749017541.809053,114.996016,107.000000,90.000000,0.000000,0.000000,0.000000,0.000000,0.000000,0.000000,0.000000,0.000000
1749017541.841703,114.235224,107.000000,90.000000,120.000000,120.000000,120.000000,120.000000,250.000000,250.000000,250.000000,250.000000
1749017541.873992,113.965818,107.000000,90.000000,120.000000,120.000000,120.000000,120.000000,250.000000,250.000000,250.000000,250.000000
1749017541.911076,113.176839,107.000000,90.000000,120.000000,120.000000,120.000000,120.000000,250.000000,250.000000,250.000000,250.000000
1749017541.942229,112.841603,107.000000,90.000000,120.000000,120.000000,120.000000,120.000000,250.000000,250.000000,250.000000,250.000000
1749017541.974870,112.588005,107.000000,90.000000,0.000000,0.000000,0.000000,0.000000,0.000000,0.000000,0.000000,0.000000
1749017542.011903,112.099899,107.000000,90.000000,0.000000,0.000000,0.000000,0.000000,0.000000,0.000000,0.000000,0.000000
1749017542.044393,111.647573,107.000000,90.000000,0.000000,0.000000,0.000000,0.000000,0.000000,0.000000,0.000000,0.000000
1749017542.074713,111.256273,107.000000,90.000000,0.000000,0.000000,0.000000,0.000000,0.000000,0.000000,0.000000,0.000000
1749017542.110018,111.195797,107.000000,90.000000,0.000000,0.000000,0.000000,0.000000,0.000000,0.000000,0.000000,0.000000
1749017542.142318,110.492312,107.000000,90.000000,0.000000,0.000000,0.000000,0.000000,0.000000,0.000000,0.000000,0.000000
1749017542.174283,108.866457,107.000000,90.000000,0.000000,0.000000,0.000000,0.000000,0.000000,0.000000,0.000000,0.000000
1749017542.208983,108.494377,107.000000,90.000000,0.000000,0.000000,0.000000,0.000000,0.000000,0.000000,0.000000,0.000000
1749017542.241754,107.657395,107.000000,90.000000,0.000000,0.000000,0.000000,0.000000,0.000000,0.000000,0.000000,0.000000
1749017542.272856,105.798142,107.000000,90.000000,0.000000,0.000000,0.000000,0.000000,0.000000,0.000000,0.000000,0.000000
1749017542.309391,105.580222,107.000000,90.000000,0.000000,0.000000,0.000000,0.000000,0.000000,0.000000,0.000000,0.000000
1749017542.341794,105.353828,107.000000,90.000000,0.000000,0.000000,0.000000,0.000000,0.000000,0.000000,0.000000,0.000000
1749017542.376902,104.916887,107.000000,90.000000,0.000000,0.000000,0.000000,0.000000,0.000000,0.000000,0.000000,0.000000
1749017542.413805,105.045578,107.000000,90.000000,0.000000,0.000000,0.000000,0.000000,0.000000,0.000000,0.000000,0.000000
1749017542.442036,104.857902,107.000000,90.000000,0.000000,0.000000,0.000000,0.000000,0.000000,0.000000,0.000000,0.000000
1749017542.473946,103.801977,107.000000,90.000000,0.000000,0.000000,0.000000,0.000000,0.000000,0.000000,0.000000,0.000000
1749017542.511162,103.592585,107.000000,90.000000,0.000000,0.000000,0.000000,0.000000,0.000000,0.000000,0.000000,0.000000
1749017542.544794,103.308989,107.000000,90.000000,0.000000,0.000000,0.000000,0.000000,0.000000,0.000000,0.000000,0.000000
1749017542.578691,103.249020,107.000000,90.000000,120.000000,120.000000,120.000000,120.000000,250.000000,250.000000,250.000000,250.000000
1749017542.612704,102.962714,107.000000,90.000000,120.000000,120.000000,120.000000,120.000000,250.000000,250.000000,250.000000,250.000000
1749017542.644756,102.602336,107.000000,90.000000,120.000000,120.000000,120.000000,120.000000,250.000000,250.000000,250.000000,250.000000
1749017542.676290,102.136286,107.000000,90.000000,120.000000,120.000000,120.000000,120.000000,250.000000,250.000000,250.000000,250.000000
1749017542.712518,101.295058,107.000000,90.000000,120.000000,120.000000,120.000000,120.000000,250.000000,250.000000,250.000000,250.000000
1749017542.745026,101.612018,107.000000,90.000000,120.000000,120.000000,120.000000,120.000000,250.000000,250.000000,250.000000,250.000000
1749017542.778249,102.222643,107.000000,90.000000,120.000000,120.000000,120.000000,120.000000,250.000000,250.000000,250.000000,250.000000
1749017542.812614,101.259432,107.000000,90.000000,120.000000,120.000000,120.000000,120.000000,250.000000,250.000000,250.000000,250.000000
1749017542.845787,100.911828,107.000000,90.000000,120.000000,120.000000,120.000000,120.000000,250.000000,250.000000,250.000000,250.000000
1749017542.877946,101.602190,107.000000,90.000000,0.000000,0.000000,0.000000,0.000000,0.000000,0.000000,0.000000,0.000000
1749017542.914430,101.796598,107.000000,90.000000,0.000000,0.000000,0.000000,0.000000,0.000000,0.000000,0.000000,0.000000
1749017542.945424,100.796782,107.000000,90.000000,0.000000,0.000000,0.000000,0.000000,0.000000,0.000000,0.000000,0.000000
1749017542.977656,100.939542,107.000000,90.000000,0.000000,0.000000,0.000000,0.000000,0.000000,0.000000,0.000000,0.000000
1749017543.012012,100.945124,107.000000,90.000000,0.000000,0.000000,0.000000,0.000000,0.000000,0.000000,0.000000,0.000000
1749017543.045059,101.250769,107.000000,90.000000,0.000000,0.000000,0.000000,0.000000,0.000000,0.000000,0.000000,0.000000
1749017543.075689,101.811267,107.000000,90.000000,120.000000,120.000000,120.000000,120.000000,250.000000,250.000000,250.000000,250.000000
1749017543.111567,102.203690,107.000000,90.000000,120.000000,120.000000,120.000000,120.000000,250.000000,250.000000,250.000000,250.000000
1749017543.144050,101.790229,107.000000,90.000000,120.000000,120.000000,120.000000,120.000000,250.000000,250.000000,250.000000,250.000000
1749017543.178402,102.132592,107.000000,90.000000,120.000000,120.000000,120.000000,120.000000,250.000000,250.000000,250.000000,250.000000
1749017543.212782,103.351606,107.000000,90.000000,120.000000,120.000000,120.000000,120.000000,250.000000,250.000000,250.000000,250.000000
1749017543.244523,103.677478,107.000000,90.000000,120.000000,120.000000,120.000000,120.000000,250.000000,250.000000,250.000000,250.000000
1749017543.273894,103.227472,107.000000,90.000000,120.000000,120.000000,120.000000,120.000000,250.000000,250.000000,250.000000,250.000000
1749017543.305499,103.110924,107.000000,90.000000,0.000000,0.000000,0.000000,0.000000,0.000000,0.000000,0.000000,0.000000
1749017543.336950,103.751038,107.000000,90.000000,0.000000,0.000000,0.000000,0.000000,0.000000,0.000000,0.000000,0.000000
1749017543.370801,104.500460,107.000000,90.000000,0.000000,0.000000,0.000000,0.000000,0.000000,0.000000,0.000000,0.000000
1749017543.418039,104.261711,107.000000,90.000000,0.000000,0.000000,0.000000,0.000000,0.000000,0.000000,0.000000,0.000000
1749017543.452387,104.138216,107.000000,90.000000,0.000000,0.000000,0.000000,0.000000,0.000000,0.000000,0.000000,0.000000
1749017543.474514,104.194827,107.000000,90.000000,0.000000,0.000000,0.000000,0.000000,0.000000,0.000000,0.000000,0.000000
1749017543.506979,104.745441,107.000000,90.000000,0.000000,0.000000,0.000000,0.000000,0.000000,0.000000,0.000000,0.000000
1749017543.538650,106.128340,107.000000,90.000000,0.000000,0.000000,0.000000,0.000000,0.000000,0.000000,0.000000,0.000000
1749017543.571411,106.443560,107.000000,90.000000,0.000000,0.000000,0.000000,0.000000,0.000000,0.000000,0.000000,0.000000
1749017543.607855,106.192413,107.000000,90.000000,0.000000,0.000000,0.000000,0.000000,0.000000,0.000000,0.000000,0.000000
1749017543.642488,107.194683,107.000000,90.000000,0.000000,0.000000,0.000000,0.000000,0.000000,0.000000,0.000000,0.000000
1749017543.670449,107.553543,107.000000,90.000000,0.000000,0.000000,0.000000,0.000000,0.000000,0.000000,0.000000,0.000000
1749017543.707566,107.623291,107.000000,90.000000,0.000000,0.000000,0.000000,0.000000,0.000000,0.000000,0.000000,0.000000
1749017543.740150,107.019486,107.000000,90.000000,0.000000,0.000000,0.000000,0.000000,0.000000,0.000000,0.000000,0.000000
1749017543.774754,107.460711,107.000000,90.000000,0.000000,0.000000,0.000000,0.000000,0.000000,0.000000,0.000000,0.000000
1749017543.811824,108.269251,107.000000,90.000000,0.000000,0.000000,0.000000,0.000000,0.000000,0.000000,0.000000,0.000000
1749017543.842987,108.332206,107.000000,90.000000,0.000000,0.000000,0.000000,0.000000,0.000000,0.000000,0.000000,0.000000
1749017543.874562,108.476213,107.000000,90.000000,0.000000,0.000000,0.000000,0.000000,0.000000,0.000000,0.000000,0.000000
1749017543.913096,107.742848,107.000000,90.000000,0.000000,0.000000,0.000000,0.000000,0.000000,0.000000,0.000000,0.000000
1749017543.943919,107.502307,107.000000,90.000000,0.000000,0.000000,0.000000,0.000000,0.000000,0.000000,0.000000,0.000000
1749017543.979028,107.947670,107.000000,90.000000,0.000000,0.000000,0.000000,0.000000,0.000000,0.000000,0.000000,0.000000
1749017544.013842,108.302811,107.000000,90.000000,0.000000,0.000000,0.000000,0.000000,0.000000,0.000000,0.000000,0.000000
1749017544.036051,108.649618,107.000000,90.000000,0.000000,0.000000,0.000000,0.000000,0.000000,0.000000,0.000000,0.000000
1749017544.068360,108.742726,107.000000,90.000000,0.000000,0.000000,0.000000,0.000000,0.000000,0.000000,0.000000,0.000000
1749017544.106893,108.961421,107.000000,90.000000,0.000000,0.000000,0.000000,0.000000,0.000000,0.000000,0.000000,0.000000
1749017544.139768,108.777154,107.000000,90.000000,0.000000,0.000000,0.000000,0.000000,0.000000,0.000000,0.000000,0.000000
1749017544.173724,109.212974,107.000000,90.000000,0.000000,0.000000,0.000000,0.000000,0.000000,0.000000,0.000000,0.000000
1749017544.211496,108.673746,107.000000,90.000000,0.000000,0.000000,0.000000,0.000000,0.000000,0.000000,0.000000,0.000000
1749017544.245618,108.996141,107.000000,90.000000,0.000000,0.000000,0.000000,0.000000,0.000000,0.000000,0.000000,0.000000
1749017544.271799,109.133830,107.000000,90.000000,0.000000,0.000000,0.000000,0.000000,0.000000,0.000000,0.000000,0.000000
1749017544.309075,109.377213,107.000000,90.000000,0.000000,0.000000,0.000000,0.000000,0.000000,0.000000,0.000000,0.000000
1749017544.345020,109.600628,107.000000,90.000000,0.000000,0.000000,0.000000,0.000000,0.000000,0.000000,0.000000,0.000000
1749017544.372541,108.858753,107.000000,90.000000,0.000000,0.000000,0.000000,0.000000,0.000000,0.000000,0.000000,0.000000
1749017544.403937,108.929395,107.000000,90.000000,0.000000,0.000000,0.000000,0.000000,0.000000,0.000000,0.000000,0.000000
1749017544.437087,108.968188,107.000000,90.000000,0.000000,0.000000,0.000000,0.000000,0.000000,0.000000,0.000000,0.000000
1749017544.470402,108.692125,107.000000,90.000000,0.000000,0.000000,0.000000,0.000000,0.000000,0.000000,0.000000,0.000000
1749017544.508841,109.545567,107.000000,90.000000,0.000000,0.000000,0.000000,0.000000,0.000000,0.000000,0.000000,0.000000
1749017544.541730,109.548484,107.000000,90.000000,0.000000,0.000000,0.000000,0.000000,0.000000,0.000000,0.000000,0.000000
1749017544.576162,108.888820,107.000000,90.000000,0.000000,0.000000,0.000000,0.000000,0.000000,0.000000,0.000000,0.000000
1749017544.610920,108.653083,107.000000,90.000000,0.000000,0.000000,0.000000,0.000000,0.000000,0.000000,0.000000,0.000000
1749017544.641029,108.882633,89.000000,90.000000,0.000000,0.000000,0.000000,0.000000,0.000000,0.000000,0.000000,0.000000
1749017544.672574,108.806710,89.000000,90.000000,0.000000,0.000000,0.000000,0.000000,0.000000,0.000000,0.000000,0.000000
1749017544.711300,108.787291,89.000000,90.000000,0.000000,0.000000,0.000000,0.000000,0.000000,0.000000,0.000000,0.000000
1749017544.741790,108.837657,89.000000,90.000000,0.000000,0.000000,0.000000,0.000000,0.000000,0.000000,0.000000,0.000000
1749017544.773135,108.638703,89.000000,90.000000,0.000000,0.000000,0.000000,0.000000,0.000000,0.000000,0.000000,0.000000
1749017544.808110,108.838366,89.000000,90.000000,0.000000,0.000000,0.000000,0.000000,0.000000,0.000000,0.000000,0.000000
1749017544.840811,109.237052,89.000000,90.000000,0.000000,0.000000,0.000000,0.000000,0.000000,0.000000,0.000000,0.000000
1749017544.873025,109.088002,89.000000,90.000000,0.000000,0.000000,0.000000,0.000000,0.000000,0.000000,0.000000,0.000000
1749017544.908789,109.109485,89.000000,90.000000,0.000000,0.000000,0.000000,0.000000,0.000000,0.000000,0.000000,0.000000
1749017544.940572,109.207193,89.000000,120.000000,0.000000,0.000000,0.000000,0.000000,0.000000,0.000000,0.000000,0.000000
1749017544.973745,109.919451,89.000000,90.000000,0.000000,0.000000,0.000000,0.000000,0.000000,0.000000,0.000000,0.000000
1749017545.010633,110.285466,89.000000,90.000000,0.000000,0.000000,0.000000,0.000000,0.000000,0.000000,0.000000,0.000000
1749017545.041395,109.006585,89.000000,90.000000,0.000000,0.000000,0.000000,0.000000,0.000000,0.000000,0.000000,0.000000
1749017545.069528,108.908207,89.000000,120.000000,0.000000,0.000000,0.000000,0.000000,0.000000,0.000000,0.000000,0.000000
1749017545.106306,109.482696,89.000000,90.000000,120.000000,120.000000,120.000000,120.000000,250.000000,250.000000,250.000000,250.000000
1749017545.138638,109.353479,89.000000,90.000000,120.000000,120.000000,120.000000,120.000000,250.000000,250.000000,250.000000,250.000000
1749017545.171354,109.388825,89.000000,90.000000,120.000000,120.000000,120.000000,120.000000,250.000000,250.000000,250.000000,250.000000
1749017545.206593,109.508070,89.000000,90.000000,120.000000,120.000000,120.000000,120.000000,250.000000,250.000000,250.000000,250.000000
1749017545.240288,109.132334,89.000000,90.000000,0.000000,0.000000,0.000000,0.000000,0.000000,0.000000,0.000000,0.000000
1749017545.272596,109.691965,89.000000,90.000000,0.000000,0.000000,0.000000,0.000000,0.000000,0.000000,0.000000,0.000000
1749017545.314465,109.912039,89.000000,90.000000,0.000000,0.000000,0.000000,0.000000,0.000000,0.000000,0.000000,0.000000
1749017545.345695,109.770085,89.000000,90.000000,0.000000,0.000000,0.000000,0.000000,0.000000,0.000000,0.000000,0.000000
1749017545.372440,110.073390,89.000000,90.000000,120.000000,120.000000,120.000000,120.000000,250.000000,250.000000,250.000000,250.000000
1749017545.405357,111.161379,89.000000,90.000000,120.000000,120.000000,120.000000,120.000000,250.000000,250.000000,250.000000,250.000000
1749017545.439299,111.068493,89.000000,90.000000,120.000000,120.000000,120.000000,120.000000,250.000000,250.000000,250.000000,250.000000
1749017545.472355,110.768269,89.000000,90.000000,120.000000,120.000000,120.000000,120.000000,250.000000,250.000000,250.000000,250.000000
1749017545.508428,110.240798,89.000000,90.000000,0.000000,0.000000,0.000000,0.000000,0.000000,0.000000,0.000000,0.000000
1749017545.544772,110.357540,89.000000,90.000000,0.000000,0.000000,0.000000,0.000000,0.000000,0.000000,0.000000,0.000000
1749017545.577565,110.478575,89.000000,90.000000,0.000000,0.000000,0.000000,0.000000,0.000000,0.000000,0.000000,0.000000
1749017545.610528,110.258275,89.000000,90.000000,0.000000,0.000000,0.000000,0.000000,0.000000,0.000000,0.000000,0.000000
1749017545.637770,109.923685,89.000000,90.000000,120.000000,120.000000,120.000000,120.000000,250.000000,250.000000,250.000000,250.000000
1749017545.668026,110.176665,89.000000,90.000000,120.000000,120.000000,120.000000,120.000000,250.000000,250.000000,250.000000,250.000000
1749017545.707007,109.777638,89.000000,90.000000,120.000000,120.000000,120.000000,120.000000,250.000000,250.000000,250.000000,250.000000
1749017545.741104,109.506559,89.000000,90.000000,120.000000,120.000000,120.000000,120.000000,250.000000,250.000000,250.000000,250.000000
1749017545.773422,108.869612,89.000000,90.000000,0.000000,0.000000,0.000000,0.000000,0.000000,0.000000,0.000000,0.000000
1749017545.814545,108.315110,89.000000,90.000000,0.000000,0.000000,0.000000,0.000000,0.000000,0.000000,0.000000,0.000000
1749017545.847302,107.971463,89.000000,90.000000,0.000000,0.000000,0.000000,0.000000,0.000000,0.000000,0.000000,0.000000
1749017545.878038,108.595534,89.000000,90.000000,0.000000,0.000000,0.000000,0.000000,0.000000,0.000000,0.000000,0.000000
1749017545.914135,107.467444,89.000000,90.000000,120.000000,120.000000,120.000000,120.000000,250.000000,250.000000,250.000000,250.000000
1749017545.947840,106.980209,89.000000,90.000000,120.000000,120.000000,120.000000,120.000000,250.000000,250.000000,250.000000,250.000000
1749017545.979877,106.564167,89.000000,90.000000,120.000000,120.000000,120.000000,120.000000,250.000000,250.000000,250.000000,250.000000
1749017546.015975,106.363541,89.000000,90.000000,120.000000,120.000000,120.000000,120.000000,250.000000,250.000000,250.000000,250.000000
1749017546.045052,105.674459,89.000000,90.000000,0.000000,0.000000,0.000000,0.000000,0.000000,0.000000,0.000000,0.000000
1749017546.076981,104.637012,89.000000,90.000000,0.000000,0.000000,0.000000,0.000000,0.000000,0.000000,0.000000,0.000000
1749017546.112531,104.264134,89.000000,90.000000,0.000000,0.000000,0.000000,0.000000,0.000000,0.000000,0.000000,0.000000
1749017546.145305,103.941800,89.000000,90.000000,0.000000,0.000000,0.000000,0.000000,0.000000,0.000000,0.000000,0.000000
1749017546.178440,103.335537,89.000000,90.000000,120.000000,120.000000,120.000000,120.000000,250.000000,250.000000,250.000000,250.000000
1749017546.215206,102.799474,89.000000,90.000000,120.000000,120.000000,120.000000,120.000000,250.000000,250.000000,250.000000,250.000000
1749017546.246268,102.443557,89.000000,90.000000,120.000000,120.000000,120.000000,120.000000,250.000000,250.000000,250.000000,250.000000
1749017546.278899,101.943075,89.000000,90.000000,120.000000,120.000000,120.000000,120.000000,250.000000,250.000000,250.000000,250.000000
1749017546.315151,101.495938,89.000000,90.000000,0.000000,0.000000,0.000000,0.000000,0.000000,0.000000,0.000000,0.000000
1749017546.347002,101.436125,89.000000,90.000000,0.000000,0.000000,0.000000,0.000000,0.000000,0.000000,0.000000,0.000000
1749017546.380065,100.730312,89.000000,90.000000,0.000000,0.000000,0.000000,0.000000,0.000000,0.000000,0.000000,0.000000
1749017546.415263,100.947575,89.000000,90.000000,0.000000,0.000000,0.000000,0.000000,0.000000,0.000000,0.000000,0.000000
1749017546.445740,100.760522,89.000000,90.000000,120.000000,120.000000,120.000000,120.000000,250.000000,250.000000,250.000000,250.000000
1749017546.477119,100.476978,89.000000,90.000000,120.000000,120.000000,120.000000,120.000000,250.000000,250.000000,250.000000,250.000000
1749017546.513542,99.390733,89.000000,90.000000,120.000000,120.000000,120.000000,120.000000,250.000000,250.000000,250.000000,250.000000
1749017546.547463,99.118018,89.000000,90.000000,120.000000,120.000000,120.000000,120.000000,250.000000,250.000000,250.000000,250.000000
1749017546.578457,99.103873,89.000000,90.000000,0.000000,0.000000,0.000000,0.000000,0.000000,0.000000,0.000000,0.000000
1749017546.615116,98.590759,89.000000,90.000000,0.000000,0.000000,0.000000,0.000000,0.000000,0.000000,0.000000,0.000000
1749017546.645902,98.215215,89.000000,90.000000,0.000000,0.000000,0.000000,0.000000,0.000000,0.000000,0.000000,0.000000
1749017546.678879,97.306778,89.000000,90.000000,0.000000,0.000000,0.000000,0.000000,0.000000,0.000000,0.000000,0.000000
1749017546.717939,97.436931,89.000000,90.000000,120.000000,120.000000,120.000000,120.000000,250.000000,250.000000,250.000000,250.000000
1749017546.747752,97.136085,89.000000,90.000000,120.000000,120.000000,120.000000,120.000000,250.000000,250.000000,250.000000,250.000000
1749017546.779713,96.770626,89.000000,90.000000,120.000000,120.000000,120.000000,120.000000,250.000000,250.000000,250.000000,250.000000
1749017546.813993,96.711440,89.000000,90.000000,120.000000,120.000000,120.000000,120.000000,250.000000,250.000000,250.000000,250.000000
1749017546.846049,95.946917,89.000000,90.000000,0.000000,0.000000,0.000000,0.000000,0.000000,0.000000,0.000000,0.000000
1749017546.878900,96.298361,89.000000,90.000000,0.000000,0.000000,0.000000,0.000000,0.000000,0.000000,0.000000,0.000000
1749017546.914049,95.762915,89.000000,90.000000,0.000000,0.000000,0.000000,0.000000,0.000000,0.000000,0.000000,0.000000
1749017546.945445,95.104486,89.000000,90.000000,0.000000,0.000000,0.000000,0.000000,0.000000,0.000000,0.000000,0.000000
1749017546.978036,94.385359,89.000000,90.000000,120.000000,120.000000,120.000000,120.000000,250.000000,250.000000,250.000000,250.000000
1749017547.015106,94.289176,89.000000,90.000000,120.000000,120.000000,120.000000,120.000000,250.000000,250.000000,250.000000,250.000000
1749017547.046464,94.452478,89.000000,90.000000,120.000000,120.000000,120.000000,120.000000,250.000000,250.000000,250.000000,250.000000
1749017547.079084,94.024085,89.000000,90.000000,120.000000,120.000000,120.000000,120.000000,250.000000,250.000000,250.000000,250.000000
1749017547.115364,93.812367,89.000000,90.000000,120.000000,120.000000,120.000000,120.000000,250.000000,250.000000,250.000000,250.000000
1749017547.146028,93.375489,89.000000,90.000000,120.000000,120.000000,120.000000,120.000000,250.000000,250.000000,250.000000,250.000000
1749017547.180553,93.412927,89.000000,90.000000,0.000000,0.000000,0.000000,0.000000,0.000000,0.000000,0.000000,0.000000
1749017547.213985,92.946232,89.000000,90.000000,0.000000,0.000000,0.000000,0.000000,0.000000,0.000000,0.000000,0.000000
1749017547.247026,92.735434,89.000000,90.000000,0.000000,0.000000,0.000000,0.000000,0.000000,0.000000,0.000000,0.000000
1749017547.277868,92.384953,89.000000,90.000000,0.000000,0.000000,0.000000,0.000000,0.000000,0.000000,0.000000,0.000000
1749017547.315136,91.995755,89.000000,90.000000,0.000000,0.000000,0.000000,0.000000,0.000000,0.000000,0.000000,0.000000
1749017547.345611,91.578136,89.000000,90.000000,0.000000,0.000000,0.000000,0.000000,0.000000,0.000000,0.000000,0.000000
1749017547.377768,90.997679,89.000000,90.000000,0.000000,0.000000,0.000000,0.000000,0.000000,0.000000,0.000000,0.000000
1749017547.414685,90.319210,89.000000,90.000000,0.000000,0.000000,0.000000,0.000000,0.000000,0.000000,0.000000,0.000000
1749017547.446041,89.720995,89.000000,90.000000,0.000000,0.000000,0.000000,0.000000,0.000000,0.000000,0.000000,0.000000
1749017547.477158,89.511800,89.000000,90.000000,0.000000,0.000000,0.000000,0.000000,0.000000,0.000000,0.000000,0.000000
1749017547.514875,89.708838,89.000000,90.000000,0.000000,0.000000,0.000000,0.000000,0.000000,0.000000,0.000000,0.000000
1749017547.545312,89.202637,89.000000,90.000000,0.000000,0.000000,0.000000,0.000000,0.000000,0.000000,0.000000,0.000000
1749017547.578393,90.070417,89.000000,90.000000,0.000000,0.000000,0.000000,0.000000,0.000000,0.000000,0.000000,0.000000
1749017547.614098,90.470716,89.000000,90.000000,0.000000,0.000000,0.000000,0.000000,0.000000,0.000000,0.000000,0.000000
1749017547.646914,90.038332,89.000000,90.000000,0.000000,0.000000,0.000000,0.000000,0.000000,0.000000,0.000000,0.000000
1749017547.678015,89.638106,89.000000,90.000000,0.000000,0.000000,0.000000,0.000000,0.000000,0.000000,0.000000,0.000000
1749017547.714755,89.985291,89.000000,90.000000,0.000000,0.000000,0.000000,0.000000,0.000000,0.000000,0.000000,0.000000
1749017547.746079,90.524206,89.000000,90.000000,0.000000,0.000000,0.000000,0.000000,0.000000,0.000000,0.000000,0.000000
1749017547.779273,90.689819,89.000000,90.000000,0.000000,0.000000,0.000000,0.000000,0.000000,0.000000,0.000000,0.000000
1749017547.813239,90.307584,89.000000,90.000000,0.000000,0.000000,0.000000,0.000000,0.000000,0.000000,0.000000,0.000000
1749017547.846409,90.662223,89.000000,90.000000,0.000000,0.000000,0.000000,0.000000,0.000000,0.000000,0.000000,0.000000
1749017547.877903,90.507100,89.000000,90.000000,0.000000,0.000000,0.000000,0.000000,0.000000,0.000000,0.000000,0.000000
1749017547.914252,90.333225,89.000000,90.000000,0.000000,0.000000,0.000000,0.000000,0.000000,0.000000,0.000000,0.000000
1749017547.945525,90.561487,89.000000,90.000000,0.000000,0.000000,0.000000,0.000000,0.000000,0.000000,0.000000,0.000000
1749017547.978900,90.053885,89.000000,90.000000,0.000000,0.000000,0.000000,0.000000,0.000000,0.000000,0.000000,0.000000
1749017548.014588,89.979501,89.000000,90.000000,0.000000,0.000000,0.000000,0.000000,0.000000,0.000000,0.000000,0.000000
1749017548.048789,90.612619,89.000000,90.000000,0.000000,0.000000,0.000000,0.000000,0.000000,0.000000,0.000000,0.000000
1749017548.079162,90.355283,89.000000,90.000000,0.000000,0.000000,0.000000,0.000000,0.000000,0.000000,0.000000,0.000000
1749017548.115475,90.609259,89.000000,90.000000,0.000000,0.000000,0.000000,0.000000,0.000000,0.000000,0.000000,0.000000
1749017548.146494,90.621026,89.000000,90.000000,0.000000,0.000000,0.000000,0.000000,0.000000,0.000000,0.000000,0.000000
1749017548.178809,90.288110,89.000000,90.000000,0.000000,0.000000,0.000000,0.000000,0.000000,0.000000,0.000000,0.000000
1749017548.214454,90.407930,89.000000,90.000000,0.000000,0.000000,0.000000,0.000000,0.000000,0.000000,0.000000,0.000000
1749017548.246770,90.955754,89.000000,90.000000,0.000000,0.000000,0.000000,0.000000,0.000000,0.000000,0.000000,0.000000
1749017548.278122,90.974059,89.000000,90.000000,0.000000,0.000000,0.000000,0.000000,0.000000,0.000000,0.000000,0.000000
1749017548.313860,90.413391,89.000000,90.000000,0.000000,0.000000,0.000000,0.000000,0.000000,0.000000,0.000000,0.000000
1749017548.346261,90.495987,89.000000,90.000000,0.000000,0.000000,0.000000,0.000000,0.000000,0.000000,0.000000,0.000000
1749017548.376970,90.766222,89.000000,90.000000,0.000000,0.000000,0.000000,0.000000,0.000000,0.000000,0.000000,0.000000
1749017548.413006,90.594099,89.000000,90.000000,0.000000,0.000000,0.000000,0.000000,0.000000,0.000000,0.000000,0.000000
1749017548.450440,90.110280,89.000000,90.000000,0.000000,0.000000,0.000000,0.000000,0.000000,0.000000,0.000000,0.000000
1749017548.479638,90.013025,89.000000,90.000000,0.000000,0.000000,0.000000,0.000000,0.000000,0.000000,0.000000,0.000000
1749017548.511922,90.199849,89.000000,90.000000,0.000000,0.000000,0.000000,0.000000,0.000000,0.000000,0.000000,0.000000
1749017548.542639,90.541159,89.000000,90.000000,0.000000,0.000000,0.000000,0.000000,0.000000,0.000000,0.000000,0.000000
1749017548.578644,90.620514,89.000000,90.000000,0.000000,0.000000,0.000000,0.000000,0.000000,0.000000,0.000000,0.000000
1749017548.613092,90.243267,89.000000,90.000000,0.000000,0.000000,0.000000,0.000000,0.000000,0.000000,0.000000,0.000000
1749017548.645940,90.429913,89.000000,90.000000,0.000000,0.000000,0.000000,0.000000,0.000000,0.000000,0.000000,0.000000
1749017548.677931,89.980148,89.000000,90.000000,0.000000,0.000000,0.000000,0.000000,0.000000,0.000000,0.000000,0.000000
1749017548.713711,89.905664,89.000000,90.000000,0.000000,0.000000,0.000000,0.000000,0.000000,0.000000,0.000000,0.000000
1749017548.744080,90.493349,119.000000,90.000000,0.000000,0.000000,0.000000,0.000000,0.000000,0.000000,0.000000,0.000000
1749017548.776591,90.232917,119.000000,90.000000,0.000000,0.000000,0.000000,0.000000,0.000000,0.000000,0.000000,0.000000
1749017548.814767,90.136594,119.000000,90.000000,0.000000,0.000000,0.000000,0.000000,0.000000,0.000000,0.000000,0.000000
1749017548.847344,90.131002,119.000000,90.000000,0.000000,0.000000,0.000000,0.000000,0.000000,0.000000,0.000000,0.000000
1749017548.878042,90.325490,119.000000,90.000000,0.000000,0.000000,0.000000,0.000000,0.000000,0.000000,0.000000,0.000000
1749017548.913279,90.477284,119.000000,90.000000,0.000000,0.000000,0.000000,0.000000,0.000000,0.000000,0.000000,0.000000
1749017548.946029,89.945822,119.000000,90.000000,0.000000,0.000000,0.000000,0.000000,0.000000,0.000000,0.000000,0.000000
1749017548.978482,89.941205,119.000000,90.000000,0.000000,0.000000,0.000000,0.000000,0.000000,0.000000,0.000000,0.000000
1749017549.012536,90.144720,119.000000,90.000000,0.000000,0.000000,0.000000,0.000000,0.000000,0.000000,0.000000,0.000000
1749017549.046566,90.011192,119.000000,90.000000,0.000000,0.000000,0.000000,0.000000,0.000000,0.000000,0.000000,0.000000
1749017549.076972,90.012291,119.000000,90.000000,0.000000,0.000000,0.000000,0.000000,0.000000,0.000000,0.000000,0.000000
1749017549.113795,90.160509,119.000000,90.000000,0.000000,0.000000,0.000000,0.000000,0.000000,0.000000,0.000000,0.000000
1749017549.144946,89.866687,119.000000,90.000000,0.000000,0.000000,0.000000,0.000000,0.000000,0.000000,0.000000,0.000000
1749017549.178632,89.877170,119.000000,90.000000,0.000000,0.000000,0.000000,0.000000,0.000000,0.000000,0.000000,0.000000
1749017549.213488,90.176345,119.000000,120.000000,0.000000,0.000000,0.000000,0.000000,0.000000,0.000000,0.000000,0.000000
1749017549.247207,90.019128,119.000000,90.000000,0.000000,0.000000,0.000000,0.000000,0.000000,0.000000,0.000000,0.000000
1749017549.276495,90.018314,119.000000,90.000000,0.000000,0.000000,0.000000,0.000000,0.000000,0.000000,0.000000,0.000000
1749017549.313390,90.015293,119.000000,90.000000,0.000000,0.000000,0.000000,0.000000,0.000000,0.000000,0.000000,0.000000
1749017549.345157,89.849172,119.000000,120.000000,0.000000,0.000000,0.000000,0.000000,0.000000,0.000000,0.000000,0.000000
1749017549.377525,90.052720,119.000000,90.000000,120.000000,120.000000,120.000000,120.000000,250.000000,250.000000,250.000000,250.000000
1749017549.412860,90.073842,119.000000,90.000000,120.000000,120.000000,120.000000,120.000000,250.000000,250.000000,250.000000,250.000000
1749017549.445483,90.027994,119.000000,90.000000,120.000000,120.000000,120.000000,120.000000,250.000000,250.000000,250.000000,250.000000
1749017549.478099,89.980517,119.000000,90.000000,120.000000,120.000000,120.000000,120.000000,250.000000,250.000000,250.000000,250.000000
1749017549.513688,89.369951,119.000000,90.000000,0.000000,0.000000,0.000000,0.000000,0.000000,0.000000,0.000000,0.000000
1749017549.545155,89.760854,119.000000,90.000000,0.000000,0.000000,0.000000,0.000000,0.000000,0.000000,0.000000,0.000000
1749017549.579967,90.136304,119.000000,90.000000,0.000000,0.000000,0.000000,0.000000,0.000000,0.000000,0.000000,0.000000
1749017549.613559,90.077215,119.000000,90.000000,0.000000,0.000000,0.000000,0.000000,0.000000,0.000000,0.000000,0.000000
1749017549.644834,90.009540,119.000000,90.000000,120.000000,120.000000,120.000000,120.000000,250.000000,250.000000,250.000000,250.000000
1749017549.676350,90.016493,119.000000,90.000000,120.000000,120.000000,120.000000,120.000000,250.000000,250.000000,250.000000,250.000000
1749017549.712597,89.708392,119.000000,90.000000,120.000000,120.000000,120.000000,120.000000,250.000000,250.000000,250.000000,250.000000
1749017549.744647,89.560364,119.000000,90.000000,120.000000,120.000000,120.000000,120.000000,250.000000,250.000000,250.000000,250.000000
1749017549.777533,89.927677,119.000000,90.000000,0.000000,0.000000,0.000000,0.000000,0.000000,0.000000,0.000000,0.000000
1749017549.813078,89.924149,119.000000,90.000000,0.000000,0.000000,0.000000,0.000000,0.000000,0.000000,0.000000,0.000000
1749017549.845048,90.026834,119.000000,90.000000,0.000000,0.000000,0.000000,0.000000,0.000000,0.000000,0.000000,0.000000
1749017549.878014,90.292565,119.000000,90.000000,0.000000,0.000000,0.000000,0.000000,0.000000,0.000000,0.000000,0.000000
1749017549.914305,90.789401,119.000000,90.000000,120.000000,120.000000,120.000000,120.000000,250.000000,250.000000,250.000000,250.000000
1749017549.945035,90.953601,119.000000,90.000000,120.000000,120.000000,120.000000,120.000000,250.000000,250.000000,250.000000,250.000000
1749017549.979005,91.242785,119.000000,90.000000,120.000000,120.000000,120.000000,120.000000,250.000000,250.000000,250.000000,250.000000
1749017550.013249,91.756153,119.000000,90.000000,120.000000,120.000000,120.000000,120.000000,250.000000,250.000000,250.000000,250.000000
1749017550.045615,91.345546,119.000000,90.000000,0.000000,0.000000,0.000000,0.000000,0.000000,0.000000,0.000000,0.000000
1749017550.077074,91.786353,119.000000,90.000000,0.000000,0.000000,0.000000,0.000000,0.000000,0.000000,0.000000,0.000000
1749017550.111517,92.383017,119.000000,90.000000,0.000000,0.000000,0.000000,0.000000,0.000000,0.000000,0.000000,0.000000
1749017550.143176,92.832123,119.000000,90.000000,0.000000,0.000000,0.000000,0.000000,0.000000,0.000000,0.000000,0.000000
1749017550.175925,93.201491,119.000000,90.000000,120.000000,120.000000,120.000000,120.000000,250.000000,250.000000,250.000000,250.000000
1749017550.212143,93.971184,119.000000,90.000000,120.000000,120.000000,120.000000,120.000000,250.000000,250.000000,250.000000,250.000000
1749017550.246287,94.861400,119.000000,90.000000,120.000000,120.000000,120.000000,120.000000,250.000000,250.000000,250.000000,250.000000
1749017550.278023,96.259857,119.000000,90.000000,120.000000,120.000000,120.000000,120.000000,250.000000,250.000000,250.000000,250.000000
1749017550.314094,94.876065,119.000000,90.000000,0.000000,0.000000,0.000000,0.000000,0.000000,0.000000,0.000000,0.000000
1749017550.345237,94.675498,119.000000,90.000000,0.000000,0.000000,0.000000,0.000000,0.000000,0.000000,0.000000,0.000000
1749017550.377900,95.885873,119.000000,90.000000,0.000000,0.000000,0.000000,0.000000,0.000000,0.000000,0.000000,0.000000
1749017550.413744,96.278594,119.000000,90.000000,0.000000,0.000000,0.000000,0.000000,0.000000,0.000000,0.000000,0.000000
1749017550.444094,96.641527,119.000000,90.000000,120.000000,120.000000,120.000000,120.000000,250.000000,250.000000,250.000000,250.000000
1749017550.477906,96.992739,119.000000,90.000000,120.000000,120.000000,120.000000,120.000000,250.000000,250.000000,250.000000,250.000000
1749017550.512888,96.881285,119.000000,90.000000,120.000000,120.000000,120.000000,120.000000,250.000000,250.000000,250.000000,250.000000
1749017550.538568,97.564629,119.000000,90.000000,120.000000,120.000000,120.000000,120.000000,250.000000,250.000000,250.000000,250.000000
1749017550.569028,98.066521,119.000000,90.000000,0.000000,0.000000,0.000000,0.000000,0.000000,0.000000,0.000000,0.000000
1749017550.605810,98.639314,119.000000,90.000000,0.000000,0.000000,0.000000,0.000000,0.000000,0.000000,0.000000,0.000000
1749017550.638859,98.593841,119.000000,90.000000,0.000000,0.000000,0.000000,0.000000,0.000000,0.000000,0.000000,0.000000
1749017550.673023,99.083229,119.000000,90.000000,0.000000,0.000000,0.000000,0.000000,0.000000,0.000000,0.000000,0.000000
1749017550.714602,99.561431,119.000000,90.000000,120.000000,120.000000,120.000000,120.000000,250.000000,250.000000,250.000000,250.000000
1749017550.746868,100.334576,119.000000,90.000000,120.000000,120.000000,120.000000,120.000000,250.000000,250.000000,250.000000,250.000000
1749017550.779227,99.988274,119.000000,90.000000,120.000000,120.000000,120.000000,120.000000,250.000000,250.000000,250.000000,250.000000
1749017550.815342,99.682087,119.000000,90.000000,120.000000,120.000000,120.000000,120.000000,250.000000,250.000000,250.000000,250.000000
1749017550.848325,100.274931,119.000000,90.000000,0.000000,0.000000,0.000000,0.000000,0.000000,0.000000,0.000000,0.000000
1749017550.880218,100.590634,119.000000,90.000000,0.000000,0.000000,0.000000,0.000000,0.000000,0.000000,0.000000,0.000000
1749017550.920389,101.226724,119.000000,90.000000,0.000000,0.000000,0.000000,0.000000,0.000000,0.000000,0.000000,0.000000
1749017550.947531,101.635818,119.000000,90.000000,0.000000,0.000000,0.000000,0.000000,0.000000,0.000000,0.000000,0.000000
1749017550.978948,101.340931,119.000000,90.000000,120.000000,120.000000,120.000000,120.000000,250.000000,250.000000,250.000000,250.000000
1749017551.017124,102.245224,119.000000,90.000000,120.000000,120.000000,120.000000,120.000000,250.000000,250.000000,250.000000,250.000000
1749017551.047260,101.758057,119.000000,90.000000,120.000000,120.000000,120.000000,120.000000,250.000000,250.000000,250.000000,250.000000
1749017551.079542,101.690958,119.000000,90.000000,120.000000,120.000000,120.000000,120.000000,250.000000,250.000000,250.000000,250.000000
1749017551.116925,102.296296,119.000000,90.000000,0.000000,0.000000,0.000000,0.000000,0.000000,0.000000,0.000000,0.000000
1749017551.146864,103.093313,119.000000,90.000000,0.000000,0.000000,0.000000,0.000000,0.000000,0.000000,0.000000,0.000000
1749017551.179625,103.388953,119.000000,90.000000,0.000000,0.000000,0.000000,0.000000,0.000000,0.000000,0.000000,0.000000
1749017551.214890,103.569186,119.000000,90.000000,0.000000,0.000000,0.000000,0.000000,0.000000,0.000000,0.000000,0.000000
1749017551.250083,104.117229,119.000000,90.000000,120.000000,120.000000,120.000000,120.000000,250.000000,250.000000,250.000000,250.000000
1749017551.280764,104.110972,119.000000,90.000000,120.000000,120.000000,120.000000,120.000000,250.000000,250.000000,250.000000,250.000000
1749017551.318852,104.958660,119.000000,90.000000,120.000000,120.000000,120.000000,120.000000,250.000000,250.000000,250.000000,250.000000
1749017551.346592,105.268716,119.000000,90.000000,120.000000,120.000000,120.000000,120.000000,250.000000,250.000000,250.000000,250.000000
1749017551.379447,105.543154,119.000000,90.000000,0.000000,0.000000,0.000000,0.000000,0.000000,0.000000,0.000000,0.000000
1749017551.416027,105.769962,119.000000,90.000000,0.000000,0.000000,0.000000,0.000000,0.000000,0.000000,0.000000,0.000000
1749017551.446948,106.902717,119.000000,90.000000,0.000000,0.000000,0.000000,0.000000,0.000000,0.000000,0.000000,0.000000
1749017551.479184,106.904840,119.000000,90.000000,0.000000,0.000000,0.000000,0.000000,0.000000,0.000000,0.000000,0.000000
1749017551.515798,106.406688,119.000000,90.000000,120.000000,120.000000,120.000000,120.000000,250.000000,250.000000,250.000000,250.000000
1749017551.549106,107.245197,119.000000,90.000000,120.000000,120.000000,120.000000,120.000000,250.000000,250.000000,250.000000,250.000000
1749017551.579736,107.844669,119.000000,90.000000,120.000000,120.000000,120.000000,120.000000,250.000000,250.000000,250.000000,250.000000
1749017551.615494,107.302405,119.000000,90.000000,120.000000,120.000000,120.000000,120.000000,250.000000,250.000000,250.000000,250.000000
1749017551.648168,108.089274,119.000000,90.000000,0.000000,0.000000,0.000000,0.000000,0.000000,0.000000,0.000000,0.000000
1749017551.681342,108.038941,119.000000,90.000000,0.000000,0.000000,0.000000,0.000000,0.000000,0.000000,0.000000,0.000000
1749017551.717506,108.005603,119.000000,90.000000,0.000000,0.000000,0.000000,0.000000,0.000000,0.000000,0.000000,0.000000
1749017551.746101,108.582457,119.000000,90.000000,0.000000,0.000000,0.000000,0.000000,0.000000,0.000000,0.000000,0.000000
1749017551.778997,109.867928,119.000000,90.000000,120.000000,120.000000,120.000000,120.000000,250.000000,250.000000,250.000000,250.000000
1749017551.815681,109.688316,119.000000,90.000000,120.000000,120.000000,120.000000,120.000000,250.000000,250.000000,250.000000,250.000000
1749017551.846440,109.920837,119.000000,90.000000,120.000000,120.000000,120.000000,120.000000,250.000000,250.000000,250.000000,250.000000
1749017551.879521,110.398258,119.000000,90.000000,120.000000,120.000000,120.000000,120.000000,250.000000,250.000000,250.000000,250.000000
1749017551.916046,112.006202,119.000000,90.000000,0.000000,0.000000,0.000000,0.000000,0.000000,0.000000,0.000000,0.000000
1749017551.947051,111.057364,119.000000,90.000000,0.000000,0.000000,0.000000,0.000000,0.000000,0.000000,0.000000,0.000000
1749017551.979944,111.661909,119.000000,90.000000,0.000000,0.000000,0.000000,0.000000,0.000000,0.000000,0.000000,0.000000
1749017552.015402,112.646329,119.000000,90.000000,0.000000,0.000000,0.000000,0.000000,0.000000,0.000000,0.000000,0.000000
1749017552.049981,113.569511,119.000000,90.000000,120.000000,120.000000,120.000000,120.000000,250.000000,250.000000,250.000000,250.000000
1749017552.085932,113.340932,119.000000,90.000000,120.000000,120.000000,120.000000,120.000000,250.000000,250.000000,250.000000,250.000000
1749017552.118011,114.183029,119.000000,90.000000,120.000000,120.000000,120.000000,120.000000,250.000000,250.000000,250.000000,250.000000
1749017552.147049,113.806027,119.000000,90.000000,120.000000,120.000000,120.000000,120.000000,250.000000,250.000000,250.000000,250.000000
1749017552.179518,113.709780,119.000000,90.000000,120.000000,120.000000,120.000000,120.000000,250.000000,250.000000,250.000000,250.000000
1749017552.214499,114.432092,119.000000,90.000000,120.000000,120.000000,120.000000,120.000000,250.000000,250.000000,250.000000,250.000000
1749017552.246874,115.447450,119.000000,90.000000,0.000000,0.000000,0.000000,0.000000,0.000000,0.000000,0.000000,0.000000
1749017552.278694,115.244035,119.000000,90.000000,0.000000,0.000000,0.000000,0.000000,0.000000,0.000000,0.000000,0.000000
1749017552.315786,116.850658,119.000000,90.000000,0.000000,0.000000,0.000000,0.000000,0.000000,0.000000,0.000000,0.000000
1749017552.348011,116.344279,119.000000,90.000000,0.000000,0.000000,0.000000,0.000000,0.000000,0.000000,0.000000,0.000000
1749017552.379359,117.720473,119.000000,90.000000,0.000000,0.000000,0.000000,0.000000,0.000000,0.000000,0.000000,0.000000
1749017552.415448,118.598085,119.000000,90.000000,0.000000,0.000000,0.000000,0.000000,0.000000,0.000000,0.000000,0.000000
1749017552.448568,118.284089,119.000000,90.000000,0.000000,0.000000,0.000000,0.000000,0.000000,0.000000,0.000000,0.000000
1749017552.479633,118.740508,119.000000,90.000000,0.000000,0.000000,0.000000,0.000000,0.000000,0.000000,0.000000,0.000000
1749017552.518072,120.340766,119.000000,90.000000,0.000000,0.000000,0.000000,0.000000,0.000000,0.000000,0.000000,0.000000
1749017552.547668,120.121636,119.000000,90.000000,0.000000,0.000000,0.000000,0.000000,0.000000,0.000000,0.000000,0.000000
1749017552.579886,120.383909,119.000000,90.000000,0.000000,0.000000,0.000000,0.000000,0.000000,0.000000,0.000000,0.000000
1749017552.615635,121.143084,119.000000,90.000000,0.000000,0.000000,0.000000,0.000000,0.000000,0.000000,0.000000,0.000000
1749017552.647949,121.405178,119.000000,90.000000,0.000000,0.000000,0.000000,0.000000,0.000000,0.000000,0.000000,0.000000
1749017552.679809,121.928849,119.000000,90.000000,0.000000,0.000000,0.000000,0.000000,0.000000,0.000000,0.000000,0.000000
1749017552.714082,121.756258,119.000000,90.000000,0.000000,0.000000,0.000000,0.000000,0.000000,0.000000,0.000000,0.000000
1749017552.745592,122.331276,119.000000,90.000000,0.000000,0.000000,0.000000,0.000000,0.000000,0.000000,0.000000,0.000000
1749017552.778118,122.658403,119.000000,90.000000,0.000000,0.000000,0.000000,0.000000,0.000000,0.000000,0.000000,0.000000
1749017552.814966,122.631849,119.000000,90.000000,0.000000,0.000000,0.000000,0.000000,0.000000,0.000000,0.000000,0.000000
1749017552.847111,123.958794,119.000000,90.000000,0.000000,0.000000,0.000000,0.000000,0.000000,0.000000,0.000000,0.000000
1749017552.879009,123.592675,119.000000,90.000000,0.000000,0.000000,0.000000,0.000000,0.000000,0.000000,0.000000,0.000000
1749017552.915816,122.606392,119.000000,90.000000,0.000000,0.000000,0.000000,0.000000,0.000000,0.000000,0.000000,0.000000
1749017552.947046,123.736638,119.000000,90.000000,0.000000,0.000000,0.000000,0.000000,0.000000,0.000000,0.000000,0.000000
1749017552.980371,124.380693,119.000000,90.000000,120.000000,120.000000,120.000000,120.000000,250.000000,250.000000,250.000000,250.000000
1749017553.016376,123.264555,119.000000,90.000000,120.000000,120.000000,120.000000,120.000000,250.000000,250.000000,250.000000,250.000000
1749017553.049585,123.879345,119.000000,90.000000,120.000000,120.000000,120.000000,120.000000,250.000000,250.000000,250.000000,250.000000
1749017553.080148,124.353496,119.000000,90.000000,120.000000,120.000000,120.000000,120.000000,250.000000,250.000000,250.000000,250.000000
1749017553.117175,124.744659,119.000000,90.000000,120.000000,120.000000,120.000000,120.000000,250.000000,250.000000,250.000000,250.000000
1749017553.146524,124.637615,119.000000,90.000000,120.000000,120.000000,120.000000,120.000000,250.000000,250.000000,250.000000,250.000000
1749017553.178867,123.775121,119.000000,90.000000,0.000000,0.000000,0.000000,0.000000,0.000000,0.000000,0.000000,0.000000
1749017553.214466,124.765499,119.000000,90.000000,0.000000,0.000000,0.000000,0.000000,0.000000,0.000000,0.000000,0.000000
1749017553.247100,124.328033,119.000000,90.000000,0.000000,0.000000,0.000000,0.000000,0.000000,0.000000,0.000000,0.000000
1749017553.278949,125.181033,119.000000,90.000000,0.000000,0.000000,0.000000,0.000000,0.000000,0.000000,0.000000,0.000000
1749017553.317002,124.841731,119.000000,90.000000,0.000000,0.000000,0.000000,0.000000,0.000000,0.000000,0.000000,0.000000
1749017553.347150,124.115802,119.000000,90.000000,0.000000,0.000000,0.000000,0.000000,0.000000,0.000000,0.000000,0.000000
1749017553.381488,124.319396,119.000000,90.000000,0.000000,0.000000,0.000000,0.000000,0.000000,0.000000,0.000000,0.000000
1749017553.416295,125.206689,119.000000,90.000000,120.000000,120.000000,120.000000,120.000000,250.000000,250.000000,250.000000,250.000000
1749017553.449863,124.695765,119.000000,90.000000,120.000000,120.000000,120.000000,120.000000,250.000000,250.000000,250.000000,250.000000
1749017553.479962,123.563445,119.000000,90.000000,120.000000,120.000000,120.000000,120.000000,250.000000,250.000000,250.000000,250.000000
1749017553.516694,124.575669,119.000000,90.000000,120.000000,120.000000,120.000000,120.000000,250.000000,250.000000,250.000000,250.000000
1749017553.547029,124.082306,119.000000,90.000000,120.000000,120.000000,120.000000,120.000000,250.000000,250.000000,250.000000,250.000000
1749017553.580183,124.238396,119.000000,90.000000,0.000000,0.000000,0.000000,0.000000,0.000000,0.000000,0.000000,0.000000
1749017553.614777,123.477545,119.000000,90.000000,0.000000,0.000000,0.000000,0.000000,0.000000,0.000000,0.000000,0.000000
1749017553.647928,123.016453,119.000000,90.000000,0.000000,0.000000,0.000000,0.000000,0.000000,0.000000,0.000000,0.000000
1749017553.678838,123.388428,119.000000,90.000000,0.000000,0.000000,0.000000,0.000000,0.000000,0.000000,0.000000,0.000000
1749017553.717510,122.603238,119.000000,90.000000,0.000000,0.000000,0.000000,0.000000,0.000000,0.000000,0.000000,0.000000
1749017553.747159,122.636934,119.000000,90.000000,0.000000,0.000000,0.000000,0.000000,0.000000,0.000000,0.000000,0.000000
1749017553.781535,122.265587,119.000000,90.000000,0.000000,0.000000,0.000000,0.000000,0.000000,0.000000,0.000000,0.000000
1749017553.817970,121.875720,119.000000,90.000000,120.000000,120.000000,120.000000,120.000000,250.000000,250.000000,250.000000,250.000000
1749017553.849537,120.641954,119.000000,90.000000,120.000000,120.000000,120.000000,120.000000,250.000000,250.000000,250.000000,250.000000
1749017553.880053,120.209418,119.000000,90.000000,120.000000,120.000000,120.000000,120.000000,250.000000,250.000000,250.000000,250.000000
1749017553.915252,119.907725,119.000000,90.000000,120.000000,120.000000,120.000000,120.000000,250.000000,250.000000,250.000000,250.000000
1749017553.946610,119.853606,119.000000,90.000000,120.000000,120.000000,120.000000,120.000000,250.000000,250.000000,250.000000,250.000000
1749017553.982029,119.442626,119.000000,90.000000,120.000000,120.000000,120.000000,120.000000,250.000000,250.000000,250.000000,250.000000
1749017554.016733,118.340572,119.000000,90.000000,120.000000,120.000000,120.000000,120.000000,250.000000,250.000000,250.000000,250.000000
1749017554.046723,118.381588,119.000000,90.000000,120.000000,120.000000,120.000000,120.000000,250.000000,250.000000,250.000000,250.000000
1749017554.078591,118.357188,119.000000,90.000000,120.000000,120.000000,120.000000,120.000000,250.000000,250.000000,250.000000,250.000000
1749017554.114440,118.709614,119.000000,90.000000,120.000000,120.000000,120.000000,120.000000,250.000000,250.000000,250.000000,250.000000
1749017554.146702,117.818773,119.000000,90.000000,0.000000,0.000000,0.000000,0.000000,0.000000,0.000000,0.000000,0.000000
1749017554.181379,117.240513,119.000000,90.000000,0.000000,0.000000,0.000000,0.000000,0.000000,0.000000,0.000000,0.000000
1749017554.215822,117.279729,119.000000,90.000000,0.000000,0.000000,0.000000,0.000000,0.000000,0.000000,0.000000,0.000000
1749017554.253284,117.092468,119.000000,90.000000,0.000000,0.000000,0.000000,0.000000,0.000000,0.000000,0.000000,0.000000
1749017554.279686,115.962812,119.000000,90.000000,0.000000,0.000000,0.000000,0.000000,0.000000,0.000000,0.000000,0.000000
1749017554.315621,115.564795,119.000000,90.000000,0.000000,0.000000,0.000000,0.000000,0.000000,0.000000,0.000000,0.000000
1749017554.347023,115.109815,119.000000,90.000000,0.000000,0.000000,0.000000,0.000000,0.000000,0.000000,0.000000,0.000000
1749017554.379491,114.377671,119.000000,90.000000,0.000000,0.000000,0.000000,0.000000,0.000000,0.000000,0.000000,0.000000
1749017554.415126,114.307044,119.000000,90.000000,0.000000,0.000000,0.000000,0.000000,0.000000,0.000000,0.000000,0.000000
1749017554.448115,114.414147,119.000000,90.000000,0.000000,0.000000,0.000000,0.000000,0.000000,0.000000,0.000000,0.000000
1749017554.479195,114.363035,119.000000,90.000000,0.000000,0.000000,0.000000,0.000000,0.000000,0.000000,0.000000,0.000000
1749017554.515038,113.994401,119.000000,90.000000,0.000000,0.000000,0.000000,0.000000,0.000000,0.000000,0.000000,0.000000
1749017554.548334,113.784307,119.000000,90.000000,0.000000,0.000000,0.000000,0.000000,0.000000,0.000000,0.000000,0.000000
1749017554.580318,114.236571,119.000000,90.000000,120.000000,120.000000,120.000000,120.000000,250.000000,250.000000,250.000000,250.000000
1749017554.615707,113.639645,119.000000,90.000000,120.000000,120.000000,120.000000,120.000000,250.000000,250.000000,250.000000,250.000000
1749017554.651681,113.085246,119.000000,90.000000,120.000000,120.000000,120.000000,120.000000,250.000000,250.000000,250.000000,250.000000
1749017554.678714,112.627697,119.000000,90.000000,120.000000,120.000000,120.000000,120.000000,250.000000,250.000000,250.000000,250.000000
1749017554.716660,112.987033,119.000000,90.000000,120.000000,120.000000,120.000000,120.000000,250.000000,250.000000,250.000000,250.000000
1749017554.747414,112.394430,119.000000,90.000000,120.000000,120.000000,120.000000,120.000000,250.000000,250.000000,250.000000,250.000000
1749017554.779969,112.559988,119.000000,90.000000,120.000000,120.000000,120.000000,120.000000,250.000000,250.000000,250.000000,250.000000
1749017554.815964,111.875931,119.000000,90.000000,0.000000,0.000000,0.000000,0.000000,0.000000,0.000000,0.000000,0.000000
1749017554.847263,111.390821,119.000000,90.000000,0.000000,0.000000,0.000000,0.000000,0.000000,0.000000,0.000000,0.000000
1749017554.879552,111.734948,119.000000,90.000000,0.000000,0.000000,0.000000,0.000000,0.000000,0.000000,0.000000,0.000000
1749017554.917025,112.029014,119.000000,90.000000,0.000000,0.000000,0.000000,0.000000,0.000000,0.000000,0.000000,0.000000
1749017554.947072,111.673089,119.000000,90.000000,120.000000,120.000000,120.000000,120.000000,250.000000,250.000000,250.000000,250.000000
1749017554.979585,111.177830,119.000000,90.000000,120.000000,120.000000,120.000000,120.000000,250.000000,250.000000,250.000000,250.000000
1749017555.013496,111.716711,119.000000,90.000000,120.000000,120.000000,120.000000,120.000000,250.000000,250.000000,250.000000,250.000000
1749017555.048744,111.382451,119.000000,90.000000,120.000000,120.000000,120.000000,120.000000,250.000000,250.000000,250.000000,250.000000
1749017555.078589,110.750463,119.000000,90.000000,0.000000,0.000000,0.000000,0.000000,0.000000,0.000000,0.000000,0.000000
1749017555.117023,109.985420,119.000000,90.000000,0.000000,0.000000,0.000000,0.000000,0.000000,0.000000,0.000000,0.000000
1749017555.147143,110.343371,119.000000,90.000000,0.000000,0.000000,0.000000,0.000000,0.000000,0.000000,0.000000,0.000000
1749017555.179903,109.876486,119.000000,90.000000,0.000000,0.000000,0.000000,0.000000,0.000000,0.000000,0.000000,0.000000
1749017555.216699,109.368026,119.000000,90.000000,120.000000,120.000000,120.000000,120.000000,250.000000,250.000000,250.000000,250.000000
1749017555.247977,109.198123,119.000000,90.000000,120.000000,120.000000,120.000000,120.000000,250.000000,250.000000,250.000000,250.000000
1749017555.279111,108.446492,119.000000,90.000000,120.000000,120.000000,120.000000,120.000000,250.000000,250.000000,250.000000,250.000000
1749017555.315836,108.063062,119.000000,90.000000,120.000000,120.000000,120.000000,120.000000,250.000000,250.000000,250.000000,250.000000
1749017555.348045,107.808361,119.000000,90.000000,0.000000,0.000000,0.000000,0.000000,0.000000,0.000000,0.000000,0.000000
1749017555.379960,107.776842,119.000000,90.000000,0.000000,0.000000,0.000000,0.000000,0.000000,0.000000,0.000000,0.000000
1749017555.414917,107.406080,119.000000,90.000000,0.000000,0.000000,0.000000,0.000000,0.000000,0.000000,0.000000,0.000000
1749017555.446247,106.628555,119.000000,90.000000,0.000000,0.000000,0.000000,0.000000,0.000000,0.000000,0.000000,0.000000
1749017555.479373,107.504440,119.000000,90.000000,120.000000,120.000000,120.000000,120.000000,250.000000,250.000000,250.000000,250.000000
1749017555.519109,106.586294,119.000000,90.000000,120.000000,120.000000,120.000000,120.000000,250.000000,250.000000,250.000000,250.000000
1749017555.546945,106.087623,119.000000,90.000000,120.000000,120.000000,120.000000,120.000000,250.000000,250.000000,250.000000,250.000000
1749017555.571791,106.198459,119.000000,90.000000,120.000000,120.000000,120.000000,120.000000,250.000000,250.000000,250.000000,250.000000
1749017555.605894,106.464563,119.000000,90.000000,0.000000,0.000000,0.000000,0.000000,0.000000,0.000000,0.000000,0.000000
1749017555.638082,106.036307,119.000000,90.000000,0.000000,0.000000,0.000000,0.000000,0.000000,0.000000,0.000000,0.000000
1749017555.672809,106.020539,119.000000,90.000000,0.000000,0.000000,0.000000,0.000000,0.000000,0.000000,0.000000,0.000000
1749017555.732179,105.890138,119.000000,90.000000,0.000000,0.000000,0.000000,0.000000,0.000000,0.000000,0.000000,0.000000
1749017555.774509,106.390200,119.000000,90.000000,120.000000,120.000000,120.000000,120.000000,250.000000,250.000000,250.000000,250.000000
1749017555.817232,106.685407,119.000000,90.000000,120.000000,120.000000,120.000000,120.000000,250.000000,250.000000,250.000000,250.000000
1749017555.862101,107.274826,119.000000,90.000000,120.000000,120.000000,120.000000,120.000000,250.000000,250.000000,250.000000,250.000000
1749017555.908400,107.694271,119.000000,90.000000,120.000000,120.000000,120.000000,120.000000,250.000000,250.000000,250.000000,250.000000
1749017555.957120,107.644262,119.000000,90.000000,0.000000,0.000000,0.000000,0.000000,0.000000,0.000000,0.000000,0.000000
1749017555.988244,107.937135,119.000000,90.000000,0.000000,0.000000,0.000000,0.000000,0.000000,0.000000,0.000000,0.000000
1749017556.007803,108.851995,119.000000,90.000000,0.000000,0.000000,0.000000,0.000000,0.000000,0.000000,0.000000,0.000000
1749017556.033014,108.786176,119.000000,90.000000,0.000000,0.000000,0.000000,0.000000,0.000000,0.000000,0.000000,0.000000
1749017556.058131,108.958791,119.000000,90.000000,120.000000,120.000000,120.000000,120.000000,250.000000,250.000000,250.000000,250.000000
1749017556.084933,108.916471,119.000000,90.000000,120.000000,120.000000,120.000000,120.000000,250.000000,250.000000,250.000000,250.000000
1749017556.111172,109.497167,119.000000,90.000000,120.000000,120.000000,120.000000,120.000000,250.000000,250.000000,250.000000,250.000000
1749017556.148312,110.980696,119.000000,90.000000,120.000000,120.000000,120.000000,120.000000,250.000000,250.000000,250.000000,250.000000
1749017556.178817,112.362842,119.000000,90.000000,0.000000,0.000000,0.000000,0.000000,0.000000,0.000000,0.000000,0.000000
1749017556.208693,112.596850,119.000000,90.000000,0.000000,0.000000,0.000000,0.000000,0.000000,0.000000,0.000000,0.000000
1749017556.238748,113.175506,119.000000,90.000000,0.000000,0.000000,0.000000,0.000000,0.000000,0.000000,0.000000,0.000000
1749017556.269066,114.476749,119.000000,90.000000,0.000000,0.000000,0.000000,0.000000,0.000000,0.000000,0.000000,0.000000
1749017556.297826,115.544146,119.000000,90.000000,0.000000,0.000000,0.000000,0.000000,0.000000,0.000000,0.000000,0.000000
1749017556.329786,115.750891,119.000000,90.000000,120.000000,120.000000,120.000000,120.000000,250.000000,250.000000,250.000000,250.000000
1749017556.360943,115.634864,119.000000,90.000000,120.000000,120.000000,120.000000,120.000000,250.000000,250.000000,250.000000,250.000000
1749017556.394165,116.345677,119.000000,90.000000,120.000000,120.000000,120.000000,120.000000,250.000000,250.000000,250.000000,250.000000
1749017556.424979,116.495229,119.000000,90.000000,120.000000,120.000000,120.000000,120.000000,250.000000,250.000000,250.000000,250.000000
1749017556.455441,116.271248,119.000000,90.000000,120.000000,120.000000,120.000000,120.000000,250.000000,250.000000,250.000000,250.000000
1749017556.485301,116.757573,119.000000,90.000000,120.000000,120.000000,120.000000,120.000000,250.000000,250.000000,250.000000,250.000000
1749017556.519301,117.266847,119.000000,90.000000,120.000000,120.000000,120.000000,120.000000,250.000000,250.000000,250.000000,250.000000
1749017556.550905,116.904562,119.000000,90.000000,120.000000,120.000000,120.000000,120.000000,250.000000,250.000000,250.000000,250.000000
1749017556.583591,117.812142,119.000000,90.000000,120.000000,120.000000,120.000000,120.000000,250.000000,250.000000,250.000000,250.000000
1749017556.619057,119.513823,119.000000,90.000000,120.000000,120.000000,120.000000,120.000000,250.000000,250.000000,250.000000,250.000000
1749017556.651123,119.280500,119.000000,90.000000,0.000000,0.000000,0.000000,0.000000,0.000000,0.000000,0.000000,0.000000
1749017556.682201,120.084358,119.000000,90.000000,0.000000,0.000000,0.000000,0.000000,0.000000,0.000000,0.000000,0.000000
1749017556.719980,120.550023,119.000000,90.000000,0.000000,0.000000,0.000000,0.000000,0.000000,0.000000,0.000000,0.000000
1749017556.753124,120.605274,119.000000,90.000000,0.000000,0.000000,0.000000,0.000000,0.000000,0.000000,0.000000,0.000000
1749017556.786749,120.818199,119.000000,90.000000,0.000000,0.000000,0.000000,0.000000,0.000000,0.000000,0.000000,0.000000
1749017556.819680,120.710739,119.000000,90.000000,0.000000,0.000000,0.000000,0.000000,0.000000,0.000000,0.000000,0.000000
1749017556.844443,121.855042,119.000000,90.000000,0.000000,0.000000,0.000000,0.000000,0.000000,0.000000,0.000000,0.000000
1749017556.875944,121.621815,119.000000,90.000000,0.000000,0.000000,0.000000,0.000000,0.000000,0.000000,0.000000,0.000000
1749017556.912577,121.709229,119.000000,90.000000,0.000000,0.000000,0.000000,0.000000,0.000000,0.000000,0.000000,0.000000
1749017556.948030,122.373160,119.000000,90.000000,0.000000,0.000000,0.000000,0.000000,0.000000,0.000000,0.000000,0.000000
1749017556.982173,123.011577,119.000000,90.000000,0.000000,0.000000,0.000000,0.000000,0.000000,0.000000,0.000000,0.000000
1749017557.019270,122.584661,119.000000,90.000000,0.000000,0.000000,0.000000,0.000000,0.000000,0.000000,0.000000,0.000000
1749017557.048826,123.300064,119.000000,90.000000,0.000000,0.000000,0.000000,0.000000,0.000000,0.000000,0.000000,0.000000
1749017557.080484,123.764013,119.000000,90.000000,0.000000,0.000000,0.000000,0.000000,0.000000,0.000000,0.000000,0.000000
1749017557.117025,124.586525,119.000000,90.000000,120.000000,120.000000,120.000000,120.000000,250.000000,250.000000,250.000000,250.000000
1749017557.151145,124.453886,119.000000,90.000000,120.000000,120.000000,120.000000,120.000000,250.000000,250.000000,250.000000,250.000000
1749017557.184335,124.393689,119.000000,90.000000,120.000000,120.000000,120.000000,120.000000,250.000000,250.000000,250.000000,250.000000
1749017557.218016,124.730214,119.000000,90.000000,120.000000,120.000000,120.000000,120.000000,250.000000,250.000000,250.000000,250.000000
1749017557.248728,125.128675,119.000000,90.000000,120.000000,120.000000,120.000000,120.000000,250.000000,250.000000,250.000000,250.000000
1749017557.280593,125.284754,119.000000,90.000000,120.000000,120.000000,120.000000,120.000000,250.000000,250.000000,250.000000,250.000000
1749017557.317606,126.477780,119.000000,90.000000,0.000000,0.000000,0.000000,0.000000,0.000000,0.000000,0.000000,0.000000
1749017557.347826,125.260017,119.000000,90.000000,0.000000,0.000000,0.000000,0.000000,0.000000,0.000000,0.000000,0.000000
1749017557.380342,125.026109,119.000000,90.000000,0.000000,0.000000,0.000000,0.000000,0.000000,0.000000,0.000000,0.000000
1749017557.417187,125.815774,119.000000,90.000000,0.000000,0.000000,0.000000,0.000000,0.000000,0.000000,0.000000,0.000000
1749017557.448996,125.852479,119.000000,90.000000,120.000000,120.000000,120.000000,120.000000,250.000000,250.000000,250.000000,250.000000
1749017557.481141,125.941188,119.000000,90.000000,120.000000,120.000000,120.000000,120.000000,250.000000,250.000000,250.000000,250.000000
1749017557.517835,126.115911,119.000000,90.000000,120.000000,120.000000,120.000000,120.000000,250.000000,250.000000,250.000000,250.000000
1749017557.549201,126.426215,119.000000,90.000000,120.000000,120.000000,120.000000,120.000000,250.000000,250.000000,250.000000,250.000000
1749017557.581078,127.179091,119.000000,90.000000,0.000000,0.000000,0.000000,0.000000,0.000000,0.000000,0.000000,0.000000
1749017557.616320,125.989217,119.000000,90.000000,0.000000,0.000000,0.000000,0.000000,0.000000,0.000000,0.000000,0.000000
1749017557.648790,126.460340,119.000000,90.000000,0.000000,0.000000,0.000000,0.000000,0.000000,0.000000,0.000000,0.000000
1749017557.680738,125.528092,119.000000,90.000000,0.000000,0.000000,0.000000,0.000000,0.000000,0.000000,0.000000,0.000000
1749017557.717130,125.502376,119.000000,90.000000,120.000000,120.000000,120.000000,120.000000,250.000000,250.000000,250.000000,250.000000
1749017557.747138,125.296683,119.000000,90.000000,120.000000,120.000000,120.000000,120.000000,250.000000,250.000000,250.000000,250.000000
1749017557.780859,125.454400,119.000000,90.000000,120.000000,120.000000,120.000000,120.000000,250.000000,250.000000,250.000000,250.000000
1749017557.816561,124.472789,119.000000,90.000000,120.000000,120.000000,120.000000,120.000000,250.000000,250.000000,250.000000,250.000000
1749017557.848409,124.095063,119.000000,90.000000,120.000000,120.000000,120.000000,120.000000,250.000000,250.000000,250.000000,250.000000
1749017557.875492,123.438063,119.000000,90.000000,0.000000,0.000000,0.000000,0.000000,0.000000,0.000000,0.000000,0.000000
1749017557.912681,123.015499,119.000000,90.000000,0.000000,0.000000,0.000000,0.000000,0.000000,0.000000,0.000000,0.000000
1749017557.944705,122.911371,119.000000,90.000000,0.000000,0.000000,0.000000,0.000000,0.000000,0.000000,0.000000,0.000000
1749017557.977510,121.932798,119.000000,90.000000,0.000000,0.000000,0.000000,0.000000,0.000000,0.000000,0.000000,0.000000
1749017558.012868,121.366816,119.000000,90.000000,0.000000,0.000000,0.000000,0.000000,0.000000,0.000000,0.000000,0.000000
1749017558.043306,120.879428,119.000000,90.000000,0.000000,0.000000,0.000000,0.000000,0.000000,0.000000,0.000000,0.000000
1749017558.076881,119.754234,119.000000,90.000000,0.000000,0.000000,0.000000,0.000000,0.000000,0.000000,0.000000,0.000000
1749017558.115834,120.219460,119.000000,90.000000,0.000000,0.000000,0.000000,0.000000,0.000000,0.000000,0.000000,0.000000
1749017558.140835,119.814135,119.000000,90.000000,0.000000,0.000000,0.000000,0.000000,0.000000,0.000000,0.000000,0.000000
1749017558.169739,119.184160,119.000000,90.000000,0.000000,0.000000,0.000000,0.000000,0.000000,0.000000,0.000000,0.000000
1749017558.204408,117.718363,119.000000,90.000000,0.000000,0.000000,0.000000,0.000000,0.000000,0.000000,0.000000,0.000000
1749017558.236619,116.746468,126.000000,90.000000,0.000000,0.000000,0.000000,0.000000,0.000000,0.000000,0.000000,0.000000
1749017558.269938,116.422802,126.000000,90.000000,0.000000,0.000000,0.000000,0.000000,0.000000,0.000000,0.000000,0.000000
1749017558.313096,116.206964,126.000000,90.000000,0.000000,0.000000,0.000000,0.000000,0.000000,0.000000,0.000000,0.000000
1749017558.345199,115.679643,126.000000,90.000000,0.000000,0.000000,0.000000,0.000000,0.000000,0.000000,0.000000,0.000000
1749017558.378717,115.708680,126.000000,90.000000,0.000000,0.000000,0.000000,0.000000,0.000000,0.000000,0.000000,0.000000
1749017558.415369,115.970892,126.000000,90.000000,0.000000,0.000000,0.000000,0.000000,0.000000,0.000000,0.000000,0.000000
1749017558.447955,115.456355,126.000000,90.000000,0.000000,0.000000,0.000000,0.000000,0.000000,0.000000,0.000000,0.000000
1749017558.481699,115.361350,126.000000,90.000000,0.000000,0.000000,0.000000,0.000000,0.000000,0.000000,0.000000,0.000000
1749017558.516269,115.573549,126.000000,90.000000,0.000000,0.000000,0.000000,0.000000,0.000000,0.000000,0.000000,0.000000
1749017558.546893,114.692871,126.000000,90.000000,0.000000,0.000000,0.000000,0.000000,0.000000,0.000000,0.000000,0.000000
1749017558.578452,114.413655,126.000000,90.000000,0.000000,0.000000,0.000000,0.000000,0.000000,0.000000,0.000000,0.000000
1749017558.614762,114.665089,126.000000,90.000000,0.000000,0.000000,0.000000,0.000000,0.000000,0.000000,0.000000,0.000000
1749017558.644688,114.708313,126.000000,90.000000,0.000000,0.000000,0.000000,0.000000,0.000000,0.000000,0.000000,0.000000
1749017558.676460,114.097469,126.000000,120.000000,0.000000,0.000000,0.000000,0.000000,0.000000,0.000000,0.000000,0.000000
1749017558.712929,112.948131,126.000000,90.000000,0.000000,0.000000,0.000000,0.000000,0.000000,0.000000,0.000000,0.000000
1749017558.744968,112.908856,126.000000,90.000000,0.000000,0.000000,0.000000,0.000000,0.000000,0.000000,0.000000,0.000000
1749017558.778298,113.551012,126.000000,90.000000,0.000000,0.000000,0.000000,0.000000,0.000000,0.000000,0.000000,0.000000
1749017558.813710,113.103236,126.000000,120.000000,0.000000,0.000000,0.000000,0.000000,0.000000,0.000000,0.000000,0.000000
1749017558.848087,112.897006,126.000000,90.000000,120.000000,120.000000,120.000000,120.000000,250.000000,250.000000,250.000000,250.000000
1749017558.879640,112.805851,126.000000,90.000000,120.000000,120.000000,120.000000,120.000000,250.000000,250.000000,250.000000,250.000000
1749017558.915834,112.660525,126.000000,90.000000,120.000000,120.000000,120.000000,120.000000,250.000000,250.000000,250.000000,250.000000
1749017558.950722,113.260485,126.000000,90.000000,120.000000,120.000000,120.000000,120.000000,250.000000,250.000000,250.000000,250.000000
1749017558.984910,113.475184,126.000000,90.000000,0.000000,0.000000,0.000000,0.000000,0.000000,0.000000,0.000000,0.000000
1749017559.015815,113.123797,126.000000,90.000000,0.000000,0.000000,0.000000,0.000000,0.000000,0.000000,0.000000,0.000000
1749017559.039816,112.870673,126.000000,90.000000,0.000000,0.000000,0.000000,0.000000,0.000000,0.000000,0.000000,0.000000
1749017559.069825,113.257600,126.000000,90.000000,0.000000,0.000000,0.000000,0.000000,0.000000,0.000000,0.000000,0.000000
1749017559.103909,112.915818,126.000000,90.000000,120.000000,120.000000,120.000000,120.000000,250.000000,250.000000,250.000000,250.000000
1749017559.136248,112.993132,126.000000,90.000000,120.000000,120.000000,120.000000,120.000000,250.000000,250.000000,250.000000,250.000000
1749017559.173308,113.019849,126.000000,90.000000,120.000000,120.000000,120.000000,120.000000,250.000000,250.000000,250.000000,250.000000
1749017559.234210,112.924212,126.000000,90.000000,120.000000,120.000000,120.000000,120.000000,250.000000,250.000000,250.000000,250.000000
1749017559.280446,113.105642,126.000000,90.000000,0.000000,0.000000,0.000000,0.000000,0.000000,0.000000,0.000000,0.000000
1749017559.325063,112.500910,126.000000,90.000000,0.000000,0.000000,0.000000,0.000000,0.000000,0.000000,0.000000,0.000000
1749017559.372089,112.114152,126.000000,90.000000,0.000000,0.000000,0.000000,0.000000,0.000000,0.000000,0.000000,0.000000
1749017559.404483,111.013991,126.000000,90.000000,0.000000,0.000000,0.000000,0.000000,0.000000,0.000000,0.000000,0.000000
1749017559.436637,110.509987,126.000000,90.000000,120.000000,120.000000,120.000000,120.000000,250.000000,250.000000,250.000000,250.000000
1749017559.465450,110.297902,126.000000,90.000000,120.000000,120.000000,120.000000,120.000000,250.000000,250.000000,250.000000,250.000000
1749017559.495449,109.834482,126.000000,90.000000,120.000000,120.000000,120.000000,120.000000,250.000000,250.000000,250.000000,250.000000
1749017559.524882,109.322914,126.000000,90.000000,120.000000,120.000000,120.000000,120.000000,250.000000,250.000000,250.000000,250.000000
1749017559.555314,108.979517,126.000000,90.000000,0.000000,0.000000,0.000000,0.000000,0.000000,0.000000,0.000000,0.000000
1749017559.585423,108.511695,126.000000,90.000000,0.000000,0.000000,0.000000,0.000000,0.000000,0.000000,0.000000,0.000000
1749017559.617018,107.947633,126.000000,90.000000,0.000000,0.000000,0.000000,0.000000,0.000000,0.000000,0.000000,0.000000
1749017559.646546,107.411245,126.000000,90.000000,0.000000,0.000000,0.000000,0.000000,0.000000,0.000000,0.000000,0.000000
1749017559.676433,107.612291,126.000000,90.000000,120.000000,120.000000,120.000000,120.000000,250.000000,250.000000,250.000000,250.000000
1749017559.708065,107.189132,126.000000,90.000000,120.000000,120.000000,120.000000,120.000000,250.000000,250.000000,250.000000,250.000000
1749017559.741213,106.779138,126.000000,90.000000,120.000000,120.000000,120.000000,120.000000,250.000000,250.000000,250.000000,250.000000
1749017559.773156,105.544843,126.000000,90.000000,120.000000,120.000000,120.000000,120.000000,250.000000,250.000000,250.000000,250.000000
1749017559.796008,105.752800,126.000000,90.000000,0.000000,0.000000,0.000000,0.000000,0.000000,0.000000,0.000000,0.000000
1749017559.817965,105.344067,126.000000,90.000000,0.000000,0.000000,0.000000,0.000000,0.000000,0.000000,0.000000,0.000000
1749017559.842342,104.078470,126.000000,90.000000,0.000000,0.000000,0.000000,0.000000,0.000000,0.000000,0.000000,0.000000
1749017559.871658,102.507676,126.000000,90.000000,0.000000,0.000000,0.000000,0.000000,0.000000,0.000000,0.000000,0.000000
1749017559.908860,102.259141,126.000000,90.000000,120.000000,120.000000,120.000000,120.000000,250.000000,250.000000,250.000000,250.000000
1749017559.946419,101.254174,126.000000,90.000000,120.000000,120.000000,120.000000,120.000000,250.000000,250.000000,250.000000,250.000000
1749017559.983040,100.096960,126.000000,90.000000,120.000000,120.000000,120.000000,120.000000,250.000000,250.000000,250.000000,250.000000
1749017560.019121,98.673337,126.000000,90.000000,120.000000,120.000000,120.000000,120.000000,250.000000,250.000000,250.000000,250.000000
1749017560.052122,99.015796,126.000000,90.000000,0.000000,0.000000,0.000000,0.000000,0.000000,0.000000,0.000000,0.000000
1749017560.082619,98.026301,126.000000,90.000000,0.000000,0.000000,0.000000,0.000000,0.000000,0.000000,0.000000,0.000000
1749017560.122885,97.115330,126.000000,90.000000,0.000000,0.000000,0.000000,0.000000,0.000000,0.000000,0.000000,0.000000
1749017560.154157,96.460860,126.000000,90.000000,0.000000,0.000000,0.000000,0.000000,0.000000,0.000000,0.000000,0.000000
1749017560.185251,96.459639,126.000000,90.000000,120.000000,120.000000,120.000000,120.000000,250.000000,250.000000,250.000000,250.000000
1749017560.218921,95.366783,126.000000,90.000000,120.000000,120.000000,120.000000,120.000000,250.000000,250.000000,250.000000,250.000000
1749017560.251956,95.675173,126.000000,90.000000,120.000000,120.000000,120.000000,120.000000,250.000000,250.000000,250.000000,250.000000
1749017560.282073,95.224125,126.000000,90.000000,120.000000,120.000000,120.000000,120.000000,250.000000,250.000000,250.000000,250.000000
1749017560.319613,94.171820,126.000000,90.000000,0.000000,0.000000,0.000000,0.000000,0.000000,0.000000,0.000000,0.000000
1749017560.350858,93.213936,126.000000,90.000000,0.000000,0.000000,0.000000,0.000000,0.000000,0.000000,0.000000,0.000000
1749017560.382799,93.290060,126.000000,90.000000,0.000000,0.000000,0.000000,0.000000,0.000000,0.000000,0.000000,0.000000
1749017560.419608,92.796352,126.000000,90.000000,0.000000,0.000000,0.000000,0.000000,0.000000,0.000000,0.000000,0.000000
1749017560.453227,92.737714,126.000000,90.000000,120.000000,120.000000,120.000000,120.000000,250.000000,250.000000,250.000000,250.000000
1749017560.482917,92.094532,126.000000,90.000000,120.000000,120.000000,120.000000,120.000000,250.000000,250.000000,250.000000,250.000000
1749017560.519103,92.269419,126.000000,90.000000,120.000000,120.000000,120.000000,120.000000,250.000000,250.000000,250.000000,250.000000
1749017560.549986,91.442446,126.000000,90.000000,120.000000,120.000000,120.000000,120.000000,250.000000,250.000000,250.000000,250.000000
1749017560.577582,90.703136,126.000000,90.000000,0.000000,0.000000,0.000000,0.000000,0.000000,0.000000,0.000000,0.000000
1749017560.611176,90.214978,126.000000,90.000000,0.000000,0.000000,0.000000,0.000000,0.000000,0.000000,0.000000,0.000000
1749017560.647070,90.702383,126.000000,90.000000,0.000000,0.000000,0.000000,0.000000,0.000000,0.000000,0.000000,0.000000
1749017560.683404,90.572965,126.000000,90.000000,0.000000,0.000000,0.000000,0.000000,0.000000,0.000000,0.000000,0.000000
1749017560.714082,90.351048,126.000000,90.000000,120.000000,120.000000,120.000000,120.000000,250.000000,250.000000,250.000000,250.000000
1749017560.745539,89.778219,126.000000,90.000000,120.000000,120.000000,120.000000,120.000000,250.000000,250.000000,250.000000,250.000000
1749017560.777802,89.520741,126.000000,90.000000,120.000000,120.000000,120.000000,120.000000,250.000000,250.000000,250.000000,250.000000
1749017560.813504,89.435530,126.000000,90.000000,120.000000,120.000000,120.000000,120.000000,250.000000,250.000000,250.000000,250.000000
1749017560.845779,89.436621,126.000000,90.000000,0.000000,0.000000,0.000000,0.000000,0.000000,0.000000,0.000000,0.000000
1749017560.877460,89.741227,126.000000,90.000000,0.000000,0.000000,0.000000,0.000000,0.000000,0.000000,0.000000,0.000000
1749017560.913863,89.982250,126.000000,90.000000,0.000000,0.000000,0.000000,0.000000,0.000000,0.000000,0.000000,0.000000
1749017560.945533,90.059914,126.000000,90.000000,0.000000,0.000000,0.000000,0.000000,0.000000,0.000000,0.000000,0.000000
1749017560.978966,90.670755,126.000000,90.000000,120.000000,120.000000,120.000000,120.000000,250.000000,250.000000,250.000000,250.000000
1749017561.012498,90.139208,126.000000,90.000000,120.000000,120.000000,120.000000,120.000000,250.000000,250.000000,250.000000,250.000000
1749017561.046395,89.116560,126.000000,90.000000,120.000000,120.000000,120.000000,120.000000,250.000000,250.000000,250.000000,250.000000
1749017561.078713,89.490180,126.000000,90.000000,120.000000,120.000000,120.000000,120.000000,250.000000,250.000000,250.000000,250.000000
1749017561.113924,90.284264,126.000000,90.000000,0.000000,0.000000,0.000000,0.000000,0.000000,0.000000,0.000000,0.000000
1749017561.144914,89.722856,126.000000,90.000000,0.000000,0.000000,0.000000,0.000000,0.000000,0.000000,0.000000,0.000000
1749017561.177990,89.323703,126.000000,90.000000,0.000000,0.000000,0.000000,0.000000,0.000000,0.000000,0.000000,0.000000
1749017561.222167,89.952558,126.000000,90.000000,0.000000,0.000000,0.000000,0.000000,0.000000,0.000000,0.000000,0.000000
1749017561.258174,90.776078,126.000000,90.000000,120.000000,120.000000,120.000000,120.000000,250.000000,250.000000,250.000000,250.000000
1749017561.292831,90.864255,126.000000,90.000000,120.000000,120.000000,120.000000,120.000000,250.000000,250.000000,250.000000,250.000000
1749017561.320207,90.968390,126.000000,90.000000,120.000000,120.000000,120.000000,120.000000,250.000000,250.000000,250.000000,250.000000
1749017561.342651,91.272571,126.000000,90.000000,120.000000,120.000000,120.000000,120.000000,250.000000,250.000000,250.000000,250.000000
1749017561.373067,91.825096,126.000000,90.000000,0.000000,0.000000,0.000000,0.000000,0.000000,0.000000,0.000000,0.000000
1749017561.407650,92.245174,126.000000,90.000000,0.000000,0.000000,0.000000,0.000000,0.000000,0.000000,0.000000,0.000000
1749017561.442104,92.139597,126.000000,90.000000,0.000000,0.000000,0.000000,0.000000,0.000000,0.000000,0.000000,0.000000
1749017561.473298,92.086144,126.000000,90.000000,0.000000,0.000000,0.000000,0.000000,0.000000,0.000000,0.000000,0.000000
1749017561.507963,92.383232,126.000000,90.000000,120.000000,120.000000,120.000000,120.000000,250.000000,250.000000,250.000000,250.000000
1749017561.540659,93.049654,126.000000,90.000000,120.000000,120.000000,120.000000,120.000000,250.000000,250.000000,250.000000,250.000000
1749017561.574894,92.810338,126.000000,90.000000,120.000000,120.000000,120.000000,120.000000,250.000000,250.000000,250.000000,250.000000
1749017561.610444,93.690685,126.000000,90.000000,120.000000,120.000000,120.000000,120.000000,250.000000,250.000000,250.000000,250.000000
1749017561.644634,94.197557,126.000000,90.000000,0.000000,0.000000,0.000000,0.000000,0.000000,0.000000,0.000000,0.000000
1749017561.709446,94.307293,126.000000,90.000000,0.000000,0.000000,0.000000,0.000000,0.000000,0.000000,0.000000,0.000000
1749017561.734935,94.093168,126.000000,90.000000,0.000000,0.000000,0.000000,0.000000,0.000000,0.000000,0.000000,0.000000
1749017561.756045,95.283815,126.000000,90.000000,0.000000,0.000000,0.000000,0.000000,0.000000,0.000000,0.000000,0.000000
1749017561.783047,96.215341,126.000000,90.000000,120.000000,120.000000,120.000000,120.000000,250.000000,250.000000,250.000000,250.000000
1749017561.812004,96.680326,126.000000,90.000000,120.000000,120.000000,120.000000,120.000000,250.000000,250.000000,250.000000,250.000000
1749017561.842979,97.420335,126.000000,90.000000,120.000000,120.000000,120.000000,120.000000,250.000000,250.000000,250.000000,250.000000
1749017561.874692,97.444725,126.000000,90.000000,120.000000,120.000000,120.000000,120.000000,250.000000,250.000000,250.000000,250.000000
1749017561.909848,96.875432,126.000000,90.000000,0.000000,0.000000,0.000000,0.000000,0.000000,0.000000,0.000000,0.000000
1749017561.944321,97.461863,126.000000,90.000000,0.000000,0.000000,0.000000,0.000000,0.000000,0.000000,0.000000,0.000000
1749017561.976781,98.878691,126.000000,90.000000,0.000000,0.000000,0.000000,0.000000,0.000000,0.000000,0.000000,0.000000
1749017562.017627,98.881606,126.000000,90.000000,0.000000,0.000000,0.000000,0.000000,0.000000,0.000000,0.000000,0.000000
1749017562.048815,98.648771,126.000000,90.000000,120.000000,120.000000,120.000000,120.000000,250.000000,250.000000,250.000000,250.000000
1749017562.080956,99.956095,126.000000,90.000000,120.000000,120.000000,120.000000,120.000000,250.000000,250.000000,250.000000,250.000000
1749017562.117029,100.227192,126.000000,90.000000,120.000000,120.000000,120.000000,120.000000,250.000000,250.000000,250.000000,250.000000
1749017562.149486,100.453801,126.000000,90.000000,120.000000,120.000000,120.000000,120.000000,250.000000,250.000000,250.000000,250.000000
1749017562.182580,101.185804,126.000000,90.000000,0.000000,0.000000,0.000000,0.000000,0.000000,0.000000,0.000000,0.000000
1749017562.219562,82.168898,126.000000,90.000000,0.000000,0.000000,0.000000,0.000000,0.000000,0.000000,0.000000,0.000000
1749017562.252384,94.891468,126.000000,90.000000,0.000000,0.000000,0.000000,0.000000,0.000000,0.000000,0.000000,0.000000
1749017562.272216,106.495757,126.000000,90.000000,0.000000,0.000000,0.000000,0.000000,0.000000,0.000000,0.000000,0.000000
1749017562.306711,104.286644,126.000000,90.000000,120.000000,120.000000,120.000000,120.000000,250.000000,250.000000,250.000000,250.000000
1749017562.338667,102.320273,126.000000,90.000000,120.000000,120.000000,120.000000,120.000000,250.000000,250.000000,250.000000,250.000000
1749017562.371024,102.796035,126.000000,90.000000,120.000000,120.000000,120.000000,120.000000,250.000000,250.000000,250.000000,250.000000
1749017562.407769,103.454094,126.000000,90.000000,120.000000,120.000000,120.000000,120.000000,250.000000,250.000000,250.000000,250.000000
1749017562.440491,103.846814,126.000000,90.000000,0.000000,0.000000,0.000000,0.000000,0.000000,0.000000,0.000000,0.000000
1749017562.472034,103.787626,126.000000,90.000000,0.000000,0.000000,0.000000,0.000000,0.000000,0.000000,0.000000,0.000000
1749017562.509586,104.438220,126.000000,90.000000,0.000000,0.000000,0.000000,0.000000,0.000000,0.000000,0.000000,0.000000
1749017562.544006,104.644666,126.000000,90.000000,0.000000,0.000000,0.000000,0.000000,0.000000,0.000000,0.000000,0.000000
1749017562.575223,105.115269,126.000000,90.000000,120.000000,120.000000,120.000000,120.000000,250.000000,250.000000,250.000000,250.000000
1749017562.610918,106.318563,126.000000,90.000000,120.000000,120.000000,120.000000,120.000000,250.000000,250.000000,250.000000,250.000000
1749017562.642570,108.207016,126.000000,90.000000,120.000000,120.000000,120.000000,120.000000,250.000000,250.000000,250.000000,250.000000
1749017562.674887,98.263199,126.000000,90.000000,120.000000,120.000000,120.000000,120.000000,250.000000,250.000000,250.000000,250.000000
1749017562.710152,108.950569,126.000000,90.000000,0.000000,0.000000,0.000000,0.000000,0.000000,0.000000,0.000000,0.000000
1749017562.742062,109.053270,126.000000,90.000000,0.000000,0.000000,0.000000,0.000000,0.000000,0.000000,0.000000,0.000000
1749017562.774580,109.651416,126.000000,90.000000,0.000000,0.000000,0.000000,0.000000,0.000000,0.000000,0.000000,0.000000
1749017562.809624,109.066992,126.000000,90.000000,0.000000,0.000000,0.000000,0.000000,0.000000,0.000000,0.000000,0.000000
1749017562.841901,108.385723,126.000000,90.000000,120.000000,120.000000,120.000000,120.000000,250.000000,250.000000,250.000000,250.000000
1749017562.874815,108.870304,126.000000,90.000000,120.000000,120.000000,120.000000,120.000000,250.000000,250.000000,250.000000,250.000000
1749017562.910415,110.144992,126.000000,90.000000,120.000000,120.000000,120.000000,120.000000,250.000000,250.000000,250.000000,250.000000
1749017562.942473,110.759271,126.000000,90.000000,120.000000,120.000000,120.000000,120.000000,250.000000,250.000000,250.000000,250.000000
1749017562.975537,110.620229,126.000000,90.000000,0.000000,0.000000,0.000000,0.000000,0.000000,0.000000,0.000000,0.000000
1749017563.012153,110.381893,126.000000,90.000000,0.000000,0.000000,0.000000,0.000000,0.000000,0.000000,0.000000,0.000000
1749017563.042620,111.860557,126.000000,90.000000,0.000000,0.000000,0.000000,0.000000,0.000000,0.000000,0.000000,0.000000
1749017563.076395,113.020978,126.000000,90.000000,0.000000,0.000000,0.000000,0.000000,0.000000,0.000000,0.000000,0.000000
1749017563.113046,113.896893,126.000000,90.000000,120.000000,120.000000,120.000000,120.000000,250.000000,250.000000,250.000000,250.000000
1749017563.140254,114.050914,126.000000,90.000000,120.000000,120.000000,120.000000,120.000000,250.000000,250.000000,250.000000,250.000000
1749017563.168735,114.195465,126.000000,90.000000,120.000000,120.000000,120.000000,120.000000,250.000000,250.000000,250.000000,250.000000
1749017563.205462,114.458830,126.000000,90.000000,120.000000,120.000000,120.000000,120.000000,250.000000,250.000000,250.000000,250.000000
1749017563.238500,114.943200,126.000000,90.000000,0.000000,0.000000,0.000000,0.000000,0.000000,0.000000,0.000000,0.000000
1749017563.276094,115.309825,126.000000,90.000000,0.000000,0.000000,0.000000,0.000000,0.000000,0.000000,0.000000,0.000000
1749017563.312415,115.965432,126.000000,90.000000,0.000000,0.000000,0.000000,0.000000,0.000000,0.000000,0.000000,0.000000
1749017563.344997,116.701429,126.000000,90.000000,0.000000,0.000000,0.000000,0.000000,0.000000,0.000000,0.000000,0.000000
1749017563.379003,117.232225,126.000000,90.000000,120.000000,120.000000,120.000000,120.000000,250.000000,250.000000,250.000000,250.000000
1749017563.413879,117.034304,126.000000,90.000000,120.000000,120.000000,120.000000,120.000000,250.000000,250.000000,250.000000,250.000000
1749017563.444695,117.473032,126.000000,90.000000,120.000000,120.000000,120.000000,120.000000,250.000000,250.000000,250.000000,250.000000
1749017563.480280,118.657208,126.000000,90.000000,120.000000,120.000000,120.000000,120.000000,250.000000,250.000000,250.000000,250.000000
1749017563.516275,118.648466,126.000000,90.000000,0.000000,0.000000,0.000000,0.000000,0.000000,0.000000,0.000000,0.000000
1749017563.544536,118.739408,126.000000,90.000000,0.000000,0.000000,0.000000,0.000000,0.000000,0.000000,0.000000,0.000000
1749017563.577110,119.577068,126.000000,90.000000,0.000000,0.000000,0.000000,0.000000,0.000000,0.000000,0.000000,0.000000
1749017563.611918,120.314536,126.000000,90.000000,0.000000,0.000000,0.000000,0.000000,0.000000,0.000000,0.000000,0.000000
1749017563.644618,120.712440,126.000000,90.000000,120.000000,120.000000,120.000000,120.000000,250.000000,250.000000,250.000000,250.000000
1749017563.676826,121.155138,126.000000,90.000000,120.000000,120.000000,120.000000,120.000000,250.000000,250.000000,250.000000,250.000000
1749017563.713007,121.675751,126.000000,90.000000,120.000000,120.000000,120.000000,120.000000,250.000000,250.000000,250.000000,250.000000
1749017563.744792,121.703841,126.000000,90.000000,120.000000,120.000000,120.000000,120.000000,250.000000,250.000000,250.000000,250.000000
1749017563.777617,122.875579,126.000000,90.000000,120.000000,120.000000,120.000000,120.000000,250.000000,250.000000,250.000000,250.000000
1749017563.814002,123.318353,126.000000,90.000000,120.000000,120.000000,120.000000,120.000000,250.000000,250.000000,250.000000,250.000000
1749017563.847455,123.356142,126.000000,90.000000,120.000000,120.000000,120.000000,120.000000,250.000000,250.000000,250.000000,250.000000
1749017563.878902,123.713026,126.000000,90.000000,0.000000,0.000000,0.000000,0.000000,0.000000,0.000000,0.000000,0.000000
1749017563.913212,124.164516,126.000000,90.000000,0.000000,0.000000,0.000000,0.000000,0.000000,0.000000,0.000000,0.000000
1749017563.945485,124.162149,126.000000,90.000000,0.000000,0.000000,0.000000,0.000000,0.000000,0.000000,0.000000,0.000000
1749017563.977727,123.979146,126.000000,90.000000,0.000000,0.000000,0.000000,0.000000,0.000000,0.000000,0.000000,0.000000
1749017564.013096,124.913382,126.000000,90.000000,0.000000,0.000000,0.000000,0.000000,0.000000,0.000000,0.000000,0.000000
1749017564.045864,124.632880,126.000000,90.000000,0.000000,0.000000,0.000000,0.000000,0.000000,0.000000,0.000000,0.000000
1749017564.077163,124.644923,126.000000,90.000000,0.000000,0.000000,0.000000,0.000000,0.000000,0.000000,0.000000,0.000000
1749017564.112559,125.412976,126.000000,90.000000,0.000000,0.000000,0.000000,0.000000,0.000000,0.000000,0.000000,0.000000
1749017564.144262,125.991391,126.000000,90.000000,0.000000,0.000000,0.000000,0.000000,0.000000,0.000000,0.000000,0.000000
1749017564.176093,127.120340,126.000000,90.000000,0.000000,0.000000,0.000000,0.000000,0.000000,0.000000,0.000000,0.000000
1749017564.215428,126.958889,126.000000,90.000000,0.000000,0.000000,0.000000,0.000000,0.000000,0.000000,0.000000,0.000000
1749017564.247143,127.231644,126.000000,90.000000,0.000000,0.000000,0.000000,0.000000,0.000000,0.000000,0.000000,0.000000
1749017564.278337,127.562711,126.000000,90.000000,0.000000,0.000000,0.000000,0.000000,0.000000,0.000000,0.000000,0.000000
1749017564.313777,127.891552,126.000000,90.000000,0.000000,0.000000,0.000000,0.000000,0.000000,0.000000,0.000000,0.000000
1749017564.346002,127.832751,126.000000,90.000000,0.000000,0.000000,0.000000,0.000000,0.000000,0.000000,0.000000,0.000000
1749017564.378809,128.348680,126.000000,90.000000,0.000000,0.000000,0.000000,0.000000,0.000000,0.000000,0.000000,0.000000
1749017564.413626,128.937730,126.000000,90.000000,0.000000,0.000000,0.000000,0.000000,0.000000,0.000000,0.000000,0.000000
1749017564.446010,128.975513,126.000000,90.000000,0.000000,0.000000,0.000000,0.000000,0.000000,0.000000,0.000000,0.000000
1749017564.478239,128.747558,126.000000,90.000000,0.000000,0.000000,0.000000,0.000000,0.000000,0.000000,0.000000,0.000000
1749017564.512370,128.167627,126.000000,90.000000,0.000000,0.000000,0.000000,0.000000,0.000000,0.000000,0.000000,0.000000
1749017564.544805,128.886635,126.000000,90.000000,0.000000,0.000000,0.000000,0.000000,0.000000,0.000000,0.000000,0.000000
1749017564.576604,128.994870,126.000000,90.000000,0.000000,0.000000,0.000000,0.000000,0.000000,0.000000,0.000000,0.000000
1749017564.614386,128.839367,126.000000,90.000000,0.000000,0.000000,0.000000,0.000000,0.000000,0.000000,0.000000,0.000000
1749017564.646767,129.537034,126.000000,90.000000,0.000000,0.000000,0.000000,0.000000,0.000000,0.000000,0.000000,0.000000
1749017564.678036,129.549190,126.000000,90.000000,120.000000,120.000000,120.000000,120.000000,250.000000,250.000000,250.000000,250.000000
1749017564.713867,129.485338,126.000000,90.000000,120.000000,120.000000,120.000000,120.000000,250.000000,250.000000,250.000000,250.000000
1749017564.745617,129.893022,126.000000,90.000000,120.000000,120.000000,120.000000,120.000000,250.000000,250.000000,250.000000,250.000000
1749017564.779166,129.552824,126.000000,90.000000,120.000000,120.000000,120.000000,120.000000,250.000000,250.000000,250.000000,250.000000
1749017564.813857,129.920817,126.000000,90.000000,120.000000,120.000000,120.000000,120.000000,250.000000,250.000000,250.000000,250.000000
1749017564.845960,131.021863,126.000000,90.000000,120.000000,120.000000,120.000000,120.000000,250.000000,250.000000,250.000000,250.000000
1749017564.877812,131.089219,126.000000,90.000000,120.000000,120.000000,120.000000,120.000000,250.000000,250.000000,250.000000,250.000000
1749017564.913640,130.366208,126.000000,90.000000,120.000000,120.000000,120.000000,120.000000,250.000000,250.000000,250.000000,250.000000
1749017564.944654,130.287432,126.000000,90.000000,120.000000,120.000000,120.000000,120.000000,250.000000,250.000000,250.000000,250.000000
1749017564.977123,129.913592,126.000000,90.000000,0.000000,0.000000,0.000000,0.000000,0.000000,0.000000,0.000000,0.000000
1749017565.012249,129.840459,126.000000,90.000000,0.000000,0.000000,0.000000,0.000000,0.000000,0.000000,0.000000,0.000000
1749017565.044915,130.466077,126.000000,90.000000,0.000000,0.000000,0.000000,0.000000,0.000000,0.000000,0.000000,0.000000
1749017565.077996,130.459001,126.000000,90.000000,0.000000,0.000000,0.000000,0.000000,0.000000,0.000000,0.000000,0.000000
1749017565.113882,130.264356,126.000000,90.000000,0.000000,0.000000,0.000000,0.000000,0.000000,0.000000,0.000000,0.000000
1749017565.145622,130.459210,126.000000,90.000000,0.000000,0.000000,0.000000,0.000000,0.000000,0.000000,0.000000,0.000000
1749017565.178579,130.625819,126.000000,90.000000,0.000000,0.000000,0.000000,0.000000,0.000000,0.000000,0.000000,0.000000
1749017565.213250,130.474741,126.000000,90.000000,0.000000,0.000000,0.000000,0.000000,0.000000,0.000000,0.000000,0.000000
1749017565.245644,129.894671,126.000000,90.000000,0.000000,0.000000,0.000000,0.000000,0.000000,0.000000,0.000000,0.000000
1749017565.277895,129.751690,126.000000,90.000000,120.000000,120.000000,120.000000,120.000000,250.000000,250.000000,250.000000,250.000000
1749017565.313247,130.515893,126.000000,90.000000,120.000000,120.000000,120.000000,120.000000,250.000000,250.000000,250.000000,250.000000
1749017565.344525,130.106763,126.000000,90.000000,120.000000,120.000000,120.000000,120.000000,250.000000,250.000000,250.000000,250.000000
1749017565.376802,129.097069,126.000000,90.000000,120.000000,120.000000,120.000000,120.000000,250.000000,250.000000,250.000000,250.000000
1749017565.412265,129.036191,126.000000,90.000000,120.000000,120.000000,120.000000,120.000000,250.000000,250.000000,250.000000,250.000000
1749017565.444497,128.561860,126.000000,90.000000,120.000000,120.000000,120.000000,120.000000,250.000000,250.000000,250.000000,250.000000
1749017565.476863,128.969327,126.000000,90.000000,120.000000,120.000000,120.000000,120.000000,250.000000,250.000000,250.000000,250.000000
1749017565.514987,128.347352,126.000000,90.000000,120.000000,120.000000,120.000000,120.000000,250.000000,250.000000,250.000000,250.000000
1749017565.543583,127.022412,126.000000,90.000000,120.000000,120.000000,120.000000,120.000000,250.000000,250.000000,250.000000,250.000000
1749017565.572266,127.282754,126.000000,90.000000,0.000000,0.000000,0.000000,0.000000,0.000000,0.000000,0.000000,0.000000
1749017565.606709,127.461227,126.000000,90.000000,0.000000,0.000000,0.000000,0.000000,0.000000,0.000000,0.000000,0.000000
1749017565.638048,127.983983,126.000000,90.000000,0.000000,0.000000,0.000000,0.000000,0.000000,0.000000,0.000000,0.000000
1749017565.671454,127.193145,126.000000,90.000000,0.000000,0.000000,0.000000,0.000000,0.000000,0.000000,0.000000,0.000000
1749017565.710222,126.687899,126.000000,90.000000,0.000000,0.000000,0.000000,0.000000,0.000000,0.000000,0.000000,0.000000
1749017565.742827,126.563586,126.000000,90.000000,0.000000,0.000000,0.000000,0.000000,0.000000,0.000000,0.000000,0.000000
1749017565.774980,126.306929,126.000000,90.000000,0.000000,0.000000,0.000000,0.000000,0.000000,0.000000,0.000000,0.000000
1749017565.810598,126.114459,126.000000,90.000000,0.000000,0.000000,0.000000,0.000000,0.000000,0.000000,0.000000,0.000000
1749017565.842152,126.096042,126.000000,90.000000,0.000000,0.000000,0.000000,0.000000,0.000000,0.000000,0.000000,0.000000
1749017565.874018,125.433286,126.000000,90.000000,0.000000,0.000000,0.000000,0.000000,0.000000,0.000000,0.000000,0.000000
1749017565.912366,124.464576,126.000000,90.000000,0.000000,0.000000,0.000000,0.000000,0.000000,0.000000,0.000000,0.000000
1749017565.942974,124.943730,126.000000,90.000000,0.000000,0.000000,0.000000,0.000000,0.000000,0.000000,0.000000,0.000000
1749017565.975827,123.982872,126.000000,90.000000,0.000000,0.000000,0.000000,0.000000,0.000000,0.000000,0.000000,0.000000
1749017566.011044,122.736479,126.000000,90.000000,120.000000,120.000000,120.000000,120.000000,250.000000,250.000000,250.000000,250.000000
1749017566.045475,122.567291,126.000000,90.000000,120.000000,120.000000,120.000000,120.000000,250.000000,250.000000,250.000000,250.000000
1749017566.077726,123.698765,126.000000,90.000000,120.000000,120.000000,120.000000,120.000000,250.000000,250.000000,250.000000,250.000000
1749017566.114342,124.305454,126.000000,90.000000,120.000000,120.000000,120.000000,120.000000,250.000000,250.000000,250.000000,250.000000
1749017566.143959,123.573068,126.000000,90.000000,120.000000,120.000000,120.000000,120.000000,250.000000,250.000000,250.000000,250.000000
1749017566.176633,122.963582,126.000000,90.000000,120.000000,120.000000,120.000000,120.000000,250.000000,250.000000,250.000000,250.000000
1749017566.211506,123.514215,126.000000,90.000000,120.000000,120.000000,120.000000,120.000000,250.000000,250.000000,250.000000,250.000000
1749017566.245833,123.648403,126.000000,90.000000,120.000000,120.000000,120.000000,120.000000,250.000000,250.000000,250.000000,250.000000
1749017566.273854,123.408927,126.000000,90.000000,120.000000,120.000000,120.000000,120.000000,250.000000,250.000000,250.000000,250.000000
1749017566.305137,123.505801,126.000000,90.000000,120.000000,120.000000,120.000000,120.000000,250.000000,250.000000,250.000000,250.000000
1749017566.336993,123.274554,126.000000,90.000000,0.000000,0.000000,0.000000,0.000000,0.000000,0.000000,0.000000,0.000000
1749017566.369613,122.915652,126.000000,90.000000,0.000000,0.000000,0.000000,0.000000,0.000000,0.000000,0.000000,0.000000
1749017566.409207,123.003831,126.000000,90.000000,0.000000,0.000000,0.000000,0.000000,0.000000,0.000000,0.000000,0.000000
1749017566.441823,122.092068,126.000000,90.000000,0.000000,0.000000,0.000000,0.000000,0.000000,0.000000,0.000000,0.000000
1749017566.473847,121.848230,126.000000,90.000000,0.000000,0.000000,0.000000,0.000000,0.000000,0.000000,0.000000,0.000000
1749017566.511488,121.459128,126.000000,90.000000,0.000000,0.000000,0.000000,0.000000,0.000000,0.000000,0.000000,0.000000
1749017566.540984,121.929500,126.000000,90.000000,0.000000,0.000000,0.000000,0.000000,0.000000,0.000000,0.000000,0.000000
1749017566.573503,121.986783,126.000000,90.000000,0.000000,0.000000,0.000000,0.000000,0.000000,0.000000,0.000000,0.000000
1749017566.613539,121.323587,126.000000,90.000000,0.000000,0.000000,0.000000,0.000000,0.000000,0.000000,0.000000,0.000000
1749017566.642334,119.169038,126.000000,90.000000,0.000000,0.000000,0.000000,0.000000,0.000000,0.000000,0.000000,0.000000
1749017566.669914,120.024162,126.000000,90.000000,120.000000,120.000000,120.000000,120.000000,250.000000,250.000000,250.000000,250.000000
1749017566.707633,121.388451,126.000000,90.000000,120.000000,120.000000,120.000000,120.000000,250.000000,250.000000,250.000000,250.000000
1749017566.740879,120.828883,126.000000,90.000000,120.000000,120.000000,120.000000,120.000000,250.000000,250.000000,250.000000,250.000000
1749017566.773058,120.709958,126.000000,90.000000,120.000000,120.000000,120.000000,120.000000,250.000000,250.000000,250.000000,250.000000
1749017566.810709,120.080681,126.000000,90.000000,120.000000,120.000000,120.000000,120.000000,250.000000,250.000000,250.000000,250.000000
1749017566.842989,119.925374,126.000000,90.000000,120.000000,120.000000,120.000000,120.000000,250.000000,250.000000,250.000000,250.000000
1749017566.874978,120.076988,126.000000,90.000000,0.000000,0.000000,0.000000,0.000000,0.000000,0.000000,0.000000,0.000000
1749017566.911259,119.138521,126.000000,90.000000,0.000000,0.000000,0.000000,0.000000,0.000000,0.000000,0.000000,0.000000
1749017566.942457,119.352831,126.000000,90.000000,0.000000,0.000000,0.000000,0.000000,0.000000,0.000000,0.000000,0.000000
1749017566.975770,118.945633,126.000000,90.000000,0.000000,0.000000,0.000000,0.000000,0.000000,0.000000,0.000000,0.000000
1749017567.011145,118.197923,126.000000,90.000000,0.000000,0.000000,0.000000,0.000000,0.000000,0.000000,0.000000,0.000000
1749017567.039371,118.240240,126.000000,90.000000,0.000000,0.000000,0.000000,0.000000,0.000000,0.000000,0.000000,0.000000
1749017567.070751,117.555051,126.000000,90.000000,120.000000,120.000000,120.000000,120.000000,250.000000,250.000000,250.000000,250.000000
1749017567.108152,116.312828,126.000000,90.000000,120.000000,120.000000,120.000000,120.000000,250.000000,250.000000,250.000000,250.000000
1749017567.141551,116.676642,126.000000,90.000000,120.000000,120.000000,120.000000,120.000000,250.000000,250.000000,250.000000,250.000000
1749017567.174024,116.911653,126.000000,90.000000,120.000000,120.000000,120.000000,120.000000,250.000000,250.000000,250.000000,250.000000
1749017567.210119,116.662586,126.000000,90.000000,0.000000,0.000000,0.000000,0.000000,0.000000,0.000000,0.000000,0.000000
1749017567.242713,116.809852,126.000000,90.000000,0.000000,0.000000,0.000000,0.000000,0.000000,0.000000,0.000000,0.000000
1749017567.273788,115.899825,126.000000,90.000000,0.000000,0.000000,0.000000,0.000000,0.000000,0.000000,0.000000,0.000000
1749017567.308963,115.319928,126.000000,90.000000,0.000000,0.000000,0.000000,0.000000,0.000000,0.000000,0.000000,0.000000
1749017567.342488,114.323636,126.000000,90.000000,120.000000,120.000000,120.000000,120.000000,250.000000,250.000000,250.000000,250.000000
1749017567.374060,114.236802,126.000000,90.000000,120.000000,120.000000,120.000000,120.000000,250.000000,250.000000,250.000000,250.000000
1749017567.411955,114.902364,126.000000,90.000000,120.000000,120.000000,120.000000,120.000000,250.000000,250.000000,250.000000,250.000000
1749017567.442977,114.359042,126.000000,90.000000,120.000000,120.000000,120.000000,120.000000,250.000000,250.000000,250.000000,250.000000
1749017567.475422,113.858052,126.000000,90.000000,0.000000,0.000000,0.000000,0.000000,0.000000,0.000000,0.000000,0.000000
1749017567.511231,114.423916,126.000000,90.000000,0.000000,0.000000,0.000000,0.000000,0.000000,0.000000,0.000000,0.000000
1749017567.543112,113.839916,126.000000,90.000000,0.000000,0.000000,0.000000,0.000000,0.000000,0.000000,0.000000,0.000000
1749017567.575747,113.087962,126.000000,90.000000,0.000000,0.000000,0.000000,0.000000,0.000000,0.000000,0.000000,0.000000
1749017567.612563,113.198599,126.000000,90.000000,120.000000,120.000000,120.000000,120.000000,250.000000,250.000000,250.000000,250.000000
1749017567.643984,113.046494,126.000000,90.000000,120.000000,120.000000,120.000000,120.000000,250.000000,250.000000,250.000000,250.000000
1749017567.676210,112.268688,126.000000,90.000000,120.000000,120.000000,120.000000,120.000000,250.000000,250.000000,250.000000,250.000000
1749017567.713832,112.135401,126.000000,90.000000,120.000000,120.000000,120.000000,120.000000,250.000000,250.000000,250.000000,250.000000
1749017567.744299,112.274385,126.000000,90.000000,0.000000,0.000000,0.000000,0.000000,0.000000,0.000000,0.000000,0.000000
1749017567.773390,112.423125,126.000000,90.000000,0.000000,0.000000,0.000000,0.000000,0.000000,0.000000,0.000000,0.000000
1749017567.812003,111.810992,126.000000,90.000000,0.000000,0.000000,0.000000,0.000000,0.000000,0.000000,0.000000,0.000000
1749017567.844985,111.122792,126.000000,90.000000,0.000000,0.000000,0.000000,0.000000,0.000000,0.000000,0.000000,0.000000
1749017567.876751,111.285824,126.000000,90.000000,120.000000,120.000000,120.000000,120.000000,250.000000,250.000000,250.000000,250.000000
1749017567.908891,111.003671,126.000000,90.000000,120.000000,120.000000,120.000000,120.000000,250.000000,250.000000,250.000000,250.000000
1749017567.938437,111.209342,126.000000,90.000000,120.000000,120.000000,120.000000,120.000000,250.000000,250.000000,250.000000,250.000000
1749017567.969952,110.590702,126.000000,90.000000,120.000000,120.000000,120.000000,120.000000,250.000000,250.000000,250.000000,250.000000
1749017568.009863,110.626237,126.000000,90.000000,0.000000,0.000000,0.000000,0.000000,0.000000,0.000000,0.000000,0.000000
1749017568.042718,110.298643,126.000000,90.000000,0.000000,0.000000,0.000000,0.000000,0.000000,0.000000,0.000000,0.000000
1749017568.074081,110.357669,126.000000,90.000000,0.000000,0.000000,0.000000,0.000000,0.000000,0.000000,0.000000,0.000000
1749017568.110441,111.102733,126.000000,90.000000,0.000000,0.000000,0.000000,0.000000,0.000000,0.000000,0.000000,0.000000
1749017568.141740,111.410316,126.000000,90.000000,120.000000,120.000000,120.000000,120.000000,250.000000,250.000000,250.000000,250.000000
1749017568.173949,110.946584,126.000000,90.000000,120.000000,120.000000,120.000000,120.000000,250.000000,250.000000,250.000000,250.000000
1749017568.214785,111.329592,126.000000,90.000000,120.000000,120.000000,120.000000,120.000000,250.000000,250.000000,250.000000,250.000000
1749017568.247746,111.200814,126.000000,90.000000,120.000000,120.000000,120.000000,120.000000,250.000000,250.000000,250.000000,250.000000
1749017568.279898,110.999436,126.000000,90.000000,0.000000,0.000000,0.000000,0.000000,0.000000,0.000000,0.000000,0.000000
1749017568.321038,111.670962,126.000000,90.000000,0.000000,0.000000,0.000000,0.000000,0.000000,0.000000,0.000000,0.000000
1749017568.347316,113.347054,126.000000,90.000000,0.000000,0.000000,0.000000,0.000000,0.000000,0.000000,0.000000,0.000000
1749017568.379260,113.911759,126.000000,90.000000,0.000000,0.000000,0.000000,0.000000,0.000000,0.000000,0.000000,0.000000
1749017568.415944,114.414144,126.000000,90.000000,120.000000,120.000000,120.000000,120.000000,250.000000,250.000000,250.000000,250.000000
1749017568.447183,114.593053,126.000000,90.000000,120.000000,120.000000,120.000000,120.000000,250.000000,250.000000,250.000000,250.000000
1749017568.478935,114.651431,126.000000,90.000000,120.000000,120.000000,120.000000,120.000000,250.000000,250.000000,250.000000,250.000000
1749017568.516678,113.063968,126.000000,90.000000,120.000000,120.000000,120.000000,120.000000,250.000000,250.000000,250.000000,250.000000
1749017568.547864,113.637207,126.000000,90.000000,0.000000,0.000000,0.000000,0.000000,0.000000,0.000000,0.000000,0.000000
1749017568.580902,116.425462,126.000000,90.000000,0.000000,0.000000,0.000000,0.000000,0.000000,0.000000,0.000000,0.000000
1749017568.615608,116.153542,126.000000,90.000000,0.000000,0.000000,0.000000,0.000000,0.000000,0.000000,0.000000,0.000000
1749017568.652425,115.931322,126.000000,90.000000,0.000000,0.000000,0.000000,0.000000,0.000000,0.000000,0.000000,0.000000
1749017568.681615,116.868251,126.000000,90.000000,120.000000,120.000000,120.000000,120.000000,250.000000,250.000000,250.000000,250.000000
1749017568.715434,117.140991,126.000000,90.000000,120.000000,120.000000,120.000000,120.000000,250.000000,250.000000,250.000000,250.000000
1749017568.747264,116.988639,126.000000,90.000000,120.000000,120.000000,120.000000,120.000000,250.000000,250.000000,250.000000,250.000000
1749017568.779238,117.754974,126.000000,90.000000,120.000000,120.000000,120.000000,120.000000,250.000000,250.000000,250.000000,250.000000
1749017568.816525,118.761124,126.000000,90.000000,0.000000,0.000000,0.000000,0.000000,0.000000,0.000000,0.000000,0.000000
1749017568.846216,119.892647,126.000000,90.000000,0.000000,0.000000,0.000000,0.000000,0.000000,0.000000,0.000000,0.000000
1749017568.879817,120.937403,126.000000,90.000000,0.000000,0.000000,0.000000,0.000000,0.000000,0.000000,0.000000,0.000000
1749017568.916276,121.697796,126.000000,90.000000,0.000000,0.000000,0.000000,0.000000,0.000000,0.000000,0.000000,0.000000
1749017568.947224,121.222068,126.000000,90.000000,120.000000,120.000000,120.000000,120.000000,250.000000,250.000000,250.000000,250.000000
1749017568.979879,120.595618,126.000000,90.000000,120.000000,120.000000,120.000000,120.000000,250.000000,250.000000,250.000000,250.000000
1749017569.019988,121.966355,126.000000,90.000000,120.000000,120.000000,120.000000,120.000000,250.000000,250.000000,250.000000,250.000000
1749017569.051160,123.301028,126.000000,90.000000,120.000000,120.000000,120.000000,120.000000,250.000000,250.000000,250.000000,250.000000
1749017569.081933,122.430965,126.000000,90.000000,120.000000,120.000000,120.000000,120.000000,250.000000,250.000000,250.000000,250.000000
1749017569.112922,124.197390,126.000000,90.000000,120.000000,120.000000,120.000000,120.000000,250.000000,250.000000,250.000000,250.000000
1749017569.142986,124.304102,126.000000,90.000000,120.000000,120.000000,120.000000,120.000000,250.000000,250.000000,250.000000,250.000000
1749017569.174758,124.507865,126.000000,90.000000,0.000000,0.000000,0.000000,0.000000,0.000000,0.000000,0.000000,0.000000
1749017569.209801,124.260587,128.000000,90.000000,0.000000,0.000000,0.000000,0.000000,0.000000,0.000000,0.000000,0.000000
1749017569.242049,125.118681,128.000000,90.000000,0.000000,0.000000,0.000000,0.000000,0.000000,0.000000,0.000000,0.000000
1749017569.274725,125.071151,128.000000,90.000000,0.000000,0.000000,0.000000,0.000000,0.000000,0.000000,0.000000,0.000000
1749017569.310051,125.809695,128.000000,90.000000,0.000000,0.000000,0.000000,0.000000,0.000000,0.000000,0.000000,0.000000
1749017569.343126,126.476439,128.000000,90.000000,0.000000,0.000000,0.000000,0.000000,0.000000,0.000000,0.000000,0.000000
1749017569.374770,126.826544,128.000000,90.000000,0.000000,0.000000,0.000000,0.000000,0.000000,0.000000,0.000000,0.000000
1749017569.412618,127.153486,128.000000,90.000000,0.000000,0.000000,0.000000,0.000000,0.000000,0.000000,0.000000,0.000000
1749017569.445698,126.870930,128.000000,90.000000,0.000000,0.000000,0.000000,0.000000,0.000000,0.000000,0.000000,0.000000
1749017569.476482,127.500794,128.000000,90.000000,0.000000,0.000000,0.000000,0.000000,0.000000,0.000000,0.000000,0.000000
1749017569.511594,128.215984,128.000000,90.000000,0.000000,0.000000,0.000000,0.000000,0.000000,0.000000,0.000000,0.000000
1749017569.543602,128.061021,128.000000,90.000000,0.000000,0.000000,0.000000,0.000000,0.000000,0.000000,0.000000,0.000000
1749017569.576383,128.601364,128.000000,90.000000,0.000000,0.000000,0.000000,0.000000,0.000000,0.000000,0.000000,0.000000
1749017569.611340,129.353585,128.000000,90.000000,0.000000,0.000000,0.000000,0.000000,0.000000,0.000000,0.000000,0.000000
1749017569.642778,129.398884,128.000000,90.000000,0.000000,0.000000,0.000000,0.000000,0.000000,0.000000,0.000000,0.000000
1749017569.677797,128.350195,128.000000,120.000000,0.000000,0.000000,0.000000,0.000000,0.000000,0.000000,0.000000,0.000000
1749017569.713882,129.236141,128.000000,90.000000,0.000000,0.000000,0.000000,0.000000,0.000000,0.000000,0.000000,0.000000
1749017569.745319,129.658862,128.000000,90.000000,0.000000,0.000000,0.000000,0.000000,0.000000,0.000000,0.000000,0.000000
1749017569.778090,129.520808,128.000000,90.000000,0.000000,0.000000,0.000000,0.000000,0.000000,0.000000,0.000000,0.000000
1749017569.815663,128.813206,128.000000,120.000000,0.000000,0.000000,0.000000,0.000000,0.000000,0.000000,0.000000,0.000000
1749017569.845521,129.264934,128.000000,90.000000,0.000000,0.000000,0.000000,0.000000,0.000000,0.000000,0.000000,0.000000
1749017569.874714,129.400049,128.000000,90.000000,0.000000,0.000000,0.000000,0.000000,0.000000,0.000000,0.000000,0.000000
1749017569.911639,128.877663,128.000000,90.000000,0.000000,0.000000,0.000000,0.000000,0.000000,0.000000,0.000000,0.000000
1749017569.941458,129.778894,128.000000,90.000000,0.000000,0.000000,0.000000,0.000000,0.000000,0.000000,0.000000,0.000000
1749017569.973747,130.071316,128.000000,90.000000,0.000000,0.000000,0.000000,0.000000,0.000000,0.000000,0.000000,0.000000
1749017570.009943,130.655833,128.000000,90.000000,0.000000,0.000000,0.000000,0.000000,0.000000,0.000000,0.000000,0.000000
1749017570.043138,130.360472,128.000000,90.000000,0.000000,0.000000,0.000000,0.000000,0.000000,0.000000,0.000000,0.000000
1749017570.074853,130.731443,128.000000,90.000000,0.000000,0.000000,0.000000,0.000000,0.000000,0.000000,0.000000,0.000000
1749017570.109312,130.124285,128.000000,90.000000,0.000000,0.000000,0.000000,0.000000,0.000000,0.000000,0.000000,0.000000
1749017570.141144,129.323998,128.000000,90.000000,0.000000,0.000000,0.000000,0.000000,0.000000,0.000000,0.000000,0.000000
1749017570.174881,129.985532,128.000000,90.000000,0.000000,0.000000,0.000000,0.000000,0.000000,0.000000,0.000000,0.000000
1749017570.210230,130.985827,128.000000,90.000000,0.000000,0.000000,0.000000,0.000000,0.000000,0.000000,0.000000,0.000000
1749017570.243081,130.305091,128.000000,90.000000,0.000000,0.000000,0.000000,0.000000,0.000000,0.000000,0.000000,0.000000
1749017570.274765,129.442627,128.000000,90.000000,0.000000,0.000000,0.000000,0.000000,0.000000,0.000000,0.000000,0.000000
1749017570.312212,130.124061,128.000000,90.000000,0.000000,0.000000,0.000000,0.000000,0.000000,0.000000,0.000000,0.000000
1749017570.348507,130.394519,128.000000,90.000000,0.000000,0.000000,0.000000,0.000000,0.000000,0.000000,0.000000,0.000000
1749017570.373512,130.164969,128.000000,90.000000,0.000000,0.000000,0.000000,0.000000,0.000000,0.000000,0.000000,0.000000
1749017570.404865,130.087470,128.000000,90.000000,0.000000,0.000000,0.000000,0.000000,0.000000,0.000000,0.000000,0.000000
1749017570.438349,129.701820,128.000000,90.000000,0.000000,0.000000,0.000000,0.000000,0.000000,0.000000,0.000000,0.000000
1749017570.471598,129.484681,128.000000,90.000000,0.000000,0.000000,0.000000,0.000000,0.000000,0.000000,0.000000,0.000000
1749017570.509316,128.033375,128.000000,90.000000,0.000000,0.000000,0.000000,0.000000,0.000000,0.000000,0.000000,0.000000
1749017570.539993,127.074550,128.000000,90.000000,0.000000,0.000000,0.000000,0.000000,0.000000,0.000000,0.000000,0.000000
1749017570.572684,126.426659,128.000000,90.000000,0.000000,0.000000,0.000000,0.000000,0.000000,0.000000,0.000000,0.000000
1749017570.608949,126.422574,128.000000,90.000000,0.000000,0.000000,0.000000,0.000000,0.000000,0.000000,0.000000,0.000000
1749017570.641558,126.723166,128.000000,90.000000,0.000000,0.000000,0.000000,0.000000,0.000000,0.000000,0.000000,0.000000
1749017570.673697,126.959496,128.000000,90.000000,0.000000,0.000000,0.000000,0.000000,0.000000,0.000000,0.000000,0.000000
1749017570.711056,126.819875,128.000000,90.000000,0.000000,0.000000,0.000000,0.000000,0.000000,0.000000,0.000000,0.000000
1749017570.743207,126.614389,128.000000,90.000000,0.000000,0.000000,0.000000,0.000000,0.000000,0.000000,0.000000,0.000000
1749017570.773618,126.052310,115.000000,90.000000,0.000000,0.000000,0.000000,0.000000,0.000000,0.000000,0.000000,0.000000
1749017570.808798,125.874550,115.000000,90.000000,0.000000,0.000000,0.000000,0.000000,0.000000,0.000000,0.000000,0.000000
1749017570.841823,125.668828,115.000000,90.000000,0.000000,0.000000,0.000000,0.000000,0.000000,0.000000,0.000000,0.000000
1749017570.873883,125.059689,115.000000,90.000000,0.000000,0.000000,0.000000,0.000000,0.000000,0.000000,0.000000,0.000000
1749017570.909554,124.805933,115.000000,90.000000,0.000000,0.000000,0.000000,0.000000,0.000000,0.000000,0.000000,0.000000
1749017570.941473,123.350005,115.000000,90.000000,0.000000,0.000000,0.000000,0.000000,0.000000,0.000000,0.000000,0.000000
1749017570.972620,121.846560,115.000000,90.000000,0.000000,0.000000,0.000000,0.000000,0.000000,0.000000,0.000000,0.000000
1749017571.007969,121.288187,115.000000,90.000000,0.000000,0.000000,0.000000,0.000000,0.000000,0.000000,0.000000,0.000000
1749017571.041634,120.113753,115.000000,90.000000,0.000000,0.000000,0.000000,0.000000,0.000000,0.000000,0.000000,0.000000
1749017571.073810,119.470865,115.000000,90.000000,0.000000,0.000000,0.000000,0.000000,0.000000,0.000000,0.000000,0.000000
1749017571.107744,119.004031,115.000000,90.000000,0.000000,0.000000,0.000000,0.000000,0.000000,0.000000,0.000000,0.000000
1749017571.138029,118.886706,115.000000,90.000000,0.000000,0.000000,0.000000,0.000000,0.000000,0.000000,0.000000,0.000000
1749017571.172742,118.311599,115.000000,90.000000,0.000000,0.000000,0.000000,0.000000,0.000000,0.000000,0.000000,0.000000
1749017571.212424,117.666456,115.000000,120.000000,0.000000,0.000000,0.000000,0.000000,0.000000,0.000000,0.000000,0.000000
1749017571.245098,116.211564,115.000000,90.000000,0.000000,0.000000,0.000000,0.000000,0.000000,0.000000,0.000000,0.000000
1749017571.277768,115.518099,115.000000,90.000000,0.000000,0.000000,0.000000,0.000000,0.000000,0.000000,0.000000,0.000000
1749017571.312737,115.370413,115.000000,90.000000,0.000000,0.000000,0.000000,0.000000,0.000000,0.000000,0.000000,0.000000
1749017571.343112,115.368767,115.000000,120.000000,0.000000,0.000000,0.000000,0.000000,0.000000,0.000000,0.000000,0.000000
1749017571.375820,113.960839,115.000000,90.000000,0.000000,0.000000,0.000000,0.000000,0.000000,0.000000,0.000000,0.000000
1749017571.412630,112.857696,115.000000,90.000000,0.000000,0.000000,0.000000,0.000000,0.000000,0.000000,0.000000,0.000000
1749017571.445019,113.032124,115.000000,90.000000,0.000000,0.000000,0.000000,0.000000,0.000000,0.000000,0.000000,0.000000
1749017571.475884,112.462009,115.000000,90.000000,0.000000,0.000000,0.000000,0.000000,0.000000,0.000000,0.000000,0.000000
1749017571.511994,111.689806,115.000000,90.000000,0.000000,0.000000,0.000000,0.000000,0.000000,0.000000,0.000000,0.000000
1749017571.544957,111.251274,115.000000,90.000000,0.000000,0.000000,0.000000,0.000000,0.000000,0.000000,0.000000,0.000000
1749017571.576893,110.845373,115.000000,90.000000,0.000000,0.000000,0.000000,0.000000,0.000000,0.000000,0.000000,0.000000
1749017571.612713,109.794783,115.000000,90.000000,0.000000,0.000000,0.000000,0.000000,0.000000,0.000000,0.000000,0.000000
1749017571.644901,109.095271,115.000000,90.000000,0.000000,0.000000,0.000000,0.000000,0.000000,0.000000,0.000000,0.000000
1749017571.676765,109.012895,115.000000,90.000000,0.000000,0.000000,0.000000,0.000000,0.000000,0.000000,0.000000,0.000000
1749017571.712835,108.740975,115.000000,90.000000,0.000000,0.000000,0.000000,0.000000,0.000000,0.000000,0.000000,0.000000
1749017571.743478,108.468244,115.000000,90.000000,0.000000,0.000000,0.000000,0.000000,0.000000,0.000000,0.000000,0.000000
1749017571.776524,108.184973,115.000000,90.000000,0.000000,0.000000,0.000000,0.000000,0.000000,0.000000,0.000000,0.000000
1749017571.813820,108.516247,115.000000,90.000000,120.000000,120.000000,120.000000,120.000000,250.000000,250.000000,250.000000,250.000000
1749017571.843904,108.665750,115.000000,90.000000,120.000000,120.000000,120.000000,120.000000,250.000000,250.000000,250.000000,250.000000
1749017571.875959,108.472667,115.000000,90.000000,120.000000,120.000000,120.000000,120.000000,250.000000,250.000000,250.000000,250.000000
1749017571.912015,107.728864,115.000000,90.000000,120.000000,120.000000,120.000000,120.000000,250.000000,250.000000,250.000000,250.000000
1749017571.944381,107.029105,115.000000,90.000000,120.000000,120.000000,120.000000,120.000000,250.000000,250.000000,250.000000,250.000000
1749017571.976549,108.173857,115.000000,90.000000,0.000000,0.000000,0.000000,0.000000,0.000000,0.000000,0.000000,0.000000
1749017572.012890,108.125646,115.000000,90.000000,0.000000,0.000000,0.000000,0.000000,0.000000,0.000000,0.000000,0.000000
1749017572.045766,106.721531,115.000000,90.000000,0.000000,0.000000,0.000000,0.000000,0.000000,0.000000,0.000000,0.000000
1749017572.078172,106.200038,115.000000,90.000000,0.000000,0.000000,0.000000,0.000000,0.000000,0.000000,0.000000,0.000000
1749017572.113062,106.273858,115.000000,90.000000,120.000000,120.000000,120.000000,120.000000,250.000000,250.000000,250.000000,250.000000
1749017572.144608,105.833448,115.000000,90.000000,120.000000,120.000000,120.000000,120.000000,250.000000,250.000000,250.000000,250.000000
1749017572.177838,106.580034,115.000000,90.000000,120.000000,120.000000,120.000000,120.000000,250.000000,250.000000,250.000000,250.000000
1749017572.211555,106.722284,115.000000,90.000000,120.000000,120.000000,120.000000,120.000000,250.000000,250.000000,250.000000,250.000000
1749017572.243635,105.865563,115.000000,90.000000,0.000000,0.000000,0.000000,0.000000,0.000000,0.000000,0.000000,0.000000
1749017572.275324,105.778820,115.000000,90.000000,0.000000,0.000000,0.000000,0.000000,0.000000,0.000000,0.000000,0.000000
1749017572.312747,106.551349,115.000000,90.000000,0.000000,0.000000,0.000000,0.000000,0.000000,0.000000,0.000000,0.000000
1749017572.344597,106.134253,115.000000,90.000000,0.000000,0.000000,0.000000,0.000000,0.000000,0.000000,0.000000,0.000000
1749017572.376974,104.956015,115.000000,90.000000,120.000000,120.000000,120.000000,120.000000,250.000000,250.000000,250.000000,250.000000
1749017572.412381,104.110296,115.000000,90.000000,120.000000,120.000000,120.000000,120.000000,250.000000,250.000000,250.000000,250.000000
1749017572.445927,104.298107,115.000000,90.000000,120.000000,120.000000,120.000000,120.000000,250.000000,250.000000,250.000000,250.000000
1749017572.476149,104.233186,115.000000,90.000000,120.000000,120.000000,120.000000,120.000000,250.000000,250.000000,250.000000,250.000000
1749017572.512359,102.483867,115.000000,90.000000,0.000000,0.000000,0.000000,0.000000,0.000000,0.000000,0.000000,0.000000
1749017572.545415,101.780305,115.000000,90.000000,0.000000,0.000000,0.000000,0.000000,0.000000,0.000000,0.000000,0.000000
1749017572.576897,101.999220,115.000000,90.000000,0.000000,0.000000,0.000000,0.000000,0.000000,0.000000,0.000000,0.000000
1749017572.612794,101.390460,115.000000,90.000000,0.000000,0.000000,0.000000,0.000000,0.000000,0.000000,0.000000,0.000000
1749017572.643403,101.181927,115.000000,90.000000,120.000000,120.000000,120.000000,120.000000,250.000000,250.000000,250.000000,250.000000
1749017572.675780,101.111784,115.000000,90.000000,120.000000,120.000000,120.000000,120.000000,250.000000,250.000000,250.000000,250.000000
1749017572.709130,100.241616,115.000000,90.000000,120.000000,120.000000,120.000000,120.000000,250.000000,250.000000,250.000000,250.000000
1749017572.737360,100.042086,115.000000,90.000000,120.000000,120.000000,120.000000,120.000000,250.000000,250.000000,250.000000,250.000000
1749017572.768715,100.791181,115.000000,90.000000,0.000000,0.000000,0.000000,0.000000,0.000000,0.000000,0.000000,0.000000
1749017572.804835,100.369510,115.000000,90.000000,0.000000,0.000000,0.000000,0.000000,0.000000,0.000000,0.000000,0.000000
1749017572.837863,99.003101,115.000000,90.000000,0.000000,0.000000,0.000000,0.000000,0.000000,0.000000,0.000000,0.000000
1749017572.871124,98.597781,115.000000,90.000000,0.000000,0.000000,0.000000,0.000000,0.000000,0.000000,0.000000,0.000000
1749017572.909736,99.017389,115.000000,90.000000,120.000000,120.000000,120.000000,120.000000,250.000000,250.000000,250.000000,250.000000
1749017572.942655,98.558831,115.000000,90.000000,120.000000,120.000000,120.000000,120.000000,250.000000,250.000000,250.000000,250.000000
1749017572.975964,97.240596,115.000000,90.000000,120.000000,120.000000,120.000000,120.000000,250.000000,250.000000,250.000000,250.000000
1749017573.012586,96.662499,115.000000,90.000000,120.000000,120.000000,120.000000,120.000000,250.000000,250.000000,250.000000,250.000000
1749017573.044648,97.200754,115.000000,90.000000,0.000000,0.000000,0.000000,0.000000,0.000000,0.000000,0.000000,0.000000
1749017573.077042,96.838439,115.000000,90.000000,0.000000,0.000000,0.000000,0.000000,0.000000,0.000000,0.000000,0.000000
1749017573.106040,96.465891,115.000000,90.000000,0.000000,0.000000,0.000000,0.000000,0.000000,0.000000,0.000000,0.000000
1749017573.136085,95.716940,115.000000,90.000000,0.000000,0.000000,0.000000,0.000000,0.000000,0.000000,0.000000,0.000000
1749017573.168954,94.595021,115.000000,90.000000,120.000000,120.000000,120.000000,120.000000,250.000000,250.000000,250.000000,250.000000
1749017573.207392,94.121593,115.000000,90.000000,120.000000,120.000000,120.000000,120.000000,250.000000,250.000000,250.000000,250.000000
1749017573.243947,93.771745,115.000000,90.000000,120.000000,120.000000,120.000000,120.000000,250.000000,250.000000,250.000000,250.000000
1749017573.275601,93.650323,115.000000,90.000000,120.000000,120.000000,120.000000,120.000000,250.000000,250.000000,250.000000,250.000000
1749017573.312442,92.624867,115.000000,90.000000,0.000000,0.000000,0.000000,0.000000,0.000000,0.000000,0.000000,0.000000
1749017573.342933,92.772357,115.000000,90.000000,0.000000,0.000000,0.000000,0.000000,0.000000,0.000000,0.000000,0.000000
1749017573.375382,92.665968,115.000000,90.000000,0.000000,0.000000,0.000000,0.000000,0.000000,0.000000,0.000000,0.000000
1749017573.414314,92.039993,115.000000,90.000000,0.000000,0.000000,0.000000,0.000000,0.000000,0.000000,0.000000,0.000000
1749017573.445534,91.948950,115.000000,90.000000,120.000000,120.000000,120.000000,120.000000,250.000000,250.000000,250.000000,250.000000
1749017573.479479,90.905185,115.000000,90.000000,120.000000,120.000000,120.000000,120.000000,250.000000,250.000000,250.000000,250.000000
1749017573.511566,90.148769,115.000000,90.000000,120.000000,120.000000,120.000000,120.000000,250.000000,250.000000,250.000000,250.000000
1749017573.541491,90.223754,115.000000,90.000000,120.000000,120.000000,120.000000,120.000000,250.000000,250.000000,250.000000,250.000000
1749017573.575634,90.090110,115.000000,90.000000,0.000000,0.000000,0.000000,0.000000,0.000000,0.000000,0.000000,0.000000
1749017573.610653,89.322138,115.000000,90.000000,0.000000,0.000000,0.000000,0.000000,0.000000,0.000000,0.000000,0.000000
1749017573.644381,88.973228,115.000000,90.000000,0.000000,0.000000,0.000000,0.000000,0.000000,0.000000,0.000000,0.000000
1749017573.675977,89.827040,115.000000,90.000000,0.000000,0.000000,0.000000,0.000000,0.000000,0.000000,0.000000,0.000000
1749017573.712734,89.288079,115.000000,90.000000,120.000000,120.000000,120.000000,120.000000,250.000000,250.000000,250.000000,250.000000
1749017573.743209,90.176054,115.000000,90.000000,120.000000,120.000000,120.000000,120.000000,250.000000,250.000000,250.000000,250.000000
1749017573.775442,90.320837,115.000000,90.000000,120.000000,120.000000,120.000000,120.000000,250.000000,250.000000,250.000000,250.000000
1749017573.814498,91.116558,115.000000,90.000000,120.000000,120.000000,120.000000,120.000000,250.000000,250.000000,250.000000,250.000000
1749017573.844860,91.128690,115.000000,90.000000,0.000000,0.000000,0.000000,0.000000,0.000000,0.000000,0.000000,0.000000
1749017573.875765,92.080631,115.000000,90.000000,0.000000,0.000000,0.000000,0.000000,0.000000,0.000000,0.000000,0.000000
1749017573.912708,93.325552,115.000000,90.000000,0.000000,0.000000,0.000000,0.000000,0.000000,0.000000,0.000000,0.000000
1749017573.943106,93.738325,115.000000,90.000000,0.000000,0.000000,0.000000,0.000000,0.000000,0.000000,0.000000,0.000000
1749017573.979021,93.808239,115.000000,90.000000,120.000000,120.000000,120.000000,120.000000,250.000000,250.000000,250.000000,250.000000
1749017574.014360,93.569032,115.000000,90.000000,120.000000,120.000000,120.000000,120.000000,250.000000,250.000000,250.000000,250.000000
1749017574.045793,93.797469,115.000000,90.000000,120.000000,120.000000,120.000000,120.000000,250.000000,250.000000,250.000000,250.000000
1749017574.077627,94.337128,115.000000,90.000000,120.000000,120.000000,120.000000,120.000000,250.000000,250.000000,250.000000,250.000000
1749017574.115462,94.525281,115.000000,90.000000,0.000000,0.000000,0.000000,0.000000,0.000000,0.000000,0.000000,0.000000
1749017574.144892,94.882592,115.000000,90.000000,0.000000,0.000000,0.000000,0.000000,0.000000,0.000000,0.000000,0.000000
1749017574.182418,95.455371,115.000000,90.000000,0.000000,0.000000,0.000000,0.000000,0.000000,0.000000,0.000000,0.000000
1749017574.217113,96.462021,115.000000,90.000000,0.000000,0.000000,0.000000,0.000000,0.000000,0.000000,0.000000,0.000000
1749017574.246857,97.579762,115.000000,90.000000,120.000000,120.000000,120.000000,120.000000,250.000000,250.000000,250.000000,250.000000
1749017574.279082,98.095121,115.000000,90.000000,120.000000,120.000000,120.000000,120.000000,250.000000,250.000000,250.000000,250.000000
1749017574.315098,97.847946,115.000000,90.000000,120.000000,120.000000,120.000000,120.000000,250.000000,250.000000,250.000000,250.000000
1749017574.345935,99.090697,115.000000,90.000000,120.000000,120.000000,120.000000,120.000000,250.000000,250.000000,250.000000,250.000000
1749017574.379259,100.087732,115.000000,90.000000,0.000000,0.000000,0.000000,0.000000,0.000000,0.000000,0.000000,0.000000
1749017574.415360,100.941691,115.000000,90.000000,0.000000,0.000000,0.000000,0.000000,0.000000,0.000000,0.000000,0.000000
1749017574.446933,101.507224,115.000000,90.000000,0.000000,0.000000,0.000000,0.000000,0.000000,0.000000,0.000000,0.000000
1749017574.477603,102.285456,115.000000,90.000000,0.000000,0.000000,0.000000,0.000000,0.000000,0.000000,0.000000,0.000000
1749017574.514130,103.224735,115.000000,90.000000,120.000000,120.000000,120.000000,120.000000,250.000000,250.000000,250.000000,250.000000
1749017574.547054,103.734416,115.000000,90.000000,120.000000,120.000000,120.000000,120.000000,250.000000,250.000000,250.000000,250.000000
1749017574.577622,104.752785,115.000000,90.000000,120.000000,120.000000,120.000000,120.000000,250.000000,250.000000,250.000000,250.000000
1749017574.614310,104.616122,115.000000,90.000000,120.000000,120.000000,120.000000,120.000000,250.000000,250.000000,250.000000,250.000000
1749017574.646945,104.696833,115.000000,90.000000,0.000000,0.000000,0.000000,0.000000,0.000000,0.000000,0.000000,0.000000
1749017574.678932,105.288100,115.000000,90.000000,0.000000,0.000000,0.000000,0.000000,0.000000,0.000000,0.000000,0.000000
1749017574.714107,106.982637,115.000000,90.000000,0.000000,0.000000,0.000000,0.000000,0.000000,0.000000,0.000000,0.000000
1749017574.746121,107.438928,115.000000,90.000000,0.000000,0.000000,0.000000,0.000000,0.000000,0.000000,0.000000,0.000000
1749017574.779293,107.373019,115.000000,90.000000,120.000000,120.000000,120.000000,120.000000,250.000000,250.000000,250.000000,250.000000
1749017574.815331,107.785695,115.000000,90.000000,120.000000,120.000000,120.000000,120.000000,250.000000,250.000000,250.000000,250.000000
1749017574.846299,109.068237,115.000000,90.000000,120.000000,120.000000,120.000000,120.000000,250.000000,250.000000,250.000000,250.000000
1749017574.879400,109.276421,115.000000,90.000000,120.000000,120.000000,120.000000,120.000000,250.000000,250.000000,250.000000,250.000000
1749017574.913935,109.677470,115.000000,90.000000,0.000000,0.000000,0.000000,0.000000,0.000000,0.000000,0.000000,0.000000
1749017574.945364,111.432346,115.000000,90.000000,0.000000,0.000000,0.000000,0.000000,0.000000,0.000000,0.000000,0.000000
1749017574.977920,112.004955,115.000000,90.000000,0.000000,0.000000,0.000000,0.000000,0.000000,0.000000,0.000000,0.000000
1749017575.015070,111.404080,115.000000,90.000000,0.000000,0.000000,0.000000,0.000000,0.000000,0.000000,0.000000,0.000000
1749017575.046468,111.940350,115.000000,90.000000,0.000000,0.000000,0.000000,0.000000,0.000000,0.000000,0.000000,0.000000
1749017575.079397,113.511865,115.000000,90.000000,0.000000,0.000000,0.000000,0.000000,0.000000,0.000000,0.000000,0.000000
1749017575.116350,113.311478,115.000000,90.000000,0.000000,0.000000,0.000000,0.000000,0.000000,0.000000,0.000000,0.000000
1749017575.148509,113.434079,115.000000,90.000000,0.000000,0.000000,0.000000,0.000000,0.000000,0.000000,0.000000,0.000000
1749017575.179043,115.597650,115.000000,90.000000,0.000000,0.000000,0.000000,0.000000,0.000000,0.000000,0.000000,0.000000
1749017575.215413,115.957214,115.000000,90.000000,0.000000,0.000000,0.000000,0.000000,0.000000,0.000000,0.000000,0.000000
1749017575.246019,116.400034,115.000000,90.000000,0.000000,0.000000,0.000000,0.000000,0.000000,0.000000,0.000000,0.000000
1749017575.278449,116.313736,115.000000,90.000000,0.000000,0.000000,0.000000,0.000000,0.000000,0.000000,0.000000,0.000000
1749017575.313817,116.882214,115.000000,90.000000,0.000000,0.000000,0.000000,0.000000,0.000000,0.000000,0.000000,0.000000
1749017575.346997,117.821002,115.000000,90.000000,0.000000,0.000000,0.000000,0.000000,0.000000,0.000000,0.000000,0.000000
1749017575.377218,118.569877,115.000000,90.000000,0.000000,0.000000,0.000000,0.000000,0.000000,0.000000,0.000000,0.000000
1749017575.414097,118.995366,115.000000,90.000000,0.000000,0.000000,0.000000,0.000000,0.000000,0.000000,0.000000,0.000000
1749017575.446519,119.921550,115.000000,90.000000,0.000000,0.000000,0.000000,0.000000,0.000000,0.000000,0.000000,0.000000
1749017575.481279,119.720152,115.000000,90.000000,0.000000,0.000000,0.000000,0.000000,0.000000,0.000000,0.000000,0.000000
1749017575.516046,120.612317,115.000000,90.000000,0.000000,0.000000,0.000000,0.000000,0.000000,0.000000,0.000000,0.000000
1749017575.549175,121.035939,115.000000,90.000000,120.000000,120.000000,120.000000,120.000000,250.000000,250.000000,250.000000,250.000000
1749017575.578811,120.439815,115.000000,90.000000,120.000000,120.000000,120.000000,120.000000,250.000000,250.000000,250.000000,250.000000
1749017575.615420,120.254195,115.000000,90.000000,120.000000,120.000000,120.000000,120.000000,250.000000,250.000000,250.000000,250.000000
1749017575.646109,121.285067,115.000000,90.000000,120.000000,120.000000,120.000000,120.000000,250.000000,250.000000,250.000000,250.000000
1749017575.679013,121.015726,115.000000,90.000000,120.000000,120.000000,120.000000,120.000000,250.000000,250.000000,250.000000,250.000000
1749017575.715032,121.696454,115.000000,90.000000,0.000000,0.000000,0.000000,0.000000,0.000000,0.000000,0.000000,0.000000
1749017575.745506,121.308551,115.000000,90.000000,0.000000,0.000000,0.000000,0.000000,0.000000,0.000000,0.000000,0.000000
1749017575.777890,121.824586,115.000000,90.000000,0.000000,0.000000,0.000000,0.000000,0.000000,0.000000,0.000000,0.000000
1749017575.813377,122.211731,115.000000,90.000000,0.000000,0.000000,0.000000,0.000000,0.000000,0.000000,0.000000,0.000000
1749017575.845289,122.009781,115.000000,90.000000,120.000000,120.000000,120.000000,120.000000,250.000000,250.000000,250.000000,250.000000
1749017575.879246,121.654918,115.000000,90.000000,120.000000,120.000000,120.000000,120.000000,250.000000,250.000000,250.000000,250.000000
1749017575.915758,122.005023,115.000000,90.000000,120.000000,120.000000,120.000000,120.000000,250.000000,250.000000,250.000000,250.000000
1749017575.947045,122.367003,115.000000,90.000000,120.000000,120.000000,120.000000,120.000000,250.000000,250.000000,250.000000,250.000000
1749017575.977994,122.389361,115.000000,90.000000,0.000000,0.000000,0.000000,0.000000,0.000000,0.000000,0.000000,0.000000
1749017576.015835,121.227331,115.000000,90.000000,0.000000,0.000000,0.000000,0.000000,0.000000,0.000000,0.000000,0.000000
1749017576.047039,121.605926,115.000000,90.000000,0.000000,0.000000,0.000000,0.000000,0.000000,0.000000,0.000000,0.000000
1749017576.079029,122.083330,115.000000,90.000000,0.000000,0.000000,0.000000,0.000000,0.000000,0.000000,0.000000,0.000000
1749017576.114611,121.199890,115.000000,90.000000,120.000000,120.000000,120.000000,120.000000,250.000000,250.000000,250.000000,250.000000
1749017576.145425,119.375556,115.000000,90.000000,120.000000,120.000000,120.000000,120.000000,250.000000,250.000000,250.000000,250.000000
1749017576.178905,118.979799,115.000000,90.000000,120.000000,120.000000,120.000000,120.000000,250.000000,250.000000,250.000000,250.000000
1749017576.213333,118.913488,115.000000,90.000000,120.000000,120.000000,120.000000,120.000000,250.000000,250.000000,250.000000,250.000000
1749017576.245705,118.768212,115.000000,90.000000,120.000000,120.000000,120.000000,120.000000,250.000000,250.000000,250.000000,250.000000
1749017576.279856,118.971068,115.000000,90.000000,0.000000,0.000000,0.000000,0.000000,0.000000,0.000000,0.000000,0.000000
1749017576.316176,117.741385,115.000000,90.000000,0.000000,0.000000,0.000000,0.000000,0.000000,0.000000,0.000000,0.000000
1749017576.345056,116.670093,115.000000,90.000000,0.000000,0.000000,0.000000,0.000000,0.000000,0.000000,0.000000,0.000000
1749017576.378937,117.710591,115.000000,90.000000,0.000000,0.000000,0.000000,0.000000,0.000000,0.000000,0.000000,0.000000
1749017576.414255,117.199400,115.000000,90.000000,0.000000,0.000000,0.000000,0.000000,0.000000,0.000000,0.000000,0.000000
1749017576.446606,115.304388,115.000000,90.000000,0.000000,0.000000,0.000000,0.000000,0.000000,0.000000,0.000000,0.000000
1749017576.478961,114.721346,115.000000,90.000000,0.000000,0.000000,0.000000,0.000000,0.000000,0.000000,0.000000,0.000000
1749017576.514883,114.682064,115.000000,90.000000,0.000000,0.000000,0.000000,0.000000,0.000000,0.000000,0.000000,0.000000
1749017576.545961,115.966519,115.000000,90.000000,0.000000,0.000000,0.000000,0.000000,0.000000,0.000000,0.000000,0.000000
1749017576.579280,116.093907,115.000000,90.000000,0.000000,0.000000,0.000000,0.000000,0.000000,0.000000,0.000000,0.000000
1749017576.612378,114.843963,115.000000,90.000000,0.000000,0.000000,0.000000,0.000000,0.000000,0.000000,0.000000,0.000000
1749017576.647256,114.020098,115.000000,90.000000,0.000000,0.000000,0.000000,0.000000,0.000000,0.000000,0.000000,0.000000
1749017576.678802,113.856573,115.000000,90.000000,0.000000,0.000000,0.000000,0.000000,0.000000,0.000000,0.000000,0.000000
1749017576.714442,113.482366,115.000000,90.000000,0.000000,0.000000,0.000000,0.000000,0.000000,0.000000,0.000000,0.000000
1749017576.745942,113.537498,115.000000,90.000000,0.000000,0.000000,0.000000,0.000000,0.000000,0.000000,0.000000,0.000000
1749017576.778830,112.336794,115.000000,90.000000,0.000000,0.000000,0.000000,0.000000,0.000000,0.000000,0.000000,0.000000
1749017576.814092,111.955739,115.000000,90.000000,0.000000,0.000000,0.000000,0.000000,0.000000,0.000000,0.000000,0.000000
1749017576.847116,111.439069,115.000000,90.000000,0.000000,0.000000,0.000000,0.000000,0.000000,0.000000,0.000000,0.000000
1749017576.878414,110.233937,115.000000,90.000000,0.000000,0.000000,0.000000,0.000000,0.000000,0.000000,0.000000,0.000000
1749017576.918418,110.231088,115.000000,90.000000,0.000000,0.000000,0.000000,0.000000,0.000000,0.000000,0.000000,0.000000
1749017576.949900,110.261536,115.000000,90.000000,0.000000,0.000000,0.000000,0.000000,0.000000,0.000000,0.000000,0.000000
1749017576.982770,109.313052,115.000000,90.000000,0.000000,0.000000,0.000000,0.000000,0.000000,0.000000,0.000000,0.000000
1749017577.018089,109.809723,115.000000,90.000000,120.000000,120.000000,120.000000,120.000000,250.000000,250.000000,250.000000,250.000000
1749017577.051959,110.149481,115.000000,90.000000,120.000000,120.000000,120.000000,120.000000,250.000000,250.000000,250.000000,250.000000
1749017577.082037,110.163918,115.000000,90.000000,120.000000,120.000000,120.000000,120.000000,250.000000,250.000000,250.000000,250.000000
1749017577.120003,110.552075,115.000000,90.000000,120.000000,120.000000,120.000000,120.000000,250.000000,250.000000,250.000000,250.000000
1749017577.150028,110.169871,115.000000,90.000000,120.000000,120.000000,120.000000,120.000000,250.000000,250.000000,250.000000,250.000000
1749017577.183034,109.842872,115.000000,90.000000,120.000000,120.000000,120.000000,120.000000,250.000000,250.000000,250.000000,250.000000
1749017577.218844,110.176434,115.000000,90.000000,120.000000,120.000000,120.000000,120.000000,250.000000,250.000000,250.000000,250.000000
1749017577.251154,109.929489,115.000000,90.000000,0.000000,0.000000,0.000000,0.000000,0.000000,0.000000,0.000000,0.000000
1749017577.282203,109.684865,115.000000,90.000000,0.000000,0.000000,0.000000,0.000000,0.000000,0.000000,0.000000,0.000000
1749017577.320133,109.206846,115.000000,90.000000,0.000000,0.000000,0.000000,0.000000,0.000000,0.000000,0.000000,0.000000
1749017577.350181,108.947444,115.000000,90.000000,0.000000,0.000000,0.000000,0.000000,0.000000,0.000000,0.000000,0.000000
1749017577.383393,109.287461,115.000000,90.000000,0.000000,0.000000,0.000000,0.000000,0.000000,0.000000,0.000000,0.000000
1749017577.418444,108.666165,115.000000,90.000000,0.000000,0.000000,0.000000,0.000000,0.000000,0.000000,0.000000,0.000000
1749017577.451086,107.905535,115.000000,90.000000,0.000000,0.000000,0.000000,0.000000,0.000000,0.000000,0.000000,0.000000
1749017577.482754,108.012702,115.000000,90.000000,120.000000,120.000000,120.000000,120.000000,250.000000,250.000000,250.000000,250.000000
1749017577.519573,107.533586,115.000000,90.000000,120.000000,120.000000,120.000000,120.000000,250.000000,250.000000,250.000000,250.000000
1749017577.550114,107.814427,115.000000,90.000000,120.000000,120.000000,120.000000,120.000000,250.000000,250.000000,250.000000,250.000000
1749017577.583051,107.201608,115.000000,90.000000,120.000000,120.000000,120.000000,120.000000,250.000000,250.000000,250.000000,250.000000
1749017577.625619,106.824271,115.000000,90.000000,0.000000,0.000000,0.000000,0.000000,0.000000,0.000000,0.000000,0.000000
1749017577.656239,107.040201,115.000000,90.000000,0.000000,0.000000,0.000000,0.000000,0.000000,0.000000,0.000000,0.000000
1749017577.676395,107.480348,115.000000,90.000000,0.000000,0.000000,0.000000,0.000000,0.000000,0.000000,0.000000,0.000000
1749017577.708085,106.626964,115.000000,90.000000,0.000000,0.000000,0.000000,0.000000,0.000000,0.000000,0.000000,0.000000
1749017577.741488,106.520619,115.000000,90.000000,120.000000,120.000000,120.000000,120.000000,250.000000,250.000000,250.000000,250.000000
1749017577.778011,106.570060,115.000000,90.000000,120.000000,120.000000,120.000000,120.000000,250.000000,250.000000,250.000000,250.000000
1749017577.826869,107.132126,115.000000,90.000000,120.000000,120.000000,120.000000,120.000000,250.000000,250.000000,250.000000,250.000000
1749017577.865933,106.538471,115.000000,90.000000,120.000000,120.000000,120.000000,120.000000,250.000000,250.000000,250.000000,250.000000
1749017577.905203,106.115744,115.000000,90.000000,0.000000,0.000000,0.000000,0.000000,0.000000,0.000000,0.000000,0.000000
1749017577.944234,106.378741,115.000000,90.000000,0.000000,0.000000,0.000000,0.000000,0.000000,0.000000,0.000000,0.000000
1749017577.972019,105.596584,115.000000,90.000000,0.000000,0.000000,0.000000,0.000000,0.000000,0.000000,0.000000,0.000000
1749017578.002574,105.326397,115.000000,90.000000,0.000000,0.000000,0.000000,0.000000,0.000000,0.000000,0.000000,0.000000
1749017578.032689,104.962101,115.000000,90.000000,120.000000,120.000000,120.000000,120.000000,250.000000,250.000000,250.000000,250.000000
1749017578.065331,103.560469,115.000000,90.000000,120.000000,120.000000,120.000000,120.000000,250.000000,250.000000,250.000000,250.000000
1749017578.094145,105.060775,115.000000,90.000000,120.000000,120.000000,120.000000,120.000000,250.000000,250.000000,250.000000,250.000000
1749017578.123057,105.340070,115.000000,90.000000,120.000000,120.000000,120.000000,120.000000,250.000000,250.000000,250.000000,250.000000
1749017578.151384,106.860227,115.000000,90.000000,0.000000,0.000000,0.000000,0.000000,0.000000,0.000000,0.000000,0.000000
1749017578.182409,105.758116,115.000000,90.000000,0.000000,0.000000,0.000000,0.000000,0.000000,0.000000,0.000000,0.000000
1749017578.216535,105.516474,115.000000,90.000000,0.000000,0.000000,0.000000,0.000000,0.000000,0.000000,0.000000,0.000000
1749017578.248122,105.936377,115.000000,90.000000,0.000000,0.000000,0.000000,0.000000,0.000000,0.000000,0.000000,0.000000
1749017578.280869,106.930132,115.000000,90.000000,120.000000,120.000000,120.000000,120.000000,250.000000,250.000000,250.000000,250.000000
1749017578.317021,107.384079,115.000000,90.000000,120.000000,120.000000,120.000000,120.000000,250.000000,250.000000,250.000000,250.000000
1749017578.347972,107.698024,115.000000,90.000000,120.000000,120.000000,120.000000,120.000000,250.000000,250.000000,250.000000,250.000000
1749017578.381217,107.628832,115.000000,90.000000,120.000000,120.000000,120.000000,120.000000,250.000000,250.000000,250.000000,250.000000
1749017578.424494,107.381149,115.000000,90.000000,0.000000,0.000000,0.000000,0.000000,0.000000,0.000000,0.000000,0.000000
1749017578.455376,107.622597,115.000000,90.000000,0.000000,0.000000,0.000000,0.000000,0.000000,0.000000,0.000000,0.000000
1749017578.490447,107.623378,115.000000,90.000000,0.000000,0.000000,0.000000,0.000000,0.000000,0.000000,0.000000,0.000000
1749017578.519221,108.551440,115.000000,90.000000,0.000000,0.000000,0.000000,0.000000,0.000000,0.000000,0.000000,0.000000
1749017578.550096,108.996489,115.000000,90.000000,120.000000,120.000000,120.000000,120.000000,250.000000,250.000000,250.000000,250.000000
1749017578.582016,109.093268,115.000000,90.000000,120.000000,120.000000,120.000000,120.000000,250.000000,250.000000,250.000000,250.000000
1749017578.616194,109.763562,115.000000,90.000000,120.000000,120.000000,120.000000,120.000000,250.000000,250.000000,250.000000,250.000000
1749017578.647952,109.136402,115.000000,90.000000,120.000000,120.000000,120.000000,120.000000,250.000000,250.000000,250.000000,250.000000
1749017578.680764,109.693527,115.000000,90.000000,120.000000,120.000000,120.000000,120.000000,250.000000,250.000000,250.000000,250.000000
1749017578.717062,109.586707,115.000000,90.000000,0.000000,0.000000,0.000000,0.000000,0.000000,0.000000,0.000000,0.000000
1749017578.751184,110.377684,115.000000,90.000000,0.000000,0.000000,0.000000,0.000000,0.000000,0.000000,0.000000,0.000000
1749017578.780916,111.213513,115.000000,90.000000,0.000000,0.000000,0.000000,0.000000,0.000000,0.000000,0.000000,0.000000
1749017578.823974,111.016122,115.000000,90.000000,0.000000,0.000000,0.000000,0.000000,0.000000,0.000000,0.000000,0.000000
1749017578.854594,110.922065,115.000000,90.000000,0.000000,0.000000,0.000000,0.000000,0.000000,0.000000,0.000000,0.000000
1749017578.887045,111.155398,115.000000,90.000000,0.000000,0.000000,0.000000,0.000000,0.000000,0.000000,0.000000,0.000000
1749017578.918505,111.084380,115.000000,90.000000,120.000000,120.000000,120.000000,120.000000,250.000000,250.000000,250.000000,250.000000
1749017578.948129,111.518652,115.000000,90.000000,120.000000,120.000000,120.000000,120.000000,250.000000,250.000000,250.000000,250.000000
1749017578.980716,112.896583,115.000000,90.000000,120.000000,120.000000,120.000000,120.000000,250.000000,250.000000,250.000000,250.000000
1749017579.016011,112.906759,115.000000,90.000000,120.000000,120.000000,120.000000,120.000000,250.000000,250.000000,250.000000,250.000000
1749017579.047561,113.444186,115.000000,90.000000,120.000000,120.000000,120.000000,120.000000,250.000000,250.000000,250.000000,250.000000
1749017579.081017,113.654157,115.000000,90.000000,120.000000,120.000000,120.000000,120.000000,250.000000,250.000000,250.000000,250.000000
1749017579.118108,114.163524,115.000000,90.000000,120.000000,120.000000,120.000000,120.000000,250.000000,250.000000,250.000000,250.000000
1749017579.149552,113.958467,115.000000,90.000000,120.000000,120.000000,120.000000,120.000000,250.000000,250.000000,250.000000,250.000000
1749017579.181099,114.200035,115.000000,90.000000,120.000000,120.000000,120.000000,120.000000,250.000000,250.000000,250.000000,250.000000
1749017579.220526,114.786518,115.000000,90.000000,0.000000,0.000000,0.000000,0.000000,0.000000,0.000000,0.000000,0.000000
1749017579.251260,114.838853,115.000000,90.000000,0.000000,0.000000,0.000000,0.000000,0.000000,0.000000,0.000000,0.000000
1749017579.284666,114.148652,115.000000,90.000000,0.000000,0.000000,0.000000,0.000000,0.000000,0.000000,0.000000,0.000000
1749017579.317073,113.350672,115.000000,90.000000,0.000000,0.000000,0.000000,0.000000,0.000000,0.000000,0.000000,0.000000
1749017579.350714,114.388282,115.000000,90.000000,0.000000,0.000000,0.000000,0.000000,0.000000,0.000000,0.000000,0.000000
1749017579.381025,114.371825,115.000000,90.000000,0.000000,0.000000,0.000000,0.000000,0.000000,0.000000,0.000000,0.000000
1749017579.416014,114.118751,115.000000,90.000000,0.000000,0.000000,0.000000,0.000000,0.000000,0.000000,0.000000,0.000000
1749017579.448828,114.861127,95.000000,90.000000,0.000000,0.000000,0.000000,0.000000,0.000000,0.000000,0.000000,0.000000
1749017579.480011,116.110622,95.000000,90.000000,0.000000,0.000000,0.000000,0.000000,0.000000,0.000000,0.000000,0.000000
1749017579.516914,115.884971,95.000000,90.000000,0.000000,0.000000,0.000000,0.000000,0.000000,0.000000,0.000000,0.000000
1749017579.548354,116.703904,95.000000,90.000000,0.000000,0.000000,0.000000,0.000000,0.000000,0.000000,0.000000,0.000000
1749017579.581014,117.027905,95.000000,90.000000,0.000000,0.000000,0.000000,0.000000,0.000000,0.000000,0.000000,0.000000
1749017579.617016,116.855354,95.000000,90.000000,0.000000,0.000000,0.000000,0.000000,0.000000,0.000000,0.000000,0.000000
1749017579.648517,116.964382,95.000000,90.000000,0.000000,0.000000,0.000000,0.000000,0.000000,0.000000,0.000000,0.000000
1749017579.682031,116.591850,95.000000,90.000000,0.000000,0.000000,0.000000,0.000000,0.000000,0.000000,0.000000,0.000000
1749017579.716966,116.710638,95.000000,90.000000,0.000000,0.000000,0.000000,0.000000,0.000000,0.000000,0.000000,0.000000
1749017579.748649,116.528566,95.000000,90.000000,0.000000,0.000000,0.000000,0.000000,0.000000,0.000000,0.000000,0.000000
1749017579.781587,117.020616,95.000000,120.000000,0.000000,0.000000,0.000000,0.000000,0.000000,0.000000,0.000000,0.000000
1749017579.816795,117.346835,95.000000,90.000000,0.000000,0.000000,0.000000,0.000000,0.000000,0.000000,0.000000,0.000000
1749017579.849050,116.689268,95.000000,90.000000,0.000000,0.000000,0.000000,0.000000,0.000000,0.000000,0.000000,0.000000
1749017579.881162,117.231060,95.000000,90.000000,0.000000,0.000000,0.000000,0.000000,0.000000,0.000000,0.000000,0.000000
1749017579.917733,117.900792,95.000000,120.000000,0.000000,0.000000,0.000000,0.000000,0.000000,0.000000,0.000000,0.000000
1749017579.948061,117.820513,95.000000,90.000000,120.000000,120.000000,120.000000,120.000000,250.000000,250.000000,250.000000,250.000000
1749017579.980896,117.298769,95.000000,90.000000,120.000000,120.000000,120.000000,120.000000,250.000000,250.000000,250.000000,250.000000
1749017580.017181,118.266934,95.000000,90.000000,120.000000,120.000000,120.000000,120.000000,250.000000,250.000000,250.000000,250.000000
1749017580.049122,118.015237,95.000000,90.000000,120.000000,120.000000,120.000000,120.000000,250.000000,250.000000,250.000000,250.000000
1749017580.080762,117.904165,95.000000,90.000000,0.000000,0.000000,0.000000,0.000000,0.000000,0.000000,0.000000,0.000000
1749017580.116444,117.556230,95.000000,90.000000,0.000000,0.000000,0.000000,0.000000,0.000000,0.000000,0.000000,0.000000
1749017580.141639,117.602349,95.000000,90.000000,0.000000,0.000000,0.000000,0.000000,0.000000,0.000000,0.000000,0.000000
1749017580.174832,117.456403,95.000000,90.000000,0.000000,0.000000,0.000000,0.000000,0.000000,0.000000,0.000000,0.000000
1749017580.209982,118.123354,95.000000,90.000000,120.000000,120.000000,120.000000,120.000000,250.000000,250.000000,250.000000,250.000000
1749017580.241810,118.665245,95.000000,90.000000,120.000000,120.000000,120.000000,120.000000,250.000000,250.000000,250.000000,250.000000
1749017580.273752,118.057283,95.000000,90.000000,120.000000,120.000000,120.000000,120.000000,250.000000,250.000000,250.000000,250.000000
1749017580.309777,119.190614,95.000000,90.000000,120.000000,120.000000,120.000000,120.000000,250.000000,250.000000,250.000000,250.000000
1749017580.340767,118.699181,95.000000,90.000000,0.000000,0.000000,0.000000,0.000000,0.000000,0.000000,0.000000,0.000000
1749017580.374919,117.640850,95.000000,90.000000,0.000000,0.000000,0.000000,0.000000,0.000000,0.000000,0.000000,0.000000
1749017580.410050,118.361567,95.000000,90.000000,0.000000,0.000000,0.000000,0.000000,0.000000,0.000000,0.000000,0.000000
1749017580.442748,118.203451,95.000000,90.000000,0.000000,0.000000,0.000000,0.000000,0.000000,0.000000,0.000000,0.000000
1749017580.474771,118.080008,95.000000,90.000000,120.000000,120.000000,120.000000,120.000000,250.000000,250.000000,250.000000,250.000000
1749017580.512953,118.281737,95.000000,90.000000,120.000000,120.000000,120.000000,120.000000,250.000000,250.000000,250.000000,250.000000
1749017580.548179,117.032002,95.000000,90.000000,120.000000,120.000000,120.000000,120.000000,250.000000,250.000000,250.000000,250.000000
1749017580.576021,115.849633,95.000000,90.000000,120.000000,120.000000,120.000000,120.000000,250.000000,250.000000,250.000000,250.000000
1749017580.611973,115.911821,95.000000,90.000000,0.000000,0.000000,0.000000,0.000000,0.000000,0.000000,0.000000,0.000000
1749017580.642995,114.843801,95.000000,90.000000,0.000000,0.000000,0.000000,0.000000,0.000000,0.000000,0.000000,0.000000
1749017580.675077,114.880023,95.000000,90.000000,0.000000,0.000000,0.000000,0.000000,0.000000,0.000000,0.000000,0.000000
1749017580.717727,114.208061,95.000000,90.000000,0.000000,0.000000,0.000000,0.000000,0.000000,0.000000,0.000000,0.000000
1749017580.750190,113.202223,95.000000,90.000000,120.000000,120.000000,120.000000,120.000000,250.000000,250.000000,250.000000,250.000000
1749017580.782961,112.981173,95.000000,90.000000,120.000000,120.000000,120.000000,120.000000,250.000000,250.000000,250.000000,250.000000
1749017580.819644,110.913697,95.000000,90.000000,120.000000,120.000000,120.000000,120.000000,250.000000,250.000000,250.000000,250.000000
1749017580.849618,110.517665,95.000000,90.000000,120.000000,120.000000,120.000000,120.000000,250.000000,250.000000,250.000000,250.000000
1749017580.882508,110.882573,95.000000,90.000000,0.000000,0.000000,0.000000,0.000000,0.000000,0.000000,0.000000,0.000000
1749017580.916346,110.139209,95.000000,90.000000,0.000000,0.000000,0.000000,0.000000,0.000000,0.000000,0.000000,0.000000
1749017580.946795,109.257309,95.000000,90.000000,0.000000,0.000000,0.000000,0.000000,0.000000,0.000000,0.000000,0.000000
1749017580.977048,108.448358,95.000000,90.000000,0.000000,0.000000,0.000000,0.000000,0.000000,0.000000,0.000000,0.000000
1749017581.013043,107.068094,95.000000,90.000000,120.000000,120.000000,120.000000,120.000000,250.000000,250.000000,250.000000,250.000000
1749017581.046009,105.823342,95.000000,90.000000,120.000000,120.000000,120.000000,120.000000,250.000000,250.000000,250.000000,250.000000
1749017581.077974,105.266501,95.000000,90.000000,120.000000,120.000000,120.000000,120.000000,250.000000,250.000000,250.000000,250.000000
1749017581.115028,104.906028,95.000000,90.000000,120.000000,120.000000,120.000000,120.000000,250.000000,250.000000,250.000000,250.000000
1749017581.147028,104.882173,95.000000,90.000000,0.000000,0.000000,0.000000,0.000000,0.000000,0.000000,0.000000,0.000000
1749017581.176983,103.830665,95.000000,90.000000,0.000000,0.000000,0.000000,0.000000,0.000000,0.000000,0.000000,0.000000
1749017581.213702,101.883092,95.000000,90.000000,0.000000,0.000000,0.000000,0.000000,0.000000,0.000000,0.000000,0.000000
1749017581.244082,102.137056,95.000000,90.000000,0.000000,0.000000,0.000000,0.000000,0.000000,0.000000,0.000000,0.000000
1749017581.277957,101.964344,95.000000,90.000000,120.000000,120.000000,120.000000,120.000000,250.000000,250.000000,250.000000,250.000000
1749017581.314911,100.429038,95.000000,90.000000,120.000000,120.000000,120.000000,120.000000,250.000000,250.000000,250.000000,250.000000
1749017581.344701,99.876536,95.000000,90.000000,120.000000,120.000000,120.000000,120.000000,250.000000,250.000000,250.000000,250.000000
1749017581.376607,99.549551,95.000000,90.000000,120.000000,120.000000,120.000000,120.000000,250.000000,250.000000,250.000000,250.000000
1749017581.412910,99.164194,95.000000,90.000000,0.000000,0.000000,0.000000,0.000000,0.000000,0.000000,0.000000,0.000000
1749017581.444856,98.093252,95.000000,90.000000,0.000000,0.000000,0.000000,0.000000,0.000000,0.000000,0.000000,0.000000
1749017581.477167,98.284846,95.000000,90.000000,0.000000,0.000000,0.000000,0.000000,0.000000,0.000000,0.000000,0.000000
1749017581.514972,97.825540,95.000000,90.000000,0.000000,0.000000,0.000000,0.000000,0.000000,0.000000,0.000000,0.000000
1749017581.544881,97.079488,95.000000,90.000000,0.000000,0.000000,0.000000,0.000000,0.000000,0.000000,0.000000,0.000000
1749017581.578745,96.419288,95.000000,90.000000,0.000000,0.000000,0.000000,0.000000,0.000000,0.000000,0.000000,0.000000
1749017581.614982,96.169333,95.000000,90.000000,0.000000,0.000000,0.000000,0.000000,0.000000,0.000000,0.000000,0.000000
1749017581.646644,95.731948,95.000000,90.000000,0.000000,0.000000,0.000000,0.000000,0.000000,0.000000,0.000000,0.000000
1749017581.679836,94.256630,95.000000,90.000000,0.000000,0.000000,0.000000,0.000000,0.000000,0.000000,0.000000,0.000000
1749017581.713545,94.824579,95.000000,90.000000,0.000000,0.000000,0.000000,0.000000,0.000000,0.000000,0.000000,0.000000
1749017581.744485,94.310219,95.000000,90.000000,0.000000,0.000000,0.000000,0.000000,0.000000,0.000000,0.000000,0.000000
1749017581.776947,92.931113,95.000000,90.000000,0.000000,0.000000,0.000000,0.000000,0.000000,0.000000,0.000000,0.000000
1749017581.813283,93.292831,95.000000,90.000000,0.000000,0.000000,0.000000,0.000000,0.000000,0.000000,0.000000,0.000000
1749017581.845554,92.617700,95.000000,90.000000,0.000000,0.000000,0.000000,0.000000,0.000000,0.000000,0.000000,0.000000
1749017581.878162,92.460534,95.000000,90.000000,0.000000,0.000000,0.000000,0.000000,0.000000,0.000000,0.000000,0.000000
1749017581.914016,92.297113,95.000000,90.000000,0.000000,0.000000,0.000000,0.000000,0.000000,0.000000,0.000000,0.000000
1749017581.945317,92.108763,95.000000,90.000000,0.000000,0.000000,0.000000,0.000000,0.000000,0.000000,0.000000,0.000000
1749017581.977167,91.357983,95.000000,90.000000,0.000000,0.000000,0.000000,0.000000,0.000000,0.000000,0.000000,0.000000
1749017582.014255,90.749482,95.000000,90.000000,0.000000,0.000000,0.000000,0.000000,0.000000,0.000000,0.000000,0.000000
1749017582.046142,90.332196,95.000000,90.000000,0.000000,0.000000,0.000000,0.000000,0.000000,0.000000,0.000000,0.000000
1749017582.077571,89.742243,95.000000,90.000000,0.000000,0.000000,0.000000,0.000000,0.000000,0.000000,0.000000,0.000000
1749017582.114047,89.186552,95.000000,90.000000,120.000000,120.000000,120.000000,120.000000,250.000000,250.000000,250.000000,250.000000
1749017582.145072,89.647499,95.000000,90.000000,120.000000,120.000000,120.000000,120.000000,250.000000,250.000000,250.000000,250.000000
1749017582.176715,89.957199,95.000000,90.000000,120.000000,120.000000,120.000000,120.000000,250.000000,250.000000,250.000000,250.000000
1749017582.212082,89.011216,95.000000,90.000000,120.000000,120.000000,120.000000,120.000000,250.000000,250.000000,250.000000,250.000000
1749017582.245858,89.316001,95.000000,90.000000,120.000000,120.000000,120.000000,120.000000,250.000000,250.000000,250.000000,250.000000
1749017582.277952,89.477585,95.000000,90.000000,120.000000,120.000000,120.000000,120.000000,250.000000,250.000000,250.000000,250.000000
1749017582.313590,89.628799,95.000000,90.000000,0.000000,0.000000,0.000000,0.000000,0.000000,0.000000,0.000000,0.000000
1749017582.346410,89.530140,95.000000,90.000000,0.000000,0.000000,0.000000,0.000000,0.000000,0.000000,0.000000,0.000000
1749017582.378715,89.482120,95.000000,90.000000,0.000000,0.000000,0.000000,0.000000,0.000000,0.000000,0.000000,0.000000
1749017582.412944,89.380892,95.000000,90.000000,0.000000,0.000000,0.000000,0.000000,0.000000,0.000000,0.000000,0.000000
1749017582.445413,89.498313,95.000000,90.000000,0.000000,0.000000,0.000000,0.000000,0.000000,0.000000,0.000000,0.000000
1749017582.476987,88.643432,95.000000,90.000000,0.000000,0.000000,0.000000,0.000000,0.000000,0.000000,0.000000,0.000000
1749017582.513414,88.700359,95.000000,90.000000,120.000000,120.000000,120.000000,120.000000,250.000000,250.000000,250.000000,250.000000
1749017582.546211,88.618650,95.000000,90.000000,120.000000,120.000000,120.000000,120.000000,250.000000,250.000000,250.000000,250.000000
1749017582.577893,88.492138,95.000000,90.000000,120.000000,120.000000,120.000000,120.000000,250.000000,250.000000,250.000000,250.000000
1749017582.609611,88.478655,95.000000,90.000000,120.000000,120.000000,120.000000,120.000000,250.000000,250.000000,250.000000,250.000000
1749017582.639011,88.789535,95.000000,90.000000,120.000000,120.000000,120.000000,120.000000,250.000000,250.000000,250.000000,250.000000
1749017582.669659,88.740778,95.000000,90.000000,0.000000,0.000000,0.000000,0.000000,0.000000,0.000000,0.000000,0.000000
1749017582.709002,88.956158,95.000000,90.000000,0.000000,0.000000,0.000000,0.000000,0.000000,0.000000,0.000000,0.000000
1749017582.742939,89.031016,95.000000,90.000000,0.000000,0.000000,0.000000,0.000000,0.000000,0.000000,0.000000,0.000000
1749017582.773535,90.059659,95.000000,90.000000,0.000000,0.000000,0.000000,0.000000,0.000000,0.000000,0.000000,0.000000
1749017582.811266,90.779223,95.000000,90.000000,0.000000,0.000000,0.000000,0.000000,0.000000,0.000000,0.000000,0.000000
1749017582.844438,91.583969,95.000000,90.000000,120.000000,120.000000,120.000000,120.000000,250.000000,250.000000,250.000000,250.000000
1749017582.875037,92.337634,95.000000,90.000000,120.000000,120.000000,120.000000,120.000000,250.000000,250.000000,250.000000,250.000000
1749017582.912040,92.477779,95.000000,90.000000,120.000000,120.000000,120.000000,120.000000,250.000000,250.000000,250.000000,250.000000
1749017582.945651,92.092116,95.000000,90.000000,120.000000,120.000000,120.000000,120.000000,250.000000,250.000000,250.000000,250.000000
1749017582.977102,92.689451,95.000000,90.000000,120.000000,120.000000,120.000000,120.000000,250.000000,250.000000,250.000000,250.000000
1749017583.011215,93.396132,95.000000,90.000000,120.000000,120.000000,120.000000,120.000000,250.000000,250.000000,250.000000,250.000000
1749017583.041940,93.743750,95.000000,90.000000,120.000000,120.000000,120.000000,120.000000,250.000000,250.000000,250.000000,250.000000
1749017583.075268,93.687815,95.000000,90.000000,120.000000,120.000000,120.000000,120.000000,250.000000,250.000000,250.000000,250.000000
1749017583.111843,94.494398,95.000000,90.000000,120.000000,120.000000,120.000000,120.000000,250.000000,250.000000,250.000000,250.000000
1749017583.146913,94.140866,95.000000,90.000000,0.000000,0.000000,0.000000,0.000000,0.000000,0.000000,0.000000,0.000000
1749017583.179039,94.555649,95.000000,90.000000,0.000000,0.000000,0.000000,0.000000,0.000000,0.000000,0.000000,0.000000
1749017583.215162,95.101985,95.000000,90.000000,0.000000,0.000000,0.000000,0.000000,0.000000,0.000000,0.000000,0.000000
1749017583.246538,95.874478,95.000000,90.000000,0.000000,0.000000,0.000000,0.000000,0.000000,0.000000,0.000000,0.000000
1749017583.279047,96.080240,95.000000,90.000000,0.000000,0.000000,0.000000,0.000000,0.000000,0.000000,0.000000,0.000000
1749017583.315497,96.824838,95.000000,90.000000,0.000000,0.000000,0.000000,0.000000,0.000000,0.000000,0.000000,0.000000
1749017583.348432,97.514810,95.000000,90.000000,0.000000,0.000000,0.000000,0.000000,0.000000,0.000000,0.000000,0.000000
1749017583.379164,97.136819,95.000000,90.000000,0.000000,0.000000,0.000000,0.000000,0.000000,0.000000,0.000000,0.000000
1749017583.413504,97.461369,95.000000,90.000000,0.000000,0.000000,0.000000,0.000000,0.000000,0.000000,0.000000,0.000000
1749017583.445894,97.781827,95.000000,90.000000,0.000000,0.000000,0.000000,0.000000,0.000000,0.000000,0.000000,0.000000
1749017583.477876,98.192784,95.000000,90.000000,0.000000,0.000000,0.000000,0.000000,0.000000,0.000000,0.000000,0.000000
1749017583.514567,98.343296,95.000000,90.000000,0.000000,0.000000,0.000000,0.000000,0.000000,0.000000,0.000000,0.000000
1749017583.546566,98.959137,95.000000,90.000000,0.000000,0.000000,0.000000,0.000000,0.000000,0.000000,0.000000,0.000000
1749017583.577890,99.445336,95.000000,90.000000,120.000000,120.000000,120.000000,120.000000,250.000000,250.000000,250.000000,250.000000
1749017583.614945,99.206328,95.000000,90.000000,120.000000,120.000000,120.000000,120.000000,250.000000,250.000000,250.000000,250.000000
1749017583.646066,99.296162,95.000000,90.000000,120.000000,120.000000,120.000000,120.000000,250.000000,250.000000,250.000000,250.000000
1749017583.680145,99.560105,95.000000,90.000000,120.000000,120.000000,120.000000,120.000000,250.000000,250.000000,250.000000,250.000000
1749017583.717088,100.272250,95.000000,90.000000,120.000000,120.000000,120.000000,120.000000,250.000000,250.000000,250.000000,250.000000
1749017583.747526,99.943780,95.000000,90.000000,120.000000,120.000000,120.000000,120.000000,250.000000,250.000000,250.000000,250.000000
1749017583.779782,100.101344,95.000000,90.000000,120.000000,120.000000,120.000000,120.000000,250.000000,250.000000,250.000000,250.000000
1749017583.813797,100.257800,95.000000,90.000000,120.000000,120.000000,120.000000,120.000000,250.000000,250.000000,250.000000,250.000000
1749017583.845977,100.067390,95.000000,90.000000,0.000000,0.000000,0.000000,0.000000,0.000000,0.000000,0.000000,0.000000
1749017583.878458,100.352909,95.000000,90.000000,0.000000,0.000000,0.000000,0.000000,0.000000,0.000000,0.000000,0.000000
1749017583.913151,100.458015,95.000000,90.000000,0.000000,0.000000,0.000000,0.000000,0.000000,0.000000,0.000000,0.000000
1749017583.944992,100.791009,95.000000,90.000000,0.000000,0.000000,0.000000,0.000000,0.000000,0.000000,0.000000,0.000000
1749017583.978021,100.369994,95.000000,90.000000,0.000000,0.000000,0.000000,0.000000,0.000000,0.000000,0.000000,0.000000
1749017584.013717,100.420636,95.000000,90.000000,0.000000,0.000000,0.000000,0.000000,0.000000,0.000000,0.000000,0.000000
1749017584.046442,101.567320,95.000000,90.000000,0.000000,0.000000,0.000000,0.000000,0.000000,0.000000,0.000000,0.000000
1749017584.080782,101.948313,95.000000,90.000000,120.000000,120.000000,120.000000,120.000000,250.000000,250.000000,250.000000,250.000000
1749017584.114924,101.367694,95.000000,90.000000,120.000000,120.000000,120.000000,120.000000,250.000000,250.000000,250.000000,250.000000
1749017584.146724,101.649947,95.000000,90.000000,120.000000,120.000000,120.000000,120.000000,250.000000,250.000000,250.000000,250.000000
1749017584.178623,101.118829,95.000000,90.000000,120.000000,120.000000,120.000000,120.000000,250.000000,250.000000,250.000000,250.000000
1749017584.214134,100.807555,95.000000,90.000000,0.000000,0.000000,0.000000,0.000000,0.000000,0.000000,0.000000,0.000000
1749017584.247223,100.598982,95.000000,90.000000,0.000000,0.000000,0.000000,0.000000,0.000000,0.000000,0.000000,0.000000
1749017584.278390,100.052205,95.000000,90.000000,0.000000,0.000000,0.000000,0.000000,0.000000,0.000000,0.000000,0.000000
1749017584.313868,99.797385,95.000000,90.000000,0.000000,0.000000,0.000000,0.000000,0.000000,0.000000,0.000000,0.000000
1749017584.345135,99.232115,95.000000,90.000000,0.000000,0.000000,0.000000,0.000000,0.000000,0.000000,0.000000,0.000000
1749017584.378011,98.893023,95.000000,90.000000,0.000000,0.000000,0.000000,0.000000,0.000000,0.000000,0.000000,0.000000
1749017584.415434,98.511090,95.000000,90.000000,120.000000,120.000000,120.000000,120.000000,250.000000,250.000000,250.000000,250.000000
1749017584.445948,98.180399,95.000000,90.000000,120.000000,120.000000,120.000000,120.000000,250.000000,250.000000,250.000000,250.000000
1749017584.478903,97.259066,95.000000,90.000000,120.000000,120.000000,120.000000,120.000000,250.000000,250.000000,250.000000,250.000000
1749017584.515542,97.875927,95.000000,90.000000,120.000000,120.000000,120.000000,120.000000,250.000000,250.000000,250.000000,250.000000
1749017584.546501,98.044246,95.000000,90.000000,120.000000,120.000000,120.000000,120.000000,250.000000,250.000000,250.000000,250.000000
1749017584.582932,98.392112,95.000000,90.000000,120.000000,120.000000,120.000000,120.000000,250.000000,250.000000,250.000000,250.000000
1749017584.613859,97.285277,95.000000,90.000000,120.000000,120.000000,120.000000,120.000000,250.000000,250.000000,250.000000,250.000000
1749017584.647108,95.700676,95.000000,90.000000,120.000000,120.000000,120.000000,120.000000,250.000000,250.000000,250.000000,250.000000
1749017584.679027,95.670945,95.000000,90.000000,120.000000,120.000000,120.000000,120.000000,250.000000,250.000000,250.000000,250.000000
1749017584.715584,95.314217,95.000000,90.000000,0.000000,0.000000,0.000000,0.000000,0.000000,0.000000,0.000000,0.000000
1749017584.745483,95.268939,95.000000,90.000000,0.000000,0.000000,0.000000,0.000000,0.000000,0.000000,0.000000,0.000000
1749017584.778000,95.122941,95.000000,90.000000,0.000000,0.000000,0.000000,0.000000,0.000000,0.000000,0.000000,0.000000
1749017584.813147,94.579737,95.000000,90.000000,0.000000,0.000000,0.000000,0.000000,0.000000,0.000000,0.000000,0.000000
1749017584.845993,94.722169,95.000000,90.000000,0.000000,0.000000,0.000000,0.000000,0.000000,0.000000,0.000000,0.000000
1749017584.878934,94.423891,95.000000,90.000000,0.000000,0.000000,0.000000,0.000000,0.000000,0.000000,0.000000,0.000000
1749017584.916942,93.956013,95.000000,90.000000,0.000000,0.000000,0.000000,0.000000,0.000000,0.000000,0.000000,0.000000
1749017584.945745,93.648508,95.000000,90.000000,0.000000,0.000000,0.000000,0.000000,0.000000,0.000000,0.000000,0.000000
1749017584.980717,93.137308,95.000000,90.000000,0.000000,0.000000,0.000000,0.000000,0.000000,0.000000,0.000000,0.000000
1749017585.018360,92.986138,95.000000,90.000000,0.000000,0.000000,0.000000,0.000000,0.000000,0.000000,0.000000,0.000000
1749017585.041513,92.638546,95.000000,90.000000,0.000000,0.000000,0.000000,0.000000,0.000000,0.000000,0.000000,0.000000
1749017585.069066,91.383832,95.000000,90.000000,0.000000,0.000000,0.000000,0.000000,0.000000,0.000000,0.000000,0.000000
1749017585.105082,91.834142,95.000000,90.000000,0.000000,0.000000,0.000000,0.000000,0.000000,0.000000,0.000000,0.000000
1749017585.139146,91.120884,95.000000,90.000000,0.000000,0.000000,0.000000,0.000000,0.000000,0.000000,0.000000,0.000000
1749017585.173915,90.894907,95.000000,90.000000,120.000000,120.000000,120.000000,120.000000,250.000000,250.000000,250.000000,250.000000
1749017585.217318,91.386191,95.000000,90.000000,120.000000,120.000000,120.000000,120.000000,250.000000,250.000000,250.000000,250.000000
1749017585.248271,91.808367,95.000000,90.000000,120.000000,120.000000,120.000000,120.000000,250.000000,250.000000,250.000000,250.000000
1749017585.275612,91.926923,95.000000,90.000000,120.000000,120.000000,120.000000,120.000000,250.000000,250.000000,250.000000,250.000000
1749017585.312778,91.544946,95.000000,90.000000,120.000000,120.000000,120.000000,120.000000,250.000000,250.000000,250.000000,250.000000
1749017585.343995,91.671124,95.000000,90.000000,120.000000,120.000000,120.000000,120.000000,250.000000,250.000000,250.000000,250.000000
1749017585.379100,92.125775,95.000000,90.000000,120.000000,120.000000,120.000000,120.000000,250.000000,250.000000,250.000000,250.000000
1749017585.414565,92.448457,95.000000,90.000000,120.000000,120.000000,120.000000,120.000000,250.000000,250.000000,250.000000,250.000000
1749017585.445442,92.778757,95.000000,90.000000,0.000000,0.000000,0.000000,0.000000,0.000000,0.000000,0.000000,0.000000
1749017585.477340,93.298112,95.000000,90.000000,0.000000,0.000000,0.000000,0.000000,0.000000,0.000000,0.000000,0.000000
1749017585.513380,93.373450,95.000000,90.000000,0.000000,0.000000,0.000000,0.000000,0.000000,0.000000,0.000000,0.000000
1749017585.544546,93.988359,108.000000,90.000000,0.000000,0.000000,0.000000,0.000000,0.000000,0.000000,0.000000,0.000000
1749017585.577283,95.032958,108.000000,90.000000,0.000000,0.000000,0.000000,0.000000,0.000000,0.000000,0.000000,0.000000
1749017585.612091,95.295255,108.000000,90.000000,0.000000,0.000000,0.000000,0.000000,0.000000,0.000000,0.000000,0.000000
1749017585.644457,96.090149,108.000000,90.000000,0.000000,0.000000,0.000000,0.000000,0.000000,0.000000,0.000000,0.000000
1749017585.675652,96.023873,108.000000,90.000000,0.000000,0.000000,0.000000,0.000000,0.000000,0.000000,0.000000,0.000000
1749017585.711511,95.525622,108.000000,90.000000,0.000000,0.000000,0.000000,0.000000,0.000000,0.000000,0.000000,0.000000
1749017585.744321,96.037778,108.000000,90.000000,0.000000,0.000000,0.000000,0.000000,0.000000,0.000000,0.000000,0.000000
1749017585.777809,96.990953,108.000000,90.000000,0.000000,0.000000,0.000000,0.000000,0.000000,0.000000,0.000000,0.000000
1749017585.812922,97.897372,108.000000,90.000000,0.000000,0.000000,0.000000,0.000000,0.000000,0.000000,0.000000,0.000000
1749017585.844548,98.089830,108.000000,90.000000,0.000000,0.000000,0.000000,0.000000,0.000000,0.000000,0.000000,0.000000
1749017585.876614,98.426295,108.000000,90.000000,0.000000,0.000000,0.000000,0.000000,0.000000,0.000000,0.000000,0.000000
1749017585.912794,99.227484,108.000000,120.000000,0.000000,0.000000,0.000000,0.000000,0.000000,0.000000,0.000000,0.000000
1749017585.944616,99.606156,108.000000,90.000000,0.000000,0.000000,0.000000,0.000000,0.000000,0.000000,0.000000,0.000000
1749017585.977190,100.554801,108.000000,90.000000,0.000000,0.000000,0.000000,0.000000,0.000000,0.000000,0.000000,0.000000
1749017586.012681,100.304765,108.000000,90.000000,0.000000,0.000000,0.000000,0.000000,0.000000,0.000000,0.000000,0.000000
1749017586.045006,100.813153,108.000000,120.000000,0.000000,0.000000,0.000000,0.000000,0.000000,0.000000,0.000000,0.000000
1749017586.077458,102.077381,108.000000,90.000000,120.000000,120.000000,120.000000,120.000000,250.000000,250.000000,250.000000,250.000000
1749017586.113256,103.498868,108.000000,90.000000,120.000000,120.000000,120.000000,120.000000,250.000000,250.000000,250.000000,250.000000
1749017586.144969,104.777516,108.000000,90.000000,120.000000,120.000000,120.000000,120.000000,250.000000,250.000000,250.000000,250.000000
1749017586.178130,103.923763,108.000000,90.000000,120.000000,120.000000,120.000000,120.000000,250.000000,250.000000,250.000000,250.000000
1749017586.232918,102.894967,108.000000,90.000000,120.000000,120.000000,120.000000,120.000000,250.000000,250.000000,250.000000,250.000000
1749017586.269136,104.902454,108.000000,90.000000,120.000000,120.000000,120.000000,120.000000,250.000000,250.000000,250.000000,250.000000
1749017586.289884,104.913597,108.000000,90.000000,0.000000,0.000000,0.000000,0.000000,0.000000,0.000000,0.000000,0.000000
1749017586.312887,104.315597,108.000000,90.000000,0.000000,0.000000,0.000000,0.000000,0.000000,0.000000,0.000000,0.000000
1749017586.340908,104.569284,108.000000,90.000000,0.000000,0.000000,0.000000,0.000000,0.000000,0.000000,0.000000,0.000000
1749017586.372527,104.497579,108.000000,90.000000,0.000000,0.000000,0.000000,0.000000,0.000000,0.000000,0.000000,0.000000
1749017586.412147,104.228676,108.000000,90.000000,0.000000,0.000000,0.000000,0.000000,0.000000,0.000000,0.000000,0.000000
1749017586.447033,104.576865,108.000000,90.000000,0.000000,0.000000,0.000000,0.000000,0.000000,0.000000,0.000000,0.000000
1749017586.478188,104.271506,108.000000,90.000000,0.000000,0.000000,0.000000,0.000000,0.000000,0.000000,0.000000,0.000000
1749017586.517004,104.678974,108.000000,90.000000,0.000000,0.000000,0.000000,0.000000,0.000000,0.000000,0.000000,0.000000
1749017586.548580,104.965689,108.000000,90.000000,0.000000,0.000000,0.000000,0.000000,0.000000,0.000000,0.000000,0.000000
1749017586.574625,105.655312,108.000000,90.000000,0.000000,0.000000,0.000000,0.000000,0.000000,0.000000,0.000000,0.000000
1749017586.609849,105.867176,108.000000,90.000000,0.000000,0.000000,0.000000,0.000000,0.000000,0.000000,0.000000,0.000000
1749017586.643213,105.887615,108.000000,90.000000,0.000000,0.000000,0.000000,0.000000,0.000000,0.000000,0.000000,0.000000
1749017586.674815,106.089529,108.000000,90.000000,0.000000,0.000000,0.000000,0.000000,0.000000,0.000000,0.000000,0.000000
1749017586.710947,106.190283,108.000000,90.000000,0.000000,0.000000,0.000000,0.000000,0.000000,0.000000,0.000000,0.000000
1749017586.742794,105.588730,108.000000,90.000000,0.000000,0.000000,0.000000,0.000000,0.000000,0.000000,0.000000,0.000000
1749017586.775426,105.318026,108.000000,90.000000,0.000000,0.000000,0.000000,0.000000,0.000000,0.000000,0.000000,0.000000
1749017586.810725,105.029881,108.000000,90.000000,0.000000,0.000000,0.000000,0.000000,0.000000,0.000000,0.000000,0.000000
1749017586.845510,105.159530,108.000000,90.000000,0.000000,0.000000,0.000000,0.000000,0.000000,0.000000,0.000000,0.000000
1749017586.883084,104.692004,108.000000,90.000000,0.000000,0.000000,0.000000,0.000000,0.000000,0.000000,0.000000,0.000000
1749017586.917962,105.363862,108.000000,90.000000,0.000000,0.000000,0.000000,0.000000,0.000000,0.000000,0.000000,0.000000
1749017586.948681,105.873670,108.000000,90.000000,0.000000,0.000000,0.000000,0.000000,0.000000,0.000000,0.000000,0.000000
1749017586.981067,105.288724,108.000000,90.000000,120.000000,120.000000,120.000000,120.000000,250.000000,250.000000,250.000000,250.000000
1749017587.016163,104.271134,108.000000,90.000000,120.000000,120.000000,120.000000,120.000000,250.000000,250.000000,250.000000,250.000000
1749017587.048519,103.703486,108.000000,90.000000,120.000000,120.000000,120.000000,120.000000,250.000000,250.000000,250.000000,250.000000
1749017587.080215,104.496156,108.000000,90.000000,120.000000,120.000000,120.000000,120.000000,250.000000,250.000000,250.000000,250.000000
1749017587.116998,105.283509,108.000000,90.000000,120.000000,120.000000,120.000000,120.000000,250.000000,250.000000,250.000000,250.000000
1749017587.147976,104.919177,108.000000,90.000000,120.000000,120.000000,120.000000,120.000000,250.000000,250.000000,250.000000,250.000000
1749017587.175696,104.516065,108.000000,90.000000,120.000000,120.000000,120.000000,120.000000,250.000000,250.000000,250.000000,250.000000
1749017587.212869,104.694951,108.000000,90.000000,120.000000,120.000000,120.000000,120.000000,250.000000,250.000000,250.000000,250.000000
1749017587.245079,104.037502,108.000000,90.000000,120.000000,120.000000,120.000000,120.000000,250.000000,250.000000,250.000000,250.000000
1749017587.276277,104.197599,108.000000,90.000000,120.000000,120.000000,120.000000,120.000000,250.000000,250.000000,250.000000,250.000000
1749017587.312862,104.844626,108.000000,90.000000,0.000000,0.000000,0.000000,0.000000,0.000000,0.000000,0.000000,0.000000
1749017587.344154,103.681580,108.000000,90.000000,0.000000,0.000000,0.000000,0.000000,0.000000,0.000000,0.000000,0.000000
1749017587.375767,104.101814,108.000000,90.000000,0.000000,0.000000,0.000000,0.000000,0.000000,0.000000,0.000000,0.000000
1749017587.412603,105.179671,108.000000,90.000000,0.000000,0.000000,0.000000,0.000000,0.000000,0.000000,0.000000,0.000000
1749017587.448798,105.040451,108.000000,90.000000,0.000000,0.000000,0.000000,0.000000,0.000000,0.000000,0.000000,0.000000
1749017587.476016,104.280006,108.000000,90.000000,0.000000,0.000000,0.000000,0.000000,0.000000,0.000000,0.000000,0.000000
1749017587.512563,103.365257,108.000000,90.000000,0.000000,0.000000,0.000000,0.000000,0.000000,0.000000,0.000000,0.000000
1749017587.543805,104.359285,108.000000,90.000000,0.000000,0.000000,0.000000,0.000000,0.000000,0.000000,0.000000,0.000000
1749017587.576859,104.514676,108.000000,90.000000,0.000000,0.000000,0.000000,0.000000,0.000000,0.000000,0.000000,0.000000
1749017587.611979,103.489054,108.000000,90.000000,0.000000,0.000000,0.000000,0.000000,0.000000,0.000000,0.000000,0.000000
1749017587.644477,103.695276,108.000000,90.000000,120.000000,120.000000,120.000000,120.000000,250.000000,250.000000,250.000000,250.000000
1749017587.675986,104.029297,108.000000,90.000000,120.000000,120.000000,120.000000,120.000000,250.000000,250.000000,250.000000,250.000000
1749017587.712780,103.715550,108.000000,90.000000,120.000000,120.000000,120.000000,120.000000,250.000000,250.000000,250.000000,250.000000
1749017587.743986,104.528415,108.000000,90.000000,120.000000,120.000000,120.000000,120.000000,250.000000,250.000000,250.000000,250.000000
1749017587.776770,103.315027,108.000000,90.000000,120.000000,120.000000,120.000000,120.000000,250.000000,250.000000,250.000000,250.000000
1749017587.813960,103.093497,108.000000,90.000000,120.000000,120.000000,120.000000,120.000000,250.000000,250.000000,250.000000,250.000000
1749017587.847707,104.482133,108.000000,90.000000,120.000000,120.000000,120.000000,120.000000,250.000000,250.000000,250.000000,250.000000
1749017587.880919,104.416430,108.000000,90.000000,120.000000,120.000000,120.000000,120.000000,250.000000,250.000000,250.000000,250.000000
1749017587.911494,104.169264,108.000000,90.000000,0.000000,0.000000,0.000000,0.000000,0.000000,0.000000,0.000000,0.000000
1749017587.943253,104.324720,108.000000,90.000000,0.000000,0.000000,0.000000,0.000000,0.000000,0.000000,0.000000,0.000000
1749017587.975596,104.651317,108.000000,90.000000,0.000000,0.000000,0.000000,0.000000,0.000000,0.000000,0.000000,0.000000
1749017588.012571,104.966312,108.000000,90.000000,0.000000,0.000000,0.000000,0.000000,0.000000,0.000000,0.000000,0.000000
1749017588.044642,104.495107,108.000000,90.000000,0.000000,0.000000,0.000000,0.000000,0.000000,0.000000,0.000000,0.000000
1749017588.075979,104.431500,108.000000,90.000000,0.000000,0.000000,0.000000,0.000000,0.000000,0.000000,0.000000,0.000000
1749017588.112996,104.256856,108.000000,90.000000,0.000000,0.000000,0.000000,0.000000,0.000000,0.000000,0.000000,0.000000
1749017588.144401,104.929991,108.000000,90.000000,0.000000,0.000000,0.000000,0.000000,0.000000,0.000000,0.000000,0.000000
1749017588.178130,105.324893,108.000000,90.000000,0.000000,0.000000,0.000000,0.000000,0.000000,0.000000,0.000000,0.000000
1749017588.216263,106.239379,108.000000,90.000000,0.000000,0.000000,0.000000,0.000000,0.000000,0.000000,0.000000,0.000000
1749017588.246899,104.881201,108.000000,90.000000,0.000000,0.000000,0.000000,0.000000,0.000000,0.000000,0.000000,0.000000
1749017588.275266,105.152256,108.000000,90.000000,0.000000,0.000000,0.000000,0.000000,0.000000,0.000000,0.000000,0.000000
1749017588.312896,105.606633,108.000000,90.000000,0.000000,0.000000,0.000000,0.000000,0.000000,0.000000,0.000000,0.000000
1749017588.343982,105.576462,108.000000,90.000000,0.000000,0.000000,0.000000,0.000000,0.000000,0.000000,0.000000,0.000000
1749017588.375838,106.557349,108.000000,90.000000,0.000000,0.000000,0.000000,0.000000,0.000000,0.000000,0.000000,0.000000
1749017588.411556,105.880760,108.000000,90.000000,0.000000,0.000000,0.000000,0.000000,0.000000,0.000000,0.000000,0.000000
1749017588.443841,105.736693,108.000000,90.000000,0.000000,0.000000,0.000000,0.000000,0.000000,0.000000,0.000000,0.000000
1749017588.475643,106.323860,108.000000,90.000000,0.000000,0.000000,0.000000,0.000000,0.000000,0.000000,0.000000,0.000000
1749017588.512073,105.941521,108.000000,90.000000,0.000000,0.000000,0.000000,0.000000,0.000000,0.000000,0.000000,0.000000
1749017588.544866,105.980429,108.000000,90.000000,0.000000,0.000000,0.000000,0.000000,0.000000,0.000000,0.000000,0.000000
1749017588.577178,106.199731,108.000000,90.000000,0.000000,0.000000,0.000000,0.000000,0.000000,0.000000,0.000000,0.000000
1749017588.614384,107.241095,108.000000,90.000000,0.000000,0.000000,0.000000,0.000000,0.000000,0.000000,0.000000,0.000000
1749017588.643080,107.025134,108.000000,90.000000,0.000000,0.000000,0.000000,0.000000,0.000000,0.000000,0.000000,0.000000
1749017588.676577,107.903076,108.000000,90.000000,0.000000,0.000000,0.000000,0.000000,0.000000,0.000000,0.000000,0.000000
1749017588.712887,108.886392,108.000000,90.000000,0.000000,0.000000,0.000000,0.000000,0.000000,0.000000,0.000000,0.000000
1749017588.744227,108.852299,108.000000,90.000000,0.000000,0.000000,0.000000,0.000000,0.000000,0.000000,0.000000,0.000000
1749017588.775359,109.330475,108.000000,90.000000,0.000000,0.000000,0.000000,0.000000,0.000000,0.000000,0.000000,0.000000
1749017588.812957,109.188446,108.000000,90.000000,0.000000,0.000000,0.000000,0.000000,0.000000,0.000000,0.000000,0.000000
1749017588.843609,109.479586,108.000000,90.000000,0.000000,0.000000,0.000000,0.000000,0.000000,0.000000,0.000000,0.000000
1749017588.875798,109.986795,108.000000,90.000000,0.000000,0.000000,0.000000,0.000000,0.000000,0.000000,0.000000,0.000000
1749017588.912331,111.052700,108.000000,90.000000,0.000000,0.000000,0.000000,0.000000,0.000000,0.000000,0.000000,0.000000
1749017588.944173,110.656662,108.000000,90.000000,0.000000,0.000000,0.000000,0.000000,0.000000,0.000000,0.000000,0.000000
1749017588.978374,109.779738,108.000000,90.000000,0.000000,0.000000,0.000000,0.000000,0.000000,0.000000,0.000000,0.000000
1749017589.013468,109.175829,108.000000,90.000000,0.000000,0.000000,0.000000,0.000000,0.000000,0.000000,0.000000,0.000000
1749017589.044649,110.307462,108.000000,90.000000,0.000000,0.000000,0.000000,0.000000,0.000000,0.000000,0.000000,0.000000
1749017589.074540,111.205803,108.000000,90.000000,0.000000,0.000000,0.000000,0.000000,0.000000,0.000000,0.000000,0.000000
1749017589.112413,110.952388,108.000000,90.000000,0.000000,0.000000,0.000000,0.000000,0.000000,0.000000,0.000000,0.000000
1749017589.144285,112.226672,108.000000,90.000000,0.000000,0.000000,0.000000,0.000000,0.000000,0.000000,0.000000,0.000000
1749017589.176514,113.497733,108.000000,90.000000,0.000000,0.000000,0.000000,0.000000,0.000000,0.000000,0.000000,0.000000
1749017589.212318,114.101022,108.000000,90.000000,0.000000,0.000000,0.000000,0.000000,0.000000,0.000000,0.000000,0.000000
1749017589.243996,114.436492,108.000000,90.000000,0.000000,0.000000,0.000000,0.000000,0.000000,0.000000,0.000000,0.000000
1749017589.275975,113.274502,108.000000,90.000000,0.000000,0.000000,0.000000,0.000000,0.000000,0.000000,0.000000,0.000000
1749017589.311514,113.480445,108.000000,90.000000,0.000000,0.000000,0.000000,0.000000,0.000000,0.000000,0.000000,0.000000
1749017589.343695,115.121703,108.000000,90.000000,0.000000,0.000000,0.000000,0.000000,0.000000,0.000000,0.000000,0.000000
1749017589.375027,115.121414,108.000000,90.000000,0.000000,0.000000,0.000000,0.000000,0.000000,0.000000,0.000000,0.000000
1749017589.412583,115.613646,108.000000,90.000000,120.000000,120.000000,120.000000,120.000000,250.000000,250.000000,250.000000,250.000000
1749017589.444608,115.509686,108.000000,90.000000,120.000000,120.000000,120.000000,120.000000,250.000000,250.000000,250.000000,250.000000
1749017589.476346,114.796575,108.000000,90.000000,120.000000,120.000000,120.000000,120.000000,250.000000,250.000000,250.000000,250.000000
1749017589.513876,114.930140,108.000000,90.000000,120.000000,120.000000,120.000000,120.000000,250.000000,250.000000,250.000000,250.000000
1749017589.544466,115.197739,108.000000,90.000000,0.000000,0.000000,0.000000,0.000000,0.000000,0.000000,0.000000,0.000000
1749017589.576800,116.357390,108.000000,90.000000,0.000000,0.000000,0.000000,0.000000,0.000000,0.000000,0.000000,0.000000
1749017589.612279,117.118423,108.000000,90.000000,0.000000,0.000000,0.000000,0.000000,0.000000,0.000000,0.000000,0.000000
1749017589.644992,116.656020,108.000000,90.000000,0.000000,0.000000,0.000000,0.000000,0.000000,0.000000,0.000000,0.000000
1749017589.676986,116.833753,108.000000,90.000000,120.000000,120.000000,120.000000,120.000000,250.000000,250.000000,250.000000,250.000000
1749017589.712193,116.453245,108.000000,90.000000,120.000000,120.000000,120.000000,120.000000,250.000000,250.000000,250.000000,250.000000
1749017589.743647,116.602536,108.000000,90.000000,120.000000,120.000000,120.000000,120.000000,250.000000,250.000000,250.000000,250.000000
1749017589.775782,117.134408,108.000000,90.000000,120.000000,120.000000,120.000000,120.000000,250.000000,250.000000,250.000000,250.000000
1749017589.812587,117.655689,108.000000,90.000000,0.000000,0.000000,0.000000,0.000000,0.000000,0.000000,0.000000,0.000000
1749017589.846514,117.158426,108.000000,90.000000,0.000000,0.000000,0.000000,0.000000,0.000000,0.000000,0.000000,0.000000
1749017589.878430,117.160211,108.000000,90.000000,0.000000,0.000000,0.000000,0.000000,0.000000,0.000000,0.000000,0.000000
1749017589.916207,116.893024,108.000000,90.000000,0.000000,0.000000,0.000000,0.000000,0.000000,0.000000,0.000000,0.000000
1749017589.946034,116.837079,108.000000,90.000000,120.000000,120.000000,120.000000,120.000000,250.000000,250.000000,250.000000,250.000000
1749017589.986323,117.068307,108.000000,90.000000,120.000000,120.000000,120.000000,120.000000,250.000000,250.000000,250.000000,250.000000
1749017590.013243,117.284248,108.000000,90.000000,120.000000,120.000000,120.000000,120.000000,250.000000,250.000000,250.000000,250.000000
1749017590.046350,117.451298,108.000000,90.000000,120.000000,120.000000,120.000000,120.000000,250.000000,250.000000,250.000000,250.000000
1749017590.075649,117.193704,108.000000,90.000000,0.000000,0.000000,0.000000,0.000000,0.000000,0.000000,0.000000,0.000000
1749017590.116038,117.463640,108.000000,90.000000,0.000000,0.000000,0.000000,0.000000,0.000000,0.000000,0.000000,0.000000
1749017590.147069,117.367276,108.000000,90.000000,0.000000,0.000000,0.000000,0.000000,0.000000,0.000000,0.000000,0.000000
1749017590.179063,117.192758,108.000000,90.000000,0.000000,0.000000,0.000000,0.000000,0.000000,0.000000,0.000000,0.000000
1749017590.215146,117.386657,108.000000,90.000000,120.000000,120.000000,120.000000,120.000000,250.000000,250.000000,250.000000,250.000000
1749017590.248971,117.407464,108.000000,90.000000,120.000000,120.000000,120.000000,120.000000,250.000000,250.000000,250.000000,250.000000
1749017590.282224,117.958000,108.000000,90.000000,120.000000,120.000000,120.000000,120.000000,250.000000,250.000000,250.000000,250.000000
1749017590.316906,117.525301,108.000000,90.000000,120.000000,120.000000,120.000000,120.000000,250.000000,250.000000,250.000000,250.000000
1749017590.347061,117.370288,108.000000,90.000000,0.000000,0.000000,0.000000,0.000000,0.000000,0.000000,0.000000,0.000000
1749017590.379352,117.792405,108.000000,90.000000,0.000000,0.000000,0.000000,0.000000,0.000000,0.000000,0.000000,0.000000
1749017590.415943,117.019042,108.000000,90.000000,0.000000,0.000000,0.000000,0.000000,0.000000,0.000000,0.000000,0.000000
1749017590.449129,117.262437,108.000000,90.000000,0.000000,0.000000,0.000000,0.000000,0.000000,0.000000,0.000000,0.000000
1749017590.479557,117.249533,108.000000,90.000000,120.000000,120.000000,120.000000,120.000000,250.000000,250.000000,250.000000,250.000000
1749017590.516712,117.120706,108.000000,90.000000,120.000000,120.000000,120.000000,120.000000,250.000000,250.000000,250.000000,250.000000
1749017590.546930,117.304405,108.000000,90.000000,120.000000,120.000000,120.000000,120.000000,250.000000,250.000000,250.000000,250.000000
1749017590.580575,116.984362,108.000000,90.000000,120.000000,120.000000,120.000000,120.000000,250.000000,250.000000,250.000000,250.000000
1749017590.616071,116.629224,108.000000,90.000000,0.000000,0.000000,0.000000,0.000000,0.000000,0.000000,0.000000,0.000000
1749017590.654181,116.653632,108.000000,90.000000,0.000000,0.000000,0.000000,0.000000,0.000000,0.000000,0.000000,0.000000
1749017590.682271,116.302753,108.000000,90.000000,0.000000,0.000000,0.000000,0.000000,0.000000,0.000000,0.000000,0.000000
1749017590.717717,116.187151,108.000000,90.000000,0.000000,0.000000,0.000000,0.000000,0.000000,0.000000,0.000000,0.000000
1749017590.747169,116.227256,108.000000,90.000000,120.000000,120.000000,120.000000,120.000000,250.000000,250.000000,250.000000,250.000000
1749017590.779428,116.466515,108.000000,90.000000,120.000000,120.000000,120.000000,120.000000,250.000000,250.000000,250.000000,250.000000
1749017590.815692,117.007051,108.000000,90.000000,120.000000,120.000000,120.000000,120.000000,250.000000,250.000000,250.000000,250.000000
1749017590.848187,117.313516,108.000000,90.000000,120.000000,120.000000,120.000000,120.000000,250.000000,250.000000,250.000000,250.000000
1749017590.880666,115.810812,108.000000,90.000000,0.000000,0.000000,0.000000,0.000000,0.000000,0.000000,0.000000,0.000000
1749017590.915954,115.044856,108.000000,90.000000,0.000000,0.000000,0.000000,0.000000,0.000000,0.000000,0.000000,0.000000
1749017590.947119,115.086079,108.000000,90.000000,0.000000,0.000000,0.000000,0.000000,0.000000,0.000000,0.000000,0.000000
1749017590.979642,115.215051,108.000000,90.000000,0.000000,0.000000,0.000000,0.000000,0.000000,0.000000,0.000000,0.000000
1749017591.015491,116.533112,108.000000,90.000000,120.000000,120.000000,120.000000,120.000000,250.000000,250.000000,250.000000,250.000000
1749017591.049219,115.717412,108.000000,90.000000,120.000000,120.000000,120.000000,120.000000,250.000000,250.000000,250.000000,250.000000
1749017591.077659,114.244117,108.000000,90.000000,120.000000,120.000000,120.000000,120.000000,250.000000,250.000000,250.000000,250.000000
1749017591.115314,114.476719,108.000000,90.000000,120.000000,120.000000,120.000000,120.000000,250.000000,250.000000,250.000000,250.000000
1749017591.146914,114.455960,108.000000,90.000000,0.000000,0.000000,0.000000,0.000000,0.000000,0.000000,0.000000,0.000000
1749017591.179938,113.380324,108.000000,90.000000,0.000000,0.000000,0.000000,0.000000,0.000000,0.000000,0.000000,0.000000
1749017591.213659,113.899923,108.000000,90.000000,0.000000,0.000000,0.000000,0.000000,0.000000,0.000000,0.000000,0.000000
1749017591.247496,113.760060,108.000000,90.000000,0.000000,0.000000,0.000000,0.000000,0.000000,0.000000,0.000000,0.000000
1749017591.280617,112.899994,108.000000,90.000000,0.000000,0.000000,0.000000,0.000000,0.000000,0.000000,0.000000,0.000000
1749017591.316850,113.531269,108.000000,90.000000,120.000000,120.000000,120.000000,120.000000,250.000000,250.000000,250.000000,250.000000
1749017591.344995,113.967521,108.000000,90.000000,120.000000,120.000000,120.000000,120.000000,250.000000,250.000000,250.000000,250.000000
1749017591.379701,113.453733,108.000000,90.000000,120.000000,120.000000,120.000000,120.000000,250.000000,250.000000,250.000000,250.000000
1749017591.415173,112.841136,108.000000,90.000000,120.000000,120.000000,120.000000,120.000000,250.000000,250.000000,250.000000,250.000000
1749017591.449372,112.518481,108.000000,90.000000,120.000000,120.000000,120.000000,120.000000,250.000000,250.000000,250.000000,250.000000
1749017591.479438,112.994476,108.000000,90.000000,120.000000,120.000000,120.000000,120.000000,250.000000,250.000000,250.000000,250.000000
1749017591.509567,112.543138,108.000000,90.000000,0.000000,0.000000,0.000000,0.000000,0.000000,0.000000,0.000000,0.000000
1749017591.540036,112.230937,108.000000,90.000000,0.000000,0.000000,0.000000,0.000000,0.000000,0.000000,0.000000,0.000000
1749017591.571472,112.552356,108.000000,90.000000,0.000000,0.000000,0.000000,0.000000,0.000000,0.000000,0.000000,0.000000
1749017591.605602,112.067287,108.000000,90.000000,0.000000,0.000000,0.000000,0.000000,0.000000,0.000000,0.000000,0.000000
1749017591.640565,112.232122,108.000000,90.000000,0.000000,0.000000,0.000000,0.000000,0.000000,0.000000,0.000000,0.000000
1749017591.673154,112.695945,108.000000,90.000000,0.000000,0.000000,0.000000,0.000000,0.000000,0.000000,0.000000,0.000000
1749017591.712658,111.746056,108.000000,90.000000,0.000000,0.000000,0.000000,0.000000,0.000000,0.000000,0.000000,0.000000
1749017591.759508,111.939615,108.000000,90.000000,0.000000,0.000000,0.000000,0.000000,0.000000,0.000000,0.000000,0.000000
1749017591.803042,112.015258,108.000000,90.000000,120.000000,120.000000,120.000000,120.000000,250.000000,250.000000,250.000000,250.000000
1749017591.841078,112.044544,108.000000,90.000000,120.000000,120.000000,120.000000,120.000000,250.000000,250.000000,250.000000,250.000000
1749017591.869994,111.148009,108.000000,90.000000,120.000000,120.000000,120.000000,120.000000,250.000000,250.000000,250.000000,250.000000
1749017591.900746,111.188639,108.000000,90.000000,120.000000,120.000000,120.000000,120.000000,250.000000,250.000000,250.000000,250.000000
1749017591.931000,111.637022,108.000000,90.000000,120.000000,120.000000,120.000000,120.000000,250.000000,250.000000,250.000000,250.000000
1749017591.960838,111.598132,108.000000,90.000000,120.000000,120.000000,120.000000,120.000000,250.000000,250.000000,250.000000,250.000000
1749017591.991037,111.256957,108.000000,90.000000,120.000000,120.000000,120.000000,120.000000,250.000000,250.000000,250.000000,250.000000
1749017592.018582,110.980088,108.000000,90.000000,120.000000,120.000000,120.000000,120.000000,250.000000,250.000000,250.000000,250.000000
1749017592.051708,110.812036,108.000000,90.000000,0.000000,0.000000,0.000000,0.000000,0.000000,0.000000,0.000000,0.000000
1749017592.083939,111.415446,108.000000,90.000000,0.000000,0.000000,0.000000,0.000000,0.000000,0.000000,0.000000,0.000000
1749017592.116297,111.344606,108.000000,90.000000,0.000000,0.000000,0.000000,0.000000,0.000000,0.000000,0.000000,0.000000
1749017592.151233,111.215491,108.000000,90.000000,0.000000,0.000000,0.000000,0.000000,0.000000,0.000000,0.000000,0.000000
1749017592.182042,110.901020,108.000000,90.000000,0.000000,0.000000,0.000000,0.000000,0.000000,0.000000,0.000000,0.000000
1749017592.218040,110.714561,108.000000,90.000000,0.000000,0.000000,0.000000,0.000000,0.000000,0.000000,0.000000,0.000000
1749017592.249560,110.480584,108.000000,90.000000,0.000000,0.000000,0.000000,0.000000,0.000000,0.000000,0.000000,0.000000
1749017592.282813,110.374677,108.000000,90.000000,0.000000,0.000000,0.000000,0.000000,0.000000,0.000000,0.000000,0.000000
1749017592.319622,109.933687,108.000000,90.000000,0.000000,0.000000,0.000000,0.000000,0.000000,0.000000,0.000000,0.000000
1749017592.350497,109.871087,108.000000,90.000000,0.000000,0.000000,0.000000,0.000000,0.000000,0.000000,0.000000,0.000000
1749017592.383800,110.306160,108.000000,90.000000,0.000000,0.000000,0.000000,0.000000,0.000000,0.000000,0.000000,0.000000
1749017592.418877,110.207963,108.000000,90.000000,0.000000,0.000000,0.000000,0.000000,0.000000,0.000000,0.000000,0.000000
1749017592.454053,110.047635,108.000000,90.000000,0.000000,0.000000,0.000000,0.000000,0.000000,0.000000,0.000000,0.000000
1749017592.485894,110.039529,108.000000,90.000000,0.000000,0.000000,0.000000,0.000000,0.000000,0.000000,0.000000,0.000000
1749017592.511864,110.017064,108.000000,90.000000,0.000000,0.000000,0.000000,0.000000,0.000000,0.000000,0.000000,0.000000
1749017592.543742,111.067046,108.000000,90.000000,0.000000,0.000000,0.000000,0.000000,0.000000,0.000000,0.000000,0.000000
1749017592.577902,110.356272,108.000000,90.000000,0.000000,0.000000,0.000000,0.000000,0.000000,0.000000,0.000000,0.000000
1749017592.615979,110.439529,108.000000,90.000000,0.000000,0.000000,0.000000,0.000000,0.000000,0.000000,0.000000,0.000000
1749017592.647883,109.917049,108.000000,90.000000,0.000000,0.000000,0.000000,0.000000,0.000000,0.000000,0.000000,0.000000
1749017592.681039,109.562368,117.000000,90.000000,0.000000,0.000000,0.000000,0.000000,0.000000,0.000000,0.000000,0.000000
1749017592.719038,109.830661,117.000000,90.000000,0.000000,0.000000,0.000000,0.000000,0.000000,0.000000,0.000000,0.000000
1749017592.748708,110.099404,117.000000,90.000000,0.000000,0.000000,0.000000,0.000000,0.000000,0.000000,0.000000,0.000000
1749017592.782896,110.295542,117.000000,90.000000,0.000000,0.000000,0.000000,0.000000,0.000000,0.000000,0.000000,0.000000
1749017592.821344,109.742509,117.000000,90.000000,0.000000,0.000000,0.000000,0.000000,0.000000,0.000000,0.000000,0.000000
1749017592.853100,109.973875,117.000000,120.000000,0.000000,0.000000,0.000000,0.000000,0.000000,0.000000,0.000000,0.000000
1749017592.884283,109.683714,117.000000,90.000000,0.000000,0.000000,0.000000,0.000000,0.000000,0.000000,0.000000,0.000000
1749017592.918576,110.676052,117.000000,90.000000,0.000000,0.000000,0.000000,0.000000,0.000000,0.000000,0.000000,0.000000
1749017592.947328,110.552081,117.000000,90.000000,0.000000,0.000000,0.000000,0.000000,0.000000,0.000000,0.000000,0.000000
1749017592.980109,109.853441,117.000000,120.000000,0.000000,0.000000,0.000000,0.000000,0.000000,0.000000,0.000000,0.000000
1749017593.016757,110.808446,117.000000,90.000000,120.000000,120.000000,120.000000,120.000000,250.000000,250.000000,250.000000,250.000000
1749017593.049827,110.756896,117.000000,90.000000,120.000000,120.000000,120.000000,120.000000,250.000000,250.000000,250.000000,250.000000
1749017593.080628,110.350417,117.000000,90.000000,120.000000,120.000000,120.000000,120.000000,250.000000,250.000000,250.000000,250.000000
1749017593.120708,109.996177,117.000000,90.000000,120.000000,120.000000,120.000000,120.000000,250.000000,250.000000,250.000000,250.000000
1749017593.150200,110.012627,117.000000,90.000000,120.000000,120.000000,120.000000,120.000000,250.000000,250.000000,250.000000,250.000000
1749017593.182041,110.576140,117.000000,90.000000,0.000000,0.000000,0.000000,0.000000,0.000000,0.000000,0.000000,0.000000
1749017593.223258,110.180949,117.000000,90.000000,0.000000,0.000000,0.000000,0.000000,0.000000,0.000000,0.000000,0.000000
1749017593.254190,109.965971,117.000000,90.000000,0.000000,0.000000,0.000000,0.000000,0.000000,0.000000,0.000000,0.000000
1749017593.284067,109.858039,117.000000,90.000000,0.000000,0.000000,0.000000,0.000000,0.000000,0.000000,0.000000,0.000000
1749017593.318270,110.056852,117.000000,90.000000,0.000000,0.000000,0.000000,0.000000,0.000000,0.000000,0.000000,0.000000
1749017593.348458,109.616242,117.000000,90.000000,120.000000,120.000000,120.000000,120.000000,250.000000,250.000000,250.000000,250.000000
1749017593.381071,110.252101,117.000000,90.000000,120.000000,120.000000,120.000000,120.000000,250.000000,250.000000,250.000000,250.000000
1749017593.416048,109.966604,117.000000,90.000000,120.000000,120.000000,120.000000,120.000000,250.000000,250.000000,250.000000,250.000000
1749017593.450533,110.259192,117.000000,90.000000,120.000000,120.000000,120.000000,120.000000,250.000000,250.000000,250.000000,250.000000
1749017593.481381,110.293401,117.000000,90.000000,0.000000,0.000000,0.000000,0.000000,0.000000,0.000000,0.000000,0.000000
1749017593.518029,109.972866,117.000000,90.000000,0.000000,0.000000,0.000000,0.000000,0.000000,0.000000,0.000000,0.000000
1749017593.548601,110.233170,117.000000,90.000000,0.000000,0.000000,0.000000,0.000000,0.000000,0.000000,0.000000,0.000000
1749017593.580950,110.212740,117.000000,90.000000,0.000000,0.000000,0.000000,0.000000,0.000000,0.000000,0.000000,0.000000
1749017593.620047,109.619812,117.000000,90.000000,120.000000,120.000000,120.000000,120.000000,250.000000,250.000000,250.000000,250.000000
1749017593.650903,110.344855,117.000000,90.000000,120.000000,120.000000,120.000000,120.000000,250.000000,250.000000,250.000000,250.000000
1749017593.682944,110.110731,117.000000,90.000000,120.000000,120.000000,120.000000,120.000000,250.000000,250.000000,250.000000,250.000000
1749017593.717202,110.001550,117.000000,90.000000,120.000000,120.000000,120.000000,120.000000,250.000000,250.000000,250.000000,250.000000
1749017593.749487,110.184702,117.000000,90.000000,0.000000,0.000000,0.000000,0.000000,0.000000,0.000000,0.000000,0.000000
1749017593.781795,109.761670,117.000000,90.000000,0.000000,0.000000,0.000000,0.000000,0.000000,0.000000,0.000000,0.000000
1749017593.815450,109.796394,117.000000,90.000000,0.000000,0.000000,0.000000,0.000000,0.000000,0.000000,0.000000,0.000000
1749017593.848835,109.505172,117.000000,90.000000,0.000000,0.000000,0.000000,0.000000,0.000000,0.000000,0.000000,0.000000
1749017593.880155,109.799848,117.000000,90.000000,120.000000,120.000000,120.000000,120.000000,250.000000,250.000000,250.000000,250.000000
1749017593.917136,110.517860,117.000000,90.000000,120.000000,120.000000,120.000000,120.000000,250.000000,250.000000,250.000000,250.000000
1749017593.948145,110.025197,117.000000,90.000000,120.000000,120.000000,120.000000,120.000000,250.000000,250.000000,250.000000,250.000000
1749017593.979193,108.916904,117.000000,90.000000,120.000000,120.000000,120.000000,120.000000,250.000000,250.000000,250.000000,250.000000
1749017594.019518,109.259817,117.000000,90.000000,0.000000,0.000000,0.000000,0.000000,0.000000,0.000000,0.000000,0.000000
1749017594.050822,109.740172,117.000000,90.000000,0.000000,0.000000,0.000000,0.000000,0.000000,0.000000,0.000000,0.000000
1749017594.083015,109.128103,117.000000,90.000000,0.000000,0.000000,0.000000,0.000000,0.000000,0.000000,0.000000,0.000000
1749017594.116588,109.891441,117.000000,90.000000,0.000000,0.000000,0.000000,0.000000,0.000000,0.000000,0.000000,0.000000
1749017594.149106,110.186390,117.000000,90.000000,120.000000,120.000000,120.000000,120.000000,250.000000,250.000000,250.000000,250.000000
1749017594.182087,109.730736,117.000000,90.000000,120.000000,120.000000,120.000000,120.000000,250.000000,250.000000,250.000000,250.000000
1749017594.217484,109.998412,117.000000,90.000000,120.000000,120.000000,120.000000,120.000000,250.000000,250.000000,250.000000,250.000000
1749017594.247219,109.681650,117.000000,90.000000,120.000000,120.000000,120.000000,120.000000,250.000000,250.000000,250.000000,250.000000
1749017594.281070,110.217958,117.000000,90.000000,0.000000,0.000000,0.000000,0.000000,0.000000,0.000000,0.000000,0.000000
1749017594.316840,110.079864,117.000000,90.000000,0.000000,0.000000,0.000000,0.000000,0.000000,0.000000,0.000000,0.000000
1749017594.348402,109.958398,117.000000,90.000000,0.000000,0.000000,0.000000,0.000000,0.000000,0.000000,0.000000,0.000000
1749017594.378837,110.707587,117.000000,90.000000,0.000000,0.000000,0.000000,0.000000,0.000000,0.000000,0.000000,0.000000
1749017594.416534,110.759115,117.000000,90.000000,120.000000,120.000000,120.000000,120.000000,250.000000,250.000000,250.000000,250.000000
1749017594.448530,109.552490,117.000000,90.000000,120.000000,120.000000,120.000000,120.000000,250.000000,250.000000,250.000000,250.000000
1749017594.480949,109.565320,117.000000,90.000000,120.000000,120.000000,120.000000,120.000000,250.000000,250.000000,250.000000,250.000000
1749017594.518364,109.516126,117.000000,90.000000,120.000000,120.000000,120.000000,120.000000,250.000000,250.000000,250.000000,250.000000
1749017594.547171,108.521450,117.000000,90.000000,120.000000,120.000000,120.000000,120.000000,250.000000,250.000000,250.000000,250.000000
1749017594.581419,109.333419,117.000000,90.000000,0.000000,0.000000,0.000000,0.000000,0.000000,0.000000,0.000000,0.000000
1749017594.616957,110.017860,117.000000,90.000000,0.000000,0.000000,0.000000,0.000000,0.000000,0.000000,0.000000,0.000000
1749017594.648473,109.356966,117.000000,90.000000,0.000000,0.000000,0.000000,0.000000,0.000000,0.000000,0.000000,0.000000
1749017594.678694,109.510439,117.000000,90.000000,0.000000,0.000000,0.000000,0.000000,0.000000,0.000000,0.000000,0.000000
1749017594.718027,109.020386,117.000000,90.000000,120.000000,120.000000,120.000000,120.000000,250.000000,250.000000,250.000000,250.000000
1749017594.748863,109.689604,117.000000,90.000000,120.000000,120.000000,120.000000,120.000000,250.000000,250.000000,250.000000,250.000000
1749017594.781304,109.642719,117.000000,90.000000,120.000000,120.000000,120.000000,120.000000,250.000000,250.000000,250.000000,250.000000
1749017594.813951,109.874046,117.000000,90.000000,120.000000,120.000000,120.000000,120.000000,250.000000,250.000000,250.000000,250.000000
1749017594.848800,110.939899,117.000000,90.000000,0.000000,0.000000,0.000000,0.000000,0.000000,0.000000,0.000000,0.000000
1749017594.880255,110.468802,117.000000,90.000000,0.000000,0.000000,0.000000,0.000000,0.000000,0.000000,0.000000,0.000000
1749017594.916606,109.879901,117.000000,90.000000,0.000000,0.000000,0.000000,0.000000,0.000000,0.000000,0.000000,0.000000
1749017594.950197,109.520595,117.000000,90.000000,0.000000,0.000000,0.000000,0.000000,0.000000,0.000000,0.000000,0.000000
1749017594.982224,108.716497,117.000000,90.000000,0.000000,0.000000,0.000000,0.000000,0.000000,0.000000,0.000000,0.000000
1749017595.014470,109.119336,117.000000,90.000000,120.000000,120.000000,120.000000,120.000000,250.000000,250.000000,250.000000,250.000000
1749017595.046414,109.816389,117.000000,90.000000,120.000000,120.000000,120.000000,120.000000,250.000000,250.000000,250.000000,250.000000
1749017595.075868,110.410109,117.000000,90.000000,120.000000,120.000000,120.000000,120.000000,250.000000,250.000000,250.000000,250.000000
1749017595.112686,109.784693,117.000000,90.000000,120.000000,120.000000,120.000000,120.000000,250.000000,250.000000,250.000000,250.000000
1749017595.142880,109.685012,117.000000,90.000000,0.000000,0.000000,0.000000,0.000000,0.000000,0.000000,0.000000,0.000000
1749017595.184639,109.600423,117.000000,90.000000,0.000000,0.000000,0.000000,0.000000,0.000000,0.000000,0.000000,0.000000
1749017595.221354,109.676707,117.000000,90.000000,0.000000,0.000000,0.000000,0.000000,0.000000,0.000000,0.000000,0.000000
1749017595.254101,109.581949,117.000000,90.000000,0.000000,0.000000,0.000000,0.000000,0.000000,0.000000,0.000000,0.000000
1749017595.286334,110.139806,117.000000,90.000000,120.000000,120.000000,120.000000,120.000000,250.000000,250.000000,250.000000,250.000000
1749017595.321040,109.365094,117.000000,90.000000,120.000000,120.000000,120.000000,120.000000,250.000000,250.000000,250.000000,250.000000
1749017595.355702,109.860180,117.000000,90.000000,120.000000,120.000000,120.000000,120.000000,250.000000,250.000000,250.000000,250.000000
1749017595.393821,110.179025,117.000000,90.000000,120.000000,120.000000,120.000000,120.000000,250.000000,250.000000,250.000000,250.000000
1749017595.428561,109.965840,117.000000,90.000000,0.000000,0.000000,0.000000,0.000000,0.000000,0.000000,0.000000,0.000000
1749017595.461300,109.714337,117.000000,90.000000,0.000000,0.000000,0.000000,0.000000,0.000000,0.000000,0.000000,0.000000
1749017595.486108,109.827128,117.000000,90.000000,0.000000,0.000000,0.000000,0.000000,0.000000,0.000000,0.000000,0.000000
1749017595.513818,109.747354,117.000000,90.000000,0.000000,0.000000,0.000000,0.000000,0.000000,0.000000,0.000000,0.000000
1749017595.546981,110.670100,117.000000,90.000000,120.000000,120.000000,120.000000,120.000000,250.000000,250.000000,250.000000,250.000000
1749017595.579376,109.815377,117.000000,90.000000,120.000000,120.000000,120.000000,120.000000,250.000000,250.000000,250.000000,250.000000
1749017595.614729,109.872228,117.000000,90.000000,120.000000,120.000000,120.000000,120.000000,250.000000,250.000000,250.000000,250.000000
1749017595.645610,110.043337,117.000000,90.000000,120.000000,120.000000,120.000000,120.000000,250.000000,250.000000,250.000000,250.000000
1749017595.678210,109.009973,117.000000,90.000000,120.000000,120.000000,120.000000,120.000000,250.000000,250.000000,250.000000,250.000000
1749017595.714638,108.803315,117.000000,90.000000,0.000000,0.000000,0.000000,0.000000,0.000000,0.000000,0.000000,0.000000
1749017595.749372,109.483840,117.000000,90.000000,0.000000,0.000000,0.000000,0.000000,0.000000,0.000000,0.000000,0.000000
1749017595.786307,109.488916,117.000000,90.000000,0.000000,0.000000,0.000000,0.000000,0.000000,0.000000,0.000000,0.000000
1749017595.819993,110.312199,117.000000,90.000000,0.000000,0.000000,0.000000,0.000000,0.000000,0.000000,0.000000,0.000000
1749017595.852437,110.609589,117.000000,90.000000,120.000000,120.000000,120.000000,120.000000,250.000000,250.000000,250.000000,250.000000
1749017595.882668,109.312529,117.000000,90.000000,120.000000,120.000000,120.000000,120.000000,250.000000,250.000000,250.000000,250.000000
1749017595.920106,108.814647,117.000000,90.000000,120.000000,120.000000,120.000000,120.000000,250.000000,250.000000,250.000000,250.000000
1749017595.951377,109.663489,117.000000,90.000000,120.000000,120.000000,120.000000,120.000000,250.000000,250.000000,250.000000,250.000000
1749017595.983108,109.325348,117.000000,90.000000,120.000000,120.000000,120.000000,120.000000,250.000000,250.000000,250.000000,250.000000
1749017596.017584,109.750179,117.000000,90.000000,0.000000,0.000000,0.000000,0.000000,0.000000,0.000000,0.000000,0.000000
1749017596.052116,108.802350,117.000000,90.000000,0.000000,0.000000,0.000000,0.000000,0.000000,0.000000,0.000000,0.000000
1749017596.083960,109.417494,117.000000,90.000000,0.000000,0.000000,0.000000,0.000000,0.000000,0.000000,0.000000,0.000000
1749017596.119206,109.204589,117.000000,90.000000,0.000000,0.000000,0.000000,0.000000,0.000000,0.000000,0.000000,0.000000
1749017596.150715,109.111191,117.000000,90.000000,120.000000,120.000000,120.000000,120.000000,250.000000,250.000000,250.000000,250.000000
1749017596.182898,108.989181,117.000000,90.000000,120.000000,120.000000,120.000000,120.000000,250.000000,250.000000,250.000000,250.000000
1749017596.220291,109.299312,117.000000,90.000000,120.000000,120.000000,120.000000,120.000000,250.000000,250.000000,250.000000,250.000000
1749017596.252093,109.374106,117.000000,90.000000,120.000000,120.000000,120.000000,120.000000,250.000000,250.000000,250.000000,250.000000
1749017596.283301,109.832478,117.000000,90.000000,0.000000,0.000000,0.000000,0.000000,0.000000,0.000000,0.000000,0.000000
1749017596.320050,110.201097,117.000000,90.000000,0.000000,0.000000,0.000000,0.000000,0.000000,0.000000,0.000000,0.000000
1749017596.348908,109.171744,117.000000,90.000000,0.000000,0.000000,0.000000,0.000000,0.000000,0.000000,0.000000,0.000000
1749017596.383077,109.394055,117.000000,90.000000,0.000000,0.000000,0.000000,0.000000,0.000000,0.000000,0.000000,0.000000
1749017596.417820,110.100118,117.000000,90.000000,120.000000,120.000000,120.000000,120.000000,250.000000,250.000000,250.000000,250.000000
1749017596.453151,109.432144,117.000000,90.000000,120.000000,120.000000,120.000000,120.000000,250.000000,250.000000,250.000000,250.000000
1749017596.482811,110.018607,117.000000,90.000000,120.000000,120.000000,120.000000,120.000000,250.000000,250.000000,250.000000,250.000000
1749017596.518015,109.748234,117.000000,90.000000,120.000000,120.000000,120.000000,120.000000,250.000000,250.000000,250.000000,250.000000
1749017596.550664,110.472764,117.000000,90.000000,0.000000,0.000000,0.000000,0.000000,0.000000,0.000000,0.000000,0.000000
1749017596.582997,110.210037,117.000000,90.000000,0.000000,0.000000,0.000000,0.000000,0.000000,0.000000,0.000000,0.000000
1749017596.623105,109.795319,117.000000,90.000000,0.000000,0.000000,0.000000,0.000000,0.000000,0.000000,0.000000,0.000000
1749017596.656997,109.345362,117.000000,90.000000,0.000000,0.000000,0.000000,0.000000,0.000000,0.000000,0.000000,0.000000
1749017596.692396,109.884272,117.000000,90.000000,0.000000,0.000000,0.000000,0.000000,0.000000,0.000000,0.000000,0.000000
1749017596.724099,109.577917,117.000000,90.000000,120.000000,120.000000,120.000000,120.000000,250.000000,250.000000,250.000000,250.000000
1749017596.747804,109.581351,117.000000,90.000000,120.000000,120.000000,120.000000,120.000000,250.000000,250.000000,250.000000,250.000000
1749017596.776936,109.311650,117.000000,90.000000,120.000000,120.000000,120.000000,120.000000,250.000000,250.000000,250.000000,250.000000
1749017596.813109,109.591481,117.000000,90.000000,120.000000,120.000000,120.000000,120.000000,250.000000,250.000000,250.000000,250.000000
1749017596.846566,109.792649,117.000000,90.000000,0.000000,0.000000,0.000000,0.000000,0.000000,0.000000,0.000000,0.000000
1749017596.877097,109.724476,117.000000,90.000000,0.000000,0.000000,0.000000,0.000000,0.000000,0.000000,0.000000,0.000000
1749017596.911148,108.955807,117.000000,90.000000,0.000000,0.000000,0.000000,0.000000,0.000000,0.000000,0.000000,0.000000
1749017596.945803,110.262843,117.000000,90.000000,0.000000,0.000000,0.000000,0.000000,0.000000,0.000000,0.000000,0.000000
1749017596.978103,109.860696,117.000000,90.000000,120.000000,120.000000,120.000000,120.000000,250.000000,250.000000,250.000000,250.000000
1749017597.013967,109.853826,117.000000,90.000000,120.000000,120.000000,120.000000,120.000000,250.000000,250.000000,250.000000,250.000000
1749017597.046507,109.742956,117.000000,90.000000,120.000000,120.000000,120.000000,120.000000,250.000000,250.000000,250.000000,250.000000
1749017597.075879,109.178721,117.000000,90.000000,120.000000,120.000000,120.000000,120.000000,250.000000,250.000000,250.000000,250.000000
1749017597.113728,109.511746,117.000000,90.000000,0.000000,0.000000,0.000000,0.000000,0.000000,0.000000,0.000000,0.000000
1749017597.144387,109.916591,117.000000,90.000000,0.000000,0.000000,0.000000,0.000000,0.000000,0.000000,0.000000,0.000000
1749017597.176986,109.412422,117.000000,90.000000,0.000000,0.000000,0.000000,0.000000,0.000000,0.000000,0.000000,0.000000
1749017597.212156,109.207560,117.000000,90.000000,0.000000,0.000000,0.000000,0.000000,0.000000,0.000000,0.000000,0.000000
1749017597.243039,109.358904,117.000000,90.000000,120.000000,120.000000,120.000000,120.000000,250.000000,250.000000,250.000000,250.000000
1749017597.277306,109.941286,117.000000,90.000000,120.000000,120.000000,120.000000,120.000000,250.000000,250.000000,250.000000,250.000000
1749017597.313366,109.478316,117.000000,90.000000,120.000000,120.000000,120.000000,120.000000,250.000000,250.000000,250.000000,250.000000
1749017597.345033,109.240236,117.000000,90.000000,120.000000,120.000000,120.000000,120.000000,250.000000,250.000000,250.000000,250.000000
1749017597.379907,108.803460,117.000000,90.000000,0.000000,0.000000,0.000000,0.000000,0.000000,0.000000,0.000000,0.000000
1749017597.410910,109.824592,117.000000,90.000000,0.000000,0.000000,0.000000,0.000000,0.000000,0.000000,0.000000,0.000000
1749017597.445899,109.308334,117.000000,90.000000,0.000000,0.000000,0.000000,0.000000,0.000000,0.000000,0.000000,0.000000
1749017597.477333,109.351762,117.000000,90.000000,0.000000,0.000000,0.000000,0.000000,0.000000,0.000000,0.000000,0.000000
1749017597.514533,109.495004,117.000000,90.000000,120.000000,120.000000,120.000000,120.000000,250.000000,250.000000,250.000000,250.000000
1749017597.546151,109.549690,117.000000,90.000000,120.000000,120.000000,120.000000,120.000000,250.000000,250.000000,250.000000,250.000000
1749017597.576342,110.308050,117.000000,90.000000,120.000000,120.000000,120.000000,120.000000,250.000000,250.000000,250.000000,250.000000
1749017597.606818,109.892232,117.000000,90.000000,120.000000,120.000000,120.000000,120.000000,250.000000,250.000000,250.000000,250.000000
1749017597.636578,109.767717,117.000000,90.000000,0.000000,0.000000,0.000000,0.000000,0.000000,0.000000,0.000000,0.000000
1749017597.669790,108.858797,117.000000,90.000000,0.000000,0.000000,0.000000,0.000000,0.000000,0.000000,0.000000,0.000000
1749017597.711787,109.059467,117.000000,90.000000,0.000000,0.000000,0.000000,0.000000,0.000000,0.000000,0.000000,0.000000
1749017597.746033,108.835757,117.000000,90.000000,0.000000,0.000000,0.000000,0.000000,0.000000,0.000000,0.000000,0.000000
1749017597.780049,109.024101,117.000000,90.000000,120.000000,120.000000,120.000000,120.000000,250.000000,250.000000,250.000000,250.000000
1749017597.815308,108.451110,117.000000,90.000000,120.000000,120.000000,120.000000,120.000000,250.000000,250.000000,250.000000,250.000000
1749017597.846441,109.293446,117.000000,90.000000,120.000000,120.000000,120.000000,120.000000,250.000000,250.000000,250.000000,250.000000
1749017597.879078,109.698461,117.000000,90.000000,120.000000,120.000000,120.000000,120.000000,250.000000,250.000000,250.000000,250.000000
1749017597.917112,109.825876,117.000000,90.000000,0.000000,0.000000,0.000000,0.000000,0.000000,0.000000,0.000000,0.000000
1749017597.947891,109.649162,117.000000,90.000000,0.000000,0.000000,0.000000,0.000000,0.000000,0.000000,0.000000,0.000000
1749017597.981975,108.983115,117.000000,90.000000,0.000000,0.000000,0.000000,0.000000,0.000000,0.000000,0.000000,0.000000
1749017598.013222,109.150263,117.000000,90.000000,0.000000,0.000000,0.000000,0.000000,0.000000,0.000000,0.000000,0.000000
1749017598.045987,109.436234,117.000000,90.000000,120.000000,120.000000,120.000000,120.000000,250.000000,250.000000,250.000000,250.000000
1749017598.077809,109.153252,117.000000,90.000000,120.000000,120.000000,120.000000,120.000000,250.000000,250.000000,250.000000,250.000000
1749017598.113589,109.325913,117.000000,90.000000,120.000000,120.000000,120.000000,120.000000,250.000000,250.000000,250.000000,250.000000
1749017598.144910,108.750978,117.000000,90.000000,120.000000,120.000000,120.000000,120.000000,250.000000,250.000000,250.000000,250.000000
1749017598.178381,109.370420,117.000000,90.000000,0.000000,0.000000,0.000000,0.000000,0.000000,0.000000,0.000000,0.000000
1749017598.231737,109.077656,117.000000,90.000000,0.000000,0.000000,0.000000,0.000000,0.000000,0.000000,0.000000,0.000000
1749017598.276665,109.313974,117.000000,90.000000,0.000000,0.000000,0.000000,0.000000,0.000000,0.000000,0.000000,0.000000
1749017598.322239,108.214431,117.000000,90.000000,0.000000,0.000000,0.000000,0.000000,0.000000,0.000000,0.000000,0.000000
1749017598.371006,108.970688,117.000000,90.000000,120.000000,120.000000,120.000000,120.000000,250.000000,250.000000,250.000000,250.000000
1749017598.419207,108.959331,117.000000,90.000000,120.000000,120.000000,120.000000,120.000000,250.000000,250.000000,250.000000,250.000000
1749017598.449542,109.031877,117.000000,90.000000,120.000000,120.000000,120.000000,120.000000,250.000000,250.000000,250.000000,250.000000
1749017598.474027,109.248785,117.000000,90.000000,120.000000,120.000000,120.000000,120.000000,250.000000,250.000000,250.000000,250.000000
1749017598.501377,108.667030,117.000000,90.000000,0.000000,0.000000,0.000000,0.000000,0.000000,0.000000,0.000000,0.000000
1749017598.531236,109.162258,117.000000,90.000000,0.000000,0.000000,0.000000,0.000000,0.000000,0.000000,0.000000,0.000000
1749017598.560017,109.189882,117.000000,90.000000,0.000000,0.000000,0.000000,0.000000,0.000000,0.000000,0.000000,0.000000
1749017598.584976,109.332125,117.000000,90.000000,0.000000,0.000000,0.000000,0.000000,0.000000,0.000000,0.000000,0.000000
1749017598.609112,109.117155,117.000000,90.000000,120.000000,120.000000,120.000000,120.000000,250.000000,250.000000,250.000000,250.000000
1749017598.637978,109.213520,117.000000,90.000000,120.000000,120.000000,120.000000,120.000000,250.000000,250.000000,250.000000,250.000000
1749017598.664734,109.160524,117.000000,90.000000,120.000000,120.000000,120.000000,120.000000,250.000000,250.000000,250.000000,250.000000
1749017598.690901,109.006560,117.000000,90.000000,120.000000,120.000000,120.000000,120.000000,250.000000,250.000000,250.000000,250.000000
1749017598.719037,108.903716,117.000000,90.000000,0.000000,0.000000,0.000000,0.000000,0.000000,0.000000,0.000000,0.000000
1749017598.745499,108.542075,117.000000,90.000000,0.000000,0.000000,0.000000,0.000000,0.000000,0.000000,0.000000,0.000000
1749017598.779733,109.317490,117.000000,90.000000,0.000000,0.000000,0.000000,0.000000,0.000000,0.000000,0.000000,0.000000
1749017598.814440,109.596034,117.000000,90.000000,0.000000,0.000000,0.000000,0.000000,0.000000,0.000000,0.000000,0.000000
1749017598.846018,109.661400,117.000000,90.000000,120.000000,120.000000,120.000000,120.000000,250.000000,250.000000,250.000000,250.000000
